rust	Run RUSTUP_TOOLCHAIN=1.85.1 tools/test-fast.sh	﻿2026-09-13T22:15:15.5906923Z ##[group]Run RUSTUP_TOOLCHAIN=1.85.1 tools/test-fast.sh
rust	Run RUSTUP_TOOLCHAIN=1.85.1 tools/test-fast.sh	2026-09-13T22:15:15.5907584Z [36;1mRUSTUP_TOOLCHAIN=1.85.1 tools/test-fast.sh[0m
rust	Run RUSTUP_TOOLCHAIN=1.85.1 tools/test-fast.sh	2026-09-13T22:15:15.5932550Z shell: /usr/bin/bash -e {0}
rust	Run RUSTUP_TOOLCHAIN=1.85.1 tools/test-fast.sh	2026-09-13T22:15:15.5933047Z ##[endgroup]
rust	Run RUSTUP_TOOLCHAIN=1.85.1 tools/test-fast.sh	2026-09-13T22:15:15.6326942Z     Updating crates.io index
rust	Run RUSTUP_TOOLCHAIN=1.85.1 tools/test-fast.sh	2026-09-13T22:15:16.2374452Z  Downloading crates ...
rust	Run RUSTUP_TOOLCHAIN=1.85.1 tools/test-fast.sh	2026-09-13T22:15:16.3169518Z   Downloaded anstyle v1.0.14
rust	Run RUSTUP_TOOLCHAIN=1.85.1 tools/test-fast.sh	2026-09-13T22:15:16.3256518Z   Downloaded anstyle-query v1.1.5
rust	Run RUSTUP_TOOLCHAIN=1.85.1 tools/test-fast.sh	2026-09-13T22:15:16.3268411Z   Downloaded autocfg v1.5.1
rust	Run RUSTUP_TOOLCHAIN=1.85.1 tools/test-fast.sh	2026-09-13T22:15:16.3281177Z   Downloaded arrayref v0.3.9
rust	Run RUSTUP_TOOLCHAIN=1.85.1 tools/test-fast.sh	2026-09-13T22:15:16.3328954Z   Downloaded bitflags v2.13.1
rust	Run RUSTUP_TOOLCHAIN=1.85.1 tools/test-fast.sh	2026-09-13T22:15:16.3412080Z   Downloaded arrayvec v0.7.8
rust	Run RUSTUP_TOOLCHAIN=1.85.1 tools/test-fast.sh	2026-09-13T22:15:16.3430779Z   Downloaded anstyle-parse v0.2.7
rust	Run RUSTUP_TOOLCHAIN=1.85.1 tools/test-fast.sh	2026-09-13T22:15:16.3447569Z   Downloaded anstream v0.6.21
rust	Run RUSTUP_TOOLCHAIN=1.85.1 tools/test-fast.sh	2026-09-13T22:15:16.3544891Z   Downloaded cfg_aliases v0.2.2
rust	Run RUSTUP_TOOLCHAIN=1.85.1 tools/test-fast.sh	2026-09-13T22:15:16.3605204Z   Downloaded ref-cast-impl v1.0.27
rust	Run RUSTUP_TOOLCHAIN=1.85.1 tools/test-fast.sh	2026-09-13T22:15:16.3653594Z   Downloaded heck v0.5.0
rust	Run RUSTUP_TOOLCHAIN=1.85.1 tools/test-fast.sh	2026-09-13T22:15:16.3702660Z   Downloaded scopeguard v1.2.0
rust	Run RUSTUP_TOOLCHAIN=1.85.1 tools/test-fast.sh	2026-09-13T22:15:16.3722650Z   Downloaded proc-macro-crate v3.5.0
rust	Run RUSTUP_TOOLCHAIN=1.85.1 tools/test-fast.sh	2026-09-13T22:15:16.3734299Z   Downloaded is_terminal_polyfill v1.70.2
rust	Run RUSTUP_TOOLCHAIN=1.85.1 tools/test-fast.sh	2026-09-13T22:15:16.3742612Z   Downloaded pin-project-lite v0.2.17
rust	Run RUSTUP_TOOLCHAIN=1.85.1 tools/test-fast.sh	2026-09-13T22:15:16.3775819Z   Downloaded fallible-streaming-iterator v0.1.9
rust	Run RUSTUP_TOOLCHAIN=1.85.1 tools/test-fast.sh	2026-09-13T22:15:16.3783441Z   Downloaded num_enum v0.7.6
rust	Run RUSTUP_TOOLCHAIN=1.85.1 tools/test-fast.sh	2026-09-13T22:15:16.3827620Z   Downloaded colorchoice v1.0.5
rust	Run RUSTUP_TOOLCHAIN=1.85.1 tools/test-fast.sh	2026-09-13T22:15:16.3837987Z   Downloaded cpufeatures v0.3.1
rust	Run RUSTUP_TOOLCHAIN=1.85.1 tools/test-fast.sh	2026-09-13T22:15:16.3852141Z   Downloaded cfg-if v1.0.4
rust	Run RUSTUP_TOOLCHAIN=1.85.1 tools/test-fast.sh	2026-09-13T22:15:16.3877040Z   Downloaded tokio-macros v2.6.1
rust	Run RUSTUP_TOOLCHAIN=1.85.1 tools/test-fast.sh	2026-09-13T22:15:16.3886613Z   Downloaded lock_api v0.4.14
rust	Run RUSTUP_TOOLCHAIN=1.85.1 tools/test-fast.sh	2026-09-13T22:15:16.3897785Z   Downloaded constant_time_eq v0.4.2
rust	Run RUSTUP_TOOLCHAIN=1.85.1 tools/test-fast.sh	2026-09-13T22:15:16.3928951Z   Downloaded clap_lex v0.7.7
rust	Run RUSTUP_TOOLCHAIN=1.85.1 tools/test-fast.sh	2026-09-13T22:15:16.3942765Z   Downloaded rusqlite v0.40.2
rust	Run RUSTUP_TOOLCHAIN=1.85.1 tools/test-fast.sh	2026-09-13T22:15:16.4001461Z   Downloaded rustversion v1.0.23
rust	Run RUSTUP_TOOLCHAIN=1.85.1 tools/test-fast.sh	2026-09-13T22:15:16.4018567Z   Downloaded equivalent v1.0.2
rust	Run RUSTUP_TOOLCHAIN=1.85.1 tools/test-fast.sh	2026-09-13T22:15:16.4024913Z   Downloaded ref-cast v1.0.27
rust	Run RUSTUP_TOOLCHAIN=1.85.1 tools/test-fast.sh	2026-09-13T22:15:16.4043599Z   Downloaded utf8parse v0.2.2
rust	Run RUSTUP_TOOLCHAIN=1.85.1 tools/test-fast.sh	2026-09-13T22:15:16.4052465Z   Downloaded page_size v0.6.0
rust	Run RUSTUP_TOOLCHAIN=1.85.1 tools/test-fast.sh	2026-09-13T22:15:16.4059627Z   Downloaded num_enum_derive v0.7.6
rust	Run RUSTUP_TOOLCHAIN=1.85.1 tools/test-fast.sh	2026-09-13T22:15:16.4070063Z   Downloaded errno v0.3.14
rust	Run RUSTUP_TOOLCHAIN=1.85.1 tools/test-fast.sh	2026-09-13T22:15:16.4080037Z   Downloaded pkg-config v0.3.34
rust	Run RUSTUP_TOOLCHAIN=1.85.1 tools/test-fast.sh	2026-09-13T22:15:16.4113577Z   Downloaded strsim v0.11.1
rust	Run RUSTUP_TOOLCHAIN=1.85.1 tools/test-fast.sh	2026-09-13T22:15:16.4125172Z   Downloaded memoffset v0.9.1
rust	Run RUSTUP_TOOLCHAIN=1.85.1 tools/test-fast.sh	2026-09-13T22:15:16.4133523Z   Downloaded find-msvc-tools v0.1.11
rust	Run RUSTUP_TOOLCHAIN=1.85.1 tools/test-fast.sh	2026-09-13T22:15:16.4151191Z   Downloaded quote v1.0.47
rust	Run RUSTUP_TOOLCHAIN=1.85.1 tools/test-fast.sh	2026-09-13T22:15:16.4179763Z   Downloaded toml_parser v1.1.3+spec-1.1.0
rust	Run RUSTUP_TOOLCHAIN=1.85.1 tools/test-fast.sh	2026-09-13T22:15:16.4198866Z   Downloaded jobserver v0.1.35
rust	Run RUSTUP_TOOLCHAIN=1.85.1 tools/test-fast.sh	2026-09-13T22:15:16.4212596Z   Downloaded hashlink v0.12.1
rust	Run RUSTUP_TOOLCHAIN=1.85.1 tools/test-fast.sh	2026-09-13T22:15:16.4232902Z   Downloaded proc-macro2 v1.0.107
rust	Run RUSTUP_TOOLCHAIN=1.85.1 tools/test-fast.sh	2026-09-13T22:15:16.4256003Z   Downloaded log v0.4.34
rust	Run RUSTUP_TOOLCHAIN=1.85.1 tools/test-fast.sh	2026-09-13T22:15:16.4280280Z   Downloaded clap v4.5.48
rust	Run RUSTUP_TOOLCHAIN=1.85.1 tools/test-fast.sh	2026-09-13T22:15:16.4342274Z   Downloaded unicode-ident v1.0.24
rust	Run RUSTUP_TOOLCHAIN=1.85.1 tools/test-fast.sh	2026-09-13T22:15:16.4368737Z   Downloaded mio v1.2.3
rust	Run RUSTUP_TOOLCHAIN=1.85.1 tools/test-fast.sh	2026-09-13T22:15:16.4414420Z   Downloaded socket2 v0.6.5
rust	Run RUSTUP_TOOLCHAIN=1.85.1 tools/test-fast.sh	2026-09-13T22:15:16.4430391Z   Downloaded bytes v1.12.1
rust	Run RUSTUP_TOOLCHAIN=1.85.1 tools/test-fast.sh	2026-09-13T22:15:16.4470601Z   Downloaded zerocopy-derive v0.8.56
rust	Run RUSTUP_TOOLCHAIN=1.85.1 tools/test-fast.sh	2026-09-13T22:15:16.4537130Z   Downloaded memchr v2.8.3
rust	Run RUSTUP_TOOLCHAIN=1.85.1 tools/test-fast.sh	2026-09-13T22:15:16.4584736Z   Downloaded fuser v0.18.0
rust	Run RUSTUP_TOOLCHAIN=1.85.1 tools/test-fast.sh	2026-09-13T22:15:16.4630320Z   Downloaded indexmap v2.14.1
rust	Run RUSTUP_TOOLCHAIN=1.85.1 tools/test-fast.sh	2026-09-13T22:15:16.4667524Z   Downloaded hashbrown v0.17.1
rust	Run RUSTUP_TOOLCHAIN=1.85.1 tools/test-fast.sh	2026-09-13T22:15:16.4719835Z   Downloaded winnow v1.0.4
rust	Run RUSTUP_TOOLCHAIN=1.85.1 tools/test-fast.sh	2026-09-13T22:15:16.4794058Z   Downloaded clap_builder v4.5.48
rust	Run RUSTUP_TOOLCHAIN=1.85.1 tools/test-fast.sh	2026-09-13T22:15:16.4850026Z   Downloaded vcpkg v0.2.15
rust	Run RUSTUP_TOOLCHAIN=1.85.1 tools/test-fast.sh	2026-09-13T22:15:16.5104193Z   Downloaded blake3 v1.8.5
rust	Run RUSTUP_TOOLCHAIN=1.85.1 tools/test-fast.sh	2026-09-13T22:15:16.5168406Z   Downloaded cc v1.4.4
rust	Run RUSTUP_TOOLCHAIN=1.85.1 tools/test-fast.sh	2026-09-13T22:15:16.5199776Z   Downloaded toml_edit v0.25.13+spec-1.1.0
rust	Run RUSTUP_TOOLCHAIN=1.85.1 tools/test-fast.sh	2026-09-13T22:15:16.5231206Z   Downloaded zerocopy v0.8.56
rust	Run RUSTUP_TOOLCHAIN=1.85.1 tools/test-fast.sh	2026-09-13T22:15:16.5360321Z   Downloaded nix v0.29.0
rust	Run RUSTUP_TOOLCHAIN=1.85.1 tools/test-fast.sh	2026-09-13T22:15:16.5449212Z   Downloaded syn v2.0.119
rust	Run RUSTUP_TOOLCHAIN=1.85.1 tools/test-fast.sh	2026-09-13T22:15:16.5537252Z   Downloaded rustix v0.38.44
rust	Run RUSTUP_TOOLCHAIN=1.85.1 tools/test-fast.sh	2026-09-13T22:15:16.5691416Z   Downloaded nix v0.31.3
rust	Run RUSTUP_TOOLCHAIN=1.85.1 tools/test-fast.sh	2026-09-13T22:15:16.5780582Z   Downloaded syn v3.0.4
rust	Run RUSTUP_TOOLCHAIN=1.85.1 tools/test-fast.sh	2026-09-13T22:15:16.5867304Z   Downloaded parking_lot v0.12.5
rust	Run RUSTUP_TOOLCHAIN=1.85.1 tools/test-fast.sh	2026-09-13T22:15:16.5887524Z   Downloaded parking_lot_core v0.9.12
rust	Run RUSTUP_TOOLCHAIN=1.85.1 tools/test-fast.sh	2026-09-13T22:15:16.5905223Z   Downloaded foldhash v0.2.0
rust	Run RUSTUP_TOOLCHAIN=1.85.1 tools/test-fast.sh	2026-09-13T22:15:16.5919066Z   Downloaded fallible-iterator v0.3.0
rust	Run RUSTUP_TOOLCHAIN=1.85.1 tools/test-fast.sh	2026-09-13T22:15:16.5929520Z   Downloaded clap_derive v4.5.47
rust	Run RUSTUP_TOOLCHAIN=1.85.1 tools/test-fast.sh	2026-09-13T22:15:16.5946581Z   Downloaded toml_datetime v1.1.1+spec-1.1.0
rust	Run RUSTUP_TOOLCHAIN=1.85.1 tools/test-fast.sh	2026-09-13T22:15:16.5961949Z   Downloaded smallvec v1.15.2
rust	Run RUSTUP_TOOLCHAIN=1.85.1 tools/test-fast.sh	2026-09-13T22:15:16.5975675Z   Downloaded shlex v2.0.1
rust	Run RUSTUP_TOOLCHAIN=1.85.1 tools/test-fast.sh	2026-09-13T22:15:16.5985114Z   Downloaded serde_core v1.0.229
rust	Run RUSTUP_TOOLCHAIN=1.85.1 tools/test-fast.sh	2026-09-13T22:15:16.6073735Z   Downloaded zstd-sys v2.0.16+zstd.1.5.7
rust	Run RUSTUP_TOOLCHAIN=1.85.1 tools/test-fast.sh	2026-09-13T22:15:16.6248996Z   Downloaded libc v0.2.189
rust	Run RUSTUP_TOOLCHAIN=1.85.1 tools/test-fast.sh	2026-09-13T22:15:16.6537736Z   Downloaded tokio v1.48.0
rust	Run RUSTUP_TOOLCHAIN=1.85.1 tools/test-fast.sh	2026-09-13T22:15:16.6946575Z   Downloaded linux-raw-sys v0.4.15
rust	Run RUSTUP_TOOLCHAIN=1.85.1 tools/test-fast.sh	2026-09-13T22:15:16.7549681Z   Downloaded libsqlite3-sys v0.38.2
rust	Run RUSTUP_TOOLCHAIN=1.85.1 tools/test-fast.sh	2026-09-13T22:15:17.2004097Z    Compiling libc v0.2.189
rust	Run RUSTUP_TOOLCHAIN=1.85.1 tools/test-fast.sh	2026-09-13T22:15:17.2005007Z    Compiling shlex v2.0.1
rust	Run RUSTUP_TOOLCHAIN=1.85.1 tools/test-fast.sh	2026-09-13T22:15:17.2005765Z    Compiling find-msvc-tools v0.1.11
rust	Run RUSTUP_TOOLCHAIN=1.85.1 tools/test-fast.sh	2026-09-13T22:15:17.2006433Z    Compiling cfg-if v1.0.4
rust	Run RUSTUP_TOOLCHAIN=1.85.1 tools/test-fast.sh	2026-09-13T22:15:17.2281844Z    Compiling cpufeatures v0.3.1
rust	Run RUSTUP_TOOLCHAIN=1.85.1 tools/test-fast.sh	2026-09-13T22:15:17.2563133Z    Compiling constant_time_eq v0.4.2
rust	Run RUSTUP_TOOLCHAIN=1.85.1 tools/test-fast.sh	2026-09-13T22:15:17.3128433Z    Compiling arrayvec v0.7.8
rust	Run RUSTUP_TOOLCHAIN=1.85.1 tools/test-fast.sh	2026-09-13T22:15:17.3701532Z    Compiling arrayref v0.3.9
rust	Run RUSTUP_TOOLCHAIN=1.85.1 tools/test-fast.sh	2026-09-13T22:15:17.3762841Z    Compiling proc-macro2 v1.0.107
rust	Run RUSTUP_TOOLCHAIN=1.85.1 tools/test-fast.sh	2026-09-13T22:15:17.3883627Z    Compiling pkg-config v0.3.34
rust	Run RUSTUP_TOOLCHAIN=1.85.1 tools/test-fast.sh	2026-09-13T22:15:17.4426215Z    Compiling quote v1.0.47
rust	Run RUSTUP_TOOLCHAIN=1.85.1 tools/test-fast.sh	2026-09-13T22:15:17.6814792Z    Compiling unicode-ident v1.0.24
rust	Run RUSTUP_TOOLCHAIN=1.85.1 tools/test-fast.sh	2026-09-13T22:15:17.8121314Z    Compiling bitflags v2.13.1
rust	Run RUSTUP_TOOLCHAIN=1.85.1 tools/test-fast.sh	2026-09-13T22:15:17.9623305Z    Compiling smallvec v1.15.2
rust	Run RUSTUP_TOOLCHAIN=1.85.1 tools/test-fast.sh	2026-09-13T22:15:18.1043190Z    Compiling cfg_aliases v0.2.2
rust	Run RUSTUP_TOOLCHAIN=1.85.1 tools/test-fast.sh	2026-09-13T22:15:18.1332953Z    Compiling winnow v1.0.4
rust	Run RUSTUP_TOOLCHAIN=1.85.1 tools/test-fast.sh	2026-09-13T22:15:18.5983067Z    Compiling syn v2.0.119
rust	Run RUSTUP_TOOLCHAIN=1.85.1 tools/test-fast.sh	2026-09-13T22:15:18.6813713Z    Compiling jobserver v0.1.35
rust	Run RUSTUP_TOOLCHAIN=1.85.1 tools/test-fast.sh	2026-09-13T22:15:18.9443103Z    Compiling cc v1.4.4
rust	Run RUSTUP_TOOLCHAIN=1.85.1 tools/test-fast.sh	2026-09-13T22:15:19.1893444Z    Compiling autocfg v1.5.1
rust	Run RUSTUP_TOOLCHAIN=1.85.1 tools/test-fast.sh	2026-09-13T22:15:19.4503151Z    Compiling hashbrown v0.17.1
rust	Run RUSTUP_TOOLCHAIN=1.85.1 tools/test-fast.sh	2026-09-13T22:15:19.5052860Z    Compiling equivalent v1.0.2
rust	Run RUSTUP_TOOLCHAIN=1.85.1 tools/test-fast.sh	2026-09-13T22:15:19.5373006Z    Compiling memoffset v0.9.1
rust	Run RUSTUP_TOOLCHAIN=1.85.1 tools/test-fast.sh	2026-09-13T22:15:19.6803044Z    Compiling toml_parser v1.1.3+spec-1.1.0
rust	Run RUSTUP_TOOLCHAIN=1.85.1 tools/test-fast.sh	2026-09-13T22:15:19.9476820Z    Compiling indexmap v2.14.1
rust	Run RUSTUP_TOOLCHAIN=1.85.1 tools/test-fast.sh	2026-09-13T22:15:20.2193259Z    Compiling toml_datetime v1.1.1+spec-1.1.0
rust	Run RUSTUP_TOOLCHAIN=1.85.1 tools/test-fast.sh	2026-09-13T22:15:20.4113166Z    Compiling parking_lot_core v0.9.12
rust	Run RUSTUP_TOOLCHAIN=1.85.1 tools/test-fast.sh	2026-09-13T22:15:20.4762770Z    Compiling blake3 v1.8.5
rust	Run RUSTUP_TOOLCHAIN=1.85.1 tools/test-fast.sh	2026-09-13T22:15:20.5012575Z    Compiling toml_edit v0.25.13+spec-1.1.0
rust	Run RUSTUP_TOOLCHAIN=1.85.1 tools/test-fast.sh	2026-09-13T22:15:20.5717533Z    Compiling rustversion v1.0.23
rust	Run RUSTUP_TOOLCHAIN=1.85.1 tools/test-fast.sh	2026-09-13T22:15:20.9051244Z    Compiling syn v3.0.4
rust	Run RUSTUP_TOOLCHAIN=1.85.1 tools/test-fast.sh	2026-09-13T22:15:21.3747570Z    Compiling proc-macro-crate v3.5.0
rust	Run RUSTUP_TOOLCHAIN=1.85.1 tools/test-fast.sh	2026-09-13T22:15:21.7093229Z    Compiling nix v0.31.3
rust	Run RUSTUP_TOOLCHAIN=1.85.1 tools/test-fast.sh	2026-09-13T22:15:21.9970384Z    Compiling scopeguard v1.2.0
rust	Run RUSTUP_TOOLCHAIN=1.85.1 tools/test-fast.sh	2026-09-13T22:15:22.0260207Z    Compiling ref-cast v1.0.27
rust	Run RUSTUP_TOOLCHAIN=1.85.1 tools/test-fast.sh	2026-09-13T22:15:22.2093200Z    Compiling zerocopy v0.8.56
rust	Run RUSTUP_TOOLCHAIN=1.85.1 tools/test-fast.sh	2026-09-13T22:15:22.3820029Z    Compiling zerocopy-derive v0.8.56
rust	Run RUSTUP_TOOLCHAIN=1.85.1 tools/test-fast.sh	2026-09-13T22:15:22.4705174Z    Compiling num_enum_derive v0.7.6
rust	Run RUSTUP_TOOLCHAIN=1.85.1 tools/test-fast.sh	2026-09-13T22:15:22.9163345Z    Compiling ref-cast-impl v1.0.27
rust	Run RUSTUP_TOOLCHAIN=1.85.1 tools/test-fast.sh	2026-09-13T22:15:23.2581423Z    Compiling lock_api v0.4.14
rust	Run RUSTUP_TOOLCHAIN=1.85.1 tools/test-fast.sh	2026-09-13T22:15:23.4569918Z    Compiling nix v0.29.0
rust	Run RUSTUP_TOOLCHAIN=1.85.1 tools/test-fast.sh	2026-09-13T22:15:23.7188147Z    Compiling fuser v0.18.0
rust	Run RUSTUP_TOOLCHAIN=1.85.1 tools/test-fast.sh	2026-09-13T22:15:23.7282323Z    Compiling num_enum v0.7.6
rust	Run RUSTUP_TOOLCHAIN=1.85.1 tools/test-fast.sh	2026-09-13T22:15:23.7659129Z    Compiling parking_lot v0.12.5
rust	Run RUSTUP_TOOLCHAIN=1.85.1 tools/test-fast.sh	2026-09-13T22:15:24.1187135Z    Compiling tokio-macros v2.6.1
rust	Run RUSTUP_TOOLCHAIN=1.85.1 tools/test-fast.sh	2026-09-13T22:15:24.7788637Z    Compiling mio v1.2.3
rust	Run RUSTUP_TOOLCHAIN=1.85.1 tools/test-fast.sh	2026-09-13T22:15:25.2069525Z    Compiling socket2 v0.6.5
rust	Run RUSTUP_TOOLCHAIN=1.85.1 tools/test-fast.sh	2026-09-13T22:15:25.6123278Z    Compiling page_size v0.6.0
rust	Run RUSTUP_TOOLCHAIN=1.85.1 tools/test-fast.sh	2026-09-13T22:15:25.6462693Z    Compiling pin-project-lite v0.2.17
rust	Run RUSTUP_TOOLCHAIN=1.85.1 tools/test-fast.sh	2026-09-13T22:15:25.6703030Z    Compiling bytes v1.12.1
rust	Run RUSTUP_TOOLCHAIN=1.85.1 tools/test-fast.sh	2026-09-13T22:15:25.7910626Z    Compiling log v0.4.34
rust	Run RUSTUP_TOOLCHAIN=1.85.1 tools/test-fast.sh	2026-09-13T22:15:25.8634578Z    Compiling memchr v2.8.3
rust	Run RUSTUP_TOOLCHAIN=1.85.1 tools/test-fast.sh	2026-09-13T22:15:26.1964162Z    Compiling tokio v1.48.0
rust	Run RUSTUP_TOOLCHAIN=1.85.1 tools/test-fast.sh	2026-09-13T22:15:28.6998005Z    Compiling vcpkg v0.2.15
rust	Run RUSTUP_TOOLCHAIN=1.85.1 tools/test-fast.sh	2026-09-13T22:15:29.1938361Z    Compiling libsqlite3-sys v0.38.2
rust	Run RUSTUP_TOOLCHAIN=1.85.1 tools/test-fast.sh	2026-09-13T22:15:29.3891175Z    Compiling foldhash v0.2.0
rust	Run RUSTUP_TOOLCHAIN=1.85.1 tools/test-fast.sh	2026-09-13T22:15:29.8997361Z    Compiling zstd-sys v2.0.16+zstd.1.5.7
rust	Run RUSTUP_TOOLCHAIN=1.85.1 tools/test-fast.sh	2026-09-13T22:15:30.0188181Z    Compiling hashlink v0.12.1
rust	Run RUSTUP_TOOLCHAIN=1.85.1 tools/test-fast.sh	2026-09-13T22:15:30.2353282Z    Compiling fallible-streaming-iterator v0.1.9
rust	Run RUSTUP_TOOLCHAIN=1.85.1 tools/test-fast.sh	2026-09-13T22:15:30.2941176Z    Compiling fallible-iterator v0.3.0
rust	Run RUSTUP_TOOLCHAIN=1.85.1 tools/test-fast.sh	2026-09-13T22:15:30.4929297Z    Compiling rusqlite v0.40.2
rust	Run RUSTUP_TOOLCHAIN=1.85.1 tools/test-fast.sh	2026-09-13T22:15:30.5107209Z    Compiling utf8parse v0.2.2
rust	Run RUSTUP_TOOLCHAIN=1.85.1 tools/test-fast.sh	2026-09-13T22:15:30.5394205Z    Compiling anstyle-parse v0.2.7
rust	Run RUSTUP_TOOLCHAIN=1.85.1 tools/test-fast.sh	2026-09-13T22:15:30.6136493Z    Compiling colorchoice v1.0.5
rust	Run RUSTUP_TOOLCHAIN=1.85.1 tools/test-fast.sh	2026-09-13T22:15:30.6453740Z    Compiling anstyle-query v1.1.5
rust	Run RUSTUP_TOOLCHAIN=1.85.1 tools/test-fast.sh	2026-09-13T22:15:30.6705857Z    Compiling is_terminal_polyfill v1.70.2
rust	Run RUSTUP_TOOLCHAIN=1.85.1 tools/test-fast.sh	2026-09-13T22:15:30.6906383Z    Compiling anstyle v1.0.14
rust	Run RUSTUP_TOOLCHAIN=1.85.1 tools/test-fast.sh	2026-09-13T22:15:30.7845244Z    Compiling anstream v0.6.21
rust	Run RUSTUP_TOOLCHAIN=1.85.1 tools/test-fast.sh	2026-09-13T22:15:30.9450843Z    Compiling strsim v0.11.1
rust	Run RUSTUP_TOOLCHAIN=1.85.1 tools/test-fast.sh	2026-09-13T22:15:31.1685215Z    Compiling rustix v0.38.44
rust	Run RUSTUP_TOOLCHAIN=1.85.1 tools/test-fast.sh	2026-09-13T22:15:31.3853118Z    Compiling clap_lex v0.7.7
rust	Run RUSTUP_TOOLCHAIN=1.85.1 tools/test-fast.sh	2026-09-13T22:15:31.4904427Z    Compiling heck v0.5.0
rust	Run RUSTUP_TOOLCHAIN=1.85.1 tools/test-fast.sh	2026-09-13T22:15:31.5349329Z    Compiling clap_builder v4.5.48
rust	Run RUSTUP_TOOLCHAIN=1.85.1 tools/test-fast.sh	2026-09-13T22:15:31.5907682Z    Compiling clap_derive v4.5.47
rust	Run RUSTUP_TOOLCHAIN=1.85.1 tools/test-fast.sh	2026-09-13T22:15:32.8461932Z    Compiling linux-raw-sys v0.4.15
rust	Run RUSTUP_TOOLCHAIN=1.85.1 tools/test-fast.sh	2026-09-13T22:15:34.2622032Z    Compiling clap v4.5.48
rust	Run RUSTUP_TOOLCHAIN=1.85.1 tools/test-fast.sh	2026-09-13T22:15:35.6573292Z    Compiling layerfs-content v0.1.5 (/home/runner/work/layerfs/layerfs/crates/layerfs-content)
rust	Run RUSTUP_TOOLCHAIN=1.85.1 tools/test-fast.sh	2026-09-13T22:15:37.6448068Z    Compiling layerfs-workspace-core v0.1.5 (/home/runner/work/layerfs/layerfs/crates/layerfs-workspace-core)
rust	Run RUSTUP_TOOLCHAIN=1.85.1 tools/test-fast.sh	2026-09-13T22:15:37.6449924Z    Compiling layerfs-layerstack-store v0.1.5 (/home/runner/work/layerfs/layerfs/crates/layerfs-layerstack-store)
rust	Run RUSTUP_TOOLCHAIN=1.85.1 tools/test-fast.sh	2026-09-13T22:15:39.1081395Z    Compiling layerfs-fuse v0.1.5 (/home/runner/work/layerfs/layerfs/crates/layerfs-fuse)
rust	Run RUSTUP_TOOLCHAIN=1.85.1 tools/test-fast.sh	2026-09-13T22:15:39.2793200Z    Compiling layerfs-materialization v0.1.5 (/home/runner/work/layerfs/layerfs/crates/layerfs-materialization)
rust	Run RUSTUP_TOOLCHAIN=1.85.1 tools/test-fast.sh	2026-09-13T22:15:52.1753350Z    Compiling layerfs-daemon v0.1.5 (/home/runner/work/layerfs/layerfs/crates/layerfs-daemon)
rust	Run RUSTUP_TOOLCHAIN=1.85.1 tools/test-fast.sh	2026-09-13T22:15:52.9503871Z    Compiling layerfs-workspace v0.1.5 (/home/runner/work/layerfs/layerfs/crates/layerfs-workspace)
rust	Run RUSTUP_TOOLCHAIN=1.85.1 tools/test-fast.sh	2026-09-13T22:15:57.2253543Z    Compiling layerfs-monitor v0.1.5 (/home/runner/work/layerfs/layerfs/crates/layerfs-monitor)
rust	Run RUSTUP_TOOLCHAIN=1.85.1 tools/test-fast.sh	2026-09-13T22:15:57.4888458Z    Compiling layerfs-sdk v0.1.5 (/home/runner/work/layerfs/layerfs/crates/layerfs-sdk)
rust	Run RUSTUP_TOOLCHAIN=1.85.1 tools/test-fast.sh	2026-09-13T22:15:58.0463234Z    Compiling layerfs-cli v0.1.5 (/home/runner/work/layerfs/layerfs/crates/layerfs-cli)
rust	Run RUSTUP_TOOLCHAIN=1.85.1 tools/test-fast.sh	2026-09-13T22:16:08.5268976Z    Compiling layerfs-eval v0.1.5 (/home/runner/work/layerfs/layerfs/tools/layerfs-eval)
rust	Run RUSTUP_TOOLCHAIN=1.85.1 tools/test-fast.sh	2026-09-13T22:16:14.9375904Z    Compiling fs-benchmark-pro v0.1.5 (/home/runner/work/layerfs/layerfs/benchmark/fs-bench-pro)
rust	Run RUSTUP_TOOLCHAIN=1.85.1 tools/test-fast.sh	2026-09-13T22:16:36.2988732Z     Finished `test` profile [unoptimized + debuginfo] target(s) in 1m 20s
rust	Run RUSTUP_TOOLCHAIN=1.85.1 tools/test-fast.sh	2026-09-13T22:16:36.4009548Z test-fast: 600 tests/benchmarks, 37 binaries, 76 disjoint batches, longest-first plan
rust	Run RUSTUP_TOOLCHAIN=1.85.1 tools/test-fast.sh	2026-09-13T22:16:40.7839776Z === extent_model-f0c065a8c6df16b2 (4.38s, status=0) ===
rust	Run RUSTUP_TOOLCHAIN=1.85.1 tools/test-fast.sh	2026-09-13T22:16:40.7841017Z 
rust	Run RUSTUP_TOOLCHAIN=1.85.1 tools/test-fast.sh	2026-09-13T22:16:40.7841392Z running 1 test
rust	Run RUSTUP_TOOLCHAIN=1.85.1 tools/test-fast.sh	2026-09-13T22:16:40.7842478Z test two_thousand_randomized_splices_match_every_revision_and_retained_history ... ok
rust	Run RUSTUP_TOOLCHAIN=1.85.1 tools/test-fast.sh	2026-09-13T22:16:40.7843229Z 
rust	Run RUSTUP_TOOLCHAIN=1.85.1 tools/test-fast.sh	2026-09-13T22:16:40.7843785Z test result: ok. 1 passed; 0 failed; 0 ignored; 0 measured; 20 filtered out; finished in 4.38s
rust	Run RUSTUP_TOOLCHAIN=1.85.1 tools/test-fast.sh	2026-09-13T22:16:40.7844423Z 
rust	Run RUSTUP_TOOLCHAIN=1.85.1 tools/test-fast.sh	2026-09-13T22:16:42.5043768Z === layerfs_content-1baf5816250817f2 (6.10s, status=0) ===
rust	Run RUSTUP_TOOLCHAIN=1.85.1 tools/test-fast.sh	2026-09-13T22:16:42.5045606Z 
rust	Run RUSTUP_TOOLCHAIN=1.85.1 tools/test-fast.sh	2026-09-13T22:16:42.5045967Z running 4 tests
rust	Run RUSTUP_TOOLCHAIN=1.85.1 tools/test-fast.sh	2026-09-13T22:16:42.5055286Z test filesystem::apply::tests::initial_directory_sorted_wide_matches_final_objects_with_bounded_work ... ok
rust	Run RUSTUP_TOOLCHAIN=1.85.1 tools/test-fast.sh	2026-09-13T22:16:42.5056768Z test tree::batch::tests::sorted_directory_reports_original_and_final_bindings_from_the_merge ... ok
rust	Run RUSTUP_TOOLCHAIN=1.85.1 tools/test-fast.sh	2026-09-13T22:16:42.5058004Z test tree::batch::tests::stage2_fetched_children_keep_their_allocation_lease_until_drop ... ok
rust	Run RUSTUP_TOOLCHAIN=1.85.1 tools/test-fast.sh	2026-09-13T22:16:42.5058743Z test tree::compact::tests::compact_namespace_roundtrip_and_invalid_inputs ... ok
rust	Run RUSTUP_TOOLCHAIN=1.85.1 tools/test-fast.sh	2026-09-13T22:16:42.5059240Z 
rust	Run RUSTUP_TOOLCHAIN=1.85.1 tools/test-fast.sh	2026-09-13T22:16:42.5059596Z test result: ok. 4 passed; 0 failed; 0 ignored; 0 measured; 60 filtered out; finished in 6.09s
rust	Run RUSTUP_TOOLCHAIN=1.85.1 tools/test-fast.sh	2026-09-13T22:16:42.5060078Z 
rust	Run RUSTUP_TOOLCHAIN=1.85.1 tools/test-fast.sh	2026-09-13T22:16:55.8503051Z === fs_benchmark_pro-0b5f4f430d894eec (15.06s, status=0) ===
rust	Run RUSTUP_TOOLCHAIN=1.85.1 tools/test-fast.sh	2026-09-13T22:16:55.8504027Z 
rust	Run RUSTUP_TOOLCHAIN=1.85.1 tools/test-fast.sh	2026-09-13T22:16:55.8552397Z running 1 test
rust	Run RUSTUP_TOOLCHAIN=1.85.1 tools/test-fast.sh	2026-09-13T22:16:55.8582657Z test workload_source::git_tool_workflow::tests::mixed_v4_contract ... ok
rust	Run RUSTUP_TOOLCHAIN=1.85.1 tools/test-fast.sh	2026-09-13T22:16:55.8611855Z 
rust	Run RUSTUP_TOOLCHAIN=1.85.1 tools/test-fast.sh	2026-09-13T22:16:55.8612632Z test result: ok. 1 passed; 0 failed; 0 ignored; 0 measured; 31 filtered out; finished in 15.06s
rust	Run RUSTUP_TOOLCHAIN=1.85.1 tools/test-fast.sh	2026-09-13T22:16:55.8641792Z 
rust	Run RUSTUP_TOOLCHAIN=1.85.1 tools/test-fast.sh	2026-09-13T22:16:56.3867769Z === layerfs_layerstack_store-897b0580473cc9c4 (19.98s, status=0) ===
rust	Run RUSTUP_TOOLCHAIN=1.85.1 tools/test-fast.sh	2026-09-13T22:16:56.3911833Z 
rust	Run RUSTUP_TOOLCHAIN=1.85.1 tools/test-fast.sh	2026-09-13T22:16:56.3932253Z running 3 tests
rust	Run RUSTUP_TOOLCHAIN=1.85.1 tools/test-fast.sh	2026-09-13T22:16:56.3982331Z test layerstack::tests::legacy_nested_mixed_root_streams_structure_without_restarting_import ... ok
rust	Run RUSTUP_TOOLCHAIN=1.85.1 tools/test-fast.sh	2026-09-13T22:16:56.4002342Z test statements::tests::exact_manifest_prepares_against_exact_v6_schema ... ok
rust	Run RUSTUP_TOOLCHAIN=1.85.1 tools/test-fast.sh	2026-09-13T22:16:56.4035197Z test statements::tests::point_name_and_keyset_queries_use_indexed_search_plans ... ok
rust	Run RUSTUP_TOOLCHAIN=1.85.1 tools/test-fast.sh	2026-09-13T22:16:56.4071799Z 
rust	Run RUSTUP_TOOLCHAIN=1.85.1 tools/test-fast.sh	2026-09-13T22:16:56.4102322Z test result: ok. 3 passed; 0 failed; 0 ignored; 0 measured; 156 filtered out; finished in 19.98s
rust	Run RUSTUP_TOOLCHAIN=1.85.1 tools/test-fast.sh	2026-09-13T22:16:56.4131875Z 
rust	Run RUSTUP_TOOLCHAIN=1.85.1 tools/test-fast.sh	2026-09-13T22:16:59.8392917Z === layerfs_layerstack_store-897b0580473cc9c4 (23.44s, status=0) ===
rust	Run RUSTUP_TOOLCHAIN=1.85.1 tools/test-fast.sh	2026-09-13T22:16:59.8451777Z 
rust	Run RUSTUP_TOOLCHAIN=1.85.1 tools/test-fast.sh	2026-09-13T22:16:59.8511981Z running 12 tests
rust	Run RUSTUP_TOOLCHAIN=1.85.1 tools/test-fast.sh	2026-09-13T22:16:59.8572480Z test layerstack::tests::legacy_single_large_directory_splits_bounded_tasks_with_exact_canonical_output ... ok
rust	Run RUSTUP_TOOLCHAIN=1.85.1 tools/test-fast.sh	2026-09-13T22:16:59.8623270Z test objects::tests::fresh_filter_negatives_false_positives_and_collisions_keep_exact_admission ... ok
rust	Run RUSTUP_TOOLCHAIN=1.85.1 tools/test-fast.sh	2026-09-13T22:16:59.8682849Z test objects::tests::fresh_filter_nonempty_and_orphaned_stores_keep_sql_fallback ... ok
rust	Run RUSTUP_TOOLCHAIN=1.85.1 tools/test-fast.sh	2026-09-13T22:16:59.8712411Z test objects::tests::oversized_all_owned_batch_is_rejected_before_any_callback ... ok
rust	Run RUSTUP_TOOLCHAIN=1.85.1 tools/test-fast.sh	2026-09-13T22:16:59.8772268Z test objects::tests::seen_index_spill_preserves_exact_membership_and_private_cleanup ... ok
rust	Run RUSTUP_TOOLCHAIN=1.85.1 tools/test-fast.sh	2026-09-13T22:16:59.8773552Z test objects::tests::segment_admission_deduplicates_across_pending_segments ... ok
rust	Run RUSTUP_TOOLCHAIN=1.85.1 tools/test-fast.sh	2026-09-13T22:16:59.8862624Z test objects::tests::small_completed_files_match_streaming_and_validate_eof_before_output ... ok
rust	Run RUSTUP_TOOLCHAIN=1.85.1 tools/test-fast.sh	2026-09-13T22:16:59.8922346Z test objects::tests::spill_index_overflow_preserves_lookup_dedup_and_cleanup_without_scans ... ok
rust	Run RUSTUP_TOOLCHAIN=1.85.1 tools/test-fast.sh	2026-09-13T22:16:59.8952491Z test objects::tests::workspace_delivery_selects_before_admission_and_deduplicates_across_phases ... ok
rust	Run RUSTUP_TOOLCHAIN=1.85.1 tools/test-fast.sh	2026-09-13T22:16:59.8982225Z test objects::whole::tests::whole_container_rejects_invalid_directory_and_slice_owner_role ... ok
rust	Run RUSTUP_TOOLCHAIN=1.85.1 tools/test-fast.sh	2026-09-13T22:16:59.9012452Z test schema::compatibility::legacy_open_contract_rejects_native_store_before_writer_configuration ... ok
rust	Run RUSTUP_TOOLCHAIN=1.85.1 tools/test-fast.sh	2026-09-13T22:16:59.9042101Z test schema::tests::sql_history_is_opt_in_and_reset_preserves_explicit_contract ... ok
rust	Run RUSTUP_TOOLCHAIN=1.85.1 tools/test-fast.sh	2026-09-13T22:16:59.9075019Z 
rust	Run RUSTUP_TOOLCHAIN=1.85.1 tools/test-fast.sh	2026-09-13T22:16:59.9102227Z test result: ok. 12 passed; 0 failed; 0 ignored; 0 measured; 147 filtered out; finished in 23.43s
rust	Run RUSTUP_TOOLCHAIN=1.85.1 tools/test-fast.sh	2026-09-13T22:16:59.9125984Z 
rust	Run RUSTUP_TOOLCHAIN=1.85.1 tools/test-fast.sh	2026-09-13T22:17:01.6012954Z === canonical_v2_fixture_oracle-59b97cc90b5c9930 (5.75s, status=0) ===
rust	Run RUSTUP_TOOLCHAIN=1.85.1 tools/test-fast.sh	2026-09-13T22:17:01.6042118Z 
rust	Run RUSTUP_TOOLCHAIN=1.85.1 tools/test-fast.sh	2026-09-13T22:17:01.6056325Z running 1 test
rust	Run RUSTUP_TOOLCHAIN=1.85.1 tools/test-fast.sh	2026-09-13T22:17:01.6057556Z test independent_actual_fixture_oracle_freezes_complete_v2_corpus ... ok
rust	Run RUSTUP_TOOLCHAIN=1.85.1 tools/test-fast.sh	2026-09-13T22:17:01.6058202Z 
rust	Run RUSTUP_TOOLCHAIN=1.85.1 tools/test-fast.sh	2026-09-13T22:17:01.6058848Z test result: ok. 1 passed; 0 failed; 0 ignored; 0 measured; 0 filtered out; finished in 5.75s
rust	Run RUSTUP_TOOLCHAIN=1.85.1 tools/test-fast.sh	2026-09-13T22:17:01.6059482Z 
rust	Run RUSTUP_TOOLCHAIN=1.85.1 tools/test-fast.sh	2026-09-13T22:17:03.3036275Z === layerfs_layerstack_store-897b0580473cc9c4 (20.80s, status=0) ===
rust	Run RUSTUP_TOOLCHAIN=1.85.1 tools/test-fast.sh	2026-09-13T22:17:03.3062074Z 
rust	Run RUSTUP_TOOLCHAIN=1.85.1 tools/test-fast.sh	2026-09-13T22:17:03.3072879Z running 12 tests
rust	Run RUSTUP_TOOLCHAIN=1.85.1 tools/test-fast.sh	2026-09-13T22:17:03.3093069Z test layerstack::tests::compact_directory_initialization_matches_all_legacy_semantics_and_retains_only_required_objects ... ok
rust	Run RUSTUP_TOOLCHAIN=1.85.1 tools/test-fast.sh	2026-09-13T22:17:03.3094883Z test objects::comparison_reuse_tests::comparison_reuse_single_operand_boundary_reserves_a_complete_tree_node ... ok
rust	Run RUSTUP_TOOLCHAIN=1.85.1 tools/test-fast.sh	2026-09-13T22:17:03.3096835Z test objects::diagnostic::tests::late_race_retains_whole_partial_pack_and_invalidates_unique_cohort ... ok
rust	Run RUSTUP_TOOLCHAIN=1.85.1 tools/test-fast.sh	2026-09-13T22:17:03.3098120Z test objects::metadata::endpoint_tests::metadata_endpoint_matches_full_max_with_gaps_overlaps_and_boundaries ... ok
rust	Run RUSTUP_TOOLCHAIN=1.85.1 tools/test-fast.sh	2026-09-13T22:17:03.3099617Z test objects::metadata::fingerprint_tests::metadata_fingerprint_collisions_compare_all_bytes_and_choose_first_duplicate ... ok
rust	Run RUSTUP_TOOLCHAIN=1.85.1 tools/test-fast.sh	2026-09-13T22:17:03.3101047Z test objects::read::native_tests::native_batch_shares_directory_but_only_reads_requested_bodies ... ok
rust	Run RUSTUP_TOOLCHAIN=1.85.1 tools/test-fast.sh	2026-09-13T22:17:03.3102312Z test objects::read::native_tests::native_reader_point_scope_and_exact_ranges ... ok
rust	Run RUSTUP_TOOLCHAIN=1.85.1 tools/test-fast.sh	2026-09-13T22:17:03.3103563Z test objects::spill::scratch_tests::private_scratch_off_configuration_restores_defensive_mode ... ok
rust	Run RUSTUP_TOOLCHAIN=1.85.1 tools/test-fast.sh	2026-09-13T22:17:03.3104644Z test objects::tests::append_only_blocks_are_written_once_read_forward_and_unlinked ... ok
rust	Run RUSTUP_TOOLCHAIN=1.85.1 tools/test-fast.sh	2026-09-13T22:17:03.3106445Z test objects::tests::append_only_reversed_worker_completion_sorts_to_task_order ... ok
rust	Run RUSTUP_TOOLCHAIN=1.85.1 tools/test-fast.sh	2026-09-13T22:17:03.3107348Z test objects::tests::durable_batches_hash_unique_rows_once_and_move_on_last_use ... ok
rust	Run RUSTUP_TOOLCHAIN=1.85.1 tools/test-fast.sh	2026-09-13T22:17:03.3108356Z test objects::tests::finalized_output_tasks_restore_coverage_and_join_all_failures ... ok
rust	Run RUSTUP_TOOLCHAIN=1.85.1 tools/test-fast.sh	2026-09-13T22:17:03.3108966Z 
rust	Run RUSTUP_TOOLCHAIN=1.85.1 tools/test-fast.sh	2026-09-13T22:17:03.3109447Z test result: ok. 12 passed; 0 failed; 0 ignored; 0 measured; 147 filtered out; finished in 20.80s
rust	Run RUSTUP_TOOLCHAIN=1.85.1 tools/test-fast.sh	2026-09-13T22:17:03.3110100Z 
rust	Run RUSTUP_TOOLCHAIN=1.85.1 tools/test-fast.sh	2026-09-13T22:17:04.4642888Z === namespace_model-8e67f4755a098d49 (8.08s, status=0) ===
rust	Run RUSTUP_TOOLCHAIN=1.85.1 tools/test-fast.sh	2026-09-13T22:17:04.4653059Z 
rust	Run RUSTUP_TOOLCHAIN=1.85.1 tools/test-fast.sh	2026-09-13T22:17:04.4702130Z running 1 test
rust	Run RUSTUP_TOOLCHAIN=1.85.1 tools/test-fast.sh	2026-09-13T22:17:04.4712900Z test ten_thousand_names_path_copy_and_retained_roots_match_ordered_oracle ... ok
rust	Run RUSTUP_TOOLCHAIN=1.85.1 tools/test-fast.sh	2026-09-13T22:17:04.4741879Z 
rust	Run RUSTUP_TOOLCHAIN=1.85.1 tools/test-fast.sh	2026-09-13T22:17:04.4772740Z test result: ok. 1 passed; 0 failed; 0 ignored; 0 measured; 18 filtered out; finished in 8.07s
rust	Run RUSTUP_TOOLCHAIN=1.85.1 tools/test-fast.sh	2026-09-13T22:17:04.4801859Z 
rust	Run RUSTUP_TOOLCHAIN=1.85.1 tools/test-fast.sh	2026-09-13T22:17:05.0542977Z === namespace_model-8e67f4755a098d49 (1.75s, status=0) ===
rust	Run RUSTUP_TOOLCHAIN=1.85.1 tools/test-fast.sh	2026-09-13T22:17:05.0562240Z 
rust	Run RUSTUP_TOOLCHAIN=1.85.1 tools/test-fast.sh	2026-09-13T22:17:05.0563061Z running 6 tests
rust	Run RUSTUP_TOOLCHAIN=1.85.1 tools/test-fast.sh	2026-09-13T22:17:05.0564241Z test inode_diff_merges_unequal_canonical_heights_without_collecting_entries ... ok
rust	Run RUSTUP_TOOLCHAIN=1.85.1 tools/test-fast.sh	2026-09-13T22:17:05.0565273Z test inode_table_scales_and_record_update_rewrites_only_its_spine ... ok
rust	Run RUSTUP_TOOLCHAIN=1.85.1 tools/test-fast.sh	2026-09-13T22:17:05.0566213Z test repeated_child_levels_are_rejected_before_loading_grandchildren ... ok
rust	Run RUSTUP_TOOLCHAIN=1.85.1 tools/test-fast.sh	2026-09-13T22:17:05.0567232Z test underfull_middle_directory_borrows_right_before_merging_left ... ok
rust	Run RUSTUP_TOOLCHAIN=1.85.1 tools/test-fast.sh	2026-09-13T22:17:05.0568147Z test underfull_middle_inode_leaf_borrows_right_before_merging_left ... ok
rust	Run RUSTUP_TOOLCHAIN=1.85.1 tools/test-fast.sh	2026-09-13T22:17:05.0569065Z test variable_width_directory_borrows_until_both_leaves_are_filled ... ok
rust	Run RUSTUP_TOOLCHAIN=1.85.1 tools/test-fast.sh	2026-09-13T22:17:05.0569612Z 
rust	Run RUSTUP_TOOLCHAIN=1.85.1 tools/test-fast.sh	2026-09-13T22:17:05.0570139Z test result: ok. 6 passed; 0 failed; 0 ignored; 0 measured; 13 filtered out; finished in 1.75s
rust	Run RUSTUP_TOOLCHAIN=1.85.1 tools/test-fast.sh	2026-09-13T22:17:05.0570822Z 
rust	Run RUSTUP_TOOLCHAIN=1.85.1 tools/test-fast.sh	2026-09-13T22:17:05.1035845Z === file_edit-0cdbc7fb59f7e3f7 (3.50s, status=0) ===
rust	Run RUSTUP_TOOLCHAIN=1.85.1 tools/test-fast.sh	2026-09-13T22:17:05.1036736Z 
rust	Run RUSTUP_TOOLCHAIN=1.85.1 tools/test-fast.sh	2026-09-13T22:17:05.1038192Z running 12 tests
rust	Run RUSTUP_TOOLCHAIN=1.85.1 tools/test-fast.sh	2026-09-13T22:17:05.1038890Z test group_1_descending_overlapping_repeated_and_up_to_date_normalize_exactly ... ok
rust	Run RUSTUP_TOOLCHAIN=1.85.1 tools/test-fast.sh	2026-09-13T22:17:05.1039818Z test group_1_range_piece_eof_noop_and_repeated_boundaries ... ok
rust	Run RUSTUP_TOOLCHAIN=1.85.1 tools/test-fast.sh	2026-09-13T22:17:05.1040574Z test group_2_projection_refresh_commit_and_reopen_are_exact ... ok
rust	Run RUSTUP_TOOLCHAIN=1.85.1 tools/test-fast.sh	2026-09-13T22:17:05.1041333Z test group_3_hard_link_aliases_share_one_edited_inode ... ok
rust	Run RUSTUP_TOOLCHAIN=1.85.1 tools/test-fast.sh	2026-09-13T22:17:05.1042347Z test group_3_rename_parent_replace_unlink_and_final_alias_reclamation_are_inode_exact ... ok
rust	Run RUSTUP_TOOLCHAIN=1.85.1 tools/test-fast.sh	2026-09-13T22:17:05.1043219Z test group_4_invalid_type_range_overflow_and_limits_are_atomic ... ok
rust	Run RUSTUP_TOOLCHAIN=1.85.1 tools/test-fast.sh	2026-09-13T22:17:05.1044539Z test group_5_candidate_admission_and_publication_failures_retry_once ... ok
rust	Run RUSTUP_TOOLCHAIN=1.85.1 tools/test-fast.sh	2026-09-13T22:17:05.1045435Z test group_5_commit_publication_is_exactly_once_and_retry_is_up_to_date ... ok
rust	Run RUSTUP_TOOLCHAIN=1.85.1 tools/test-fast.sh	2026-09-13T22:17:05.1046570Z test group_6_discard_mixed_inline_zero_and_spool_state_leaves_no_durable_change ... ok
rust	Run RUSTUP_TOOLCHAIN=1.85.1 tools/test-fast.sh	2026-09-13T22:17:05.1047462Z test group_7_stale_head_and_posix_owner_composition_are_exact ... ok
rust	Run RUSTUP_TOOLCHAIN=1.85.1 tools/test-fast.sh	2026-09-13T22:17:05.1048259Z test stale_head_with_resume_failure_requires_explicit_presentation_recovery ... ok
rust	Run RUSTUP_TOOLCHAIN=1.85.1 tools/test-fast.sh	2026-09-13T22:17:05.1049053Z test whole_file_empty_generation_reclaims_edit_budget ... ok
rust	Run RUSTUP_TOOLCHAIN=1.85.1 tools/test-fast.sh	2026-09-13T22:17:05.1049534Z 
rust	Run RUSTUP_TOOLCHAIN=1.85.1 tools/test-fast.sh	2026-09-13T22:17:05.1050027Z test result: ok. 12 passed; 0 failed; 0 ignored; 0 measured; 0 filtered out; finished in 3.50s
rust	Run RUSTUP_TOOLCHAIN=1.85.1 tools/test-fast.sh	2026-09-13T22:17:05.1050561Z 
rust	Run RUSTUP_TOOLCHAIN=1.85.1 tools/test-fast.sh	2026-09-13T22:17:07.1982843Z === layerfs_content-1baf5816250817f2 (2.73s, status=0) ===
rust	Run RUSTUP_TOOLCHAIN=1.85.1 tools/test-fast.sh	2026-09-13T22:17:07.2001765Z 
rust	Run RUSTUP_TOOLCHAIN=1.85.1 tools/test-fast.sh	2026-09-13T22:17:07.2022045Z running 12 tests
rust	Run RUSTUP_TOOLCHAIN=1.85.1 tools/test-fast.sh	2026-09-13T22:17:07.2022854Z test file::cdc::tests::fragmentation_does_not_change_boundaries ... ok
rust	Run RUSTUP_TOOLCHAIN=1.85.1 tools/test-fast.sh	2026-09-13T22:17:07.2023878Z test filesystem::apply::tests::deferred_inode_batch_matches_sequential_roots_with_local_final_puts ... ok
rust	Run RUSTUP_TOOLCHAIN=1.85.1 tools/test-fast.sh	2026-09-13T22:17:07.2024871Z test filesystem::apply::tests::initial_directory_sorted_transfer_matches_insertion_and_fallback ... ok
rust	Run RUSTUP_TOOLCHAIN=1.85.1 tools/test-fast.sh	2026-09-13T22:17:07.2052185Z test filesystem::change::tests::portable_metadata_cache_reuses_modes_with_unique_mtimes ... ok
rust	Run RUSTUP_TOOLCHAIN=1.85.1 tools/test-fast.sh	2026-09-13T22:17:07.2053031Z test object::codec::tests::canonical_vectors_are_fixed ... ok
rust	Run RUSTUP_TOOLCHAIN=1.85.1 tools/test-fast.sh	2026-09-13T22:17:07.2082760Z test object::codec::tests::rejects_declared_fields_larger_than_remaining_payload ... ok
rust	Run RUSTUP_TOOLCHAIN=1.85.1 tools/test-fast.sh	2026-09-13T22:17:07.2083795Z test object::codec::tests::shallow_authentication_defers_payload_rules_to_the_exact_role_decoder ... ok
rust	Run RUSTUP_TOOLCHAIN=1.85.1 tools/test-fast.sh	2026-09-13T22:17:07.2084709Z test object::digest::tests::object_hash_is_fragmentation_independent ... ok
rust	Run RUSTUP_TOOLCHAIN=1.85.1 tools/test-fast.sh	2026-09-13T22:17:07.2085637Z test tree::batch::tests::initial_compact_table_streams_only_final_reachable_nodes ... ok
rust	Run RUSTUP_TOOLCHAIN=1.85.1 tools/test-fast.sh	2026-09-13T22:17:07.2086620Z test tree::batch::tests::sorted_variable_names_balance_across_parent_boundaries ... ok
rust	Run RUSTUP_TOOLCHAIN=1.85.1 tools/test-fast.sh	2026-09-13T22:17:07.2087494Z test tree::compact::tests::retained_offline_metadata_is_byte_identical ... ok
rust	Run RUSTUP_TOOLCHAIN=1.85.1 tools/test-fast.sh	2026-09-13T22:17:07.2088351Z test tree::path::tests::rejects_invalid_paths ... ok
rust	Run RUSTUP_TOOLCHAIN=1.85.1 tools/test-fast.sh	2026-09-13T22:17:07.2088699Z 
rust	Run RUSTUP_TOOLCHAIN=1.85.1 tools/test-fast.sh	2026-09-13T22:17:07.2089117Z test result: ok. 12 passed; 0 failed; 0 ignored; 0 measured; 52 filtered out; finished in 2.73s
rust	Run RUSTUP_TOOLCHAIN=1.85.1 tools/test-fast.sh	2026-09-13T22:17:07.2089678Z 
rust	Run RUSTUP_TOOLCHAIN=1.85.1 tools/test-fast.sh	2026-09-13T22:17:07.4212577Z === layerfs_content-1baf5816250817f2 (2.32s, status=0) ===
rust	Run RUSTUP_TOOLCHAIN=1.85.1 tools/test-fast.sh	2026-09-13T22:17:07.4242154Z 
rust	Run RUSTUP_TOOLCHAIN=1.85.1 tools/test-fast.sh	2026-09-13T22:17:07.4272268Z running 12 tests
rust	Run RUSTUP_TOOLCHAIN=1.85.1 tools/test-fast.sh	2026-09-13T22:17:07.4302508Z test file::cdc::tests::callback_failure_is_propagated_exactly ... ok
rust	Run RUSTUP_TOOLCHAIN=1.85.1 tools/test-fast.sh	2026-09-13T22:17:07.4332087Z test file::cdc::tests::frozen_boundaries_are_deterministic ... ok
rust	Run RUSTUP_TOOLCHAIN=1.85.1 tools/test-fast.sh	2026-09-13T22:17:07.4362063Z test file::cdc::tests::short_and_maximum_edges_are_bounded ... ok
rust	Run RUSTUP_TOOLCHAIN=1.85.1 tools/test-fast.sh	2026-09-13T22:17:07.4392373Z test object::codec::tests::object_id_matches_hash_of_canonical_encoding ... ok
rust	Run RUSTUP_TOOLCHAIN=1.85.1 tools/test-fast.sh	2026-09-13T22:17:07.4422237Z test object::codec::tests::rejects_truncated_payloads_and_invalid_fields ... ok
rust	Run RUSTUP_TOOLCHAIN=1.85.1 tools/test-fast.sh	2026-09-13T22:17:07.4452244Z test object::digest::tests::object_domain_is_frozen_for_v2_and_differs_from_v1 ... ok
rust	Run RUSTUP_TOOLCHAIN=1.85.1 tools/test-fast.sh	2026-09-13T22:17:07.4472245Z test tree::batch::tests::compact_directory_updates_preserve_names_serials_and_snapshots ... ok
rust	Run RUSTUP_TOOLCHAIN=1.85.1 tools/test-fast.sh	2026-09-13T22:17:07.4507566Z test tree::batch::tests::compact_inline_inode_updates_reuse_the_bounded_tree_engine ... ok
rust	Run RUSTUP_TOOLCHAIN=1.85.1 tools/test-fast.sh	2026-09-13T22:17:07.4532122Z test tree::batch::tests::sorted_tiny_inode_update_uses_actual_capacity ... ok
rust	Run RUSTUP_TOOLCHAIN=1.85.1 tools/test-fast.sh	2026-09-13T22:17:07.4562411Z test tree::batch::tests::stage2_batch_work_counts_follow_namespace_size_at_fixed_k ... ok
rust	Run RUSTUP_TOOLCHAIN=1.85.1 tools/test-fast.sh	2026-09-13T22:17:07.4563446Z test tree::directory::validate::tests::directory_pages_resume_without_rescanning_or_skipping ... ok
rust	Run RUSTUP_TOOLCHAIN=1.85.1 tools/test-fast.sh	2026-09-13T22:17:07.4564195Z test tree::path::tests::enforces_path_bounds ... ok
rust	Run RUSTUP_TOOLCHAIN=1.85.1 tools/test-fast.sh	2026-09-13T22:17:07.4564681Z 
rust	Run RUSTUP_TOOLCHAIN=1.85.1 tools/test-fast.sh	2026-09-13T22:17:07.4565043Z test result: ok. 12 passed; 0 failed; 0 ignored; 0 measured; 52 filtered out; finished in 2.31s
rust	Run RUSTUP_TOOLCHAIN=1.85.1 tools/test-fast.sh	2026-09-13T22:17:07.4565583Z 
rust	Run RUSTUP_TOOLCHAIN=1.85.1 tools/test-fast.sh	2026-09-13T22:17:08.7642961Z === layerfs_content-1baf5816250817f2 (3.71s, status=0) ===
rust	Run RUSTUP_TOOLCHAIN=1.85.1 tools/test-fast.sh	2026-09-13T22:17:08.7701934Z 
rust	Run RUSTUP_TOOLCHAIN=1.85.1 tools/test-fast.sh	2026-09-13T22:17:08.7762334Z running 12 tests
rust	Run RUSTUP_TOOLCHAIN=1.85.1 tools/test-fast.sh	2026-09-13T22:17:08.7802866Z test file::extent_codec::tests::single_allocation_chunk_encoding_is_byte_identical ... ok
rust	Run RUSTUP_TOOLCHAIN=1.85.1 tools/test-fast.sh	2026-09-13T22:17:08.7822722Z test file::rope::build::tests::known_single_chunk_bytes_match_streaming_builder_exactly ... ok
rust	Run RUSTUP_TOOLCHAIN=1.85.1 tools/test-fast.sh	2026-09-13T22:17:08.7824026Z test file::rope::edit::batch_tests::file_batch_streams_payload_while_deferring_only_structural_objects ... ok
rust	Run RUSTUP_TOOLCHAIN=1.85.1 tools/test-fast.sh	2026-09-13T22:17:08.7852354Z test filesystem::apply::tests::public_file_changes_scope_payload_provenance_and_restore_after_errors ... ok
rust	Run RUSTUP_TOOLCHAIN=1.85.1 tools/test-fast.sh	2026-09-13T22:17:08.7882156Z test object::codec::tests::round_trips_and_streams_each_object_kind ... ok
rust	Run RUSTUP_TOOLCHAIN=1.85.1 tools/test-fast.sh	2026-09-13T22:17:08.7882965Z test object::digest::tests::object_domain_is_not_unframed_hashing ... ok
rust	Run RUSTUP_TOOLCHAIN=1.85.1 tools/test-fast.sh	2026-09-13T22:17:08.7883708Z test tree::batch::tests::sorted_updates_validate_input_and_reserve_before_allocation ... ok
rust	Run RUSTUP_TOOLCHAIN=1.85.1 tools/test-fast.sh	2026-09-13T22:17:08.7884551Z test tree::batch::tests::stage2_insufficient_batch_scratch_is_the_declared_fallback_error ... ok
rust	Run RUSTUP_TOOLCHAIN=1.85.1 tools/test-fast.sh	2026-09-13T22:17:08.7885531Z test tree::batch::tests::stage2_malformed_siblings_are_rejected_identically_on_both_routes ... ok
rust	Run RUSTUP_TOOLCHAIN=1.85.1 tools/test-fast.sh	2026-09-13T22:17:08.7886400Z test tree::batch::tests::stage2_reduced_scratch_never_fails_a_batch_that_a_point_read_survives ... ok
rust	Run RUSTUP_TOOLCHAIN=1.85.1 tools/test-fast.sh	2026-09-13T22:17:08.7887827Z test tree::directory::validate::tests::variable_width_directory_borrows_until_both_branches_are_filled ... ok
rust	Run RUSTUP_TOOLCHAIN=1.85.1 tools/test-fast.sh	2026-09-13T22:17:08.7888658Z test tree::path::tests::orders_parents_and_components_by_bytes ... ok
rust	Run RUSTUP_TOOLCHAIN=1.85.1 tools/test-fast.sh	2026-09-13T22:17:08.7889054Z 
rust	Run RUSTUP_TOOLCHAIN=1.85.1 tools/test-fast.sh	2026-09-13T22:17:08.7889382Z test result: ok. 12 passed; 0 failed; 0 ignored; 0 measured; 52 filtered out; finished in 3.71s
rust	Run RUSTUP_TOOLCHAIN=1.85.1 tools/test-fast.sh	2026-09-13T22:17:08.7889966Z 
rust	Run RUSTUP_TOOLCHAIN=1.85.1 tools/test-fast.sh	2026-09-13T22:17:10.6063999Z === layerfs_content-1baf5816250817f2 (3.41s, status=0) ===
rust	Run RUSTUP_TOOLCHAIN=1.85.1 tools/test-fast.sh	2026-09-13T22:17:10.6091825Z 
rust	Run RUSTUP_TOOLCHAIN=1.85.1 tools/test-fast.sh	2026-09-13T22:17:10.6122626Z running 12 tests
rust	Run RUSTUP_TOOLCHAIN=1.85.1 tools/test-fast.sh	2026-09-13T22:17:10.6132810Z test file::rope::edit::batch_tests::file_batch_streams_large_replacement_below_structural_hard_bound ... ok
rust	Run RUSTUP_TOOLCHAIN=1.85.1 tools/test-fast.sh	2026-09-13T22:17:10.6162339Z test filesystem::apply::tests::initial_directory_sorted_rejects_invalid_order_and_ownership_overflow_privately ... ok
rust	Run RUSTUP_TOOLCHAIN=1.85.1 tools/test-fast.sh	2026-09-13T22:17:10.6192580Z test filesystem::change::tests::portable_metadata_cache_is_exact_normalized_and_bounded ... ok
rust	Run RUSTUP_TOOLCHAIN=1.85.1 tools/test-fast.sh	2026-09-13T22:17:10.6212482Z test object::codec::tests::borrowed_bytes_encoding_matches_owned_canonical_identity ... ok
rust	Run RUSTUP_TOOLCHAIN=1.85.1 tools/test-fast.sh	2026-09-13T22:17:10.6222552Z test object::codec::tests::identity_authenticates_supplied_bytes_before_decoding ... ok
rust	Run RUSTUP_TOOLCHAIN=1.85.1 tools/test-fast.sh	2026-09-13T22:17:10.6252131Z test object::codec::tests::rejects_manually_unsorted_directory_wire_bytes ... ok
rust	Run RUSTUP_TOOLCHAIN=1.85.1 tools/test-fast.sh	2026-09-13T22:17:10.6282382Z test object::digest::tests::content_digest_writer_is_fragmentation_independent ... ok
rust	Run RUSTUP_TOOLCHAIN=1.85.1 tools/test-fast.sh	2026-09-13T22:17:10.6302373Z test object::references::tests::every_internal_magic_is_safe_as_user_file_prefix_and_transfer_leaf ... ok
rust	Run RUSTUP_TOOLCHAIN=1.85.1 tools/test-fast.sh	2026-09-13T22:17:10.6312415Z test tree::batch::tests::sorted_inode_dense_delete_preserves_sparse_historical_records ... ok
rust	Run RUSTUP_TOOLCHAIN=1.85.1 tools/test-fast.sh	2026-09-13T22:17:10.6342285Z test tree::batch::tests::sorted_mixed_boundaries_emit_only_final_reachable_pages ... ok
rust	Run RUSTUP_TOOLCHAIN=1.85.1 tools/test-fast.sh	2026-09-13T22:17:10.6372169Z test tree::batch::tests::stage2_batch_work_counts_follow_changed_keys_not_chunk_size ... ok
rust	Run RUSTUP_TOOLCHAIN=1.85.1 tools/test-fast.sh	2026-09-13T22:17:10.6373131Z test tree::path::tests::accepts_root_and_canonical_paths ... ok
rust	Run RUSTUP_TOOLCHAIN=1.85.1 tools/test-fast.sh	2026-09-13T22:17:10.6401812Z 
rust	Run RUSTUP_TOOLCHAIN=1.85.1 tools/test-fast.sh	2026-09-13T22:17:10.6432261Z test result: ok. 12 passed; 0 failed; 0 ignored; 0 measured; 52 filtered out; finished in 3.40s
rust	Run RUSTUP_TOOLCHAIN=1.85.1 tools/test-fast.sh	2026-09-13T22:17:10.6461798Z 
rust	Run RUSTUP_TOOLCHAIN=1.85.1 tools/test-fast.sh	2026-09-13T22:17:10.8643521Z === layerfs_content-1baf5816250817f2 (3.44s, status=0) ===
rust	Run RUSTUP_TOOLCHAIN=1.85.1 tools/test-fast.sh	2026-09-13T22:17:10.8671868Z 
rust	Run RUSTUP_TOOLCHAIN=1.85.1 tools/test-fast.sh	2026-09-13T22:17:10.8702408Z running 12 tests
rust	Run RUSTUP_TOOLCHAIN=1.85.1 tools/test-fast.sh	2026-09-13T22:17:10.8712567Z test file::cdc::tests::scanner_buffer_capacity_is_fixed ... ok
rust	Run RUSTUP_TOOLCHAIN=1.85.1 tools/test-fast.sh	2026-09-13T22:17:10.8732573Z test filesystem::apply::tests::deferred_directory_batch_matches_sequential_roots_with_local_final_puts ... ok
rust	Run RUSTUP_TOOLCHAIN=1.85.1 tools/test-fast.sh	2026-09-13T22:17:10.8762291Z test object::codec::tests::assigned_identity_and_expected_identity_share_framing_validation ... ok
rust	Run RUSTUP_TOOLCHAIN=1.85.1 tools/test-fast.sh	2026-09-13T22:17:10.8792324Z test object::codec::tests::directory_names_use_the_canonical_name_bound ... ok
rust	Run RUSTUP_TOOLCHAIN=1.85.1 tools/test-fast.sh	2026-09-13T22:17:10.8793851Z test object::codec::tests::rejects_malformed_and_noncanonical_bytes ... ok
rust	Run RUSTUP_TOOLCHAIN=1.85.1 tools/test-fast.sh	2026-09-13T22:17:10.8822238Z test object::codec::tests::streaming_decode_handles_fragmented_and_short_reads ... ok
rust	Run RUSTUP_TOOLCHAIN=1.85.1 tools/test-fast.sh	2026-09-13T22:17:10.8852094Z test object::id::tests::ids_are_fixed_and_text_round_trips ... ok
rust	Run RUSTUP_TOOLCHAIN=1.85.1 tools/test-fast.sh	2026-09-13T22:17:10.8853094Z test tree::batch::tests::sorted_builds_match_existing_canonical_split_boundaries ... ok
rust	Run RUSTUP_TOOLCHAIN=1.85.1 tools/test-fast.sh	2026-09-13T22:17:10.8882422Z test tree::batch::tests::sorted_directory_dense_mixed_sparse_and_empty ... ok
rust	Run RUSTUP_TOOLCHAIN=1.85.1 tools/test-fast.sh	2026-09-13T22:17:10.8912410Z test tree::batch::tests::stage2_batched_children_read_every_child_and_match_the_point_route ... ok
rust	Run RUSTUP_TOOLCHAIN=1.85.1 tools/test-fast.sh	2026-09-13T22:17:10.8942155Z test tree::directory::read::tests::lookup_leaf_entries_are_sorted_and_root_scoped ... ok
rust	Run RUSTUP_TOOLCHAIN=1.85.1 tools/test-fast.sh	2026-09-13T22:17:10.8943008Z test tree::inode::table::tests::batch_lookup_matches_sequential_with_fewer_node_reads ... ok
rust	Run RUSTUP_TOOLCHAIN=1.85.1 tools/test-fast.sh	2026-09-13T22:17:10.8971805Z 
rust	Run RUSTUP_TOOLCHAIN=1.85.1 tools/test-fast.sh	2026-09-13T22:17:10.9002240Z test result: ok. 12 passed; 0 failed; 0 ignored; 0 measured; 52 filtered out; finished in 3.44s
rust	Run RUSTUP_TOOLCHAIN=1.85.1 tools/test-fast.sh	2026-09-13T22:17:10.9031816Z 
rust	Run RUSTUP_TOOLCHAIN=1.85.1 tools/test-fast.sh	2026-09-13T22:17:15.2803713Z === fs_benchmark_pro-0b5f4f430d894eec (15.44s, status=0) ===
rust	Run RUSTUP_TOOLCHAIN=1.85.1 tools/test-fast.sh	2026-09-13T22:17:15.2814625Z 
rust	Run RUSTUP_TOOLCHAIN=1.85.1 tools/test-fast.sh	2026-09-13T22:17:15.2832575Z running 1 test
rust	Run RUSTUP_TOOLCHAIN=1.85.1 tools/test-fast.sh	2026-09-13T22:17:15.2833795Z test workload_source::workspace_change_locality::tests::mixed_v4_contract ... ok
rust	Run RUSTUP_TOOLCHAIN=1.85.1 tools/test-fast.sh	2026-09-13T22:17:15.2834543Z 
rust	Run RUSTUP_TOOLCHAIN=1.85.1 tools/test-fast.sh	2026-09-13T22:17:15.2835160Z test result: ok. 1 passed; 0 failed; 0 ignored; 0 measured; 31 filtered out; finished in 15.44s
rust	Run RUSTUP_TOOLCHAIN=1.85.1 tools/test-fast.sh	2026-09-13T22:17:15.2835797Z 
rust	Run RUSTUP_TOOLCHAIN=1.85.1 tools/test-fast.sh	2026-09-13T22:17:20.2383085Z === fs_benchmark_pro-0b5f4f430d894eec (9.37s, status=0) ===
rust	Run RUSTUP_TOOLCHAIN=1.85.1 tools/test-fast.sh	2026-09-13T22:17:20.2401978Z 
rust	Run RUSTUP_TOOLCHAIN=1.85.1 tools/test-fast.sh	2026-09-13T22:17:20.2422431Z running 5 tests
rust	Run RUSTUP_TOOLCHAIN=1.85.1 tools/test-fast.sh	2026-09-13T22:17:20.2462774Z test dedup_verify::tests::independent_cdc_and_extent_oracle ... ok
rust	Run RUSTUP_TOOLCHAIN=1.85.1 tools/test-fast.sh	2026-09-13T22:17:20.2482677Z test storage_smoke::integrated::tests::integration_scripts_parse_with_and_without_following_mutations ... ok
rust	Run RUSTUP_TOOLCHAIN=1.85.1 tools/test-fast.sh	2026-09-13T22:17:20.2502389Z test workload_source::tiny_file_churn::tests::mixed_v3_contract ... ok
rust	Run RUSTUP_TOOLCHAIN=1.85.1 tools/test-fast.sh	2026-09-13T22:17:20.2522972Z test workspace_bench::product_budget_tests::cumulative_budget_keeps_prior_phases_and_exact_boundary ... {"kind":"product-budget-phase","state":"begin","phase":"create","cumulative_ns":0,"limit_ns":120000000000,"elapsed_ns":0,"phase_error":null}
rust	Run RUSTUP_TOOLCHAIN=1.85.1 tools/test-fast.sh	2026-09-13T22:17:20.2524871Z {"kind":"product-budget-phase","state":"end","phase":"create","cumulative_ns":2000000000,"limit_ns":120000000000,"elapsed_ns":2000000000,"phase_error":null}
rust	Run RUSTUP_TOOLCHAIN=1.85.1 tools/test-fast.sh	2026-09-13T22:17:20.2526418Z {"kind":"product-budget-phase","state":"begin","phase":"exec","cumulative_ns":2000000000,"limit_ns":120000000000,"elapsed_ns":0,"phase_error":null}
rust	Run RUSTUP_TOOLCHAIN=1.85.1 tools/test-fast.sh	2026-09-13T22:17:20.2527793Z {"kind":"product-budget-phase","state":"end","phase":"exec","cumulative_ns":9000000000,"limit_ns":120000000000,"elapsed_ns":7000000000,"phase_error":null}
rust	Run RUSTUP_TOOLCHAIN=1.85.1 tools/test-fast.sh	2026-09-13T22:17:20.2529067Z {"kind":"product-budget-phase","state":"begin","phase":"commit","cumulative_ns":9000000000,"limit_ns":120000000000,"elapsed_ns":0,"phase_error":null}
rust	Run RUSTUP_TOOLCHAIN=1.85.1 tools/test-fast.sh	2026-09-13T22:17:20.2530376Z {"kind":"product-budget-phase","state":"end","phase":"commit","cumulative_ns":119000000000,"limit_ns":120000000000,"elapsed_ns":110000000000,"phase_error":null}
rust	Run RUSTUP_TOOLCHAIN=1.85.1 tools/test-fast.sh	2026-09-13T22:17:20.2531833Z {"kind":"product-budget-phase","state":"begin","phase":"end","cumulative_ns":119000000000,"limit_ns":120000000000,"elapsed_ns":0,"phase_error":null}
rust	Run RUSTUP_TOOLCHAIN=1.85.1 tools/test-fast.sh	2026-09-13T22:17:20.2533326Z {"kind":"product-budget-phase","state":"end","phase":"end","cumulative_ns":120000000000,"limit_ns":120000000000,"elapsed_ns":1000000000,"phase_error":null}
rust	Run RUSTUP_TOOLCHAIN=1.85.1 tools/test-fast.sh	2026-09-13T22:17:20.2534710Z {"kind":"product-budget-phase","state":"end","phase":"visibility","cumulative_ns":120000000001,"limit_ns":120000000000,"elapsed_ns":1,"phase_error":null}
rust	Run RUSTUP_TOOLCHAIN=1.85.1 tools/test-fast.sh	2026-09-13T22:17:20.2536156Z {"kind":"product-time-budget-exceeded","limit_ns":120000000000,"cumulative_ns":120000000001,"phase":"visibility","measurement":"completed-pure-call-sum"}
rust	Run RUSTUP_TOOLCHAIN=1.85.1 tools/test-fast.sh	2026-09-13T22:17:20.2537587Z {"kind":"product-budget-phase","state":"end","phase":"exec","cumulative_ns":120000000001,"limit_ns":600000000000,"elapsed_ns":120000000001,"phase_error":null}
rust	Run RUSTUP_TOOLCHAIN=1.85.1 tools/test-fast.sh	2026-09-13T22:17:20.2539312Z {"kind":"product-budget-phase","state":"end","phase":"commit","cumulative_ns":600000000001,"limit_ns":600000000000,"elapsed_ns":480000000000,"phase_error":null}
rust	Run RUSTUP_TOOLCHAIN=1.85.1 tools/test-fast.sh	2026-09-13T22:17:20.2540909Z {"kind":"product-time-budget-exceeded","limit_ns":600000000000,"cumulative_ns":600000000001,"phase":"commit","measurement":"completed-pure-call-sum"}
rust	Run RUSTUP_TOOLCHAIN=1.85.1 tools/test-fast.sh	2026-09-13T22:17:20.2552237Z ok
rust	Run RUSTUP_TOOLCHAIN=1.85.1 tools/test-fast.sh	2026-09-13T22:17:20.2572228Z test workspace_verify::small_content_checks::small_content_grammar_and_identity_are_bounded ... ok
rust	Run RUSTUP_TOOLCHAIN=1.85.1 tools/test-fast.sh	2026-09-13T22:17:20.2573322Z 
rust	Run RUSTUP_TOOLCHAIN=1.85.1 tools/test-fast.sh	2026-09-13T22:17:20.2573756Z test result: ok. 5 passed; 0 failed; 0 ignored; 0 measured; 27 filtered out; finished in 9.37s
rust	Run RUSTUP_TOOLCHAIN=1.85.1 tools/test-fast.sh	2026-09-13T22:17:20.2574259Z 
rust	Run RUSTUP_TOOLCHAIN=1.85.1 tools/test-fast.sh	2026-09-13T22:17:20.6804493Z === fs_benchmark_pro-0b5f4f430d894eec (10.08s, status=0) ===
rust	Run RUSTUP_TOOLCHAIN=1.85.1 tools/test-fast.sh	2026-09-13T22:17:20.6805673Z 
rust	Run RUSTUP_TOOLCHAIN=1.85.1 tools/test-fast.sh	2026-09-13T22:17:20.6806049Z running 6 tests
rust	Run RUSTUP_TOOLCHAIN=1.85.1 tools/test-fast.sh	2026-09-13T22:17:20.6806946Z test tests::lifecycle_equations_and_median_are_exact ... ok
rust	Run RUSTUP_TOOLCHAIN=1.85.1 tools/test-fast.sh	2026-09-13T22:17:20.6808020Z test workload_source::dedup_branch_history::checkpoint_tests::history_samples_cover_cycles_and_final_states ... ok
rust	Run RUSTUP_TOOLCHAIN=1.85.1 tools/test-fast.sh	2026-09-13T22:17:20.6809659Z test workload_source::ordinary_workloads::tests::native_git_reference_checks_workflow ... 
rust	Run RUSTUP_TOOLCHAIN=1.85.1 tools/test-fast.sh	2026-09-13T22:17:20.6815588Z running 0 tests
rust	Run RUSTUP_TOOLCHAIN=1.85.1 tools/test-fast.sh	2026-09-13T22:17:20.6816146Z 
rust	Run RUSTUP_TOOLCHAIN=1.85.1 tools/test-fast.sh	2026-09-13T22:17:20.6816688Z test result: ok. 0 passed; 0 failed; 0 ignored; 0 measured; 32 filtered out; finished in 0.00s
rust	Run RUSTUP_TOOLCHAIN=1.85.1 tools/test-fast.sh	2026-09-13T22:17:20.6817353Z 
rust	Run RUSTUP_TOOLCHAIN=1.85.1 tools/test-fast.sh	2026-09-13T22:17:20.6817713Z ok
rust	Run RUSTUP_TOOLCHAIN=1.85.1 tools/test-fast.sh	2026-09-13T22:17:20.6818314Z test workload_source::tests::namespace_metadata_custody_is_exact ... ok
rust	Run RUSTUP_TOOLCHAIN=1.85.1 tools/test-fast.sh	2026-09-13T22:17:20.6819286Z test workload_source::v016_common::tests::fixture_ordinals_are_unique_and_inside_the_caps ... ok
rust	Run RUSTUP_TOOLCHAIN=1.85.1 tools/test-fast.sh	2026-09-13T22:17:20.6820541Z test workspace_sequence::tests::selection_is_bounded_and_nochange_needs_no_payload ... ok
rust	Run RUSTUP_TOOLCHAIN=1.85.1 tools/test-fast.sh	2026-09-13T22:17:20.6821227Z 
rust	Run RUSTUP_TOOLCHAIN=1.85.1 tools/test-fast.sh	2026-09-13T22:17:20.6822028Z test result: ok. 6 passed; 0 failed; 0 ignored; 0 measured; 26 filtered out; finished in 10.08s
rust	Run RUSTUP_TOOLCHAIN=1.85.1 tools/test-fast.sh	2026-09-13T22:17:20.6822847Z 
rust	Run RUSTUP_TOOLCHAIN=1.85.1 tools/test-fast.sh	2026-09-13T22:17:22.2962789Z === namespace_model-8e67f4755a098d49 (1.62s, status=0) ===
rust	Run RUSTUP_TOOLCHAIN=1.85.1 tools/test-fast.sh	2026-09-13T22:17:22.2963802Z 
rust	Run RUSTUP_TOOLCHAIN=1.85.1 tools/test-fast.sh	2026-09-13T22:17:22.2964115Z running 12 tests
rust	Run RUSTUP_TOOLCHAIN=1.85.1 tools/test-fast.sh	2026-09-13T22:17:22.2965039Z test deterministic_mixed_directory_edits_preserve_periodic_roots ... ok
rust	Run RUSTUP_TOOLCHAIN=1.85.1 tools/test-fast.sh	2026-09-13T22:17:22.2965882Z test directory_and_inode_child_ranges_must_not_overlap ... ok
rust	Run RUSTUP_TOOLCHAIN=1.85.1 tools/test-fast.sh	2026-09-13T22:17:22.2966797Z test directory_diff_merges_unequal_canonical_heights_without_collecting_entries ... ok
rust	Run RUSTUP_TOOLCHAIN=1.85.1 tools/test-fast.sh	2026-09-13T22:17:22.2967711Z test directory_diff_streams_valid_unmatched_prefixes_tails_and_renames ... ok
rust	Run RUSTUP_TOOLCHAIN=1.85.1 tools/test-fast.sh	2026-09-13T22:17:22.2968679Z test directory_lookup_cache_reuses_one_leaf_without_crossing_roots_or_name_gaps ... ok
rust	Run RUSTUP_TOOLCHAIN=1.85.1 tools/test-fast.sh	2026-09-13T22:17:22.2969681Z test directory_state_and_branch_summaries_are_authoritative ... ok
rust	Run RUSTUP_TOOLCHAIN=1.85.1 tools/test-fast.sh	2026-09-13T22:17:22.2970558Z test inode_branch_summary_and_occupancy_are_authoritative ... ok
rust	Run RUSTUP_TOOLCHAIN=1.85.1 tools/test-fast.sh	2026-09-13T22:17:22.2971444Z test inode_remove_merges_collapses_and_preserves_retained_root ... ok
rust	Run RUSTUP_TOOLCHAIN=1.85.1 tools/test-fast.sh	2026-09-13T22:17:22.2972509Z test level_two_ranges_use_true_leftmost_leaf_minimum ... ok
rust	Run RUSTUP_TOOLCHAIN=1.85.1 tools/test-fast.sh	2026-09-13T22:17:22.2973422Z test paired_persistent_diffs_prune_unchanged_directory_and_inode_subtrees ... ok
rust	Run RUSTUP_TOOLCHAIN=1.85.1 tools/test-fast.sh	2026-09-13T22:17:22.2974448Z test remove_and_rename_persist_only_reachable_directory_and_inode_nodes ... ok
rust	Run RUSTUP_TOOLCHAIN=1.85.1 tools/test-fast.sh	2026-09-13T22:17:22.2975239Z test remove_merge_root_collapse_and_rename_match_oracle ... ok
rust	Run RUSTUP_TOOLCHAIN=1.85.1 tools/test-fast.sh	2026-09-13T22:17:22.2975726Z 
rust	Run RUSTUP_TOOLCHAIN=1.85.1 tools/test-fast.sh	2026-09-13T22:17:22.2976223Z test result: ok. 12 passed; 0 failed; 0 ignored; 0 measured; 7 filtered out; finished in 1.61s
rust	Run RUSTUP_TOOLCHAIN=1.85.1 tools/test-fast.sh	2026-09-13T22:17:22.2976826Z 
rust	Run RUSTUP_TOOLCHAIN=1.85.1 tools/test-fast.sh	2026-09-13T22:17:23.6163856Z === layerfs_layerstack_store-897b0580473cc9c4 (1.32s, status=0) ===
rust	Run RUSTUP_TOOLCHAIN=1.85.1 tools/test-fast.sh	2026-09-13T22:17:23.6165083Z 
rust	Run RUSTUP_TOOLCHAIN=1.85.1 tools/test-fast.sh	2026-09-13T22:17:23.6165416Z running 12 tests
rust	Run RUSTUP_TOOLCHAIN=1.85.1 tools/test-fast.sh	2026-09-13T22:17:23.6166242Z test objects::metadata::fingerprint_tests::metadata_fingerprint_global_query_dedup_and_low_parameter_limit_bound_visits ... ok
rust	Run RUSTUP_TOOLCHAIN=1.85.1 tools/test-fast.sh	2026-09-13T22:17:23.6167386Z test objects::metadata::fingerprint_tests::metadata_fingerprint_matches_never_bypass_corrupt_or_missing_groups ... ok
rust	Run RUSTUP_TOOLCHAIN=1.85.1 tools/test-fast.sh	2026-09-13T22:17:23.6169434Z test objects::metadata::fingerprint_tests::metadata_fingerprint_real_duplicate_heavy_eviction_keeps_bounded_exact_window ... ok
rust	Run RUSTUP_TOOLCHAIN=1.85.1 tools/test-fast.sh	2026-09-13T22:17:23.6170650Z test objects::pack::zstandard::native_tests::native_encoder_reuses_bounded_scratch_without_retaining_prefixes ... ok
rust	Run RUSTUP_TOOLCHAIN=1.85.1 tools/test-fast.sh	2026-09-13T22:17:23.6171960Z test objects::read::native_tests::native_reader_empty_chunk_same_pack_and_cross_role ... ok
rust	Run RUSTUP_TOOLCHAIN=1.85.1 tools/test-fast.sh	2026-09-13T22:17:23.6172945Z test objects::read::native_tests::native_reader_legacy_full_root_and_delta_rejection ... ok
rust	Run RUSTUP_TOOLCHAIN=1.85.1 tools/test-fast.sh	2026-09-13T22:17:23.6173933Z test objects::read::native_tests::native_reader_missing_same_pack_and_wrong_identity_reject ... ok
rust	Run RUSTUP_TOOLCHAIN=1.85.1 tools/test-fast.sh	2026-09-13T22:17:23.6175044Z test objects::spill::scratch_tests::private_scratch_uses_the_requested_journal_policy ... ok
rust	Run RUSTUP_TOOLCHAIN=1.85.1 tools/test-fast.sh	2026-09-13T22:17:23.6175925Z test objects::tests::buffered_append_reader_scales_raw_reads_with_bytes_not_tiny_frames ... ok
rust	Run RUSTUP_TOOLCHAIN=1.85.1 tools/test-fast.sh	2026-09-13T22:17:23.6176864Z test objects::tests::consumer_batches_flushed_duplicate_checks_without_recounting ... ok
rust	Run RUSTUP_TOOLCHAIN=1.85.1 tools/test-fast.sh	2026-09-13T22:17:23.6177657Z test objects::tests::direct_admission_is_independent_of_segment_order ... ok
rust	Run RUSTUP_TOOLCHAIN=1.85.1 tools/test-fast.sh	2026-09-13T22:17:23.6178687Z test objects::whole::tests::whole_graph_depth_and_canonical_closure_are_enforced ... ok
rust	Run RUSTUP_TOOLCHAIN=1.85.1 tools/test-fast.sh	2026-09-13T22:17:23.6179262Z 
rust	Run RUSTUP_TOOLCHAIN=1.85.1 tools/test-fast.sh	2026-09-13T22:17:23.6179711Z test result: ok. 12 passed; 0 failed; 0 ignored; 0 measured; 147 filtered out; finished in 1.32s
rust	Run RUSTUP_TOOLCHAIN=1.85.1 tools/test-fast.sh	2026-09-13T22:17:23.6180207Z 
rust	Run RUSTUP_TOOLCHAIN=1.85.1 tools/test-fast.sh	2026-09-13T22:17:25.3834180Z === layerfs_layerstack_store-897b0580473cc9c4 (5.15s, status=0) ===
rust	Run RUSTUP_TOOLCHAIN=1.85.1 tools/test-fast.sh	2026-09-13T22:17:25.3852195Z 
rust	Run RUSTUP_TOOLCHAIN=1.85.1 tools/test-fast.sh	2026-09-13T22:17:25.3858395Z running 12 tests
rust	Run RUSTUP_TOOLCHAIN=1.85.1 tools/test-fast.sh	2026-09-13T22:17:25.3859489Z test ids::tests::ids_remain_typed_uuidv7_and_v2_domain_separated ... ok
rust	Run RUSTUP_TOOLCHAIN=1.85.1 tools/test-fast.sh	2026-09-13T22:17:25.3861083Z test objects::admission::native_tests::collision_comparison_preserves_the_physical_reserve_and_unique_operands ... ok
rust	Run RUSTUP_TOOLCHAIN=1.85.1 tools/test-fast.sh	2026-09-13T22:17:25.3863020Z test objects::admission::native_tests::native_admission_peak_reservations_reject_unowned_buffers ... ok
rust	Run RUSTUP_TOOLCHAIN=1.85.1 tools/test-fast.sh	2026-09-13T22:17:25.3865174Z test objects::admission::native_tests::small_candidate_tests::selected_small_candidate_compact_references_and_eviction ... ok
rust	Run RUSTUP_TOOLCHAIN=1.85.1 tools/test-fast.sh	2026-09-13T22:17:25.3866863Z test objects::admission::native_tests::small_candidate_tests::selected_small_candidate_fingerprint_bounds ... ok
rust	Run RUSTUP_TOOLCHAIN=1.85.1 tools/test-fast.sh	2026-09-13T22:17:25.3868396Z test objects::tests::init_cohorts_final_metadata_and_commit_failures_restore_baseline ... ok
rust	Run RUSTUP_TOOLCHAIN=1.85.1 tools/test-fast.sh	2026-09-13T22:17:25.3869391Z test objects::tests::spilled_candidate_visits_selected_objects_in_graph_order ... ok
rust	Run RUSTUP_TOOLCHAIN=1.85.1 tools/test-fast.sh	2026-09-13T22:17:25.3870425Z test schema::compatibility::native_format_reopens_writes_and_retains_mixed_dependency_reads ... ok
rust	Run RUSTUP_TOOLCHAIN=1.85.1 tools/test-fast.sh	2026-09-13T22:17:25.3871613Z test schema::compatibility::schema9_small_records_remain_nonpromoting_after_reopen ... ok
rust	Run RUSTUP_TOOLCHAIN=1.85.1 tools/test-fast.sh	2026-09-13T22:17:25.3872916Z test schema::compatibility::unsupported_versions_and_native_header_downgrade_reject_without_mutation ... ok
rust	Run RUSTUP_TOOLCHAIN=1.85.1 tools/test-fast.sh	2026-09-13T22:17:25.3874071Z test schema::tests::every_owned_connection_uses_the_frozen_runtime_pragmas ... ok
rust	Run RUSTUP_TOOLCHAIN=1.85.1 tools/test-fast.sh	2026-09-13T22:17:25.3874948Z test schema::tests::wal_store_is_rejected_without_mutation ... ok
rust	Run RUSTUP_TOOLCHAIN=1.85.1 tools/test-fast.sh	2026-09-13T22:17:25.3875491Z 
rust	Run RUSTUP_TOOLCHAIN=1.85.1 tools/test-fast.sh	2026-09-13T22:17:25.3875969Z test result: ok. 12 passed; 0 failed; 0 ignored; 0 measured; 147 filtered out; finished in 5.14s
rust	Run RUSTUP_TOOLCHAIN=1.85.1 tools/test-fast.sh	2026-09-13T22:17:25.3876688Z 
rust	Run RUSTUP_TOOLCHAIN=1.85.1 tools/test-fast.sh	2026-09-13T22:17:25.9516944Z === layerfs_layerstack_store-897b0580473cc9c4 (2.34s, status=0) ===
rust	Run RUSTUP_TOOLCHAIN=1.85.1 tools/test-fast.sh	2026-09-13T22:17:25.9601994Z 
rust	Run RUSTUP_TOOLCHAIN=1.85.1 tools/test-fast.sh	2026-09-13T22:17:25.9603156Z running 12 tests
rust	Run RUSTUP_TOOLCHAIN=1.85.1 tools/test-fast.sh	2026-09-13T22:17:25.9632470Z test layerstack::tests::legacy_append_only_zero_get_path_matches_every_canonical_object_class ... ok
rust	Run RUSTUP_TOOLCHAIN=1.85.1 tools/test-fast.sh	2026-09-13T22:17:25.9633744Z test layerstack::tests::legacy_composite_initialization_builds_the_final_root_without_worker_payload_reads ... ok
rust	Run RUSTUP_TOOLCHAIN=1.85.1 tools/test-fast.sh	2026-09-13T22:17:25.9662659Z test layerstack::tests::legacy_mixed_root_split_directory_preserves_inode_preorder ... ok
rust	Run RUSTUP_TOOLCHAIN=1.85.1 tools/test-fast.sh	2026-09-13T22:17:25.9692390Z test layerstack::tests::native_metadata_cache_is_exact_canonical_and_bounded ... ok
rust	Run RUSTUP_TOOLCHAIN=1.85.1 tools/test-fast.sh	2026-09-13T22:17:25.9722561Z test objects::admission::native_tests::failed_cleanup_quarantines_writes_and_keeps_preexisting_reads ... ok
rust	Run RUSTUP_TOOLCHAIN=1.85.1 tools/test-fast.sh	2026-09-13T22:17:25.9723845Z test objects::admission::native_tests::metadata_tests::metadata_and_ordinary_flushes_charge_only_live_upstream_capacities ... ok
rust	Run RUSTUP_TOOLCHAIN=1.85.1 tools/test-fast.sh	2026-09-13T22:17:25.9752494Z test objects::admission::native_tests::metadata_tests::metadata_batched_value_lookup_pages_and_sharing ... ok
rust	Run RUSTUP_TOOLCHAIN=1.85.1 tools/test-fast.sh	2026-09-13T22:17:25.9763342Z test objects::admission::native_tests::metadata_tests::metadata_retains_unpooled_reads_and_bounds_optional_pool_work ... ok
rust	Run RUSTUP_TOOLCHAIN=1.85.1 tools/test-fast.sh	2026-09-13T22:17:25.9764872Z test objects::admission::native_tests::small_candidate_tests::selected_small_candidate_reuse_late_cas_and_rollback ... ok
rust	Run RUSTUP_TOOLCHAIN=1.85.1 tools/test-fast.sh	2026-09-13T22:17:25.9766215Z test objects::comparison_reuse_tests::comparison_reuse_authenticates_storage_before_retaining_an_operand ... ok
rust	Run RUSTUP_TOOLCHAIN=1.85.1 tools/test-fast.sh	2026-09-13T22:17:25.9767333Z test objects::comparison_reuse_tests::comparison_reuse_reads_once_and_checks_every_occurrence_and_location ... ok
rust	Run RUSTUP_TOOLCHAIN=1.85.1 tools/test-fast.sh	2026-09-13T22:17:25.9768388Z test objects::tests::s1_inode_origin_survives_delivery_and_delta_origin_stays_full ... ok
rust	Run RUSTUP_TOOLCHAIN=1.85.1 tools/test-fast.sh	2026-09-13T22:17:25.9768990Z 
rust	Run RUSTUP_TOOLCHAIN=1.85.1 tools/test-fast.sh	2026-09-13T22:17:25.9769430Z test result: ok. 12 passed; 0 failed; 0 ignored; 0 measured; 147 filtered out; finished in 2.33s
rust	Run RUSTUP_TOOLCHAIN=1.85.1 tools/test-fast.sh	2026-09-13T22:17:25.9770268Z 
rust	Run RUSTUP_TOOLCHAIN=1.85.1 tools/test-fast.sh	2026-09-13T22:17:27.2769131Z === layerfs_layerstack_store-897b0580473cc9c4 (1.89s, status=0) ===
rust	Run RUSTUP_TOOLCHAIN=1.85.1 tools/test-fast.sh	2026-09-13T22:17:27.2786816Z 
rust	Run RUSTUP_TOOLCHAIN=1.85.1 tools/test-fast.sh	2026-09-13T22:17:27.2795522Z running 12 tests
rust	Run RUSTUP_TOOLCHAIN=1.85.1 tools/test-fast.sh	2026-09-13T22:17:27.2796654Z test layerstack::tests::legacy_compact_inode_path_matches_canonical_roots_at_every_directory_tier ... ok
rust	Run RUSTUP_TOOLCHAIN=1.85.1 tools/test-fast.sh	2026-09-13T22:17:27.2798360Z test layerstack::tests::parallel_root_import_and_cross_directory_hard_link_match_legacy ... ok
rust	Run RUSTUP_TOOLCHAIN=1.85.1 tools/test-fast.sh	2026-09-13T22:17:27.2799497Z test objects::admission::native_tests::compact_namespace_admission_and_reads_require_the_new_schema ... ok
rust	Run RUSTUP_TOOLCHAIN=1.85.1 tools/test-fast.sh	2026-09-13T22:17:27.2800996Z test objects::admission::native_tests::metadata_tests::metadata_pool_authenticates_unused_base_values ... ok
rust	Run RUSTUP_TOOLCHAIN=1.85.1 tools/test-fast.sh	2026-09-13T22:17:27.2802812Z test objects::admission::native_tests::ordinary_full_batch_preserves_physical_budget_without_small_signature_slots ... ok
rust	Run RUSTUP_TOOLCHAIN=1.85.1 tools/test-fast.sh	2026-09-13T22:17:27.2804363Z test objects::admission::native_tests::small_candidate_tests::finalized_writer_precomputes_small_candidate_signatures ... ok
rust	Run RUSTUP_TOOLCHAIN=1.85.1 tools/test-fast.sh	2026-09-13T22:17:27.2805799Z test objects::admission::native_tests::small_chain_tests::small_chain_depth_closure_integrity_and_exact_reuse ... ok
rust	Run RUSTUP_TOOLCHAIN=1.85.1 tools/test-fast.sh	2026-09-13T22:17:27.2807251Z test objects::comparison_reuse_tests::comparison_reuse_collision_rolls_back_pending_and_committed_private_batches ... ok
rust	Run RUSTUP_TOOLCHAIN=1.85.1 tools/test-fast.sh	2026-09-13T22:17:27.2808600Z test objects::tests::checked_owned_output_requires_complete_framing_and_identity ... ok
rust	Run RUSTUP_TOOLCHAIN=1.85.1 tools/test-fast.sh	2026-09-13T22:17:27.2810671Z test objects::tests::spilled_segment_streams_bounded_pages_once_and_unlinks ... ok
rust	Run RUSTUP_TOOLCHAIN=1.85.1 tools/test-fast.sh	2026-09-13T22:17:27.2812320Z test objects::whole::tests::whole_graph_authenticates_unused_bases_and_rejects_corrupt_slices ... ok
rust	Run RUSTUP_TOOLCHAIN=1.85.1 tools/test-fast.sh	2026-09-13T22:17:27.2813444Z test schema::compatibility::scoped_inode_reservations_are_durable_disjoint_and_never_recycled ... ok
rust	Run RUSTUP_TOOLCHAIN=1.85.1 tools/test-fast.sh	2026-09-13T22:17:27.2814224Z 
rust	Run RUSTUP_TOOLCHAIN=1.85.1 tools/test-fast.sh	2026-09-13T22:17:27.2814678Z test result: ok. 12 passed; 0 failed; 0 ignored; 0 measured; 147 filtered out; finished in 1.89s
rust	Run RUSTUP_TOOLCHAIN=1.85.1 tools/test-fast.sh	2026-09-13T22:17:27.2815422Z 
rust	Run RUSTUP_TOOLCHAIN=1.85.1 tools/test-fast.sh	2026-09-13T22:17:27.8332438Z === layerfs_layerstack_store-897b0580473cc9c4 (1.88s, status=0) ===
rust	Run RUSTUP_TOOLCHAIN=1.85.1 tools/test-fast.sh	2026-09-13T22:17:27.8349603Z 
rust	Run RUSTUP_TOOLCHAIN=1.85.1 tools/test-fast.sh	2026-09-13T22:17:27.8372626Z running 12 tests
rust	Run RUSTUP_TOOLCHAIN=1.85.1 tools/test-fast.sh	2026-09-13T22:17:27.8398005Z test layerstack::ingestion_tests::directory_and_fallback_import_encode_only_regular_payloads_and_reopen ... ok
rust	Run RUSTUP_TOOLCHAIN=1.85.1 tools/test-fast.sh	2026-09-13T22:17:27.8412583Z test layerstack::tests::legacy_mixed_root_hard_link_falls_back_before_publication ... ok
rust	Run RUSTUP_TOOLCHAIN=1.85.1 tools/test-fast.sh	2026-09-13T22:17:27.8442690Z test layerstack::tests::legacy_nested_frontier_isolates_large_files_and_keeps_unexpanded_subtrees_at_limits ... ok
rust	Run RUSTUP_TOOLCHAIN=1.85.1 tools/test-fast.sh	2026-09-13T22:17:27.8472476Z test layerstack::tests::nested_frontier_keeps_abundant_root_tasks_without_scanning_descendants ... ok
rust	Run RUSTUP_TOOLCHAIN=1.85.1 tools/test-fast.sh	2026-09-13T22:17:27.8502545Z test layerstack::tests::parallel_large_spill_matches_legacy_after_fresh_store_reopen ... ignored, large spill correctness gate
rust	Run RUSTUP_TOOLCHAIN=1.85.1 tools/test-fast.sh	2026-09-13T22:17:27.8504154Z test objects::admission::native_tests::metadata_tests::metadata_authenticates_unused_base_bytes_and_requires_dependencies ... ok
rust	Run RUSTUP_TOOLCHAIN=1.85.1 tools/test-fast.sh	2026-09-13T22:17:27.8532648Z test objects::diagnostic::tests::resumed_file_context_and_first_owner_survive_spill_without_metadata_promotion ... ok
rust	Run RUSTUP_TOOLCHAIN=1.85.1 tools/test-fast.sh	2026-09-13T22:17:27.8561868Z test objects::metadata::fingerprint_tests::pooled_metadata_delta_reconstructs_after_byte_and_group_cache_eviction ... ok
rust	Run RUSTUP_TOOLCHAIN=1.85.1 tools/test-fast.sh	2026-09-13T22:17:27.8563481Z test objects::metadata::tests::pool_work_allowance_is_per_chain_not_per_wave ... ok
rust	Run RUSTUP_TOOLCHAIN=1.85.1 tools/test-fast.sh	2026-09-13T22:17:27.8564587Z test objects::tests::empty_append_only_segment_finishes_without_a_read_pass ... ok
rust	Run RUSTUP_TOOLCHAIN=1.85.1 tools/test-fast.sh	2026-09-13T22:17:27.8565642Z test schema::compatibility::legacy_format_reads_authenticates_and_writes_without_promotion ... ok
rust	Run RUSTUP_TOOLCHAIN=1.85.1 tools/test-fast.sh	2026-09-13T22:17:27.8566854Z test staging::tests::publication_lost_ack_reopen_exact_context_and_bounded_history ... ok
rust	Run RUSTUP_TOOLCHAIN=1.85.1 tools/test-fast.sh	2026-09-13T22:17:27.8567478Z 
rust	Run RUSTUP_TOOLCHAIN=1.85.1 tools/test-fast.sh	2026-09-13T22:17:27.8568044Z test result: ok. 11 passed; 0 failed; 1 ignored; 0 measured; 147 filtered out; finished in 1.88s
rust	Run RUSTUP_TOOLCHAIN=1.85.1 tools/test-fast.sh	2026-09-13T22:17:27.8568714Z 
rust	Run RUSTUP_TOOLCHAIN=1.85.1 tools/test-fast.sh	2026-09-13T22:17:28.6633113Z === layerfs_layerstack_store-897b0580473cc9c4 (1.38s, status=0) ===
rust	Run RUSTUP_TOOLCHAIN=1.85.1 tools/test-fast.sh	2026-09-13T22:17:28.6652030Z 
rust	Run RUSTUP_TOOLCHAIN=1.85.1 tools/test-fast.sh	2026-09-13T22:17:28.6682559Z running 12 tests
rust	Run RUSTUP_TOOLCHAIN=1.85.1 tools/test-fast.sh	2026-09-13T22:17:28.6692433Z test layerstack::tests::benchmark_initialization_seed_is_exact_lower_hex ... ok
rust	Run RUSTUP_TOOLCHAIN=1.85.1 tools/test-fast.sh	2026-09-13T22:17:28.6722527Z test layerstack::tests::legacy_compact_inode_cross_task_hard_link_falls_back_before_admission ... ok
rust	Run RUSTUP_TOOLCHAIN=1.85.1 tools/test-fast.sh	2026-09-13T22:17:28.6723728Z test layerstack::tests::legacy_mixed_root_files_and_directories_use_direct_canonical_path ... ok
rust	Run RUSTUP_TOOLCHAIN=1.85.1 tools/test-fast.sh	2026-09-13T22:17:28.6724937Z test layerstack::tests::multi_batch_publication_failure_removes_admitted_objects ... ok
rust	Run RUSTUP_TOOLCHAIN=1.85.1 tools/test-fast.sh	2026-09-13T22:17:28.6726040Z test objects::admission::native_tests::admission_watermark_preserves_preexisting_counts_and_dependency_authentication ... ok
rust	Run RUSTUP_TOOLCHAIN=1.85.1 tools/test-fast.sh	2026-09-13T22:17:28.6727283Z test objects::admission::native_tests::native_admission_actual_prior_depth_first_hint_and_readback ... ok
rust	Run RUSTUP_TOOLCHAIN=1.85.1 tools/test-fast.sh	2026-09-13T22:17:28.6728674Z test objects::admission::native_tests::small_candidate_tests::selected_small_candidate_predecessor_full_wins_lazy_signature_reuse ... ok
rust	Run RUSTUP_TOOLCHAIN=1.85.1 tools/test-fast.sh	2026-09-13T22:17:28.6752241Z test objects::diagnostic::tests::duplicate_credit_and_sticky_gauges_are_not_additive_targets ... ok
rust	Run RUSTUP_TOOLCHAIN=1.85.1 tools/test-fast.sh	2026-09-13T22:17:28.6782339Z test objects::metadata::tests::one_chain_cannot_exceed_the_decoded_work_ceiling ... ok
rust	Run RUSTUP_TOOLCHAIN=1.85.1 tools/test-fast.sh	2026-09-13T22:17:28.6795161Z test objects::tests::compact_inode_pair_sidecar_is_bounded_forward_only_and_unlinked ... ok
rust	Run RUSTUP_TOOLCHAIN=1.85.1 tools/test-fast.sh	2026-09-13T22:17:28.6796562Z test objects::tests::segment_admission_deduplicates_after_a_batch_boundary ... ok
rust	Run RUSTUP_TOOLCHAIN=1.85.1 tools/test-fast.sh	2026-09-13T22:17:28.6797810Z test schema::verification_store_fault_boundary_is_one_shot ... ok
rust	Run RUSTUP_TOOLCHAIN=1.85.1 tools/test-fast.sh	2026-09-13T22:17:28.6798573Z 
rust	Run RUSTUP_TOOLCHAIN=1.85.1 tools/test-fast.sh	2026-09-13T22:17:28.6799214Z test result: ok. 12 passed; 0 failed; 0 ignored; 0 measured; 147 filtered out; finished in 1.38s
rust	Run RUSTUP_TOOLCHAIN=1.85.1 tools/test-fast.sh	2026-09-13T22:17:28.6801440Z 
rust	Run RUSTUP_TOOLCHAIN=1.85.1 tools/test-fast.sh	2026-09-13T22:17:29.0463083Z === layerfs_layerstack_store-897b0580473cc9c4 (1.21s, status=0) ===
rust	Run RUSTUP_TOOLCHAIN=1.85.1 tools/test-fast.sh	2026-09-13T22:17:29.0472072Z 
rust	Run RUSTUP_TOOLCHAIN=1.85.1 tools/test-fast.sh	2026-09-13T22:17:29.0502746Z running 12 tests
rust	Run RUSTUP_TOOLCHAIN=1.85.1 tools/test-fast.sh	2026-09-13T22:17:29.0532511Z test layerstack::tests::batched_directory_import_matches_legacy_canonical_root ... ok
rust	Run RUSTUP_TOOLCHAIN=1.85.1 tools/test-fast.sh	2026-09-13T22:17:29.0543007Z test layerstack::tests::batched_directory_import_retains_only_final_structure ... ok
rust	Run RUSTUP_TOOLCHAIN=1.85.1 tools/test-fast.sh	2026-09-13T22:17:29.0562603Z test layerstack::tests::empty_composite_admission_uses_no_object_point_selects ... ok
rust	Run RUSTUP_TOOLCHAIN=1.85.1 tools/test-fast.sh	2026-09-13T22:17:29.0592577Z test objects::admission::native_tests::failed_admission_reclaims_private_packs_and_preserves_waiting_owners_and_bases ... ok
rust	Run RUSTUP_TOOLCHAIN=1.85.1 tools/test-fast.sh	2026-09-13T22:17:29.0602752Z test objects::admission::native_tests::native_admission_late_races_compare_canonical_full_and_prefix ... ok
rust	Run RUSTUP_TOOLCHAIN=1.85.1 tools/test-fast.sh	2026-09-13T22:17:29.0632991Z test objects::admission::native_tests::small_candidate_tests::selected_small_candidate_original_tool_schema_pair ... ignored, uses the sealed original Git matcher fixture
rust	Run RUSTUP_TOOLCHAIN=1.85.1 tools/test-fast.sh	2026-09-13T22:17:29.0652988Z test objects::metadata::fingerprint_tests::metadata_fingerprint_reopen_tail_preserves_catalogue_checks_and_retained_authentication ... ignored, explicit production metadata-retention corruption proof
rust	Run RUSTUP_TOOLCHAIN=1.85.1 tools/test-fast.sh	2026-09-13T22:17:29.0682328Z test objects::read::native_tests::native_reader_maximum_owned_capacity_bound ... ok
rust	Run RUSTUP_TOOLCHAIN=1.85.1 tools/test-fast.sh	2026-09-13T22:17:29.0692790Z test objects::tests::complete_file_output_matches_reachability_selection_across_spill_and_tree_boundaries ... ok
rust	Run RUSTUP_TOOLCHAIN=1.85.1 tools/test-fast.sh	2026-09-13T22:17:29.0722525Z test objects::tests::owned_objects_do_not_overtake_earlier_source_demands_in_a_batch ... ok
rust	Run RUSTUP_TOOLCHAIN=1.85.1 tools/test-fast.sh	2026-09-13T22:17:29.0742491Z test objects::tests::partitioned_completed_files_share_direct_facts_and_keep_failures_private ... ok
rust	Run RUSTUP_TOOLCHAIN=1.85.1 tools/test-fast.sh	2026-09-13T22:17:29.0769300Z test workspace::tests::snapshot_cache_reads_only_requested_authenticated_objects_and_reuses_them ... ok
rust	Run RUSTUP_TOOLCHAIN=1.85.1 tools/test-fast.sh	2026-09-13T22:17:29.0770849Z 
rust	Run RUSTUP_TOOLCHAIN=1.85.1 tools/test-fast.sh	2026-09-13T22:17:29.0771265Z test result: ok. 10 passed; 0 failed; 2 ignored; 0 measured; 147 filtered out; finished in 1.21s
rust	Run RUSTUP_TOOLCHAIN=1.85.1 tools/test-fast.sh	2026-09-13T22:17:29.0771946Z 
rust	Run RUSTUP_TOOLCHAIN=1.85.1 tools/test-fast.sh	2026-09-13T22:17:31.4452900Z === layerfs_layerstack_store-897b0580473cc9c4 (2.78s, status=0) ===
rust	Run RUSTUP_TOOLCHAIN=1.85.1 tools/test-fast.sh	2026-09-13T22:17:31.4453507Z 
rust	Run RUSTUP_TOOLCHAIN=1.85.1 tools/test-fast.sh	2026-09-13T22:17:31.4453665Z running 12 tests
rust	Run RUSTUP_TOOLCHAIN=1.85.1 tools/test-fast.sh	2026-09-13T22:17:31.4454874Z test layerstack::tests::compact_inode_mutable_records_are_bounded_by_one_task ... ok
rust	Run RUSTUP_TOOLCHAIN=1.85.1 tools/test-fast.sh	2026-09-13T22:17:31.4455902Z test layerstack::tests::legacy_nested_frontier_with_only_empty_directories_needs_no_worker_tasks ... ok
rust	Run RUSTUP_TOOLCHAIN=1.85.1 tools/test-fast.sh	2026-09-13T22:17:31.4456988Z test objects::admission::native_tests::small_chain_tests::compact_framing_multiple_groups_and_authenticated_locator_failures ... ok
rust	Run RUSTUP_TOOLCHAIN=1.85.1 tools/test-fast.sh	2026-09-13T22:17:31.4458202Z test objects::admission::native_tests::unchanged_absence_proof_avoids_reprobe_but_intervening_publication_rechecks ... ok
rust	Run RUSTUP_TOOLCHAIN=1.85.1 tools/test-fast.sh	2026-09-13T22:17:31.4459410Z test objects::comparison_reuse_tests::comparison_reuse_bounds_resident_operands_and_eviction_keeps_exact_checks ... ok
rust	Run RUSTUP_TOOLCHAIN=1.85.1 tools/test-fast.sh	2026-09-13T22:17:31.4460682Z test objects::diagnostic::tests::actual_file_source_and_metadata_rope_have_distinct_diagnostic_provenance ... ok
rust	Run RUSTUP_TOOLCHAIN=1.85.1 tools/test-fast.sh	2026-09-13T22:17:31.4461939Z test objects::diagnostic::tests::spill_handoff_admission_and_pack_provenance_conserve_the_file_cohort ... ok
rust	Run RUSTUP_TOOLCHAIN=1.85.1 tools/test-fast.sh	2026-09-13T22:17:31.4462951Z test objects::metadata::tests::group_lookup_spacing_controls_the_miss_count ... ok
rust	Run RUSTUP_TOOLCHAIN=1.85.1 tools/test-fast.sh	2026-09-13T22:17:31.4463753Z test objects::tests::append_only_writer_rejects_and_counts_outer_gets ... ok
rust	Run RUSTUP_TOOLCHAIN=1.85.1 tools/test-fast.sh	2026-09-13T22:17:31.4466119Z test objects::tests::direct_admission_honors_every_frozen_count_boundary ... ok
rust	Run RUSTUP_TOOLCHAIN=1.85.1 tools/test-fast.sh	2026-09-13T22:17:31.4470530Z test objects::tests::parent_payload_copy_counter_has_a_positive_control ... ok
rust	Run RUSTUP_TOOLCHAIN=1.85.1 tools/test-fast.sh	2026-09-13T22:17:31.4471913Z test objects::tests::shared_admission_keeps_every_object_transaction_below_the_frozen_bounds ... ok
rust	Run RUSTUP_TOOLCHAIN=1.85.1 tools/test-fast.sh	2026-09-13T22:17:31.4472673Z 
rust	Run RUSTUP_TOOLCHAIN=1.85.1 tools/test-fast.sh	2026-09-13T22:17:31.4473160Z test result: ok. 12 passed; 0 failed; 0 ignored; 0 measured; 147 filtered out; finished in 2.78s
rust	Run RUSTUP_TOOLCHAIN=1.85.1 tools/test-fast.sh	2026-09-13T22:17:31.4473933Z 
rust	Run RUSTUP_TOOLCHAIN=1.85.1 tools/test-fast.sh	2026-09-13T22:17:32.5640341Z === layerfs_layerstack_store-897b0580473cc9c4 (1.12s, status=0) ===
rust	Run RUSTUP_TOOLCHAIN=1.85.1 tools/test-fast.sh	2026-09-13T22:17:32.5676579Z 
rust	Run RUSTUP_TOOLCHAIN=1.85.1 tools/test-fast.sh	2026-09-13T22:17:32.5703269Z running 12 tests
rust	Run RUSTUP_TOOLCHAIN=1.85.1 tools/test-fast.sh	2026-09-13T22:17:32.5724644Z test layerstack::tests::legacy_nested_frontier_splices_empty_ancestors_before_out_of_order_task_results ... ok
rust	Run RUSTUP_TOOLCHAIN=1.85.1 tools/test-fast.sh	2026-09-13T22:17:32.5725960Z test layerstack::tests::legacy_over_task_block_limit_falls_back_before_admission_and_reuses_store ... ok
rust	Run RUSTUP_TOOLCHAIN=1.85.1 tools/test-fast.sh	2026-09-13T22:17:32.5727771Z test objects::admission::native_tests::issue100_diagnostic::issue100_actual_family_predecessor_diagnostic ... ignored, uses immutable original ten-snapshot Git fixture; codec diagnostic only
rust	Run RUSTUP_TOOLCHAIN=1.85.1 tools/test-fast.sh	2026-09-13T22:17:32.5729399Z test objects::admission::native_tests::native_admission_batches_bound_output_and_stream_late_collision_waves ... ok
rust	Run RUSTUP_TOOLCHAIN=1.85.1 tools/test-fast.sh	2026-09-13T22:17:32.5730734Z test objects::admission::native_tests::small_content_upper_range_exact_cas_reuse ... ok
rust	Run RUSTUP_TOOLCHAIN=1.85.1 tools/test-fast.sh	2026-09-13T22:17:32.5732083Z test objects::diagnostic::tests::tags_and_role_partition_do_not_treat_metadata_as_file_payload ... ok
rust	Run RUSTUP_TOOLCHAIN=1.85.1 tools/test-fast.sh	2026-09-13T22:17:32.5733246Z test objects::pack::native_framing_tests::compact_small_framing_exact_reconstruction_and_rejection ... ok
rust	Run RUSTUP_TOOLCHAIN=1.85.1 tools/test-fast.sh	2026-09-13T22:17:32.5749923Z test objects::read::native_tests::native_reader_depth_budget_and_legacy_hint_separation ... ok
rust	Run RUSTUP_TOOLCHAIN=1.85.1 tools/test-fast.sh	2026-09-13T22:17:32.5750840Z test objects::tests::finished_candidate_payload_spill_is_private_read_only_and_authenticated ... ok
rust	Run RUSTUP_TOOLCHAIN=1.85.1 tools/test-fast.sh	2026-09-13T22:17:32.5751962Z test objects::tests::memory_segment_moves_owned_canonical_bytes ... ok
rust	Run RUSTUP_TOOLCHAIN=1.85.1 tools/test-fast.sh	2026-09-13T22:17:32.5752779Z test objects::whole::tests::whole_owner_prefix_slices_boundaries_and_exact_reads ... ok
rust	Run RUSTUP_TOOLCHAIN=1.85.1 tools/test-fast.sh	2026-09-13T22:17:32.5753654Z test staging::tests::publication_retains_failed_stage_retries_exactly_and_bounds_receipts ... ok
rust	Run RUSTUP_TOOLCHAIN=1.85.1 tools/test-fast.sh	2026-09-13T22:17:32.5754255Z 
rust	Run RUSTUP_TOOLCHAIN=1.85.1 tools/test-fast.sh	2026-09-13T22:17:32.5754623Z test result: ok. 11 passed; 0 failed; 1 ignored; 0 measured; 147 filtered out; finished in 1.12s
rust	Run RUSTUP_TOOLCHAIN=1.85.1 tools/test-fast.sh	2026-09-13T22:17:32.5755132Z 
rust	Run RUSTUP_TOOLCHAIN=1.85.1 tools/test-fast.sh	2026-09-13T22:17:33.0593302Z === layerfs_layerstack_store-897b0580473cc9c4 (4.01s, status=0) ===
rust	Run RUSTUP_TOOLCHAIN=1.85.1 tools/test-fast.sh	2026-09-13T22:17:33.0611852Z 
rust	Run RUSTUP_TOOLCHAIN=1.85.1 tools/test-fast.sh	2026-09-13T22:17:33.0622520Z running 12 tests
rust	Run RUSTUP_TOOLCHAIN=1.85.1 tools/test-fast.sh	2026-09-13T22:17:33.0652779Z test objects::admission::native_tests::metadata_cardinality_prepared_input_reservation_diagnostic ... ignored, explicit prepared metadata-cardinality input diagnostic
rust	Run RUSTUP_TOOLCHAIN=1.85.1 tools/test-fast.sh	2026-09-13T22:17:33.0654614Z test objects::admission::native_tests::metadata_tests::metadata_pool_catalogue_corruption_and_publication_rollback ... ok
rust	Run RUSTUP_TOOLCHAIN=1.85.1 tools/test-fast.sh	2026-09-13T22:17:33.0656160Z test objects::admission::native_tests::small_chain_tests::small_chain_schema8_nonpromoting_and_explicit_upgrade ... ok
rust	Run RUSTUP_TOOLCHAIN=1.85.1 tools/test-fast.sh	2026-09-13T22:17:33.0657382Z test objects::admission::native_tests::streaming_absence_proofs_advance_only_over_disjoint_owned_batches ... ok
rust	Run RUSTUP_TOOLCHAIN=1.85.1 tools/test-fast.sh	2026-09-13T22:17:33.0658543Z test objects::metadata::endpoint_tests::metadata_endpoint_work_is_bounded_on_product_sqlite ... ok
rust	Run RUSTUP_TOOLCHAIN=1.85.1 tools/test-fast.sh	2026-09-13T22:17:33.0692738Z test objects::metadata::fingerprint_tests::metadata_fingerprint_reopen_tail_matches_original_replay_and_bounds_payload_work ... ignored, explicit production metadata-retention history proof
rust	Run RUSTUP_TOOLCHAIN=1.85.1 tools/test-fast.sh	2026-09-13T22:17:33.0702592Z test objects::pack::zstandard::native_tests::native_static_fit_equivalence_and_strict_frames ... ok
rust	Run RUSTUP_TOOLCHAIN=1.85.1 tools/test-fast.sh	2026-09-13T22:17:33.0732472Z test objects::pack::zstandard::native_tests::native_static_workspace_exhaustion_is_resource_only ... ok
rust	Run RUSTUP_TOOLCHAIN=1.85.1 tools/test-fast.sh	2026-09-13T22:17:33.0742392Z test objects::tests::init_cohorts_bound_sql_commits_flush_empty_final_and_rollback_pending ... ok
rust	Run RUSTUP_TOOLCHAIN=1.85.1 tools/test-fast.sh	2026-09-13T22:17:33.0743304Z test objects::tests::owned_delivery_authenticates_fresh_spill_before_handoff ... ok
rust	Run RUSTUP_TOOLCHAIN=1.85.1 tools/test-fast.sh	2026-09-13T22:17:33.0744044Z test objects::tests::resumable_transfer_keeps_a_spill_writable ... ok
rust	Run RUSTUP_TOOLCHAIN=1.85.1 tools/test-fast.sh	2026-09-13T22:17:33.0744972Z test schema::tests::preflight_defers_foreign_key_scan_but_connect_and_upgrade_reject_without_mutation ... ok
rust	Run RUSTUP_TOOLCHAIN=1.85.1 tools/test-fast.sh	2026-09-13T22:17:33.0745575Z 
rust	Run RUSTUP_TOOLCHAIN=1.85.1 tools/test-fast.sh	2026-09-13T22:17:33.0746010Z test result: ok. 10 passed; 0 failed; 2 ignored; 0 measured; 147 filtered out; finished in 4.01s
rust	Run RUSTUP_TOOLCHAIN=1.85.1 tools/test-fast.sh	2026-09-13T22:17:33.0746476Z 
rust	Run RUSTUP_TOOLCHAIN=1.85.1 tools/test-fast.sh	2026-09-13T22:17:33.1535451Z === layerfs_workspace_core-661fb190eff94b59 (0.09s, status=0) ===
rust	Run RUSTUP_TOOLCHAIN=1.85.1 tools/test-fast.sh	2026-09-13T22:17:33.1537512Z 
rust	Run RUSTUP_TOOLCHAIN=1.85.1 tools/test-fast.sh	2026-09-13T22:17:33.1537864Z running 11 tests
rust	Run RUSTUP_TOOLCHAIN=1.85.1 tools/test-fast.sh	2026-09-13T22:17:33.1538564Z test backing::tests::old_range_retains_resource_after_live_tree_and_registry_drop ... ok
rust	Run RUSTUP_TOOLCHAIN=1.85.1 tools/test-fast.sh	2026-09-13T22:17:33.1539617Z test file_edit::tests::compact_splice_preserves_contents_ranges_and_conversion ... ok
rust	Run RUSTUP_TOOLCHAIN=1.85.1 tools/test-fast.sh	2026-09-13T22:17:33.1540554Z test file_edit::tests::compact_splice_retained_snapshot_survives_conversion ... ok
rust	Run RUSTUP_TOOLCHAIN=1.85.1 tools/test-fast.sh	2026-09-13T22:17:33.1541525Z test file_edit::tests::contiguous_spool_records_fit_workspace_budget_and_preserve_edit_limits ... ok
rust	Run RUSTUP_TOOLCHAIN=1.85.1 tools/test-fast.sh	2026-09-13T22:17:33.1542686Z test file_edit::tests::logical_allocation_charge_accepts_exact_and_rejects_plus_one ... ok
rust	Run RUSTUP_TOOLCHAIN=1.85.1 tools/test-fast.sh	2026-09-13T22:17:33.1543609Z test file_edit::tests::piece_cursor_retains_old_ranges_with_only_a_tree_path_resident ... ok
rust	Run RUSTUP_TOOLCHAIN=1.85.1 tools/test-fast.sh	2026-09-13T22:17:33.1544636Z test file_edit::tests::sequential_spool_appends_stay_inline_and_fragmented_writes_fall_back ... ok
rust	Run RUSTUP_TOOLCHAIN=1.85.1 tools/test-fast.sh	2026-09-13T22:17:33.1545618Z test limits::tests::spool_and_final_delta_limits_accept_exact_and_reject_plus_one ... ok
rust	Run RUSTUP_TOOLCHAIN=1.85.1 tools/test-fast.sh	2026-09-13T22:17:33.1546590Z test namespace::tests::resolved_create_revalidates_and_rejects_before_consuming_identity ... ok
rust	Run RUSTUP_TOOLCHAIN=1.85.1 tools/test-fast.sh	2026-09-13T22:17:33.1547904Z test tests::pins_reject_overflow_and_keep_unlinked_nodes_until_last_release ... ok
rust	Run RUSTUP_TOOLCHAIN=1.85.1 tools/test-fast.sh	2026-09-13T22:17:33.1548805Z test tests::reads_at_and_beyond_eof_are_empty_for_base_and_edited_files ... ok
rust	Run RUSTUP_TOOLCHAIN=1.85.1 tools/test-fast.sh	2026-09-13T22:17:33.1549355Z 
rust	Run RUSTUP_TOOLCHAIN=1.85.1 tools/test-fast.sh	2026-09-13T22:17:33.1549848Z test result: ok. 11 passed; 0 failed; 0 ignored; 0 measured; 11 filtered out; finished in 0.09s
rust	Run RUSTUP_TOOLCHAIN=1.85.1 tools/test-fast.sh	2026-09-13T22:17:33.1550473Z 
rust	Run RUSTUP_TOOLCHAIN=1.85.1 tools/test-fast.sh	2026-09-13T22:17:33.2435414Z === layerfs_workspace_core-661fb190eff94b59 (0.09s, status=0) ===
rust	Run RUSTUP_TOOLCHAIN=1.85.1 tools/test-fast.sh	2026-09-13T22:17:33.2452090Z 
rust	Run RUSTUP_TOOLCHAIN=1.85.1 tools/test-fast.sh	2026-09-13T22:17:33.2472602Z running 11 tests
rust	Run RUSTUP_TOOLCHAIN=1.85.1 tools/test-fast.sh	2026-09-13T22:17:33.2501029Z test file_edit::tests::compact_splice_admits_the_required_default_budget_file_count ... ok
rust	Run RUSTUP_TOOLCHAIN=1.85.1 tools/test-fast.sh	2026-09-13T22:17:33.2503106Z test file_edit::tests::compact_splice_rejects_non_matching_shapes ... ok
rust	Run RUSTUP_TOOLCHAIN=1.85.1 tools/test-fast.sh	2026-09-13T22:17:33.2504099Z test file_edit::tests::implicit_piece_tree_splices_without_rekeying_later_pieces ... ok
rust	Run RUSTUP_TOOLCHAIN=1.85.1 tools/test-fast.sh	2026-09-13T22:17:33.2505003Z test file_edit::tests::logical_zero_ceiling_is_exact_without_physical_allocation ... ok
rust	Run RUSTUP_TOOLCHAIN=1.85.1 tools/test-fast.sh	2026-09-13T22:17:33.2505904Z test file_edit::tests::maximum_fragmentation_remains_bounded_and_balanced ... ok
rust	Run RUSTUP_TOOLCHAIN=1.85.1 tools/test-fast.sh	2026-09-13T22:17:33.2506930Z test file_edit::tests::result_length_ceiling_accepts_exact_and_rejects_plus_one ... ok
rust	Run RUSTUP_TOOLCHAIN=1.85.1 tools/test-fast.sh	2026-09-13T22:17:33.2507992Z test limits::tests::overlay_capacity_checks_accept_exact_and_reject_plus_one ... ok
rust	Run RUSTUP_TOOLCHAIN=1.85.1 tools/test-fast.sh	2026-09-13T22:17:33.2508850Z test namespace::tests::directories_symlinks_and_acquired_aliases_use_the_same_live_nodes ... ok
rust	Run RUSTUP_TOOLCHAIN=1.85.1 tools/test-fast.sh	2026-09-13T22:17:33.2509765Z test tests::metadata_changes_share_aliases_and_reject_before_generation_overflow ... ok
rust	Run RUSTUP_TOOLCHAIN=1.85.1 tools/test-fast.sh	2026-09-13T22:17:33.2510678Z test tests::prepared_write_is_exact_once_and_unrelated_inode_metadata_can_progress ... ok
rust	Run RUSTUP_TOOLCHAIN=1.85.1 tools/test-fast.sh	2026-09-13T22:17:33.2511498Z test tests::truncate_preparation_preserves_exact_inode_ranges_and_edit_counter ... ok
rust	Run RUSTUP_TOOLCHAIN=1.85.1 tools/test-fast.sh	2026-09-13T22:17:33.2512070Z 
rust	Run RUSTUP_TOOLCHAIN=1.85.1 tools/test-fast.sh	2026-09-13T22:17:33.2512402Z test result: ok. 11 passed; 0 failed; 0 ignored; 0 measured; 11 filtered out; finished in 0.09s
rust	Run RUSTUP_TOOLCHAIN=1.85.1 tools/test-fast.sh	2026-09-13T22:17:33.2513100Z 
rust	Run RUSTUP_TOOLCHAIN=1.85.1 tools/test-fast.sh	2026-09-13T22:17:33.8336625Z === layerfs_layerstack_store-897b0580473cc9c4 (1.27s, status=0) ===
rust	Run RUSTUP_TOOLCHAIN=1.85.1 tools/test-fast.sh	2026-09-13T22:17:33.8352328Z 
rust	Run RUSTUP_TOOLCHAIN=1.85.1 tools/test-fast.sh	2026-09-13T22:17:33.8372768Z running 12 tests
rust	Run RUSTUP_TOOLCHAIN=1.85.1 tools/test-fast.sh	2026-09-13T22:17:33.8401550Z test layerstack::tests::late_direct_initialization_failure_publishes_nothing ... ok
rust	Run RUSTUP_TOOLCHAIN=1.85.1 tools/test-fast.sh	2026-09-13T22:17:33.8403394Z test objects::admission::native_tests::issue100_identical_base_git_matcher ... ignored, fixed external Git2.47.1 programs, identical original fixture pairs
rust	Run RUSTUP_TOOLCHAIN=1.85.1 tools/test-fast.sh	2026-09-13T22:17:33.8405238Z test objects::admission::native_tests::locator_publication_is_sorted_without_changing_native_pack_bytes ... ok
rust	Run RUSTUP_TOOLCHAIN=1.85.1 tools/test-fast.sh	2026-09-13T22:17:33.8406533Z test objects::admission::native_tests::metadata_tests::metadata_chain_limits_reopen_and_exact_cas ... ok
rust	Run RUSTUP_TOOLCHAIN=1.85.1 tools/test-fast.sh	2026-09-13T22:17:33.8407849Z test objects::admission::native_tests::metadata_tests::metadata_values_share_across_prepared_packs_and_reopen ... ok
rust	Run RUSTUP_TOOLCHAIN=1.85.1 tools/test-fast.sh	2026-09-13T22:17:33.8409650Z test objects::admission::native_tests::small_candidate_tests::selected_small_candidate_retained_handoff_rollback_and_cold_reopen ... ok
rust	Run RUSTUP_TOOLCHAIN=1.85.1 tools/test-fast.sh	2026-09-13T22:17:33.8411248Z test objects::ingestion_tests::file_provenance_is_scoped_and_restored_before_metadata_and_after_failure ... ok
rust	Run RUSTUP_TOOLCHAIN=1.85.1 tools/test-fast.sh	2026-09-13T22:17:33.8413025Z test objects::pack::native_framing_tests::native_grammar_ranges_and_legacy_dispatch ... ok
rust	Run RUSTUP_TOOLCHAIN=1.85.1 tools/test-fast.sh	2026-09-13T22:17:33.8414126Z test objects::tests::mixed_batch_reports_callback_and_identity_failures_after_the_source_call ... ok
rust	Run RUSTUP_TOOLCHAIN=1.85.1 tools/test-fast.sh	2026-09-13T22:17:33.8415346Z test objects::tests::prevalidated_transfer_seals_a_nonempty_spill_tail ... ok
rust	Run RUSTUP_TOOLCHAIN=1.85.1 tools/test-fast.sh	2026-09-13T22:17:33.8416405Z test objects::tests::workspace_cohorts_flush_for_staging_and_rollback_pending_and_committed_objects ... ok
rust	Run RUSTUP_TOOLCHAIN=1.85.1 tools/test-fast.sh	2026-09-13T22:17:33.8417525Z test telemetry::tests::edit_diagnostics_are_separate_from_the_legacy_commit_receipt ... ok
rust	Run RUSTUP_TOOLCHAIN=1.85.1 tools/test-fast.sh	2026-09-13T22:17:33.8418328Z 
rust	Run RUSTUP_TOOLCHAIN=1.85.1 tools/test-fast.sh	2026-09-13T22:17:33.8418746Z test result: ok. 11 passed; 0 failed; 1 ignored; 0 measured; 147 filtered out; finished in 1.26s
rust	Run RUSTUP_TOOLCHAIN=1.85.1 tools/test-fast.sh	2026-09-13T22:17:33.8419464Z 
rust	Run RUSTUP_TOOLCHAIN=1.85.1 tools/test-fast.sh	2026-09-13T22:17:34.5143792Z === fs_benchmark_pro-0b5f4f430d894eec (19.24s, status=0) ===
rust	Run RUSTUP_TOOLCHAIN=1.85.1 tools/test-fast.sh	2026-09-13T22:17:34.5145075Z 
rust	Run RUSTUP_TOOLCHAIN=1.85.1 tools/test-fast.sh	2026-09-13T22:17:34.5145301Z running 12 tests
rust	Run RUSTUP_TOOLCHAIN=1.85.1 tools/test-fast.sh	2026-09-13T22:17:34.5146235Z test tests::bounded_rss_observation_retains_first_and_latest_without_aborting ... ok
rust	Run RUSTUP_TOOLCHAIN=1.85.1 tools/test-fast.sh	2026-09-13T22:17:34.5147096Z test tests::sdk_edit_child_guard_reaps_on_early_return ... ok
rust	Run RUSTUP_TOOLCHAIN=1.85.1 tools/test-fast.sh	2026-09-13T22:17:34.5147935Z test tests::sdk_edit_family_registries_are_exact ... ok
rust	Run RUSTUP_TOOLCHAIN=1.85.1 tools/test-fast.sh	2026-09-13T22:17:34.5148727Z test tests::sdk_edit_sampling_rejects_missing_boundaries_and_uncalibrated_clocks ... ok
rust	Run RUSTUP_TOOLCHAIN=1.85.1 tools/test-fast.sh	2026-09-13T22:17:34.5149937Z test workload_source::dedup_branch_history::checkpoint_tests::flat_history_oracle_matches_small_recipe_and_handles_deep_rewrites ... ok
rust	Run RUSTUP_TOOLCHAIN=1.85.1 tools/test-fast.sh	2026-09-13T22:17:34.5151069Z test workload_source::file_size_transition::tests::boundary_contract ... ok
rust	Run RUSTUP_TOOLCHAIN=1.85.1 tools/test-fast.sh	2026-09-13T22:17:34.5152041Z test workload_source::namespace_mutation::tests::mixed_v4_contract ... ok
rust	Run RUSTUP_TOOLCHAIN=1.85.1 tools/test-fast.sh	2026-09-13T22:17:34.5153103Z test workload_source::reliability_workloads::open_handle_oracle_rejects_wrong_or_extra_bytes ... ok
rust	Run RUSTUP_TOOLCHAIN=1.85.1 tools/test-fast.sh	2026-09-13T22:17:34.5154194Z test workload_source::reliability_workloads::sustained_handoff_detects_peer_exit_and_progress_timeout ... ok
rust	Run RUSTUP_TOOLCHAIN=1.85.1 tools/test-fast.sh	2026-09-13T22:17:34.5155300Z test workload_source::v016_common::tests::v016_contract ... ok
rust	Run RUSTUP_TOOLCHAIN=1.85.1 tools/test-fast.sh	2026-09-13T22:17:34.5156220Z test workspace_bench::product_budget_tests::live_watchdog_stops_at_remaining_cumulative_budget ... ok
rust	Run RUSTUP_TOOLCHAIN=1.85.1 tools/test-fast.sh	2026-09-13T22:17:34.5157396Z test workspace_verify::sampled_tests::bounded_workspace_samples_match_recipes_and_reject_observed_corruption ... ok
rust	Run RUSTUP_TOOLCHAIN=1.85.1 tools/test-fast.sh	2026-09-13T22:17:34.5158151Z 
rust	Run RUSTUP_TOOLCHAIN=1.85.1 tools/test-fast.sh	2026-09-13T22:17:34.5158647Z test result: ok. 12 passed; 0 failed; 0 ignored; 0 measured; 20 filtered out; finished in 19.23s
rust	Run RUSTUP_TOOLCHAIN=1.85.1 tools/test-fast.sh	2026-09-13T22:17:34.5159280Z 
rust	Run RUSTUP_TOOLCHAIN=1.85.1 tools/test-fast.sh	2026-09-13T22:17:35.1705910Z === layerfs_workspace-a1b948c3b9635390 (0.66s, status=0) ===
rust	Run RUSTUP_TOOLCHAIN=1.85.1 tools/test-fast.sh	2026-09-13T22:17:35.1706942Z 
rust	Run RUSTUP_TOOLCHAIN=1.85.1 tools/test-fast.sh	2026-09-13T22:17:35.1707233Z running 12 tests
rust	Run RUSTUP_TOOLCHAIN=1.85.1 tools/test-fast.sh	2026-09-13T22:17:35.1708037Z test changes::tests::file_result_journals_restore_reverse_completion_and_reject_missing_slots ... ok
rust	Run RUSTUP_TOOLCHAIN=1.85.1 tools/test-fast.sh	2026-09-13T22:17:35.1709245Z test changes::tests::structural_frontier_keeps_unrelated_namespace_out_of_budget ... ok
rust	Run RUSTUP_TOOLCHAIN=1.85.1 tools/test-fast.sh	2026-09-13T22:17:35.1710263Z test changes::tests::tiered_spill_resolution_matches_the_model_for_every_key_order ... ok
rust	Run RUSTUP_TOOLCHAIN=1.85.1 tools/test-fast.sh	2026-09-13T22:17:35.1711295Z test cow_tree::tests::spool_write_metrics_are_aggregate_and_reset ... ok
rust	Run RUSTUP_TOOLCHAIN=1.85.1 tools/test-fast.sh	2026-09-13T22:17:35.1712283Z test daemon::tests::tcp_daemon_container_id_is_exact_and_bounded ... ok
rust	Run RUSTUP_TOOLCHAIN=1.85.1 tools/test-fast.sh	2026-09-13T22:17:35.1713320Z test file_io::tests::issue116_splice_shape_charge_probe ... ignored, issue116 phase-1 capacity probe
rust	Run RUSTUP_TOOLCHAIN=1.85.1 tools/test-fast.sh	2026-09-13T22:17:35.1714515Z test lifecycle::tests::partial_checkpoint_retry_preserves_identity_aliases_and_pinned_spools ... ok
rust	Run RUSTUP_TOOLCHAIN=1.85.1 tools/test-fast.sh	2026-09-13T22:17:35.1715622Z test lifecycle::tests::refreshed_workspace_keeps_held_segment_charge_until_read_finishes ... ok
rust	Run RUSTUP_TOOLCHAIN=1.85.1 tools/test-fast.sh	2026-09-13T22:17:35.1716699Z test overlay::tests::failed_preparation_never_installs_partial_state ... ok
rust	Run RUSTUP_TOOLCHAIN=1.85.1 tools/test-fast.sh	2026-09-13T22:17:35.1717732Z test overlay_index::tests::disk_owned_links_and_payload_tokens_survive_root_drop_and_failed_reclaim ... ok
rust	Run RUSTUP_TOOLCHAIN=1.85.1 tools/test-fast.sh	2026-09-13T22:17:35.1718870Z test overlay_index::tests::root_admission_and_foreign_roots_fail_before_installation ... ok
rust	Run RUSTUP_TOOLCHAIN=1.85.1 tools/test-fast.sh	2026-09-13T22:17:35.1719980Z test overlay_ranges::tests::logical_inline_charge_survives_payload_backing_and_splits ... ok
rust	Run RUSTUP_TOOLCHAIN=1.85.1 tools/test-fast.sh	2026-09-13T22:17:35.1720607Z 
rust	Run RUSTUP_TOOLCHAIN=1.85.1 tools/test-fast.sh	2026-09-13T22:17:35.1721168Z test result: ok. 11 passed; 0 failed; 1 ignored; 0 measured; 131 filtered out; finished in 0.65s
rust	Run RUSTUP_TOOLCHAIN=1.85.1 tools/test-fast.sh	2026-09-13T22:17:35.1721890Z 
rust	Run RUSTUP_TOOLCHAIN=1.85.1 tools/test-fast.sh	2026-09-13T22:17:35.5255545Z === layerfs_workspace-a1b948c3b9635390 (1.69s, status=0) ===
rust	Run RUSTUP_TOOLCHAIN=1.85.1 tools/test-fast.sh	2026-09-13T22:17:35.5272992Z 
rust	Run RUSTUP_TOOLCHAIN=1.85.1 tools/test-fast.sh	2026-09-13T22:17:35.5292820Z running 12 tests
rust	Run RUSTUP_TOOLCHAIN=1.85.1 tools/test-fast.sh	2026-09-13T22:17:35.5322728Z test changes::tests::clean_workspace_commit_is_immediately_up_to_date ... ok
rust	Run RUSTUP_TOOLCHAIN=1.85.1 tools/test-fast.sh	2026-09-13T22:17:35.5333911Z test changes::tests::final_records_match_in_memory_spill_and_small_budget_builders ... ok
rust	Run RUSTUP_TOOLCHAIN=1.85.1 tools/test-fast.sh	2026-09-13T22:17:35.5335841Z test changes::tests::parallel_predecessor_plan_keeps_correspondence_and_native_prefixes ... ok
rust	Run RUSTUP_TOOLCHAIN=1.85.1 tools/test-fast.sh	2026-09-13T22:17:35.5336755Z test cow_tree::tests::failed_spool_io_does_not_advance_the_overlay ... ok
rust	Run RUSTUP_TOOLCHAIN=1.85.1 tools/test-fast.sh	2026-09-13T22:17:35.5340384Z test file_io::tests::shared_segments_keep_interleaved_rollback_reads_and_open_unlinked_lifetime ... ok
rust	Run RUSTUP_TOOLCHAIN=1.85.1 tools/test-fast.sh	2026-09-13T22:17:35.5341280Z test lifecycle::tests::callback_and_execution_reject_owner_edit_without_state_change ... ok
rust	Run RUSTUP_TOOLCHAIN=1.85.1 tools/test-fast.sh	2026-09-13T22:17:35.5342171Z test lifecycle::tests::owner_drop_discards_only_its_workspace_without_branch_exclusion ... ok
rust	Run RUSTUP_TOOLCHAIN=1.85.1 tools/test-fast.sh	2026-09-13T22:17:35.5342932Z test overlay::tests::cached_base_identity_and_alias_indexes_do_not_create_dirty_history ... ok
rust	Run RUSTUP_TOOLCHAIN=1.85.1 tools/test-fast.sh	2026-09-13T22:17:35.5343811Z test overlay_budget::tests::two_workspaces_share_aggregate_reservation_and_failed_op_does_not_leak ... ok
rust	Run RUSTUP_TOOLCHAIN=1.85.1 tools/test-fast.sh	2026-09-13T22:17:35.5344744Z test overlay_index::tests::retained_roots_split_merge_seek_and_release_without_resident_page_graph ... ok
rust	Run RUSTUP_TOOLCHAIN=1.85.1 tools/test-fast.sh	2026-09-13T22:17:35.5345557Z test overlay_ranges::tests::exact_zero_limit_and_cached_backing_aggregates_survive_disk_restore ... ok
rust	Run RUSTUP_TOOLCHAIN=1.85.1 tools/test-fast.sh	2026-09-13T22:17:35.5346207Z test projection::tests::failed_publish_removes_the_complete_stage ... ok
rust	Run RUSTUP_TOOLCHAIN=1.85.1 tools/test-fast.sh	2026-09-13T22:17:35.5346616Z 
rust	Run RUSTUP_TOOLCHAIN=1.85.1 tools/test-fast.sh	2026-09-13T22:17:35.5346928Z test result: ok. 12 passed; 0 failed; 0 ignored; 0 measured; 131 filtered out; finished in 1.69s
rust	Run RUSTUP_TOOLCHAIN=1.85.1 tools/test-fast.sh	2026-09-13T22:17:35.5347579Z 
rust	Run RUSTUP_TOOLCHAIN=1.85.1 tools/test-fast.sh	2026-09-13T22:17:38.2433184Z === layerfs_workspace-a1b948c3b9635390 (5.00s, status=101) ===
rust	Run RUSTUP_TOOLCHAIN=1.85.1 tools/test-fast.sh	2026-09-13T22:17:38.2461857Z 
rust	Run RUSTUP_TOOLCHAIN=1.85.1 tools/test-fast.sh	2026-09-13T22:17:38.2492761Z running 12 tests
rust	Run RUSTUP_TOOLCHAIN=1.85.1 tools/test-fast.sh	2026-09-13T22:17:38.2500910Z test changes::tests::checkpoint_checks_final_references_and_preserves_payload_limit ... ok
rust	Run RUSTUP_TOOLCHAIN=1.85.1 tools/test-fast.sh	2026-09-13T22:17:38.2508848Z test changes::tests::coalesced_spill_keeps_tombstones_and_reference_updates_across_merge_failure ... ok
rust	Run RUSTUP_TOOLCHAIN=1.85.1 tools/test-fast.sh	2026-09-13T22:17:38.2509803Z test changes::tests::dirty_checkpoint_keeps_rejected_edit_accounting_and_unseen_pinned_alias ... ok
rust	Run RUSTUP_TOOLCHAIN=1.85.1 tools/test-fast.sh	2026-09-13T22:17:38.2510904Z test changes::tests::new_complete_file_streams_without_private_spill_and_preserves_history ... ok
rust	Run RUSTUP_TOOLCHAIN=1.85.1 tools/test-fast.sh	2026-09-13T22:17:38.2512167Z test cow_tree::tests::resolution_fingerprint_ignores_unrelated_paths_and_tracks_affected_state ... ok
rust	Run RUSTUP_TOOLCHAIN=1.85.1 tools/test-fast.sh	2026-09-13T22:17:38.2513025Z test execution::tests::container_execution_starts_without_a_ready_handshake ... ok
rust	Run RUSTUP_TOOLCHAIN=1.85.1 tools/test-fast.sh	2026-09-13T22:17:38.2513968Z test host_directories::tests::cold_directory_cookies_survive_partial_pages_removal_and_bounded_churn ... ok
rust	Run RUSTUP_TOOLCHAIN=1.85.1 tools/test-fast.sh	2026-09-13T22:17:38.2514842Z test lifecycle::tests::published_install_failure_recovers_without_second_commit ... ok
rust	Run RUSTUP_TOOLCHAIN=1.85.1 tools/test-fast.sh	2026-09-13T22:17:38.2515701Z test overlay::tests::fixed_inode_metadata_and_linked_ranges_remain_owned_after_live_drop ... FAILED
rust	Run RUSTUP_TOOLCHAIN=1.85.1 tools/test-fast.sh	2026-09-13T22:17:38.2516649Z test overlay_index::tests::explicit_sync_flushes_data_and_catalog_and_preserves_root_ownership ... ok
rust	Run RUSTUP_TOOLCHAIN=1.85.1 tools/test-fast.sh	2026-09-13T22:17:38.2517493Z test overlay_index::tests::uncertain_ownership_write_readback_cannot_leak_a_child_reference ... ok
rust	Run RUSTUP_TOOLCHAIN=1.85.1 tools/test-fast.sh	2026-09-13T22:17:38.2518414Z test overlay_ranges::tests::repeated_snapshot_reads_allocate_no_per_buffer_payload_owners ... ok
rust	Run RUSTUP_TOOLCHAIN=1.85.1 tools/test-fast.sh	2026-09-13T22:17:38.2518873Z 
rust	Run RUSTUP_TOOLCHAIN=1.85.1 tools/test-fast.sh	2026-09-13T22:17:38.2519041Z failures:
rust	Run RUSTUP_TOOLCHAIN=1.85.1 tools/test-fast.sh	2026-09-13T22:17:38.2519215Z 
rust	Run RUSTUP_TOOLCHAIN=1.85.1 tools/test-fast.sh	2026-09-13T22:17:38.2519651Z ---- overlay::tests::fixed_inode_metadata_and_linked_ranges_remain_owned_after_live_drop stdout ----
rust	Run RUSTUP_TOOLCHAIN=1.85.1 tools/test-fast.sh	2026-09-13T22:17:38.2520205Z 
rust	Run RUSTUP_TOOLCHAIN=1.85.1 tools/test-fast.sh	2026-09-13T22:17:38.2520819Z thread 'overlay::tests::fixed_inode_metadata_and_linked_ranges_remain_owned_after_live_drop' panicked at crates/layerfs-workspace/src/overlay.rs:986:14:
rust	Run RUSTUP_TOOLCHAIN=1.85.1 tools/test-fast.sh	2026-09-13T22:17:38.2522315Z called `Result::unwrap()` on an `Err` value: Io(Custom { kind: InvalidData, error: "missing range aggregate" })
rust	Run RUSTUP_TOOLCHAIN=1.85.1 tools/test-fast.sh	2026-09-13T22:17:38.2523283Z note: run with `RUST_BACKTRACE=1` environment variable to display a backtrace
rust	Run RUSTUP_TOOLCHAIN=1.85.1 tools/test-fast.sh	2026-09-13T22:17:38.2523669Z 
rust	Run RUSTUP_TOOLCHAIN=1.85.1 tools/test-fast.sh	2026-09-13T22:17:38.2523676Z 
rust	Run RUSTUP_TOOLCHAIN=1.85.1 tools/test-fast.sh	2026-09-13T22:17:38.2523838Z failures:
rust	Run RUSTUP_TOOLCHAIN=1.85.1 tools/test-fast.sh	2026-09-13T22:17:38.2524380Z     overlay::tests::fixed_inode_metadata_and_linked_ranges_remain_owned_after_live_drop
rust	Run RUSTUP_TOOLCHAIN=1.85.1 tools/test-fast.sh	2026-09-13T22:17:38.2524854Z 
rust	Run RUSTUP_TOOLCHAIN=1.85.1 tools/test-fast.sh	2026-09-13T22:17:38.2525193Z test result: FAILED. 11 passed; 1 failed; 0 ignored; 0 measured; 131 filtered out; finished in 5.00s
rust	Run RUSTUP_TOOLCHAIN=1.85.1 tools/test-fast.sh	2026-09-13T22:17:38.2525675Z 
rust	Run RUSTUP_TOOLCHAIN=1.85.1 tools/test-fast.sh	2026-09-13T22:17:38.7356956Z === layerfs_workspace-a1b948c3b9635390 (3.56s, status=0) ===
rust	Run RUSTUP_TOOLCHAIN=1.85.1 tools/test-fast.sh	2026-09-13T22:17:38.7358180Z 
rust	Run RUSTUP_TOOLCHAIN=1.85.1 tools/test-fast.sh	2026-09-13T22:17:38.7358502Z running 12 tests
rust	Run RUSTUP_TOOLCHAIN=1.85.1 tools/test-fast.sh	2026-09-13T22:17:38.7359623Z test changes::tests::detached_changed_inputs_preserve_cut_without_a_live_workspace ... ok
rust	Run RUSTUP_TOOLCHAIN=1.85.1 tools/test-fast.sh	2026-09-13T22:17:38.7360857Z test changes::tests::preview_stays_private_and_streamed_commit_has_the_same_root ... ok
rust	Run RUSTUP_TOOLCHAIN=1.85.1 tools/test-fast.sh	2026-09-13T22:17:38.7362533Z test changes::tests::production_budget_spill_boundaries_stay_bounded ... ignored, production-budget spill proof; select explicitly
rust	Run RUSTUP_TOOLCHAIN=1.85.1 tools/test-fast.sh	2026-09-13T22:17:38.7364001Z test correspondence::tests::descriptor_validation_quota_and_origin_exhaustion_preserve_old_inputs ... ok
rust	Run RUSTUP_TOOLCHAIN=1.85.1 tools/test-fast.sh	2026-09-13T22:17:38.7365930Z test file_io::tests::backing_service_appends_only_its_exact_reserved_range_without_live_state ... ok
rust	Run RUSTUP_TOOLCHAIN=1.85.1 tools/test-fast.sh	2026-09-13T22:17:38.7367145Z test file_io::tests::physical_spool_peak_survives_short_append_reclaim_and_discard ... ok
rust	Run RUSTUP_TOOLCHAIN=1.85.1 tools/test-fast.sh	2026-09-13T22:17:38.7368438Z test host_operations::tests::lost_replies_bind_exact_requests_and_keep_kernel_owned_orphans_readable ... ok
rust	Run RUSTUP_TOOLCHAIN=1.85.1 tools/test-fast.sh	2026-09-13T22:17:38.7369999Z test live_backing::tests::backing_batch_chunked_fact_failures_remain_unpublished_until_complete ... ok
rust	Run RUSTUP_TOOLCHAIN=1.85.1 tools/test-fast.sh	2026-09-13T22:17:38.7371282Z test overlay::tests::owned_snapshot_outlives_live_owner_and_acquires_without_index_io ... ok
rust	Run RUSTUP_TOOLCHAIN=1.85.1 tools/test-fast.sh	2026-09-13T22:17:38.7372816Z test overlay_index::tests::failed_copy_verification_and_truncation_preserve_source_and_charges ... ok
rust	Run RUSTUP_TOOLCHAIN=1.85.1 tools/test-fast.sh	2026-09-13T22:17:38.7374077Z test overlay_index::tests::uncertain_read_lease_and_cleanup_retry_keep_the_source_owned ... ok
rust	Run RUSTUP_TOOLCHAIN=1.85.1 tools/test-fast.sh	2026-09-13T22:17:38.7375270Z test overlay_ranges::tests::thousand_piece_small_edit_and_read_follow_paths_without_suffix_rekey ... ok
rust	Run RUSTUP_TOOLCHAIN=1.85.1 tools/test-fast.sh	2026-09-13T22:17:38.7376121Z 
rust	Run RUSTUP_TOOLCHAIN=1.85.1 tools/test-fast.sh	2026-09-13T22:17:38.7376749Z test result: ok. 11 passed; 0 failed; 1 ignored; 0 measured; 131 filtered out; finished in 3.56s
rust	Run RUSTUP_TOOLCHAIN=1.85.1 tools/test-fast.sh	2026-09-13T22:17:38.7377440Z 
rust	Run RUSTUP_TOOLCHAIN=1.85.1 tools/test-fast.sh	2026-09-13T22:17:39.6773033Z === layerfs_workspace-a1b948c3b9635390 (4.15s, status=0) ===
rust	Run RUSTUP_TOOLCHAIN=1.85.1 tools/test-fast.sh	2026-09-13T22:17:39.6774489Z 
rust	Run RUSTUP_TOOLCHAIN=1.85.1 tools/test-fast.sh	2026-09-13T22:17:39.6774850Z running 12 tests
rust	Run RUSTUP_TOOLCHAIN=1.85.1 tools/test-fast.sh	2026-09-13T22:17:39.6775643Z test changes::tests::owner_prepend_scans_only_replacement_and_retains_every_base_payload ... ok
rust	Run RUSTUP_TOOLCHAIN=1.85.1 tools/test-fast.sh	2026-09-13T22:17:39.6776813Z test changes::tests::tiered_spill_traffic_is_logarithmic_and_below_the_quadratic_control ... ok
rust	Run RUSTUP_TOOLCHAIN=1.85.1 tools/test-fast.sh	2026-09-13T22:17:39.6777782Z test cow_tree::tests::reserved_directory_consumes_the_exact_node_once ... ok
rust	Run RUSTUP_TOOLCHAIN=1.85.1 tools/test-fast.sh	2026-09-13T22:17:39.6778582Z test file_io::tests::edit_limit_and_sparse_physical_charge_are_exact ... ok
rust	Run RUSTUP_TOOLCHAIN=1.85.1 tools/test-fast.sh	2026-09-13T22:17:39.6779709Z test file_io::tests::issue116_pending_set_rss_probe ... ignored, issue116 root-cause probe
rust	Run RUSTUP_TOOLCHAIN=1.85.1 tools/test-fast.sh	2026-09-13T22:17:39.6780739Z test host_overlay::tests::namespace_rename_snapshots_and_open_unlinked_handles_keep_identity ... ok
rust	Run RUSTUP_TOOLCHAIN=1.85.1 tools/test-fast.sh	2026-09-13T22:17:39.6781918Z test lifecycle::tests::pinned_target_rejects_owner_edit_without_state_change ... ok
rust	Run RUSTUP_TOOLCHAIN=1.85.1 tools/test-fast.sh	2026-09-13T22:17:39.6782879Z test live_backing::tests::live_owner_builds_and_checkpoints_through_real_host_backing ... ok
rust	Run RUSTUP_TOOLCHAIN=1.85.1 tools/test-fast.sh	2026-09-13T22:17:39.6783928Z test live_backing::tests::sdk_k100_point_lookup_captures_only_changes_and_preserves_untouched_siblings ... ok
rust	Run RUSTUP_TOOLCHAIN=1.85.1 tools/test-fast.sh	2026-09-13T22:17:39.6785059Z test overlay::tests::tracking_replaces_old_sequence_and_cleanup_keeps_masks_and_newer_changes ... ok
rust	Run RUSTUP_TOOLCHAIN=1.85.1 tools/test-fast.sh	2026-09-13T22:17:39.6786211Z test overlay_index::tests::quota_and_torn_prepare_keep_source_readable_and_reclaim_abandoned_pages ... ok
rust	Run RUSTUP_TOOLCHAIN=1.85.1 tools/test-fast.sh	2026-09-13T22:17:39.6787258Z test overlay_payload::tests::partial_retention_disk_owner_reader_quota_and_short_write ... ok
rust	Run RUSTUP_TOOLCHAIN=1.85.1 tools/test-fast.sh	2026-09-13T22:17:39.6787833Z 
rust	Run RUSTUP_TOOLCHAIN=1.85.1 tools/test-fast.sh	2026-09-13T22:17:39.6788298Z test result: ok. 11 passed; 0 failed; 1 ignored; 0 measured; 131 filtered out; finished in 4.14s
rust	Run RUSTUP_TOOLCHAIN=1.85.1 tools/test-fast.sh	2026-09-13T22:17:39.6788954Z 
rust	Run RUSTUP_TOOLCHAIN=1.85.1 tools/test-fast.sh	2026-09-13T22:17:40.6798706Z === layerfs_workspace-a1b948c3b9635390 (2.44s, status=0) ===
rust	Run RUSTUP_TOOLCHAIN=1.85.1 tools/test-fast.sh	2026-09-13T22:17:40.6822826Z 
rust	Run RUSTUP_TOOLCHAIN=1.85.1 tools/test-fast.sh	2026-09-13T22:17:40.6852622Z running 12 tests
rust	Run RUSTUP_TOOLCHAIN=1.85.1 tools/test-fast.sh	2026-09-13T22:17:40.6872173Z test changes::tests::production_budget_spill_quadratic_crossover ... ignored, structural sweep to 64B; run explicitly when collecting Stage 3 evidence
rust	Run RUSTUP_TOOLCHAIN=1.85.1 tools/test-fast.sh	2026-09-13T22:17:40.6873514Z test changes::tests::reduced_budget_real_workspace_uses_one_tree_fallback_and_reopens_exactly ... ok
rust	Run RUSTUP_TOOLCHAIN=1.85.1 tools/test-fast.sh	2026-09-13T22:17:40.6874807Z test changes::tests::tiered_spill_flush_failure_keeps_runs_and_map_intact ... ok
rust	Run RUSTUP_TOOLCHAIN=1.85.1 tools/test-fast.sh	2026-09-13T22:17:40.6875775Z test correspondence::tests::indexed_overlap_seek_and_streamed_fragments_do_not_expand_payload ... ok
rust	Run RUSTUP_TOOLCHAIN=1.85.1 tools/test-fast.sh	2026-09-13T22:17:40.6876769Z test file_io::tests::issue116_compact_form_scaling_probe ... ignored, issue116 root-cause probe
rust	Run RUSTUP_TOOLCHAIN=1.85.1 tools/test-fast.sh	2026-09-13T22:17:40.6877766Z test file_io::tests::short_spool_append_restores_high_water_and_piece_root ... ok
rust	Run RUSTUP_TOOLCHAIN=1.85.1 tools/test-fast.sh	2026-09-13T22:17:40.6878737Z test host_overlay::tests::canonical_cold_snapshot_alias_write_splice_and_failed_batch_are_isolated ... ok
rust	Run RUSTUP_TOOLCHAIN=1.85.1 tools/test-fast.sh	2026-09-13T22:17:40.6879789Z test live_backing::tests::backing_batch_failed_physical_append_preserves_error_and_consumes_tail ... ok
rust	Run RUSTUP_TOOLCHAIN=1.85.1 tools/test-fast.sh	2026-09-13T22:17:40.6880771Z test overlay::tests::ownership_only_install_keeps_generation_but_still_rejects_stale_root ... ok
rust	Run RUSTUP_TOOLCHAIN=1.85.1 tools/test-fast.sh	2026-09-13T22:17:40.6881926Z test overlay_index::tests::floor_descends_without_scanning_predecessor_prefix_and_batches_bound_bytes ... ok
rust	Run RUSTUP_TOOLCHAIN=1.85.1 tools/test-fast.sh	2026-09-13T22:17:40.6883090Z test overlay_payload::tests::append_frontier_coalesces_without_rewriting_retained_prefix ... ok
rust	Run RUSTUP_TOOLCHAIN=1.85.1 tools/test-fast.sh	2026-09-13T22:17:40.6884198Z test overlay_ranges::tests::unequal_edits_split_merge_truncate_and_snapshot_match_byte_oracle ... ok
rust	Run RUSTUP_TOOLCHAIN=1.85.1 tools/test-fast.sh	2026-09-13T22:17:40.6884826Z 
rust	Run RUSTUP_TOOLCHAIN=1.85.1 tools/test-fast.sh	2026-09-13T22:17:40.6885331Z test result: ok. 10 passed; 0 failed; 2 ignored; 0 measured; 131 filtered out; finished in 2.43s
rust	Run RUSTUP_TOOLCHAIN=1.85.1 tools/test-fast.sh	2026-09-13T22:17:40.6885991Z 
rust	Run RUSTUP_TOOLCHAIN=1.85.1 tools/test-fast.sh	2026-09-13T22:17:40.8870575Z === layerfs_workspace-a1b948c3b9635390 (2.15s, status=0) ===
rust	Run RUSTUP_TOOLCHAIN=1.85.1 tools/test-fast.sh	2026-09-13T22:17:40.8892105Z 
rust	Run RUSTUP_TOOLCHAIN=1.85.1 tools/test-fast.sh	2026-09-13T22:17:40.8922692Z running 12 tests
rust	Run RUSTUP_TOOLCHAIN=1.85.1 tools/test-fast.sh	2026-09-13T22:17:40.8936775Z test changes::tests::reduced_budget_workspace_commit_spills_exactly ... ignored, reduced-budget integration proof; run explicitly when collecting Stage 3 evidence
rust	Run RUSTUP_TOOLCHAIN=1.85.1 tools/test-fast.sh	2026-09-13T22:17:40.8938337Z test changes::tests::reference_journal_rewind_keeps_prior_edges_and_latest_alias_counts ... ok
rust	Run RUSTUP_TOOLCHAIN=1.85.1 tools/test-fast.sh	2026-09-13T22:17:40.8939685Z test changes::tests::tiered_spill_revision_outside_the_newest_tier_keeps_the_latest_value ... ok
rust	Run RUSTUP_TOOLCHAIN=1.85.1 tools/test-fast.sh	2026-09-13T22:17:40.8940985Z test correspondence::tests::persisted_description_owns_only_metadata_and_restores_complete_indexes ... ok
rust	Run RUSTUP_TOOLCHAIN=1.85.1 tools/test-fast.sh	2026-09-13T22:17:40.8942192Z test file_io::tests::issue116_fact_ceiling_probe ... ignored, issue116 root-cause probe
rust	Run RUSTUP_TOOLCHAIN=1.85.1 tools/test-fast.sh	2026-09-13T22:17:40.8943324Z test file_io::tests::stale_prepared_append_is_not_repeated_and_keeps_its_physical_charge ... ok
rust	Run RUSTUP_TOOLCHAIN=1.85.1 tools/test-fast.sh	2026-09-13T22:17:40.8944450Z test host_overlay::tests::directory_pages_advance_over_tombstones_without_materializing_namespace ... ok
rust	Run RUSTUP_TOOLCHAIN=1.85.1 tools/test-fast.sh	2026-09-13T22:17:40.8945634Z test live_backing::tests::backing_batch_preserves_append_facts_and_last_reference_ownership ... ok
rust	Run RUSTUP_TOOLCHAIN=1.85.1 tools/test-fast.sh	2026-09-13T22:17:40.8946837Z test overlay::tests::replay_retains_lost_reply_and_never_reapplies_stale_or_unknown_request ... ok
rust	Run RUSTUP_TOOLCHAIN=1.85.1 tools/test-fast.sh	2026-09-13T22:17:40.8947868Z test overlay_index::tests::maximum_sized_leaf_keeps_fixed_inode_records_inline ... ok
rust	Run RUSTUP_TOOLCHAIN=1.85.1 tools/test-fast.sh	2026-09-13T22:17:40.8949039Z test overlay_payload::tests::chargeable_spool_counts_clipped_shared_coverage_and_excludes_sdk_inline ... ok
rust	Run RUSTUP_TOOLCHAIN=1.85.1 tools/test-fast.sh	2026-09-13T22:17:40.8950241Z test projection::tests::failed_cleanup_moves_the_projection_off_placement_and_retains_retry_path ... ok
rust	Run RUSTUP_TOOLCHAIN=1.85.1 tools/test-fast.sh	2026-09-13T22:17:40.8950961Z 
rust	Run RUSTUP_TOOLCHAIN=1.85.1 tools/test-fast.sh	2026-09-13T22:17:40.8951508Z test result: ok. 10 passed; 0 failed; 2 ignored; 0 measured; 131 filtered out; finished in 2.14s
rust	Run RUSTUP_TOOLCHAIN=1.85.1 tools/test-fast.sh	2026-09-13T22:17:40.8952351Z 
rust	Run RUSTUP_TOOLCHAIN=1.85.1 tools/test-fast.sh	2026-09-13T22:17:41.2811801Z === layerfs_workspace-a1b948c3b9635390 (0.60s, status=0) ===
rust	Run RUSTUP_TOOLCHAIN=1.85.1 tools/test-fast.sh	2026-09-13T22:17:41.2813357Z 
rust	Run RUSTUP_TOOLCHAIN=1.85.1 tools/test-fast.sh	2026-09-13T22:17:41.2813748Z running 11 tests
rust	Run RUSTUP_TOOLCHAIN=1.85.1 tools/test-fast.sh	2026-09-13T22:17:41.2814360Z test changes::tests::sequential_new_file_capture_is_canonical_and_commit_ready ... ok
rust	Run RUSTUP_TOOLCHAIN=1.85.1 tools/test-fast.sh	2026-09-13T22:17:41.2815370Z test correspondence::tests::zero_insertion_and_deletion_are_bounded_by_nonzero_anchors ... ok
rust	Run RUSTUP_TOOLCHAIN=1.85.1 tools/test-fast.sh	2026-09-13T22:17:41.2816309Z test file_io::tests::generation_overflow_rejects_without_logical_or_physical_change ... ok
rust	Run RUSTUP_TOOLCHAIN=1.85.1 tools/test-fast.sh	2026-09-13T22:17:41.2817403Z test file_io::tests::issue116_many_changed_files_charge_probe ... ignored, issue116 phase-1 capacity probe
rust	Run RUSTUP_TOOLCHAIN=1.85.1 tools/test-fast.sh	2026-09-13T22:17:41.2818707Z test host_overlay::tests::logical_spool_and_inline_limits_remain_distinct_and_failure_atomic ... ok
rust	Run RUSTUP_TOOLCHAIN=1.85.1 tools/test-fast.sh	2026-09-13T22:17:41.2819649Z test lifecycle::tests::head_movement_retains_stage_and_freezes_mutation_until_discard ... ok
rust	Run RUSTUP_TOOLCHAIN=1.85.1 tools/test-fast.sh	2026-09-13T22:17:41.2820663Z test live_backing::tests::append_consumes_only_its_exact_reservation ... ok
rust	Run RUSTUP_TOOLCHAIN=1.85.1 tools/test-fast.sh	2026-09-13T22:17:41.2821604Z test overlay::tests::stale_disjoint_writer_reprepares_without_losing_updates_or_retained_roots ... ok
rust	Run RUSTUP_TOOLCHAIN=1.85.1 tools/test-fast.sh	2026-09-13T22:17:41.2822912Z test overlay_index::tests::queued_root_releases_are_reported_as_pending_cleanup ... ok
rust	Run RUSTUP_TOOLCHAIN=1.85.1 tools/test-fast.sh	2026-09-13T22:17:41.2823835Z test overlay_payload::tests::oversized_slot_limits_return_resource_error ... ok
rust	Run RUSTUP_TOOLCHAIN=1.85.1 tools/test-fast.sh	2026-09-13T22:17:41.2824613Z test registry::tests::retention_evicts_oldest_by_age_count_and_bytes ... ok
rust	Run RUSTUP_TOOLCHAIN=1.85.1 tools/test-fast.sh	2026-09-13T22:17:41.2825164Z 
rust	Run RUSTUP_TOOLCHAIN=1.85.1 tools/test-fast.sh	2026-09-13T22:17:41.2825565Z test result: ok. 10 passed; 0 failed; 1 ignored; 0 measured; 132 filtered out; finished in 0.60s
rust	Run RUSTUP_TOOLCHAIN=1.85.1 tools/test-fast.sh	2026-09-13T22:17:41.2826109Z 
rust	Run RUSTUP_TOOLCHAIN=1.85.1 tools/test-fast.sh	2026-09-13T22:17:41.5906682Z === layerfs_workspace-a1b948c3b9635390 (1.92s, status=0) ===
rust	Run RUSTUP_TOOLCHAIN=1.85.1 tools/test-fast.sh	2026-09-13T22:17:41.5908258Z 
rust	Run RUSTUP_TOOLCHAIN=1.85.1 tools/test-fast.sh	2026-09-13T22:17:41.5908946Z running 12 tests
rust	Run RUSTUP_TOOLCHAIN=1.85.1 tools/test-fast.sh	2026-09-13T22:17:41.5909687Z test container::tests::create_input_and_exact_identity_are_bounded ... ok
rust	Run RUSTUP_TOOLCHAIN=1.85.1 tools/test-fast.sh	2026-09-13T22:17:41.5911230Z test correspondence::tests::shifted_partial_ranges_and_fresh_occurrence_lineage ... ok
rust	Run RUSTUP_TOOLCHAIN=1.85.1 tools/test-fast.sh	2026-09-13T22:17:41.5912495Z test cow_tree::tests::batch_inode_acquisition_reuses_typed_portable_metadata ... ok
rust	Run RUSTUP_TOOLCHAIN=1.85.1 tools/test-fast.sh	2026-09-13T22:17:41.5913539Z test cow_tree::tests::rename_validates_every_noop_and_rejection_before_mutation ... ok
rust	Run RUSTUP_TOOLCHAIN=1.85.1 tools/test-fast.sh	2026-09-13T22:17:41.5914458Z test file_io::tests::issue116_fact_charge_probe ... ignored, issue116 root-cause probe
rust	Run RUSTUP_TOOLCHAIN=1.85.1 tools/test-fast.sh	2026-09-13T22:17:41.5915345Z test file_io::tests::workspace_inline_limit_accepts_eight_mib_and_rejects_the_next_byte ... ok
rust	Run RUSTUP_TOOLCHAIN=1.85.1 tools/test-fast.sh	2026-09-13T22:17:41.5916604Z test host_overlay::tests::kernel_lookup_forget_and_detach_own_open_unlinked_inodes_atomically ... ok
rust	Run RUSTUP_TOOLCHAIN=1.85.1 tools/test-fast.sh	2026-09-13T22:17:41.5917766Z test live_backing::tests::backing_batch_rejects_malformed_envelopes_before_append_or_fact_mutation ... ok
rust	Run RUSTUP_TOOLCHAIN=1.85.1 tools/test-fast.sh	2026-09-13T22:17:41.5918810Z test overlay::tests::snapshot_reads_exact_owned_payload_after_live_replacement_and_owner_drop ... ok
rust	Run RUSTUP_TOOLCHAIN=1.85.1 tools/test-fast.sh	2026-09-13T22:17:41.5919576Z test overlay_index::tests::physical_pages_relocate_and_reclaim_under_a_retained_snapshot ... ok
rust	Run RUSTUP_TOOLCHAIN=1.85.1 tools/test-fast.sh	2026-09-13T22:17:41.5920147Z test overlay_payload::tests::explicit_sync_flushes_both_private_arenas_and_returns_io_failures ... ok
rust	Run RUSTUP_TOOLCHAIN=1.85.1 tools/test-fast.sh	2026-09-13T22:17:41.5920828Z test reconcile::tests::only_intersecting_later_mutations_invalidate_a_resolution ... ok
rust	Run RUSTUP_TOOLCHAIN=1.85.1 tools/test-fast.sh	2026-09-13T22:17:41.5921116Z 
rust	Run RUSTUP_TOOLCHAIN=1.85.1 tools/test-fast.sh	2026-09-13T22:17:41.5921387Z test result: ok. 11 passed; 0 failed; 1 ignored; 0 measured; 131 filtered out; finished in 1.91s
rust	Run RUSTUP_TOOLCHAIN=1.85.1 tools/test-fast.sh	2026-09-13T22:17:41.5921838Z 
rust	Run RUSTUP_TOOLCHAIN=1.85.1 tools/test-fast.sh	2026-09-13T22:17:42.3349532Z === layerfs_workspace-a1b948c3b9635390 (1.05s, status=0) ===
rust	Run RUSTUP_TOOLCHAIN=1.85.1 tools/test-fast.sh	2026-09-13T22:17:42.3350531Z 
rust	Run RUSTUP_TOOLCHAIN=1.85.1 tools/test-fast.sh	2026-09-13T22:17:42.3350911Z running 12 tests
rust	Run RUSTUP_TOOLCHAIN=1.85.1 tools/test-fast.sh	2026-09-13T22:17:42.3351924Z test changes::tests::dense_existing_file_delta_uses_bounded_frontier_and_preserves_aliases ... ok
rust	Run RUSTUP_TOOLCHAIN=1.85.1 tools/test-fast.sh	2026-09-13T22:17:42.3352856Z test changes::tests::existing_file_mutations_are_exact_and_bounded ... ok
rust	Run RUSTUP_TOOLCHAIN=1.85.1 tools/test-fast.sh	2026-09-13T22:17:42.3353804Z test changes::tests::fully_charged_new_file_reads_directly_from_retained_spool ... ok
rust	Run RUSTUP_TOOLCHAIN=1.85.1 tools/test-fast.sh	2026-09-13T22:17:42.3354708Z test cow_tree::tests::portable_metadata_rejects_short_canonical_mtime ... ok
rust	Run RUSTUP_TOOLCHAIN=1.85.1 tools/test-fast.sh	2026-09-13T22:17:42.3355569Z test file_io::tests::discard_reclaims_one_live_base_inline_zero_spool_composition ... ok
rust	Run RUSTUP_TOOLCHAIN=1.85.1 tools/test-fast.sh	2026-09-13T22:17:42.3356575Z test file_io::tests::issue116_per_file_charge_probe ... ignored, issue116 phase-1 capacity probe
rust	Run RUSTUP_TOOLCHAIN=1.85.1 tools/test-fast.sh	2026-09-13T22:17:42.3357619Z test lifecycle::tests::live_fuse_owner_edit_invalidates_warm_pages_and_rolls_back_resume_failure ... ok
rust	Run RUSTUP_TOOLCHAIN=1.85.1 tools/test-fast.sh	2026-09-13T22:17:42.3358853Z test live_backing::tests::backing_batch_reports_completed_prefix_and_stops_at_each_fallible_sync_step ... ok
rust	Run RUSTUP_TOOLCHAIN=1.85.1 tools/test-fast.sh	2026-09-13T22:17:42.3359966Z test live_backing::tests::metadata_lookup_preserves_requested_node_without_acquiring_siblings ... ok
rust	Run RUSTUP_TOOLCHAIN=1.85.1 tools/test-fast.sh	2026-09-13T22:17:42.3361351Z test overlay_budget::tests::aggregate_counter_and_policy_overflow_are_rejected_without_wraparound ... ok
rust	Run RUSTUP_TOOLCHAIN=1.85.1 tools/test-fast.sh	2026-09-13T22:17:42.3362628Z test overlay_index::tests::reclaim_header_faults_never_double_release_or_lose_cleanup ... ok
rust	Run RUSTUP_TOOLCHAIN=1.85.1 tools/test-fast.sh	2026-09-13T22:17:42.3363521Z test overlay_payload::tests::writes_continue_while_old_source_reader_defers_truncation ... ok
rust	Run RUSTUP_TOOLCHAIN=1.85.1 tools/test-fast.sh	2026-09-13T22:17:42.3364091Z 
rust	Run RUSTUP_TOOLCHAIN=1.85.1 tools/test-fast.sh	2026-09-13T22:17:42.3364584Z test result: ok. 11 passed; 0 failed; 1 ignored; 0 measured; 131 filtered out; finished in 1.05s
rust	Run RUSTUP_TOOLCHAIN=1.85.1 tools/test-fast.sh	2026-09-13T22:17:42.3365116Z 
rust	Run RUSTUP_TOOLCHAIN=1.85.1 tools/test-fast.sh	2026-09-13T22:17:42.4548061Z === layerfs_workspace-a1b948c3b9635390 (1.57s, status=0) ===
rust	Run RUSTUP_TOOLCHAIN=1.85.1 tools/test-fast.sh	2026-09-13T22:17:42.4582404Z 
rust	Run RUSTUP_TOOLCHAIN=1.85.1 tools/test-fast.sh	2026-09-13T22:17:42.4602852Z running 12 tests
rust	Run RUSTUP_TOOLCHAIN=1.85.1 tools/test-fast.sh	2026-09-13T22:17:42.4612443Z test changes::tests::backward_write_invalidates_capture_and_uses_exact_fallback ... ok
rust	Run RUSTUP_TOOLCHAIN=1.85.1 tools/test-fast.sh	2026-09-13T22:17:42.4642639Z test changes::tests::paged_release_keeps_prior_moves_and_repeated_unseen_aliases ... ok
rust	Run RUSTUP_TOOLCHAIN=1.85.1 tools/test-fast.sh	2026-09-13T22:17:42.4672217Z test changes::tests::removed_small_candidates_preserve_identity_history_and_bounds ... ok
rust	Run RUSTUP_TOOLCHAIN=1.85.1 tools/test-fast.sh	2026-09-13T22:17:42.4702292Z test lifecycle::tests::busy_commit_with_resume_failure_requires_explicit_presentation_recovery ... ok
rust	Run RUSTUP_TOOLCHAIN=1.85.1 tools/test-fast.sh	2026-09-13T22:17:42.4703785Z test lifecycle::tests::failed_projection_refresh_restores_exact_state_and_retry_once ... ok
rust	Run RUSTUP_TOOLCHAIN=1.85.1 tools/test-fast.sh	2026-09-13T22:17:42.4713264Z test live_backing::tests::cold_grouped_reads_preserve_alias_mutations_and_peer_isolation ... ok
rust	Run RUSTUP_TOOLCHAIN=1.85.1 tools/test-fast.sh	2026-09-13T22:17:42.4714560Z test output::tests::one_large_write_never_enters_the_live_tail_above_one_mib ... ok
rust	Run RUSTUP_TOOLCHAIN=1.85.1 tools/test-fast.sh	2026-09-13T22:17:42.4715611Z test overlay::tests::bounded_fifo_preparation_keeps_snapshot_acquisition_independent ... ok
rust	Run RUSTUP_TOOLCHAIN=1.85.1 tools/test-fast.sh	2026-09-13T22:17:42.4716811Z test overlay_budget::tests::full_index_capacity_and_operation_limits_accept_exact_reject_plus_one ... ok
rust	Run RUSTUP_TOOLCHAIN=1.85.1 tools/test-fast.sh	2026-09-13T22:17:42.4718051Z test overlay_index::tests::repeated_linked_reads_reuse_admitted_root_tickets ... ok
rust	Run RUSTUP_TOOLCHAIN=1.85.1 tools/test-fast.sh	2026-09-13T22:17:42.4719161Z test overlay_ranges::tests::disk_child_links_and_exact_payload_slice_own_bytes_without_old_tree ... ok
rust	Run RUSTUP_TOOLCHAIN=1.85.1 tools/test-fast.sh	2026-09-13T22:17:42.4720366Z test projection::tests::failed_materialization_never_publishes_or_leaves_a_stage ... ok
rust	Run RUSTUP_TOOLCHAIN=1.85.1 tools/test-fast.sh	2026-09-13T22:17:42.4721079Z 
rust	Run RUSTUP_TOOLCHAIN=1.85.1 tools/test-fast.sh	2026-09-13T22:17:42.4721615Z test result: ok. 12 passed; 0 failed; 0 ignored; 0 measured; 131 filtered out; finished in 1.56s
rust	Run RUSTUP_TOOLCHAIN=1.85.1 tools/test-fast.sh	2026-09-13T22:17:42.4722502Z 
rust	Run RUSTUP_TOOLCHAIN=1.85.1 tools/test-fast.sh	2026-09-13T22:17:42.5982956Z === v4-8a0d328392232c33 (0.26s, status=0) ===
rust	Run RUSTUP_TOOLCHAIN=1.85.1 tools/test-fast.sh	2026-09-13T22:17:42.5997862Z 
rust	Run RUSTUP_TOOLCHAIN=1.85.1 tools/test-fast.sh	2026-09-13T22:17:42.6012591Z running 3 tests
rust	Run RUSTUP_TOOLCHAIN=1.85.1 tools/test-fast.sh	2026-09-13T22:17:42.6042379Z test exact_replacement_grammar_parses_and_deleted_topology_is_rejected ... ok
rust	Run RUSTUP_TOOLCHAIN=1.85.1 tools/test-fast.sh	2026-09-13T22:17:42.6052995Z test one_store_context_and_query_execute_without_a_tui ... ok
rust	Run RUSTUP_TOOLCHAIN=1.85.1 tools/test-fast.sh	2026-09-13T22:17:42.6072409Z test standalone_cli_keeps_one_sdk_client_through_workspace_end ... ok
rust	Run RUSTUP_TOOLCHAIN=1.85.1 tools/test-fast.sh	2026-09-13T22:17:42.6101829Z 
rust	Run RUSTUP_TOOLCHAIN=1.85.1 tools/test-fast.sh	2026-09-13T22:17:42.6112322Z test result: ok. 3 passed; 0 failed; 0 ignored; 0 measured; 0 filtered out; finished in 0.26s
rust	Run RUSTUP_TOOLCHAIN=1.85.1 tools/test-fast.sh	2026-09-13T22:17:42.6131970Z 
rust	Run RUSTUP_TOOLCHAIN=1.85.1 tools/test-fast.sh	2026-09-13T22:17:42.7828233Z === layerfs_workspace-a1b948c3b9635390 (1.19s, status=0) ===
rust	Run RUSTUP_TOOLCHAIN=1.85.1 tools/test-fast.sh	2026-09-13T22:17:42.7830322Z 
rust	Run RUSTUP_TOOLCHAIN=1.85.1 tools/test-fast.sh	2026-09-13T22:17:42.7830687Z running 12 tests
rust	Run RUSTUP_TOOLCHAIN=1.85.1 tools/test-fast.sh	2026-09-13T22:17:42.7831603Z test changes::tests::producer_workers_preserve_roots_alias_capture_and_empty_inputs ... ok
rust	Run RUSTUP_TOOLCHAIN=1.85.1 tools/test-fast.sh	2026-09-13T22:17:42.7833148Z test changes::tests::tiered_spill_crosses_the_old_highest_tier_without_prefix_rewrites ... ok
rust	Run RUSTUP_TOOLCHAIN=1.85.1 tools/test-fast.sh	2026-09-13T22:17:42.7834100Z test changes::tests::tiered_spill_partial_writes_and_final_merge_are_retryable_and_clean ... ok
rust	Run RUSTUP_TOOLCHAIN=1.85.1 tools/test-fast.sh	2026-09-13T22:17:42.7835113Z test daemon::tests::daemon_exec_selects_the_required_live_daemon_mount_by_default ... ok
rust	Run RUSTUP_TOOLCHAIN=1.85.1 tools/test-fast.sh	2026-09-13T22:17:42.7835960Z test file_io::tests::failed_tail_cleanup_keeps_discarded_physical_bytes_charged ... ok
rust	Run RUSTUP_TOOLCHAIN=1.85.1 tools/test-fast.sh	2026-09-13T22:17:42.7836842Z test file_io::tests::issue116_piece_charge_rca ... ignored, issue116 root-cause probe
rust	Run RUSTUP_TOOLCHAIN=1.85.1 tools/test-fast.sh	2026-09-13T22:17:42.7837761Z test lifecycle::tests::continuing_workspace_installs_its_returned_snapshot_after_later_publication ... ok
rust	Run RUSTUP_TOOLCHAIN=1.85.1 tools/test-fast.sh	2026-09-13T22:17:42.7838590Z test lifecycle::verification_fault_scope_is_one_shot ... ok
rust	Run RUSTUP_TOOLCHAIN=1.85.1 tools/test-fast.sh	2026-09-13T22:17:42.7839767Z test live_backing::tests::local_owner_builds_and_checkpoints_through_direct_host_backing ... ok
rust	Run RUSTUP_TOOLCHAIN=1.85.1 tools/test-fast.sh	2026-09-13T22:17:42.7840838Z test overlay_budget::tests::detached_snapshot_and_payload_range_retain_aggregate_admission ... ok
rust	Run RUSTUP_TOOLCHAIN=1.85.1 tools/test-fast.sh	2026-09-13T22:17:42.7841995Z test overlay_index::tests::relocation_faults_keep_a_live_tail_page_readable ... ok
rust	Run RUSTUP_TOOLCHAIN=1.85.1 tools/test-fast.sh	2026-09-13T22:17:42.7843020Z test overlay_ranges::tests::append_frontier_coalesces_without_reusing_truncated_origin_coordinates ... ok
rust	Run RUSTUP_TOOLCHAIN=1.85.1 tools/test-fast.sh	2026-09-13T22:17:42.7843705Z 
rust	Run RUSTUP_TOOLCHAIN=1.85.1 tools/test-fast.sh	2026-09-13T22:17:42.7844173Z test result: ok. 11 passed; 0 failed; 1 ignored; 0 measured; 131 filtered out; finished in 1.19s
rust	Run RUSTUP_TOOLCHAIN=1.85.1 tools/test-fast.sh	2026-09-13T22:17:42.7844891Z 
rust	Run RUSTUP_TOOLCHAIN=1.85.1 tools/test-fast.sh	2026-09-13T22:17:43.3760839Z === layerfs_fuse-11fd097e1dd6ad01 (0.59s, status=0) ===
rust	Run RUSTUP_TOOLCHAIN=1.85.1 tools/test-fast.sh	2026-09-13T22:17:43.3779116Z 
rust	Run RUSTUP_TOOLCHAIN=1.85.1 tools/test-fast.sh	2026-09-13T22:17:43.3782187Z running 9 tests
rust	Run RUSTUP_TOOLCHAIN=1.85.1 tools/test-fast.sh	2026-09-13T22:17:43.3804291Z test live_owner::immutable_acquisition_tests::checkpoint_install_streams_beyond_old_node_cap_and_replays_lost_end_reply ... ok
rust	Run RUSTUP_TOOLCHAIN=1.85.1 tools/test-fast.sh	2026-09-13T22:17:43.3806759Z test live_owner::immutable_acquisition_tests::kernel_page_rollback_overflow_and_detach_balance_pins ... ok
rust	Run RUSTUP_TOOLCHAIN=1.85.1 tools/test-fast.sh	2026-09-13T22:17:43.3809431Z test live_owner::immutable_acquisition_tests::stale_folio_preserves_sdk_ranges_and_cannot_regrow_truncated_tail ... ok
rust	Run RUSTUP_TOOLCHAIN=1.85.1 tools/test-fast.sh	2026-09-13T22:17:43.3811396Z test live_wire::compact_pending_tests::bounded_pending_sequence_set_fits_the_publication_budget ... ok
rust	Run RUSTUP_TOOLCHAIN=1.85.1 tools/test-fast.sh	2026-09-13T22:17:43.3812712Z test protocol::tests::write_and_size_round_trip ... ok
rust	Run RUSTUP_TOOLCHAIN=1.85.1 tools/test-fast.sh	2026-09-13T22:17:43.3813624Z test proxy_client::tests::multi_stream_barrier_drains_every_stream_after_the_first_error ... ok
rust	Run RUSTUP_TOOLCHAIN=1.85.1 tools/test-fast.sh	2026-09-13T22:17:43.3814668Z test proxy_client::tests::readonly_pin_waits_for_ack_and_rejects_replaced_inode ... ok
rust	Run RUSTUP_TOOLCHAIN=1.85.1 tools/test-fast.sh	2026-09-13T22:17:43.3815724Z test proxy_client::tests::rename_refreshes_overwritten_alias_attributes_and_preserves_same_inode_names ... ok
rust	Run RUSTUP_TOOLCHAIN=1.85.1 tools/test-fast.sh	2026-09-13T22:17:43.3816702Z test write_metrics::tests::kernel_observation_round_trip_and_reset ... ok
rust	Run RUSTUP_TOOLCHAIN=1.85.1 tools/test-fast.sh	2026-09-13T22:17:43.3817328Z 
rust	Run RUSTUP_TOOLCHAIN=1.85.1 tools/test-fast.sh	2026-09-13T22:17:43.3817868Z test result: ok. 9 passed; 0 failed; 0 ignored; 0 measured; 36 filtered out; finished in 0.59s
rust	Run RUSTUP_TOOLCHAIN=1.85.1 tools/test-fast.sh	2026-09-13T22:17:43.3818469Z 
rust	Run RUSTUP_TOOLCHAIN=1.85.1 tools/test-fast.sh	2026-09-13T22:17:43.5574126Z === logical-2ce8d5f02160d60b (1.10s, status=0) ===
rust	Run RUSTUP_TOOLCHAIN=1.85.1 tools/test-fast.sh	2026-09-13T22:17:43.5575180Z 
rust	Run RUSTUP_TOOLCHAIN=1.85.1 tools/test-fast.sh	2026-09-13T22:17:43.5575517Z running 12 tests
rust	Run RUSTUP_TOOLCHAIN=1.85.1 tools/test-fast.sh	2026-09-13T22:17:43.5576200Z test exact_reads_and_local_mutation_share_one_logical_owner ... ok
rust	Run RUSTUP_TOOLCHAIN=1.85.1 tools/test-fast.sh	2026-09-13T22:17:43.5577128Z test inode_reconciliation_prunes_equal_persistent_subtrees ... ok
rust	Run RUSTUP_TOOLCHAIN=1.85.1 tools/test-fast.sh	2026-09-13T22:17:43.5578043Z test new_file_write_preserves_replacement_cdc_and_structural_counters ... ok
rust	Run RUSTUP_TOOLCHAIN=1.85.1 tools/test-fast.sh	2026-09-13T22:17:43.5579056Z test path_diff_preserves_order_types_metadata_symlinks_directories_and_hard_links ... ok
rust	Run RUSTUP_TOOLCHAIN=1.85.1 tools/test-fast.sh	2026-09-13T22:17:43.5580065Z test path_diff_reuses_equal_persistent_objects_and_emits_incrementally ... ok
rust	Run RUSTUP_TOOLCHAIN=1.85.1 tools/test-fast.sh	2026-09-13T22:17:43.5580990Z test rename_keeps_old_roots_readable_and_handles_same_and_cross_directory_moves ... ok
rust	Run RUSTUP_TOOLCHAIN=1.85.1 tools/test-fast.sh	2026-09-13T22:17:43.5582147Z test three_root_reconciliation_combines_content_and_metadata_on_one_inode ... ok
rust	Run RUSTUP_TOOLCHAIN=1.85.1 tools/test-fast.sh	2026-09-13T22:17:43.5583130Z test three_root_reconciliation_combines_disjoint_metadata_keys ... ok
rust	Run RUSTUP_TOOLCHAIN=1.85.1 tools/test-fast.sh	2026-09-13T22:17:43.5584088Z test three_root_reconciliation_combines_disjoint_names_in_one_directory ... ok
rust	Run RUSTUP_TOOLCHAIN=1.85.1 tools/test-fast.sh	2026-09-13T22:17:43.5585087Z test three_root_reconciliation_never_publishes_an_undercounted_parallel_hard_link ... ok
rust	Run RUSTUP_TOOLCHAIN=1.85.1 tools/test-fast.sh	2026-09-13T22:17:43.5586214Z test three_root_reconciliation_streams_independent_inode_changes_and_reports_overlap ... ok
rust	Run RUSTUP_TOOLCHAIN=1.85.1 tools/test-fast.sh	2026-09-13T22:17:43.5587183Z test typed_conflicts_report_canonical_paths_and_exact_choice_roots ... ok
rust	Run RUSTUP_TOOLCHAIN=1.85.1 tools/test-fast.sh	2026-09-13T22:17:43.5587752Z 
rust	Run RUSTUP_TOOLCHAIN=1.85.1 tools/test-fast.sh	2026-09-13T22:17:43.5588222Z test result: ok. 12 passed; 0 failed; 0 ignored; 0 measured; 0 filtered out; finished in 1.10s
rust	Run RUSTUP_TOOLCHAIN=1.85.1 tools/test-fast.sh	2026-09-13T22:17:43.5588883Z 
rust	Run RUSTUP_TOOLCHAIN=1.85.1 tools/test-fast.sh	2026-09-13T22:17:43.6383372Z === layerfs_fuse-11fd097e1dd6ad01 (0.08s, status=0) ===
rust	Run RUSTUP_TOOLCHAIN=1.85.1 tools/test-fast.sh	2026-09-13T22:17:43.6384254Z 
rust	Run RUSTUP_TOOLCHAIN=1.85.1 tools/test-fast.sh	2026-09-13T22:17:43.6384599Z running 12 tests
rust	Run RUSTUP_TOOLCHAIN=1.85.1 tools/test-fast.sh	2026-09-13T22:17:43.6385679Z test host_wire::tests::mutation_replay_identity_and_full_write_bounds_are_validated ... ok
rust	Run RUSTUP_TOOLCHAIN=1.85.1 tools/test-fast.sh	2026-09-13T22:17:43.6387216Z test live_owner::immutable_acquisition_tests::backing_batch_known_append_prefix_is_not_replayed_after_check_failure ... ok
rust	Run RUSTUP_TOOLCHAIN=1.85.1 tools/test-fast.sh	2026-09-13T22:17:43.6388502Z test live_owner::immutable_acquisition_tests::checkpoint_journal_rejects_duplicate_ids_inodes_order_and_scratch_overflow ... ok
rust	Run RUSTUP_TOOLCHAIN=1.85.1 tools/test-fast.sh	2026-09-13T22:17:43.6389834Z test live_owner::immutable_acquisition_tests::checkpoint_partial_install_stays_frozen_until_exact_retry_finishes ... ok
rust	Run RUSTUP_TOOLCHAIN=1.85.1 tools/test-fast.sh	2026-09-13T22:17:43.6391071Z test live_owner::immutable_acquisition_tests::checkpoint_staging_retry_releases_old_scratch_and_checks_generation ... ok
rust	Run RUSTUP_TOOLCHAIN=1.85.1 tools/test-fast.sh	2026-09-13T22:17:43.6392422Z test live_owner::immutable_acquisition_tests::delayed_lookup_cannot_install_after_root_or_parent_revision_changes ... ok
rust	Run RUSTUP_TOOLCHAIN=1.85.1 tools/test-fast.sh	2026-09-13T22:17:43.6393615Z test live_owner::immutable_acquisition_tests::kernel_references_preserve_unlinked_contents_until_last_forget ... ok
rust	Run RUSTUP_TOOLCHAIN=1.85.1 tools/test-fast.sh	2026-09-13T22:17:43.6394767Z test live_owner::immutable_acquisition_tests::malformed_grouped_replies_do_not_install_live_nodes ... ok
rust	Run RUSTUP_TOOLCHAIN=1.85.1 tools/test-fast.sh	2026-09-13T22:17:43.6395894Z test live_runtime::tests::operation_cut_drains_callbacks_and_allows_laundering_before_freeze ... ok
rust	Run RUSTUP_TOOLCHAIN=1.85.1 tools/test-fast.sh	2026-09-13T22:17:43.6396900Z test live_transport::tests::vectored_frames_preserve_prefixes_across_short_writes ... ok
rust	Run RUSTUP_TOOLCHAIN=1.85.1 tools/test-fast.sh	2026-09-13T22:17:43.6398036Z test live_wire::edit_diagnostic_tests::edit_diagnostic_rejects_wrong_nonce_version_and_length ... ok
rust	Run RUSTUP_TOOLCHAIN=1.85.1 tools/test-fast.sh	2026-09-13T22:17:43.6398967Z test proxy_client::tests::read_ordering_flushes_only_the_same_inode ... ok
rust	Run RUSTUP_TOOLCHAIN=1.85.1 tools/test-fast.sh	2026-09-13T22:17:43.6399498Z 
rust	Run RUSTUP_TOOLCHAIN=1.85.1 tools/test-fast.sh	2026-09-13T22:17:43.6399962Z test result: ok. 12 passed; 0 failed; 0 ignored; 0 measured; 33 filtered out; finished in 0.08s
rust	Run RUSTUP_TOOLCHAIN=1.85.1 tools/test-fast.sh	2026-09-13T22:17:43.6400571Z 
rust	Run RUSTUP_TOOLCHAIN=1.85.1 tools/test-fast.sh	2026-09-13T22:17:43.6716259Z === layerfs_fuse-11fd097e1dd6ad01 (0.03s, status=0) ===
rust	Run RUSTUP_TOOLCHAIN=1.85.1 tools/test-fast.sh	2026-09-13T22:17:43.6732841Z 
rust	Run RUSTUP_TOOLCHAIN=1.85.1 tools/test-fast.sh	2026-09-13T22:17:43.6736273Z running 12 tests
rust	Run RUSTUP_TOOLCHAIN=1.85.1 tools/test-fast.sh	2026-09-13T22:17:43.6748943Z test immutable_read_cache::tests::names_share_the_budget_and_keep_namespace_and_directory_identity ... ok
rust	Run RUSTUP_TOOLCHAIN=1.85.1 tools/test-fast.sh	2026-09-13T22:17:43.6773204Z test immutable_read_cache::tests::pages_keep_cursor_identity_and_share_eviction_with_names_and_content ... ok
rust	Run RUSTUP_TOOLCHAIN=1.85.1 tools/test-fast.sh	2026-09-13T22:17:43.6779259Z test live_owner::immutable_acquisition_tests::backing_batch_cancelled_idle_fsync_cannot_refill_without_backing ... ok
rust	Run RUSTUP_TOOLCHAIN=1.85.1 tools/test-fast.sh	2026-09-13T22:17:43.6781384Z test live_owner::immutable_acquisition_tests::backing_batch_fsync_reuses_tail_without_idle_buffer_and_full_cut_cancels ... ok
rust	Run RUSTUP_TOOLCHAIN=1.85.1 tools/test-fast.sh	2026-09-13T22:17:43.6783440Z test live_owner::immutable_acquisition_tests::canceled_prefill_waiter_keeps_blocking_job_guards_and_revalidates_root ... ok
rust	Run RUSTUP_TOOLCHAIN=1.85.1 tools/test-fast.sh	2026-09-13T22:17:43.6785096Z test live_owner::immutable_acquisition_tests::checkpoint_full_validation_and_read_failure_leave_all_nodes_uninstalled ... ok
rust	Run RUSTUP_TOOLCHAIN=1.85.1 tools/test-fast.sh	2026-09-13T22:17:43.6786546Z test live_owner::immutable_acquisition_tests::edit_diagnostic_preserves_plain_mutation_and_failed_batch_retry ... ok
rust	Run RUSTUP_TOOLCHAIN=1.85.1 tools/test-fast.sh	2026-09-13T22:17:43.6787986Z test live_owner::immutable_acquisition_tests::sdk_edit_metadata_lookup_keeps_regular_grouped_prefetch ... ok
rust	Run RUSTUP_TOOLCHAIN=1.85.1 tools/test-fast.sh	2026-09-13T22:17:43.6789185Z test live_runtime::tests::parked_socket_operations_release_workers_and_reservations ... ok
rust	Run RUSTUP_TOOLCHAIN=1.85.1 tools/test-fast.sh	2026-09-13T22:17:43.6790466Z test live_wire::compact_pending_tests::bounded_pending_inline_round_trips_within_its_declared_bound ... ok
rust	Run RUSTUP_TOOLCHAIN=1.85.1 tools/test-fast.sh	2026-09-13T22:17:43.6792278Z test protocol::tests::framing_uses_one_write_and_handles_partial_and_interrupted_output ... ok
rust	Run RUSTUP_TOOLCHAIN=1.85.1 tools/test-fast.sh	2026-09-13T22:17:43.6793324Z test proxy_host::tests::capabilities_use_os_entropy ... ok
rust	Run RUSTUP_TOOLCHAIN=1.85.1 tools/test-fast.sh	2026-09-13T22:17:43.6793875Z 
rust	Run RUSTUP_TOOLCHAIN=1.85.1 tools/test-fast.sh	2026-09-13T22:17:43.6794533Z test result: ok. 12 passed; 0 failed; 0 ignored; 0 measured; 33 filtered out; finished in 0.03s
rust	Run RUSTUP_TOOLCHAIN=1.85.1 tools/test-fast.sh	2026-09-13T22:17:43.6795202Z 
rust	Run RUSTUP_TOOLCHAIN=1.85.1 tools/test-fast.sh	2026-09-13T22:17:43.6795696Z === layerfs_fuse-11fd097e1dd6ad01 (0.30s, status=0) ===
rust	Run RUSTUP_TOOLCHAIN=1.85.1 tools/test-fast.sh	2026-09-13T22:17:43.6796163Z 
rust	Run RUSTUP_TOOLCHAIN=1.85.1 tools/test-fast.sh	2026-09-13T22:17:43.6796552Z running 12 tests
rust	Run RUSTUP_TOOLCHAIN=1.85.1 tools/test-fast.sh	2026-09-13T22:17:43.6797353Z test host_wire::tests::acknowledged_operation_errors_and_unknown_are_distinct ... ok
rust	Run RUSTUP_TOOLCHAIN=1.85.1 tools/test-fast.sh	2026-09-13T22:17:43.6798480Z test immutable_read_cache::tests::ranges_scopes_replacement_and_eviction_are_bounded ... ok
rust	Run RUSTUP_TOOLCHAIN=1.85.1 tools/test-fast.sh	2026-09-13T22:17:43.6799815Z test live_owner::immutable_acquisition_tests::kernel_reference_keeps_old_base_contents_after_unlink_and_root_change ... ok
rust	Run RUSTUP_TOOLCHAIN=1.85.1 tools/test-fast.sh	2026-09-13T22:17:43.6801534Z test live_owner::immutable_acquisition_tests::writable_open_write_and_truncate_wait_for_prefill_even_after_forget ... ok
rust	Run RUSTUP_TOOLCHAIN=1.85.1 tools/test-fast.sh	2026-09-13T22:17:43.6823597Z test live_transport::tests::backing_batch_lost_socket_reply_is_uncertain_and_not_replayed ... ok
rust	Run RUSTUP_TOOLCHAIN=1.85.1 tools/test-fast.sh	2026-09-13T22:17:43.6825627Z test live_transport::tests::backing_batch_preserves_prefix_and_poisoned_reply_cannot_replay ... ok
rust	Run RUSTUP_TOOLCHAIN=1.85.1 tools/test-fast.sh	2026-09-13T22:17:43.6827012Z test live_transport::tests::backing_batch_pressure_and_oversize_preserve_streaming ... ok
rust	Run RUSTUP_TOOLCHAIN=1.85.1 tools/test-fast.sh	2026-09-13T22:17:43.6828542Z test live_wire::compact_pending_tests::bounded_pending_spool_round_trips_within_its_declared_bound ... ok
rust	Run RUSTUP_TOOLCHAIN=1.85.1 tools/test-fast.sh	2026-09-13T22:17:43.6834275Z test protocol::tests::directory_fragments_preserve_complete_entries_and_reject_invalid_streams ... ok
rust	Run RUSTUP_TOOLCHAIN=1.85.1 tools/test-fast.sh	2026-09-13T22:17:43.6835772Z test proxy_client::tests::acknowledged_unlink_is_absent_with_and_without_parent_cache ... ok
rust	Run RUSTUP_TOOLCHAIN=1.85.1 tools/test-fast.sh	2026-09-13T22:17:43.6836912Z test proxy_client::tests::deferred_write_error_invalidates_optimistic_observations ... ok
rust	Run RUSTUP_TOOLCHAIN=1.85.1 tools/test-fast.sh	2026-09-13T22:17:43.6837810Z test proxy_client::tests::metadata_cache_fill_is_inside_owner_pause_barrier ... ok
rust	Run RUSTUP_TOOLCHAIN=1.85.1 tools/test-fast.sh	2026-09-13T22:17:43.6838558Z 
rust	Run RUSTUP_TOOLCHAIN=1.85.1 tools/test-fast.sh	2026-09-13T22:17:43.6839061Z test result: ok. 12 passed; 0 failed; 0 ignored; 0 measured; 33 filtered out; finished in 0.29s
rust	Run RUSTUP_TOOLCHAIN=1.85.1 tools/test-fast.sh	2026-09-13T22:17:43.6839627Z 
rust	Run RUSTUP_TOOLCHAIN=1.85.1 tools/test-fast.sh	2026-09-13T22:17:43.6839974Z === issue116_capacity-02c9dff30c56b71d (0.00s, status=0) ===
rust	Run RUSTUP_TOOLCHAIN=1.85.1 tools/test-fast.sh	2026-09-13T22:17:43.6840433Z 
rust	Run RUSTUP_TOOLCHAIN=1.85.1 tools/test-fast.sh	2026-09-13T22:17:43.6840686Z running 6 tests
rust	Run RUSTUP_TOOLCHAIN=1.85.1 tools/test-fast.sh	2026-09-13T22:17:43.6841356Z test probe_a_repeated_overwrite_of_one_file ... ignored, issue116 phase-1 capacity probe
rust	Run RUSTUP_TOOLCHAIN=1.85.1 tools/test-fast.sh	2026-09-13T22:17:43.6842429Z test probe_b_repeated_append_growth_of_one_file ... ignored, issue116 phase-1 capacity probe
rust	Run RUSTUP_TOOLCHAIN=1.85.1 tools/test-fast.sh	2026-09-13T22:17:43.6863033Z test probe_c_many_changed_files ... ignored, issue116 phase-1 capacity probe
rust	Run RUSTUP_TOOLCHAIN=1.85.1 tools/test-fast.sh	2026-09-13T22:17:43.6864015Z test probe_d_wide_single_directory ... ignored, issue116 phase-1 capacity probe
rust	Run RUSTUP_TOOLCHAIN=1.85.1 tools/test-fast.sh	2026-09-13T22:17:43.6865000Z test probe_e_pending_set_charges ... ignored, issue116 phase-1 capacity probe
rust	Run RUSTUP_TOOLCHAIN=1.85.1 tools/test-fast.sh	2026-09-13T22:17:43.6865808Z test probe_f_edit_cost ... ignored, issue116 phase-1 capacity probe
rust	Run RUSTUP_TOOLCHAIN=1.85.1 tools/test-fast.sh	2026-09-13T22:17:43.6866335Z 
rust	Run RUSTUP_TOOLCHAIN=1.85.1 tools/test-fast.sh	2026-09-13T22:17:43.6866750Z test result: ok. 0 passed; 0 failed; 6 ignored; 0 measured; 0 filtered out; finished in 0.00s
rust	Run RUSTUP_TOOLCHAIN=1.85.1 tools/test-fast.sh	2026-09-13T22:17:43.6867246Z 
rust	Run RUSTUP_TOOLCHAIN=1.85.1 tools/test-fast.sh	2026-09-13T22:17:43.6867628Z === layerfs_daemon-428a6630028df2fc (0.00s, status=0) ===
rust	Run RUSTUP_TOOLCHAIN=1.85.1 tools/test-fast.sh	2026-09-13T22:17:43.6868030Z 
rust	Run RUSTUP_TOOLCHAIN=1.85.1 tools/test-fast.sh	2026-09-13T22:17:43.6868271Z running 8 tests
rust	Run RUSTUP_TOOLCHAIN=1.85.1 tools/test-fast.sh	2026-09-13T22:17:43.6868812Z test client::tests::capability_requires_exact_private_file ... ok
rust	Run RUSTUP_TOOLCHAIN=1.85.1 tools/test-fast.sh	2026-09-13T22:17:43.6869723Z test client::tests::prepared_clock_stream_reuses_transport_and_rejects_non_clock_reply ... ok
rust	Run RUSTUP_TOOLCHAIN=1.85.1 tools/test-fast.sh	2026-09-13T22:17:43.6870612Z test client::tests::tcp_capability_is_exact_hex ... ok
rust	Run RUSTUP_TOOLCHAIN=1.85.1 tools/test-fast.sh	2026-09-13T22:17:43.6871335Z test client::tests::tcp_owner_and_bound_stream_authenticate ... ok
rust	Run RUSTUP_TOOLCHAIN=1.85.1 tools/test-fast.sh	2026-09-13T22:17:43.6872278Z test protocol::tests::acknowledged_window_finish_accepts_only_the_exact_zero_sentinel ... ok
rust	Run RUSTUP_TOOLCHAIN=1.85.1 tools/test-fast.sh	2026-09-13T22:17:43.6873155Z test protocol::tests::clock_probe_frames_are_single_write_and_exact ... ok
rust	Run RUSTUP_TOOLCHAIN=1.85.1 tools/test-fast.sh	2026-09-13T22:17:43.6874025Z test protocol::tests::fragmented_and_coalesced_frames_and_exec_bounds ... ok
rust	Run RUSTUP_TOOLCHAIN=1.85.1 tools/test-fast.sh	2026-09-13T22:17:43.6874886Z test protocol::tests::tcp_bound_proof_binds_challenge_owner_kind_and_payload ... ok
rust	Run RUSTUP_TOOLCHAIN=1.85.1 tools/test-fast.sh	2026-09-13T22:17:43.6875412Z 
rust	Run RUSTUP_TOOLCHAIN=1.85.1 tools/test-fast.sh	2026-09-13T22:17:43.6875918Z test result: ok. 8 passed; 0 failed; 0 ignored; 0 measured; 0 filtered out; finished in 0.00s
rust	Run RUSTUP_TOOLCHAIN=1.85.1 tools/test-fast.sh	2026-09-13T22:17:43.6876610Z 
rust	Run RUSTUP_TOOLCHAIN=1.85.1 tools/test-fast.sh	2026-09-13T22:17:43.6876960Z === live_docker-752a86ebcafb0743 (0.01s, status=0) ===
rust	Run RUSTUP_TOOLCHAIN=1.85.1 tools/test-fast.sh	2026-09-13T22:17:43.6877376Z 
rust	Run RUSTUP_TOOLCHAIN=1.85.1 tools/test-fast.sh	2026-09-13T22:17:43.6877557Z running 4 tests
rust	Run RUSTUP_TOOLCHAIN=1.85.1 tools/test-fast.sh	2026-09-13T22:17:43.6878231Z test managed_container_lifecycle_and_disconnect_cleanup_are_exact ... ok
rust	Run RUSTUP_TOOLCHAIN=1.85.1 tools/test-fast.sh	2026-09-13T22:17:43.6878952Z test ordinary_writes_queue_during_mapped_commit ... ok
rust	Run RUSTUP_TOOLCHAIN=1.85.1 tools/test-fast.sh	2026-09-13T22:17:43.6879724Z test pinned_package_install_and_update_survive_commit_and_reopen ... ok
rust	Run RUSTUP_TOOLCHAIN=1.85.1 tools/test-fast.sh	2026-09-13T22:17:43.6880713Z test running_commands_and_dirty_mappings_continue_across_commit ... ok
rust	Run RUSTUP_TOOLCHAIN=1.85.1 tools/test-fast.sh	2026-09-13T22:17:43.6881171Z 
rust	Run RUSTUP_TOOLCHAIN=1.85.1 tools/test-fast.sh	2026-09-13T22:17:43.6881587Z test result: ok. 4 passed; 0 failed; 0 ignored; 0 measured; 0 filtered out; finished in 0.00s
rust	Run RUSTUP_TOOLCHAIN=1.85.1 tools/test-fast.sh	2026-09-13T22:17:43.6882377Z 
rust	Run RUSTUP_TOOLCHAIN=1.85.1 tools/test-fast.sh	2026-09-13T22:17:43.6882640Z === live_fuse-fdafaf91b9112993 (0.00s, status=0) ===
rust	Run RUSTUP_TOOLCHAIN=1.85.1 tools/test-fast.sh	2026-09-13T22:17:43.6883057Z 
rust	Run RUSTUP_TOOLCHAIN=1.85.1 tools/test-fast.sh	2026-09-13T22:17:43.6883292Z running 4 tests
rust	Run RUSTUP_TOOLCHAIN=1.85.1 tools/test-fast.sh	2026-09-13T22:17:43.6883865Z test created_fuse_files_are_coherent_and_mmap_after_reopen ... ok
rust	Run RUSTUP_TOOLCHAIN=1.85.1 tools/test-fast.sh	2026-09-13T22:17:43.6884650Z test namespace_10000_materialization_and_real_fuse_have_one_canonical_root ... ok
rust	Run RUSTUP_TOOLCHAIN=1.85.1 tools/test-fast.sh	2026-09-13T22:17:43.6885486Z test owner_range_edit_rejects_live_fuse_read_and_write_handles_atomically ... ok
rust	Run RUSTUP_TOOLCHAIN=1.85.1 tools/test-fast.sh	2026-09-13T22:17:43.6886411Z test owner_range_edits_have_materialization_and_real_fuse_root_equality ... ok
rust	Run RUSTUP_TOOLCHAIN=1.85.1 tools/test-fast.sh	2026-09-13T22:17:43.6886930Z 
rust	Run RUSTUP_TOOLCHAIN=1.85.1 tools/test-fast.sh	2026-09-13T22:17:43.6887317Z test result: ok. 4 passed; 0 failed; 0 ignored; 0 measured; 0 filtered out; finished in 0.00s
rust	Run RUSTUP_TOOLCHAIN=1.85.1 tools/test-fast.sh	2026-09-13T22:17:43.6887854Z 
rust	Run RUSTUP_TOOLCHAIN=1.85.1 tools/test-fast.sh	2026-09-13T22:17:43.7456726Z === namespace_codec-9437ab71d33a7dd7 (1.15s, status=0) ===
rust	Run RUSTUP_TOOLCHAIN=1.85.1 tools/test-fast.sh	2026-09-13T22:17:43.7457549Z 
rust	Run RUSTUP_TOOLCHAIN=1.85.1 tools/test-fast.sh	2026-09-13T22:17:43.7457805Z running 9 tests
rust	Run RUSTUP_TOOLCHAIN=1.85.1 tools/test-fast.sh	2026-09-13T22:17:43.7458712Z test directory_inode_and_metadata_nodes_are_strict_and_ordered ... ok
rust	Run RUSTUP_TOOLCHAIN=1.85.1 tools/test-fast.sh	2026-09-13T22:17:43.7459571Z test exact_namespace_values_round_trip_and_reject_trailing_bytes ... ok
rust	Run RUSTUP_TOOLCHAIN=1.85.1 tools/test-fast.sh	2026-09-13T22:17:43.7460318Z test inode_decoder_rejects_size_count_and_level_before_entry_allocation ... ok
rust	Run RUSTUP_TOOLCHAIN=1.85.1 tools/test-fast.sh	2026-09-13T22:17:43.7461234Z test metadata_builder_keeps_only_bounded_tail_summaries ... ok
rust	Run RUSTUP_TOOLCHAIN=1.85.1 tools/test-fast.sh	2026-09-13T22:17:43.7462273Z test metadata_child_ranges_must_not_overlap ... ok
rust	Run RUSTUP_TOOLCHAIN=1.85.1 tools/test-fast.sh	2026-09-13T22:17:43.7462995Z test metadata_empty_root_is_canonical_and_one_child_root_is_not ... ok
rust	Run RUSTUP_TOOLCHAIN=1.85.1 tools/test-fast.sh	2026-09-13T22:17:43.7463805Z test metadata_lookup_and_fixed_key_replacement_touch_only_one_cow_spine ... ok
rust	Run RUSTUP_TOOLCHAIN=1.85.1 tools/test-fast.sh	2026-09-13T22:17:43.7464565Z test persistent_metadata_tree_round_trips_multiple_levels ... ok
rust	Run RUSTUP_TOOLCHAIN=1.85.1 tools/test-fast.sh	2026-09-13T22:17:43.7465312Z test portable_and_apple_metadata_are_exact_and_order_preserving ... ok
rust	Run RUSTUP_TOOLCHAIN=1.85.1 tools/test-fast.sh	2026-09-13T22:17:43.7465823Z 
rust	Run RUSTUP_TOOLCHAIN=1.85.1 tools/test-fast.sh	2026-09-13T22:17:43.7466246Z test result: ok. 9 passed; 0 failed; 0 ignored; 0 measured; 0 filtered out; finished in 1.15s
rust	Run RUSTUP_TOOLCHAIN=1.85.1 tools/test-fast.sh	2026-09-13T22:17:43.7466739Z 
rust	Run RUSTUP_TOOLCHAIN=1.85.1 tools/test-fast.sh	2026-09-13T22:17:43.7833556Z === layerfs_daemon-dda9cee70dac623c (0.11s, status=0) ===
rust	Run RUSTUP_TOOLCHAIN=1.85.1 tools/test-fast.sh	2026-09-13T22:17:43.7862105Z 
rust	Run RUSTUP_TOOLCHAIN=1.85.1 tools/test-fast.sh	2026-09-13T22:17:43.7862727Z running 5 tests
rust	Run RUSTUP_TOOLCHAIN=1.85.1 tools/test-fast.sh	2026-09-13T22:17:43.7893160Z test linux::tests::broader_window_retains_native_peak_and_reports_large_gaps ... ok
rust	Run RUSTUP_TOOLCHAIN=1.85.1 tools/test-fast.sh	2026-09-13T22:17:43.7922205Z test linux::tests::forced_group_cleanup_reaps_descendants_without_stealing_status ... ok
rust	Run RUSTUP_TOOLCHAIN=1.85.1 tools/test-fast.sh	2026-09-13T22:17:43.7952089Z test linux::tests::merged_resource_samples_bind_boundaries_and_operands ... ok
rust	Run RUSTUP_TOOLCHAIN=1.85.1 tools/test-fast.sh	2026-09-13T22:17:43.7953162Z test linux::tests::starting_execution_is_reserved_cancelable_and_spawn_holds_no_registry_lock ... ok
rust	Run RUSTUP_TOOLCHAIN=1.85.1 tools/test-fast.sh	2026-09-13T22:17:43.7982207Z test linux::tests::workspace_closed_waits_for_watcher_and_releases_mount_reservation ... ok
rust	Run RUSTUP_TOOLCHAIN=1.85.1 tools/test-fast.sh	2026-09-13T22:17:43.8011834Z 
rust	Run RUSTUP_TOOLCHAIN=1.85.1 tools/test-fast.sh	2026-09-13T22:17:43.8042113Z test result: ok. 5 passed; 0 failed; 0 ignored; 0 measured; 0 filtered out; finished in 0.11s
rust	Run RUSTUP_TOOLCHAIN=1.85.1 tools/test-fast.sh	2026-09-13T22:17:43.8042859Z 
rust	Run RUSTUP_TOOLCHAIN=1.85.1 tools/test-fast.sh	2026-09-13T22:17:44.0022265Z === extent_model-f0c065a8c6df16b2 (0.22s, status=0) ===
rust	Run RUSTUP_TOOLCHAIN=1.85.1 tools/test-fast.sh	2026-09-13T22:17:44.0038627Z 
rust	Run RUSTUP_TOOLCHAIN=1.85.1 tools/test-fast.sh	2026-09-13T22:17:44.0072221Z running 5 tests
rust	Run RUSTUP_TOOLCHAIN=1.85.1 tools/test-fast.sh	2026-09-13T22:17:44.0082398Z test deep_splice_rejoins_boundary_fragments_before_they_become_nonroots ... ok
rust	Run RUSTUP_TOOLCHAIN=1.85.1 tools/test-fast.sh	2026-09-13T22:17:44.0112186Z test fetched_identity_is_unconditional ... ok
rust	Run RUSTUP_TOOLCHAIN=1.85.1 tools/test-fast.sh	2026-09-13T22:17:44.0122072Z test frozen_three_mib_mapping_is_below_one_percent ... ok
rust	Run RUSTUP_TOOLCHAIN=1.85.1 tools/test-fast.sh	2026-09-13T22:17:44.0142019Z test missing_payload_batch_callback_is_rejected ... ok
rust	Run RUSTUP_TOOLCHAIN=1.85.1 tools/test-fast.sh	2026-09-13T22:17:44.0172071Z test product_range_reader_uses_bounded_authenticated_payload_batches ... ok
rust	Run RUSTUP_TOOLCHAIN=1.85.1 tools/test-fast.sh	2026-09-13T22:17:44.0181743Z 
rust	Run RUSTUP_TOOLCHAIN=1.85.1 tools/test-fast.sh	2026-09-13T22:17:44.0212421Z test result: ok. 5 passed; 0 failed; 0 ignored; 0 measured; 16 filtered out; finished in 0.22s
rust	Run RUSTUP_TOOLCHAIN=1.85.1 tools/test-fast.sh	2026-09-13T22:17:44.0231848Z 
rust	Run RUSTUP_TOOLCHAIN=1.85.1 tools/test-fast.sh	2026-09-13T22:17:44.1153931Z === extent_model-f0c065a8c6df16b2 (0.43s, status=0) ===
rust	Run RUSTUP_TOOLCHAIN=1.85.1 tools/test-fast.sh	2026-09-13T22:17:44.1171969Z 
rust	Run RUSTUP_TOOLCHAIN=1.85.1 tools/test-fast.sh	2026-09-13T22:17:44.1202269Z running 1 test
rust	Run RUSTUP_TOOLCHAIN=1.85.1 tools/test-fast.sh	2026-09-13T22:17:44.1222408Z test mutation_batch_preserves_root_and_persists_only_final_extent_spines ... ok
rust	Run RUSTUP_TOOLCHAIN=1.85.1 tools/test-fast.sh	2026-09-13T22:17:44.1231770Z 
rust	Run RUSTUP_TOOLCHAIN=1.85.1 tools/test-fast.sh	2026-09-13T22:17:44.1262560Z test result: ok. 1 passed; 0 failed; 0 ignored; 0 measured; 20 filtered out; finished in 0.43s
rust	Run RUSTUP_TOOLCHAIN=1.85.1 tools/test-fast.sh	2026-09-13T22:17:44.1281930Z 
rust	Run RUSTUP_TOOLCHAIN=1.85.1 tools/test-fast.sh	2026-09-13T22:17:44.2032753Z === extent_model-f0c065a8c6df16b2 (0.20s, status=0) ===
rust	Run RUSTUP_TOOLCHAIN=1.85.1 tools/test-fast.sh	2026-09-13T22:17:44.2061780Z 
rust	Run RUSTUP_TOOLCHAIN=1.85.1 tools/test-fast.sh	2026-09-13T22:17:44.2072797Z running 3 tests
rust	Run RUSTUP_TOOLCHAIN=1.85.1 tools/test-fast.sh	2026-09-13T22:17:44.2092386Z test extra_payload_batch_callback_is_rejected_without_panicking ... ok
rust	Run RUSTUP_TOOLCHAIN=1.85.1 tools/test-fast.sh	2026-09-13T22:17:44.2102316Z test full_empty_read_authenticates_and_binds_its_mapping_root ... ok
rust	Run RUSTUP_TOOLCHAIN=1.85.1 tools/test-fast.sh	2026-09-13T22:17:44.2132028Z test streamed_build_and_ranges_match_vec_oracle ... ok
rust	Run RUSTUP_TOOLCHAIN=1.85.1 tools/test-fast.sh	2026-09-13T22:17:44.2132430Z 
rust	Run RUSTUP_TOOLCHAIN=1.85.1 tools/test-fast.sh	2026-09-13T22:17:44.2132818Z test result: ok. 3 passed; 0 failed; 0 ignored; 0 measured; 18 filtered out; finished in 0.20s
rust	Run RUSTUP_TOOLCHAIN=1.85.1 tools/test-fast.sh	2026-09-13T22:17:44.2133283Z 
rust	Run RUSTUP_TOOLCHAIN=1.85.1 tools/test-fast.sh	2026-09-13T22:17:44.3192193Z === extent_model-f0c065a8c6df16b2 (0.20s, status=0) ===
rust	Run RUSTUP_TOOLCHAIN=1.85.1 tools/test-fast.sh	2026-09-13T22:17:44.3222024Z 
rust	Run RUSTUP_TOOLCHAIN=1.85.1 tools/test-fast.sh	2026-09-13T22:17:44.3232648Z running 8 tests
rust	Run RUSTUP_TOOLCHAIN=1.85.1 tools/test-fast.sh	2026-09-13T22:17:44.3262245Z test authenticated_child_summary_mismatch_and_underfull_nonroot_are_rejected ... ok
rust	Run RUSTUP_TOOLCHAIN=1.85.1 tools/test-fast.sh	2026-09-13T22:17:44.3292115Z test extent_visitor_streams_the_mapping_without_fetching_payload_bytes ... ok
rust	Run RUSTUP_TOOLCHAIN=1.85.1 tools/test-fast.sh	2026-09-13T22:17:44.3321976Z test fetched_payload_above_frozen_ceiling_is_rejected ... ok
rust	Run RUSTUP_TOOLCHAIN=1.85.1 tools/test-fast.sh	2026-09-13T22:17:44.3322826Z test paired_diff_handles_unequal_height_and_partition_without_payload_reads ... ok
rust	Run RUSTUP_TOOLCHAIN=1.85.1 tools/test-fast.sh	2026-09-13T22:17:44.3352163Z test paired_diff_skips_equal_roots_and_length_mismatch_mappings ... ok
rust	Run RUSTUP_TOOLCHAIN=1.85.1 tools/test-fast.sh	2026-09-13T22:17:44.3382023Z test payload_batches_continue_across_mapping_leaf_boundaries ... ok
rust	Run RUSTUP_TOOLCHAIN=1.85.1 tools/test-fast.sh	2026-09-13T22:17:44.3382938Z test splices_match_vec_and_preserve_retained_root_without_suffix_payload_reads ... ok
rust	Run RUSTUP_TOOLCHAIN=1.85.1 tools/test-fast.sh	2026-09-13T22:17:44.3412692Z test validation_binds_empty_state_and_visits_unread_children ... ok
rust	Run RUSTUP_TOOLCHAIN=1.85.1 tools/test-fast.sh	2026-09-13T22:17:44.3441784Z 
rust	Run RUSTUP_TOOLCHAIN=1.85.1 tools/test-fast.sh	2026-09-13T22:17:44.3472565Z test result: ok. 8 passed; 0 failed; 0 ignored; 0 measured; 13 filtered out; finished in 0.20s
rust	Run RUSTUP_TOOLCHAIN=1.85.1 tools/test-fast.sh	2026-09-13T22:17:44.3473201Z 
rust	Run RUSTUP_TOOLCHAIN=1.85.1 tools/test-fast.sh	2026-09-13T22:17:44.4142191Z === extent_model-f0c065a8c6df16b2 (0.67s, status=0) ===
rust	Run RUSTUP_TOOLCHAIN=1.85.1 tools/test-fast.sh	2026-09-13T22:17:44.4156028Z 
rust	Run RUSTUP_TOOLCHAIN=1.85.1 tools/test-fast.sh	2026-09-13T22:17:44.4172347Z running 3 tests
rust	Run RUSTUP_TOOLCHAIN=1.85.1 tools/test-fast.sh	2026-09-13T22:17:44.4202701Z test large_replacement_persists_no_flushed_unreachable_prefix_nodes ... ok
rust	Run RUSTUP_TOOLCHAIN=1.85.1 tools/test-fast.sh	2026-09-13T22:17:44.4211049Z test mutation_batch_rejects_later_overlap_before_sealed_nodes_can_be_orphaned ... ok
rust	Run RUSTUP_TOOLCHAIN=1.85.1 tools/test-fast.sh	2026-09-13T22:17:44.4216501Z test replace_persists_no_new_unreachable_objects ... ok
rust	Run RUSTUP_TOOLCHAIN=1.85.1 tools/test-fast.sh	2026-09-13T22:17:44.4251879Z 
rust	Run RUSTUP_TOOLCHAIN=1.85.1 tools/test-fast.sh	2026-09-13T22:17:44.4282326Z test result: ok. 3 passed; 0 failed; 0 ignored; 0 measured; 18 filtered out; finished in 0.67s
rust	Run RUSTUP_TOOLCHAIN=1.85.1 tools/test-fast.sh	2026-09-13T22:17:44.4311745Z 
rust	Run RUSTUP_TOOLCHAIN=1.85.1 tools/test-fast.sh	2026-09-13T22:17:44.7572283Z === v4-ff37a180fcb3297f (0.56s, status=0) ===
rust	Run RUSTUP_TOOLCHAIN=1.85.1 tools/test-fast.sh	2026-09-13T22:17:44.7591387Z 
rust	Run RUSTUP_TOOLCHAIN=1.85.1 tools/test-fast.sh	2026-09-13T22:17:44.7642381Z running 8 tests
rust	Run RUSTUP_TOOLCHAIN=1.85.1 tools/test-fast.sh	2026-09-13T22:17:44.7648982Z test compact_framing_public_lifecycle_and_file_boundaries ... ok
rust	Run RUSTUP_TOOLCHAIN=1.85.1 tools/test-fast.sh	2026-09-13T22:17:44.7662611Z test concurrent_commit_has_one_cas_winner ... ok
rust	Run RUSTUP_TOOLCHAIN=1.85.1 tools/test-fast.sh	2026-09-13T22:17:44.7663638Z test directory_initialization_receipt_counts_scanned_files_and_bytes ... ok
rust	Run RUSTUP_TOOLCHAIN=1.85.1 tools/test-fast.sh	2026-09-13T22:17:44.7664976Z test entity_names_enforce_the_exact_boundary ... ok
rust	Run RUSTUP_TOOLCHAIN=1.85.1 tools/test-fast.sh	2026-09-13T22:17:44.7665842Z test exact_v10_schema_runtime_and_old_schema_rejection ... ok
rust	Run RUSTUP_TOOLCHAIN=1.85.1 tools/test-fast.sh	2026-09-13T22:17:44.7666965Z test no_op_commit_writes_nothing_and_every_publication_statement_rolls_back ... ok
rust	Run RUSTUP_TOOLCHAIN=1.85.1 tools/test-fast.sh	2026-09-13T22:17:44.7668117Z test one_store_initialize_fork_commit_add_and_dedup_are_atomic ... ok
rust	Run RUSTUP_TOOLCHAIN=1.85.1 tools/test-fast.sh	2026-09-13T22:17:44.7669399Z test visible_missing_and_same_length_corrupt_objects_are_integrity_errors ... ok
rust	Run RUSTUP_TOOLCHAIN=1.85.1 tools/test-fast.sh	2026-09-13T22:17:44.7670261Z 
rust	Run RUSTUP_TOOLCHAIN=1.85.1 tools/test-fast.sh	2026-09-13T22:17:44.7671293Z test result: ok. 8 passed; 0 failed; 0 ignored; 0 measured; 0 filtered out; finished in 0.55s
rust	Run RUSTUP_TOOLCHAIN=1.85.1 tools/test-fast.sh	2026-09-13T22:17:44.7672302Z 
rust	Run RUSTUP_TOOLCHAIN=1.85.1 tools/test-fast.sh	2026-09-13T22:17:44.7672714Z === fastcdc_shifted_stream-2b174339757f6af1 (0.44s, status=0) ===
rust	Run RUSTUP_TOOLCHAIN=1.85.1 tools/test-fast.sh	2026-09-13T22:17:44.7673259Z 
rust	Run RUSTUP_TOOLCHAIN=1.85.1 tools/test-fast.sh	2026-09-13T22:17:44.7673519Z running 1 test
rust	Run RUSTUP_TOOLCHAIN=1.85.1 tools/test-fast.sh	2026-09-13T22:17:44.7674389Z test shifted_stream_retains_a_frozen_canonical_suffix_that_fixed_blocks_lose ... ok
rust	Run RUSTUP_TOOLCHAIN=1.85.1 tools/test-fast.sh	2026-09-13T22:17:44.7675007Z 
rust	Run RUSTUP_TOOLCHAIN=1.85.1 tools/test-fast.sh	2026-09-13T22:17:44.7675539Z test result: ok. 1 passed; 0 failed; 0 ignored; 0 measured; 0 filtered out; finished in 0.44s
rust	Run RUSTUP_TOOLCHAIN=1.85.1 tools/test-fast.sh	2026-09-13T22:17:44.7676301Z 
rust	Run RUSTUP_TOOLCHAIN=1.85.1 tools/test-fast.sh	2026-09-13T22:17:44.7676687Z === extent_codec-9052014fe323939b (0.00s, status=0) ===
rust	Run RUSTUP_TOOLCHAIN=1.85.1 tools/test-fast.sh	2026-09-13T22:17:44.7677263Z 
rust	Run RUSTUP_TOOLCHAIN=1.85.1 tools/test-fast.sh	2026-09-13T22:17:44.7677487Z running 3 tests
rust	Run RUSTUP_TOOLCHAIN=1.85.1 tools/test-fast.sh	2026-09-13T22:17:44.7732690Z test literal_empty_leaf_and_file_state_are_exact ... ok
rust	Run RUSTUP_TOOLCHAIN=1.85.1 tools/test-fast.sh	2026-09-13T22:17:44.7733563Z test profile_digest_is_literal_and_malformed_framing_is_rejected ... ok
rust	Run RUSTUP_TOOLCHAIN=1.85.1 tools/test-fast.sh	2026-09-13T22:17:44.7734864Z test selected_nonempty_boundary_ids_are_literal ... ok
rust	Run RUSTUP_TOOLCHAIN=1.85.1 tools/test-fast.sh	2026-09-13T22:17:44.7735357Z 
rust	Run RUSTUP_TOOLCHAIN=1.85.1 tools/test-fast.sh	2026-09-13T22:17:44.7735928Z test result: ok. 3 passed; 0 failed; 0 ignored; 0 measured; 0 filtered out; finished in 0.00s
rust	Run RUSTUP_TOOLCHAIN=1.85.1 tools/test-fast.sh	2026-09-13T22:17:44.7736676Z 
rust	Run RUSTUP_TOOLCHAIN=1.85.1 tools/test-fast.sh	2026-09-13T22:17:44.7737216Z === layerfs_cli-aa9d9486f651ee4c (0.00s, status=0) ===
rust	Run RUSTUP_TOOLCHAIN=1.85.1 tools/test-fast.sh	2026-09-13T22:17:44.7737769Z 
rust	Run RUSTUP_TOOLCHAIN=1.85.1 tools/test-fast.sh	2026-09-13T22:17:44.7738052Z running 1 test
rust	Run RUSTUP_TOOLCHAIN=1.85.1 tools/test-fast.sh	2026-09-13T22:17:44.7738922Z test runtime::tests::bounded_protocol_round_trips_arguments ... ok
rust	Run RUSTUP_TOOLCHAIN=1.85.1 tools/test-fast.sh	2026-09-13T22:17:44.7747780Z 
rust	Run RUSTUP_TOOLCHAIN=1.85.1 tools/test-fast.sh	2026-09-13T22:17:44.7748849Z test result: ok. 1 passed; 0 failed; 0 ignored; 0 measured; 0 filtered out; finished in 0.00s
rust	Run RUSTUP_TOOLCHAIN=1.85.1 tools/test-fast.sh	2026-09-13T22:17:44.7749478Z 
rust	Run RUSTUP_TOOLCHAIN=1.85.1 tools/test-fast.sh	2026-09-13T22:17:44.7749867Z === monitor-d87e48d853480060 (0.02s, status=0) ===
rust	Run RUSTUP_TOOLCHAIN=1.85.1 tools/test-fast.sh	2026-09-13T22:17:44.7750338Z 
rust	Run RUSTUP_TOOLCHAIN=1.85.1 tools/test-fast.sh	2026-09-13T22:17:44.7750583Z running 2 tests
rust	Run RUSTUP_TOOLCHAIN=1.85.1 tools/test-fast.sh	2026-09-13T22:17:44.7751248Z test candidate_stats_accept_store_admission_bounds ... ok
rust	Run RUSTUP_TOOLCHAIN=1.85.1 tools/test-fast.sh	2026-09-13T22:17:44.7752264Z test passive_snapshot_has_zero_sql_and_explicit_analysis_is_exact ... ok
rust	Run RUSTUP_TOOLCHAIN=1.85.1 tools/test-fast.sh	2026-09-13T22:17:44.7752807Z 
rust	Run RUSTUP_TOOLCHAIN=1.85.1 tools/test-fast.sh	2026-09-13T22:17:44.7753372Z test result: ok. 2 passed; 0 failed; 0 ignored; 0 measured; 0 filtered out; finished in 0.02s
rust	Run RUSTUP_TOOLCHAIN=1.85.1 tools/test-fast.sh	2026-09-13T22:17:44.7753974Z 
rust	Run RUSTUP_TOOLCHAIN=1.85.1 tools/test-fast.sh	2026-09-13T22:17:44.7836872Z === compact_namespace-815879fa0c6f43e6 (0.01s, status=0) ===
rust	Run RUSTUP_TOOLCHAIN=1.85.1 tools/test-fast.sh	2026-09-13T22:17:44.7837651Z 
rust	Run RUSTUP_TOOLCHAIN=1.85.1 tools/test-fast.sh	2026-09-13T22:17:44.7837890Z running 2 tests
rust	Run RUSTUP_TOOLCHAIN=1.85.1 tools/test-fast.sh	2026-09-13T22:17:44.7838677Z test compact_logical_lifecycle_preserves_scopes_hardlinks_and_history ... ok
rust	Run RUSTUP_TOOLCHAIN=1.85.1 tools/test-fast.sh	2026-09-13T22:17:44.7839618Z test compact_reconciliation_merges_independent_content_and_metadata_edits ... ok
rust	Run RUSTUP_TOOLCHAIN=1.85.1 tools/test-fast.sh	2026-09-13T22:17:44.7840170Z 
rust	Run RUSTUP_TOOLCHAIN=1.85.1 tools/test-fast.sh	2026-09-13T22:17:44.7840775Z test result: ok. 2 passed; 0 failed; 0 ignored; 0 measured; 0 filtered out; finished in 0.01s
rust	Run RUSTUP_TOOLCHAIN=1.85.1 tools/test-fast.sh	2026-09-13T22:17:44.7841419Z 
rust	Run RUSTUP_TOOLCHAIN=1.85.1 tools/test-fast.sh	2026-09-13T22:17:44.7894039Z === proxy-9215f833e3d9f8f6 (0.38s, status=0) ===
rust	Run RUSTUP_TOOLCHAIN=1.85.1 tools/test-fast.sh	2026-09-13T22:17:44.7895410Z 
rust	Run RUSTUP_TOOLCHAIN=1.85.1 tools/test-fast.sh	2026-09-13T22:17:44.7895988Z running 7 tests
rust	Run RUSTUP_TOOLCHAIN=1.85.1 tools/test-fast.sh	2026-09-13T22:17:44.7896750Z test cached_directory_pages_are_bounded_and_keep_first_and_later_offsets_consistent ... ok
rust	Run RUSTUP_TOOLCHAIN=1.85.1 tools/test-fast.sh	2026-09-13T22:17:44.7898062Z test capability_scopes_a_bounded_typed_proxy_session ... ok
rust	Run RUSTUP_TOOLCHAIN=1.85.1 tools/test-fast.sh	2026-09-13T22:17:44.7898996Z test connect_does_not_enumerate_or_reserve_a_hundred_thousand_entry_root ... ok
rust	Run RUSTUP_TOOLCHAIN=1.85.1 tools/test-fast.sh	2026-09-13T22:17:44.7899955Z test deferred_mutation_errors_surface_at_the_next_synchronization_point ... ok
rust	Run RUSTUP_TOOLCHAIN=1.85.1 tools/test-fast.sh	2026-09-13T22:17:44.7900885Z test owned_write_reply_releases_receive_loop_and_completes_once ... ok
rust	Run RUSTUP_TOOLCHAIN=1.85.1 tools/test-fast.sh	2026-09-13T22:17:44.7902046Z test owner_edit_invalidates_warm_file_caches_without_remounting ... ok
rust	Run RUSTUP_TOOLCHAIN=1.85.1 tools/test-fast.sh	2026-09-13T22:17:44.7902962Z test read_ahead_never_returns_short_before_source_eof ... ok
rust	Run RUSTUP_TOOLCHAIN=1.85.1 tools/test-fast.sh	2026-09-13T22:17:44.7903581Z 
rust	Run RUSTUP_TOOLCHAIN=1.85.1 tools/test-fast.sh	2026-09-13T22:17:44.7904095Z test result: ok. 7 passed; 0 failed; 0 ignored; 0 measured; 0 filtered out; finished in 0.37s
rust	Run RUSTUP_TOOLCHAIN=1.85.1 tools/test-fast.sh	2026-09-13T22:17:44.7904730Z 
rust	Run RUSTUP_TOOLCHAIN=1.85.1 tools/test-fast.sh	2026-09-13T22:17:44.8090101Z === leases-cb44cfe6a2fc1b0c (0.03s, status=0) ===
rust	Run RUSTUP_TOOLCHAIN=1.85.1 tools/test-fast.sh	2026-09-13T22:17:44.8092751Z 
rust	Run RUSTUP_TOOLCHAIN=1.85.1 tools/test-fast.sh	2026-09-13T22:17:44.8093308Z running 1 test
rust	Run RUSTUP_TOOLCHAIN=1.85.1 tools/test-fast.sh	2026-09-13T22:17:44.8094321Z test writable_workspaces_share_a_branch_and_clean_up_independently ... ok
rust	Run RUSTUP_TOOLCHAIN=1.85.1 tools/test-fast.sh	2026-09-13T22:17:44.8095226Z 
rust	Run RUSTUP_TOOLCHAIN=1.85.1 tools/test-fast.sh	2026-09-13T22:17:44.8095675Z test result: ok. 1 passed; 0 failed; 0 ignored; 0 measured; 0 filtered out; finished in 0.02s
rust	Run RUSTUP_TOOLCHAIN=1.85.1 tools/test-fast.sh	2026-09-13T22:17:44.8096472Z 
rust	Run RUSTUP_TOOLCHAIN=1.85.1 tools/test-fast.sh	2026-09-13T22:17:44.8351605Z === v4-d7a4f3ee8682b84c (0.03s, status=0) ===
rust	Run RUSTUP_TOOLCHAIN=1.85.1 tools/test-fast.sh	2026-09-13T22:17:44.8352907Z 
rust	Run RUSTUP_TOOLCHAIN=1.85.1 tools/test-fast.sh	2026-09-13T22:17:44.8353263Z running 1 test
rust	Run RUSTUP_TOOLCHAIN=1.85.1 tools/test-fast.sh	2026-09-13T22:17:44.8354004Z test public_sdk_runs_one_store_workspace_commit_and_add_lifecycle ... ok
rust	Run RUSTUP_TOOLCHAIN=1.85.1 tools/test-fast.sh	2026-09-13T22:17:44.8355269Z 
rust	Run RUSTUP_TOOLCHAIN=1.85.1 tools/test-fast.sh	2026-09-13T22:17:44.8355787Z test result: ok. 1 passed; 0 failed; 0 ignored; 0 measured; 0 filtered out; finished in 0.02s
rust	Run RUSTUP_TOOLCHAIN=1.85.1 tools/test-fast.sh	2026-09-13T22:17:44.8356434Z 
rust	Run RUSTUP_TOOLCHAIN=1.85.1 tools/test-fast.sh	2026-09-13T22:17:44.8521493Z === query_pagination-45931e62fd369c89 (0.02s, status=0) ===
rust	Run RUSTUP_TOOLCHAIN=1.85.1 tools/test-fast.sh	2026-09-13T22:17:44.8530184Z 
rust	Run RUSTUP_TOOLCHAIN=1.85.1 tools/test-fast.sh	2026-09-13T22:17:44.8533650Z running 1 test
rust	Run RUSTUP_TOOLCHAIN=1.85.1 tools/test-fast.sh	2026-09-13T22:17:44.8534346Z test typed_keyset_queries_page_every_local_record ... ok
rust	Run RUSTUP_TOOLCHAIN=1.85.1 tools/test-fast.sh	2026-09-13T22:17:44.8535072Z 
rust	Run RUSTUP_TOOLCHAIN=1.85.1 tools/test-fast.sh	2026-09-13T22:17:44.8535542Z test result: ok. 1 passed; 0 failed; 0 ignored; 0 measured; 0 filtered out; finished in 0.01s
rust	Run RUSTUP_TOOLCHAIN=1.85.1 tools/test-fast.sh	2026-09-13T22:17:44.8536496Z 
rust	Run RUSTUP_TOOLCHAIN=1.85.1 tools/test-fast.sh	2026-09-13T22:17:44.8536709Z === v5-b2cdfb0f5424aeba (0.06s, status=0) ===
rust	Run RUSTUP_TOOLCHAIN=1.85.1 tools/test-fast.sh	2026-09-13T22:17:44.8537031Z 
rust	Run RUSTUP_TOOLCHAIN=1.85.1 tools/test-fast.sh	2026-09-13T22:17:44.8537330Z running 1 test
rust	Run RUSTUP_TOOLCHAIN=1.85.1 tools/test-fast.sh	2026-09-13T22:17:44.8537797Z test v4_rejection_and_legacy_v6_staging_preserve_exact_publication_semantics ... ok
rust	Run RUSTUP_TOOLCHAIN=1.85.1 tools/test-fast.sh	2026-09-13T22:17:44.8538169Z 
rust	Run RUSTUP_TOOLCHAIN=1.85.1 tools/test-fast.sh	2026-09-13T22:17:44.8538500Z test result: ok. 1 passed; 0 failed; 0 ignored; 0 measured; 0 filtered out; finished in 0.06s
rust	Run RUSTUP_TOOLCHAIN=1.85.1 tools/test-fast.sh	2026-09-13T22:17:44.8538960Z 
rust	Run RUSTUP_TOOLCHAIN=1.85.1 tools/test-fast.sh	2026-09-13T22:17:44.8539221Z === materialize-33c9c40e60bfc581 (0.00s, status=0) ===
rust	Run RUSTUP_TOOLCHAIN=1.85.1 tools/test-fast.sh	2026-09-13T22:17:44.8539729Z 
rust	Run RUSTUP_TOOLCHAIN=1.85.1 tools/test-fast.sh	2026-09-13T22:17:44.8539927Z running 1 test
rust	Run RUSTUP_TOOLCHAIN=1.85.1 tools/test-fast.sh	2026-09-13T22:17:44.8540401Z test port_materializes_files_metadata_hardlinks_and_symlinks ... ok
rust	Run RUSTUP_TOOLCHAIN=1.85.1 tools/test-fast.sh	2026-09-13T22:17:44.8540743Z 
rust	Run RUSTUP_TOOLCHAIN=1.85.1 tools/test-fast.sh	2026-09-13T22:17:44.8541067Z test result: ok. 1 passed; 0 failed; 0 ignored; 0 measured; 0 filtered out; finished in 0.00s
rust	Run RUSTUP_TOOLCHAIN=1.85.1 tools/test-fast.sh	2026-09-13T22:17:44.8541463Z 
rust	Run RUSTUP_TOOLCHAIN=1.85.1 tools/test-fast.sh	2026-09-13T22:17:44.8597051Z === reconciliation-eed78db2d2a5ff1f (0.10s, status=0) ===
rust	Run RUSTUP_TOOLCHAIN=1.85.1 tools/test-fast.sh	2026-09-13T22:17:44.8597547Z 
rust	Run RUSTUP_TOOLCHAIN=1.85.1 tools/test-fast.sh	2026-09-13T22:17:44.8597648Z running 2 tests
rust	Run RUSTUP_TOOLCHAIN=1.85.1 tools/test-fast.sh	2026-09-13T22:17:44.8598090Z test materialized_resolution_ignores_unrelated_edits_and_remains_writable_after_commit ... ok
rust	Run RUSTUP_TOOLCHAIN=1.85.1 tools/test-fast.sh	2026-09-13T22:17:44.8598672Z test published_commit_reports_projection_failure_and_recovers_without_recommit ... ok
rust	Run RUSTUP_TOOLCHAIN=1.85.1 tools/test-fast.sh	2026-09-13T22:17:44.8598998Z 
rust	Run RUSTUP_TOOLCHAIN=1.85.1 tools/test-fast.sh	2026-09-13T22:17:44.8599236Z test result: ok. 2 passed; 0 failed; 0 ignored; 0 measured; 0 filtered out; finished in 0.09s
rust	Run RUSTUP_TOOLCHAIN=1.85.1 tools/test-fast.sh	2026-09-13T22:17:44.8599544Z 
rust	Run RUSTUP_TOOLCHAIN=1.85.1 tools/test-fast.sh	2026-09-13T22:18:10.3472498Z === fs_benchmark_pro-0b5f4f430d894eec (61.59s, status=0) ===
rust	Run RUSTUP_TOOLCHAIN=1.85.1 tools/test-fast.sh	2026-09-13T22:18:10.3473017Z 
rust	Run RUSTUP_TOOLCHAIN=1.85.1 tools/test-fast.sh	2026-09-13T22:18:10.3473180Z running 7 tests
rust	Run RUSTUP_TOOLCHAIN=1.85.1 tools/test-fast.sh	2026-09-13T22:18:10.3474106Z test storage_smoke::integrated::tests::ordinary_format_probe_does_not_create_compacted_storage ... {"kind":"storage-format-probe","schema_version":10,"metadata_groups":1,"storage_policy":"ordinary","sqlite_version":"3.45.1","status":"PASS"}
rust	Run RUSTUP_TOOLCHAIN=1.85.1 tools/test-fast.sh	2026-09-13T22:18:10.3475360Z ok
rust	Run RUSTUP_TOOLCHAIN=1.85.1 tools/test-fast.sh	2026-09-13T22:18:10.3475705Z test tests::namespace_family_registry_and_dispatch_are_exact ... ok
rust	Run RUSTUP_TOOLCHAIN=1.85.1 tools/test-fast.sh	2026-09-13T22:18:10.3476285Z test workload_source::dedup_branch_history::tests::mixed_v2_contract ... ok
rust	Run RUSTUP_TOOLCHAIN=1.85.1 tools/test-fast.sh	2026-09-13T22:18:10.3476816Z test workload_source::dedup_workloads::acknowledged_bytes_survive_a_later_write_failure ... ok
rust	Run RUSTUP_TOOLCHAIN=1.85.1 tools/test-fast.sh	2026-09-13T22:18:10.3477434Z test workload_source::dedup_workloads::cdc_delete_offsets_preserve_all_but_the_frozen_collision ... ok
rust	Run RUSTUP_TOOLCHAIN=1.85.1 tools/test-fast.sh	2026-09-13T22:18:10.3478074Z test workload_source::ordinary_workloads::tests::native_payload_and_episode_match_independent_oracles ... 
rust	Run RUSTUP_TOOLCHAIN=1.85.1 tools/test-fast.sh	2026-09-13T22:18:10.3478535Z running 0 tests
rust	Run RUSTUP_TOOLCHAIN=1.85.1 tools/test-fast.sh	2026-09-13T22:18:10.3478743Z 
rust	Run RUSTUP_TOOLCHAIN=1.85.1 tools/test-fast.sh	2026-09-13T22:18:10.3479133Z test result: ok. 0 passed; 0 failed; 0 ignored; 0 measured; 32 filtered out; finished in 0.00s
rust	Run RUSTUP_TOOLCHAIN=1.85.1 tools/test-fast.sh	2026-09-13T22:18:10.3479431Z 
rust	Run RUSTUP_TOOLCHAIN=1.85.1 tools/test-fast.sh	2026-09-13T22:18:10.3479555Z ok
rust	Run RUSTUP_TOOLCHAIN=1.85.1 tools/test-fast.sh	2026-09-13T22:18:10.3479887Z test workload_source::v016_common::tests::load_fixture_role_pools ... ok
rust	Run RUSTUP_TOOLCHAIN=1.85.1 tools/test-fast.sh	2026-09-13T22:18:10.3480147Z 
rust	Run RUSTUP_TOOLCHAIN=1.85.1 tools/test-fast.sh	2026-09-13T22:18:10.3480402Z test result: ok. 7 passed; 0 failed; 0 ignored; 0 measured; 25 filtered out; finished in 61.58s
rust	Run RUSTUP_TOOLCHAIN=1.85.1 tools/test-fast.sh	2026-09-13T22:18:10.3480727Z 
rust	Run RUSTUP_TOOLCHAIN=1.85.1 tools/test-fast.sh	2026-09-13T22:18:10.3481131Z test-fast: one or more native test batches failed
rust	Run RUSTUP_TOOLCHAIN=1.85.1 tools/test-fast.sh	2026-09-13T22:18:10.3557483Z ##[error]Process completed with exit code 1.
