revision	root	transition	file	output_digest	occurrence_digest	closure_digest	range_digest
1	18f33e3ca6030e966cf8ed41c0b43f4769de8b02247f453fae447627bee4b77c	60d191810b303b26d12453add0b9e1718b1f1b654473615d9323f0ee477a9b7d	2274f609bfbd578a600da5e07b1deed6ff2c9a77927eaba854b0ebf7ab542142	f79de600cf44b20c4443e06d2e2b9e8819e956ba5a7bcc9cab4ffd8a08059cf8	c2b4a92188569d206717210b596dde9b8aeade1c9c81b87f02b8d0d6ebda1112	7e806f7023c3e33914c59d2b0d0d84bca8859fdbd7663b55f5f5c99313252d42	1728cb1e8667e87cb43922d8ccb6552f7b8fae082808e8d1ca1dbb67f27548b8
2	02027f397c2f49fb23336cf41ee7734c75abfe687ba9d94c748d2b7d357196f1	c6277df1c97589739942f545e9a655f6db95d7d3cc7a5f181d2c2a4fe2b9808e	f4dad473df6d6d9191e2b8eb560af4d3c9d18ae6686a8839313db66b07ec77d1	e540f0994075c2dca92a4bd825755a162567ca174382f3981dba0c945a78c77a	83f63fe84594fda727ff1b2d26964f44261ce7ba2feb4cb963d095d5894d8b9c	28dd58bf4c95ddc77393998e109f20d1317c7761922f22d9065d03c4565ce4e7	7de7b417a00b336dc3cc5b440c3262ff8cc0cd9c38d099aa1c3dff2e685c3079
3	eb784b62c2e0daf54e4a685c4598039909976e4c934021f7a83feb8cebac802b	92a365af8b3f560e001c69659921d5ec4e8d9ec141804f72d4729285210e5562	7916b9a3c288d73037ea55df926e0d137daf9e46e92a663fcad1e795997d9e59	7ac623fb3e85bb510d787f4ee7dccc98dc2cd03da31c507896ebe94eb615dff3	74db9cac46517c1088457bfc93842d7c46a9094c12013fcdb79180ba1cd4a995	e23df25be27baef8efe1cea709a28370de3c90002497df96e591cf9cf9d1b59b	3b9050cf7ce700bb81b4263cfad5695abee56e207489928e4ba5b40e1de82cd9
4	f3212bf3c8553268cd51d4361506d8ad47c0b966f11bb48534e782f7664da629	9318503f4f81781cec8cd5a4b3f346522afba5075c79f3f4b657cc0cb200a331	eb5bae2c78e32f3afa2ba6543d7294091885e4afea1c791723d1b951d8db308e	fff3671c76ab501260171fd24fbf16bc6b928a54f6c557a42e8854949d6855e6	84763b103a176c4f8da47f30c5e3d0ecfab7beca758ff9aa5a6ef83290e6df5a	58327682b6b37d2e3f4ef2d403c52c3ff6325db75e58cfcf2e1dd17eff2baea7	a132c1f7d3633ed4f5938fe1ad8f85e2cc5dfc0860fb6ff81fea34edf4c10723
5	de551f9ededf631c6ee4a551659570c2efacccb569da830844b6e5701184458b	5b0352dea98b2c973a3766ca1e62215384e47f439e7f73f608e9cf6ded3c10fc	4624ff7be828a899fca70957773b34ccdf36bbf8964def583e986f667866e5ae	19542aa99c82ace0a7aec89bb92934cb9478196cbe0140a54e13c72864b9a72b	3424e26b0e4b92f4a89ad6ee7489c2ea26bbcd098e81297e8595f6b0852c5e80	ec7a8f94d11d1e930ba72b01a37858db4e1d2409781cad4f7f1b43296d6ddd1e	7c6790ca1093bb91f1103dc26c8c1b944fd16a16fac0407511cc0d12d0488a68
6	18e343517e4102d7a635fc31899c64015174c5eb091c7eedea85941cf4c9d875	640a0343c68d76beee3c4749f4ee3d198b3c97ab337330c50b38925c9d4cf7cd	6d973ad847281aa21dd8a51e2fcf6305faf1e0da1f0cb3be284c92e04aa8b669	15c24b4d7de8d4c2bd782b50bf6a4ad4e139a520cb79b4b2a7d9eeb889c2baf4	0345e1dc41a1c40decf672958cf2aae187b28083b1ebb841acf14723206910cd	c72f8081938eabb02d3547f8bbe20870fdc5715340e7351a95b7adf8ec17f8a6	17c2e3c6ee153000090ef5f3c09f448c78d8964c058a5b27ff21cb4e3130cba2
7	ad9da1b088c5c42a3f93bfbf59eaeacb7e76d5524cc584f4a8e29e79c125c2bf	cb03911cd898a104f7f6f1cf2a5d8e6b330c1607bb609e1be5bf35abbf35f724	4e5b78a336a84efe81dfa1d1a994d3ece2fbb125b6d27e04c2f6fce1667c439d	48c6a0cce9c3c06ecf07f051ae7b6dcf21b215de0f550d0b10b263fb1b5044dd	8e598e2a0ff6222b2c593d73fe7fbc4c1aa91cad1dcc9ee3c11d7d7e305fcd80	93ebf700bcdd27ef1a42d68d2471f3dba4940982389de62af96c50cf21eb4baf	689c8fdeb0b44cca25cafaaa384c5e77eb7d2f181dc859ddda8236d7d947c653
8	14d0328febe0943812e12f95d30a51299ccc9df93014edd7da51ee73f42d63c1	9d4da86194e4fb32d49f630b899daa51e47c2cbcfccba60c0cae8eff502bf7db	204b3b27a44ac13a8ca0bcd060748bf093061093af0af3ac73fff86dc78e4f29	8f5093eb2f96993aadc2b6937a498d9407251711649dd3ac522c38d41da83ffc	0281bb32ed73d5ad36a95b990e437624159348beb4239c1e49bc7346e1137018	1da7bf81cc96a9cc6a15bd030bf060db0b1e37db35de60380769b6963e07550e	fc13f12f9c211a332468c1e88ed35b461625f6786999c3945aa1baec1f4ad406
9	856bf5ae67cd709259d320130113fc590cf45bd4d5ec389f38736b9a11a2cf4c	538e09fb8bd002d4699b0920344da7d56ddb0fc11eaaeb7d21fdf5fc51e55dae	722d470480e31914b35db692c36230e93b904e7f92317f67d078b30ba0ab92f0	b915557b57ac6641a3973e3b9f38fc758eda25a1e23d133c92177a2cdf1339d0	e5c78bf6cbabd86c8d0ff46560524d4b5b8d64b6d5e346ad4a68531cbb87eb08	f72cbe60f1189b9d9c03706034259bb2f021b2bb78294f48fed6203a19bc6c6d	6eaec021c5d76e528b94cdcfce92cfa81b060f7e403e6d2bd71bb69d5a7536c6
10	569b304a66c6ac3a67612ab97302daa1a49b9d1a0301d5dd2316a73006b33c6d	19ae4c53412bd98b4b7b4b3a8f878e90a634d83c8788ee3965e5bc29e5f6e444	ae9c6a63dc49516682314dcecb80faa66e8c28ebbe70bfe20d88bc3f660ba0a6	dad6f3e7ea0050c9fdea1cca97f074760cee55b738ea42010c77e03d071419da	4ad164f526bb8d199f49f755d2b7bf4999da50195e3c53abf9db209a5551ea40	8648e0f6028b4812c8af6f974cb476d33bbbff92fe8b8772012812038630eceb	3fc215c41e5505082807bb1bd17c0b8bdbccdecf256b3ec7c271f2230b32837a
11	0d8bda8478e2246e4532c10fe8e4c89afe43cbf29cb7b89ea896db11abbe0250	eb5c1ea0b43fe1a6db16a4427b6eafd49b7847ec4676d70ca84e7237e4112999	fb052b2eef0cfd95eb7c8b33880fde1d876510e29d30c348a660d09fca55fd2b	f57b2057d411ca3daef3266d25a383647e62bae07456b30895587cbc6e6da298	f73e7bf12a36d925eaeb3010a2a2831564cc0f9469e591df51a757c8e4c48de9	046a65838ce06671ce5fe742e1fd58a84a4f4f95d0753e9d877223ffac4a17c6	95a96a88f7d96d9d6886f28c2449a9300d1fe494fa165ab15ddb2471907da9a2
12	92a889e27f643bbb65fbce48bc51d260921dd03156f6001f19ac939dabf61236	1b264fc1b508aa5f17644025bb35652b45433a273584d4b4a564843e079c6346	4ce883760887aae3eb00e3c13ad13309238accd97eeda3c9508f21739c52688f	5d0fadd0cf64d2ae666c767c92de8355489f98d8b8d685a0e2a0e6246f4e376f	56b609bf630356d0550da59be94f52da93afcf393e8d1eebee993f520b1f0e71	2f85443d8e128f9f4f83d6df8eb74c00a221dff20574016228e33692b4d8e6e2	491910850590cf8933058a9953426b49eee0c3367b91cd0cfb816b96dc26178c
13	0e7d71410446d11c070edee625552670d9f1f85a83d2837e372366771253a835	9c5b8278a6f2be2fef7dc0fae56e7c408b2ca6b7b4404222f8e6755655f23fa1	1a7a8ae97097643d45f73d24a60692518aaed77459d6e484c41587995b0481ef	8778dd1d64852926ec28ff7ff7f9978a9fe65cf5280dd60ac73e16f58bad8674	62eee74d9fada37b5b6019399b824bb5ae93a159a501f73bf086e91a56562710	8617da1f95147065fb83de76e765e01dde1a4184cf171ef02d473b7dd7d20b2c	bfa06bba598aa60b98e6750e71089d593501d8549ad52679955322eaf1d648c6
14	37f2bff0468f029ead6804adb8d3326f8c7296ec80e32d94dc3591fc994e8f3d	2ab6a5cb633a3d32bb7145cf19cea771a0835f25e2f60ce9beeda2e962e17d45	e2b40825acf8eaae350b5090ecbc74603658f92b70265531f51b95607f17b1b0	21b7f0ceaebe11a50e1036e4769e86e0912f46c54736bb2387ce940ce911cc52	1cc27ba44b187da48f09b1c40259212cbe1b1b83e8df971ce7fba33351ce165d	4f97b1b696c5bfd22b1d486791e51844aaf85370210c6d7ce4bb0054e8dc89a4	470cdf43f0200c1413fe5dc1a10f5ef744da73a584950b4f6f77724ef7e7685d
15	0e2385a86b14f61ab49e8473d672cec67008ed5a9bf03f3ef7ad1a2fda4bc497	c39b6548542b9cb04240663f81942560859db0e04bdc1d869b424649137573ab	aeadd9c49c28ef42b5490e7707e9c46000d7587a5e97dbcda2c0bbd254a82ff8	862d2374db78a3cc9138156a90d4300d59483b50ebf76eea42da5dccf4bd1dc1	26e799757837fdf17978f798ff85bf666cc6caddbc8a9475aa99364b6c8fc015	3e1b6eeb5ee6dd23af288ced89e53a7a200be872a6a901ded8fd4becd616c033	ff92167963728dc696a0f8a445baefdefcb2af7162e8972e5abbe1b6d974b4bc
16	b5da414bb766a271d3550b1ac114fbab34129a62e1542490525198ec30dac145	5cead4d3f37172a763dd8f48c886136ae73c26c1377bf0aee4b94ad9e574212e	b631a7def05ed0b34c7d8767dd2ab61ddeedaf8f29178056097d3ebd245a2426	2dae55419efed253ceb6104f57274865e317ffc1e2ab1c4c8824f9f3e62c3772	06bc8d20c2cc642ae618d9e1a6c250fc1334de35ff06433dd4689db3d8985497	5d0d509689cd7f9b04c56eb7961affd3e2817ba36bcef65adebd732efa043675	6dcb929d5ba4aae5200b90d7f611b1058905147b186c4cfdf122281c9cc15148
17	b9c65dbbcad1aa96f4a73584a83203a124903cc3fb4f7f283df75aeb83fc6e40	9a55adab5f7beded43f238160fb855b9a7dcdaa0a5b7479af6e7d4388d0d2fa1	18acb0db64a33a4e239496eb4af0236da600b2521ee40c8e690c0a000a56a0e7	3a82c88a8c1e7a5fd304657cda4d2a77344301b6e64bf9fdac4610f914d63a5b	d575c000f7c8a9fe9551e5112d018528215d18e9636f548fc39b04d0fcb7ab09	e04884634384c88da4687513a8e7a3e52fecf354c6293f4909ab3f7edee8fbdf	831227e922952fa00b9c4733607eedde30219324b515741422b3315c985fc36f
18	3cc05ebc37289a068634c0b0ae7a6efaf755eef64fb8a53029095a42064e456b	34219d3a6f976f5cb47d2959d29add82afb06ba7dcea2d8816cf05e1a62327e8	321b838e95c599bcfdcd116c5f487bea221b359fdcaef5ef8225a62e0a26ef48	aa21852a46d163f23eaa79950e179adb0801be63efef280bc14a73503e604c65	478acf9c4457992b0bbfa4dc38f727c9d00c169bc9f20fd4754ed68e98551280	5d582bf4f303a3dd264f88783db02acb58d426f9a62c098d3e900b8ec543cae5	677e0a6e04299dcecc5f61bfec81123d3d56c5e657011ef1fbd5430522c74411
19	2e8238c35238e5c225df3eb65c7c6de6a53fc6102157a4fa700b6ae258dee51d	409ea6de09232e4bcecc2ce924a3c760bbadfcb7564f3db477f52c82d7511ee4	9e8d74d35fe838f4b93a3731d5587ca90693f392a5706b5e375c8e317ee5b258	23b258e6c5d054762522220d660938237a67a4b5f7e8be3b829e8057030963dd	d6b6497b1a270bda22ef98ab8b18939e9a22a1a72a9859681a337287491959a5	a07733c6306e2a36d9e192c26a2d767f16c08fcbeaa28ead5d46d31ae372d9fc	8924a5498fb6183b6be9003cddc3fb1828f8c29eb8b45deb6489d4eda9c20cf8
20	1c95f1d37e90fe5103d3de52338caf51b2be4d2b464889fa78813f097ef724df	f567be19b15f3bfc305b143313e84826527b5a30381770b8892013423e972b59	c374091694452788376e34f24c57356a4fe2a1554929e4f3cb79b9bf52f730e0	6052d40c048b7b92060b6ae20841ac4668e22b3dc58202ca89c99f472c98be67	81a067f3077c257053cf6d0a780b8afe06ced26227dbe69dced4b2bec1b1cc3f	7c7fc9f693241a8d397e9dc4053a62328c821137ac3464d8d6925c87a16de2ae	ca95b61b63f3055d5a25ba85554144b929c4503dd74fa8092a05eb640605051c
21	1e49e4d4ab878ea9f8e549b8d78196f941952a8847fc106b288a838981e574a3	98f231b69c8b53c18179bb55cec8f522e066cdb4bc29a7293984c172ea7a1dcb	4e008727a0eb7d1c9ea675486385c17fa1f55777e258a595e4e707473275b5fd	faf0ea5160bf4826b07b7196098f2a4165a8f5403b367a6d653d0bb2ff6d2612	b64d007c057ec05900e2c075e0aab5faacfe3ace155539216e3029c6f85ed5ed	a3bc1b5b1bd593fdad36a45110a41c40a8f8b54b79ce205acd09a6bd94b8f5ab	0535c5eb3e684a8067093f4e1ef3c38e3feef236b7915b5bb817556a4ece1753
22	15a893446c178459583a7bc5111019751765610900332632358aab9c16b30cf9	c819d78194b94eaa700bef3489c3200096acbfedc6368640b7cf6ee2239479e5	1e0cb928632db91dfe6509f870263b6c93df66ba052b7d0ace8cc06690ade199	1af573284d66639b4c1fe0d8b81a0b780dc750c2c5d2c82ff76a81c7b1958e75	b391b335e5fcdcd3bb112da605071338bac8daeaa6e1e277ff9f1f061084f1ea	09394c0ffcb261b8063078f1042bcc4bf8a25bbc82e30e53e906483db88368af	42f0fa903f1e4ddbda72148c06540524a314e93950c0d5ffa0f490e060bb6817
23	098c942d31ff9ca3b0776ecf003cb229b0bee6092c13728e7dc8bf375bde0ef6	64b60246afe2df582df5fee07f0d35f7bbc2c059e731dd11b7cf337fa3dc4b1c	768ca453a9a47a7224de672b98ed877bb83450c48d6ffad6fdf8fa2201e94453	fcf4c83d3011d61706ec40bf117693ecdef9059dc3c92e362dbb478edd47646c	a347307d917a46c7bfedec54486ae0b21718984ec62d0a13501f3083a3f24723	ccd59a75bc4205c5d58b2c80e45b4a66ecb6e048d49d83acd18f9a69a9b5fe93	6467b2c7aaedeca1b69b5cf39878b1451aac02ed34f9d0da60613b9fa49d8513
24	728ec96f5337c24f0d9a2860d4694d8bec3b2a9e89bb83633fd8882eef125851	51818b1908a247d6cdeac2c7bd664e2673ed27ef19ce40c3b54f6f1ce51b9faf	7ba83c90ffa1a82e8de973c23a11a5188a456246cfb49f184315b2eac048d9e0	fec03a5262f1b5bb5d39248bcd2eb8c9e47ef82b247ae19b1aa073ab5246de84	239079b64c0c708372f32c7ed563a01f321ab06b523af916b7d16c474b1a24ba	cc9ff30fe23c95d43faa166f1c92a354b4fd4ef1bf35f1542b0c7a822752e664	39623a2b43572d3db1f0294094b1202b3cf56b42e7469f81cc688bccc6115e6f
25	ba4b4672a2915874b6f22cf49e182d55bb6cf84c89460a8a97af404a92c2f99b	94d1a9790734552ddd31af16e7eb6e12f4c611178586b5b3c68b85c0a6156ec6	636e67ee6f589a55061dab67e0038da7b39cf384a5db1a50f72580bd9cc6053c	e4cd7803306e5f2aaa652d6c6f087f50cb25e560720df453822430449dee4ab3	c3f5e3eba8423374e761c676abf218033066895e32968d4195adf8afb4f3282c	81c54451b38012e7b404e25074e7bda57e32a047dbc79b836dfaf9def4ac3657	30d5315836436728ae3ca1dccc8003f06ba36cf8b39d0499a6879d54222551d2
26	29fc30c9f71a9f7007efa2517bf8d1c2e448f49dbd958406eb233a4100c36206	48f47e2c1d71b13e8c41a2832b9747432faa6fee5839906e31376aa613dfbdc1	4c72efa7eaaad6856379f41d57b30236c445183a66ce8b36dd4c715a85f7b825	956210db1e6209588cca93da7113f5102d394f9fcd10f90e275f46142de8243b	3ffad01efdedebd0a60f4e21bd2744095c79709136da08514be2accc589dc4a0	96e6644c2deaab3b622cfbca46fb5263a3fd95d15f5bd0488b2eff6d08dbed1c	35d74e28064aa37fc75f9f193d0c63739ab1dd005296169677fcc461ab7810ad
27	f1672f64fc30b173e08e7ecf19220048bf152a6cd8d168d74f8b082a610ffb50	de9ffbf5417fdf11269180a3e00808817fae8178a622a2f3f3fd156eb8b249db	d358d2e690c47cfb689f11a0dca45f5131da45fa03d4221ab1b8cccac23d619c	458310573bb2a7e814e050b62e19b9bba0dc7307a4ab8bee5ac1f0fdec7fd941	9d8c678927339c22d2be6474c8546d35e1e00ca8407007fa9510fa2697a21dad	7ba4a247dd85c6841700b2271f288f508a9ce2a83e8402f32e0ddaacbdea6bb8	eb4abfdf8e06a9281cf38c30959ebf70754d9bc1415449dece21a955fdf6551b
28	4c59bafcfa6762319288882b230fdd9abbf05ab70a9b63bf2fb228622b436652	aabce265a78f593d7ab68ddcb1f9bb77b0e7c37c5116d609d9e59326383a2823	4776b941cc68bcdaacfa7c7dd9e1236e64331876208f30c0e9caa492306891a1	f6cb9f0f96573a24de06edf4a96f64e5124031a08fb2a339c99d742f22c652de	76b53999f80cbc52f074947107fcfa38b1b236257a12044ef45103befbf56648	9caf78b0ded9686d0854d2a9e9b82284003abf3955e869a1a9fdb6cc6380f32c	a7c3862c8c878225f7a15b11a5049217a169aed92721c8557362272d39f95e66
29	9c33629f552371b401ba1c78bb351aa47264cde003d9b5c3920a58c9c2f34da8	26dbf05da6d5a5bbebe7a335768705762b637dc6b8720700cbe07865e4fa99c2	9d8af2886f0d90acc3e1413d990573014f2111fd74ea5afd0cd26fc3bf684f09	c1302e08f517cfe95ed3de3faa3a75c1d626e5e4228954fe708687fef52fca58	45ddc20d00e7dc37fe5d3245c2dd04b94af1d82c6132ea3127b233375f0a5672	344c2857df86afbde83e44428521d68f346dce39bff523da2b11f174663a6639	fcf9d6e445ac546ea429d59bc48220ce135e949c34f58bc1b7214fe2da47580e
30	52cc116daa71ffb75ba38baa7ea7fffc7666aae3be382135151743f184e0df6b	4e5b3319d1041ef7d99e55c99561ca68901085a17aab6e7c4ce0ff4e57ad6ff6	2954045ed49c13ff66db937c8b96b2f8b5951ade757823d0c8e46d194e6951a0	9b0f4d404cd7b76310b39a6c198ab57fff5fc4caf3fea499037a71e51f7b57de	cad5f4c4ecfa88e677fa6446210eb9920514c8e7c51b8a20ab8030a4324809cb	06fb16e497d292aee0ec88bc6e9ce2be4cc2a0044edc085ba961912164ca2883	499bffe1d7c4f5cf98b19f3e2fae1ce14e04ba7e2ab962c1cba38bfe5b9fd662
31	ef091442ed78e1ef5d1565877618629f72c6a0bc94faf04c9719d9b251d5471c	56ed4a5125519dd63da0b0646901fdfd1b1c66563888f13e3aaa0b1ee899cb12	7e985c7c4fb7d2d33bf048bfd76e57d3bd897881a386c3571fe76d0eb35bba6a	25660ed4c811a78fe5414248f6084362e7a3effb7e8baf70ed1f515b328e530d	8c8719f71a15afd73d9ed0301a73911dbe99d39566d0bf98f324db3c3118c44a	5a1fbff48f9450f6900708b8d61d626f002cd4da9d76ea1fb31251716b8a0360	7668dd0a049d30564342e89f2cddde4bd67c935c60eb06c3acdbc1c0e704294a
32	a5a95500d3533e83ff4692dcbe95021b57008bb3276fcfa2a8c7f81f52701f0b	4db4454874ac457b3a487c3bbfcaaba0ea038bc9d8ac232752912a6ee6f3f758	a890fdb8b6dd795dbd8fe6fcdafafddc289850ee5d4f098b74fa644522ca731b	9b8e227b1c7f811cb54874bf4b7ac09fc9efeab501c48c21fd0be9ff963773ad	f25277ac2c8565ae2f7d234d4dc1841797deb12ebadeb7e9f8d1cfbcb3ddea21	99b21932e72195cbbea6d9ee4c00f3a22cd436e6c36586ecffc190e3f9eb7990	3d4011b58ac4fb9f8f3d06b1c2b9bc568e8708af51e3c7cd1c84d65c619ee756
33	9d4f1b7dc7b46bf208300b9b7dbaadea3a7395c93a9c3a8fd6bcc5024190f148	c159c022737aa2d67174089ed6c44a51146008ef2af730b74457940ba32a9b40	d2ee648eed396bc17c847943083092aef6439cc1b9a23f3f019c81306217f3a6	4c5a24c71469ff48639bf65ace4a8b4f8cddc49f6f30be9048e78703b1a42878	53633ba902ff8051d7243f7e77d9c49bd2e7a511970f1521ca7df076fd5c9902	9f048caa668572897d362a4e54fe4bd6c141bc5ca185f388c3dd936bba64af44	d62cc7af265b54ec703146900a49b40a61df80add95271b1864e78acbc96c31c
34	46372e2bb3aca41594933e9f3ca8f1be2b7e0f63ae5c41212eda3f920bcb53fd	f7a362351b7c136c1cc9484cc61e7504949aa26b749a33f4535245025dbaafc4	6707749d6331b84cf3c50a332673314987193fa4de7a88ce9d8f57b8c61454f5	8d91055dbaf182508c091eb854bd64ec5e5bbcb4d31e5419c0128ce935a71daf	2298e9a306b2d4ef3fa4c589488f6ac45391b836e098fef07dc1c316868dbbdc	9850e70213d87749873a6bc9197cabf3f7f6f4e3179c10c132f4471a7cd9fae6	136ebaa91d778eee1f389c847f578e7490f7eb66d122b206f101780df4ee7223
35	0f95bb95a9feb437dc38c28ccb290948aeed08a8bee352be91d82b8d7576cbf6	f56c412a0d8be6187c598945d35147daf7e13892937f66423d39148c80dba211	bb315213eba02dbe667df114073f8feaae23861505bbeb5c1a97b58d5131b8e8	e79dfe69d35941a9d9b13e75219d386f0f6aa34591128c4b463406c0fae4e00e	2a5aff45b81276d7320db824da48a293ec04687927ebeabaa228327ac51e5c0b	fca1e90f93fd6af8d5d0a6daebc34fe8fa6fa562d3cad7cef401485d535c383a	f2478bffcf406a3fc401746566594847b837da73347db3395175bee31f89dae8
36	27de8ff697450a9375196eba2426473ad7ba8892b38b4f08744c8bb29f1b5cc2	3ecdadc564589fd938db50e9acfcf435dc099a4cb0375c46b8bd0dcc1ab3b7e6	e3f95e5c5970e5770b4075123b1ac4007d4d764b7c136971dfdc21b27f327ff6	58d765ab47bd9079de9af5828c378e2b1276b6f9a9210fbd3503cfea8ce3bfc1	b359cae44257c6085493f2711fad96ffe0e00c0510fd6bf5020d95f7ddb6791a	bc97c8923f3650106ab043215878d72c43ed1e3c47070ec95ec1094017e18167	8221c5b83e3e742c507b3ef011cfae355010e9903e9835ad5f9c0f2c2ead8b1d
37	3771f20439f35e50dba1757fa21ec54531e28f39ba49b6e7d98bc77d5125bef7	ed027b117d011cc98e6c046c2ed78105169a70d82cebd16d855357d15484f68f	ac73240a1d841c39e8c569580aab4347e2a305ce0c5a6ebf92bd28fd6340e717	0b59581bcc68c62bd19598259e255387f3dff39f0aac0081056e7f1fce699647	efc3fdbe0e1be63243a3065f92fc63cb6886d53b8635392fea70cf48f152368a	4961359136b7f839dc0915ff488bf8162a1d5918ca417e2ffe51d351932f3aff	b80064a638d603605fd659482a612d4e8ad2b94f950a8f25016996db39d266da
38	80ef5763677366e4675554820ef00e49ba37aaffa8b14d2c8b2a54a12c22ba51	1241702134d044cfbc608af4b94ed5f275c17170b2d6ffd79a8590f178dc9f4c	0f7dc9e5b4f943fe073a034b8944f49c525dad75b60a14e2a9a7c388e2e1c986	c949458cca02d52461e4634ab287ce8a83af6b1be4f469011779260b850d1f0b	beb0a5e2fb24e7979247244bf029fa8ab99afcba933395117d85d9dd8d1a09e4	e0da7a2480ce923274c17961bff5ff1b46649697f21007aaeca7e7de05099a7b	904bee9f0feba250ecf3fbe192256ab2c382270f0e86e28944ef4552c26038d5
39	aac23cbec24cbf5c03a01d2ef01fb47552d317b0d743e8324b24ad1a505c727b	e676fae8c80c7030d3394ecb101e9b697515ef8c3453da05a6f5a2c85a85624c	115967ac27d55cd75dc9242507ebe9402cb0032cdacc5a7c31f5a3e255fec7a9	520f67ba21dd53b0b891eb53842f52017a4fad473c2cc01ff3828a51dfca177b	e622011de5ca856f6f7a463b48381db71e43c368e422430e1c399670797b0c60	e5b69c7263dfe961527029629a20d6977523250a35ef0fae1516ec17ad461d7f	2add0208b252a14561ee7e22f1ad4c764937e92dac7ab255dc06ded835148922
40	26ddbc6c78c59d45106044356dfe68e3f930568bac9d50b1a2cc967988facc84	2bbdc18748d8a46dbb0b76bad1239b262e6657fd7e07a544c4283f12375ae6cc	4305c4abb8cb587bb6de6e6aaecfa858a6ddd6c1dfe3a9c579ad6bd95d43558c	f1455050d54bdf931e4ca81be7a3dea230651905204935c8a4ae5e6c309b8e9d	209aae02f0a0f9e0996a1af710d322b9e142b3704a61771af8d70006acdb6fe5	278180a7464cb16e05e5280af26ddd06776ba160c872726e0c15255619dc554f	2ef2cbd01a87baad15054b55c64afa89c338547b001c39fa949c8cfa99b29c16
41	22f38d84deb7ab2dce49db30afde3800110b1f83d9e533a6e4e69dd7f6658196	3705db5124494f29267dd1af116d0f08e937d26c9df0a44b852bec3268a6a33f	062ccd26acf3037d2f6af1c5340bfd74441af9483ff722e52ab06bf5af346e7f	96fafe32d9499df04267fc604a158541abc7511ec65c34d044be936f1db423a4	be1acd7b151ea95814e3f454e01f21e6cea0a5e3e61b1d49367a4a8725286496	ead41c2a6a604cf6aea54badca183dbe8eae3d8db7127f4598dc8c914cd56384	270de3c5a4cff29ba80c04148df5e116b3931689e442d77713b9a2fef5b1db95
42	1017d852a1d1903acc8c227d18de065de5c27c3ddd0e83d2ce914c12463a60b5	2445590618f4bcd8850a8148731c2c54a0f03754a620db4cf52c60c475e2f3bf	34646c84947b73be66e4d9b437f84c9a8ffee63f5b1ed969f292a421075edf44	cec5f660e239605a94a58d60b599f354e0b957ca39031dd7b9037dd23c268e5f	d804a065878fb768fab9cb8fd384c4b76944818959326cd9282adfee01cd55e0	53241dbc0be3511de2dc16b3cb25081137b08f083152481c02c51ca543b4524d	675310ff4e09e79d82057f49465e02eb832240d2f23ddbe0b48147b04a2e5ee8
43	79935644f3fe76f22c88a8877ab6c222989edbf13e220b1fbb437539b8c6b89d	c7274ee1724c6f850659aafec7ca5206f945ce0356d9ba7a069a95d01b34f97a	c8511370661c4f701ff61707df226b6ff3c5e2c0409eed336d3333902e52d999	7906962ef4d3483c2c335d11e868751112af656caccfcb20ec9fc2407a47c403	7d1f8a6283e356fb9563eb178d2646bbfb535d4a61f90c5b8f4078432f798d33	e99e3b4c603269f083068eb2ad7046870a48a9c9fcd283a23bb3d1c341f7021b	b1b1c5faaf4f86cfc5f4d54a962158a56824d50f2718df90fa1d9d00efb0101e
44	3cf017934d39ac3f6250062caee34a5dd43338188c7d9b9947ffa093daeef121	09c339ad90a5381f158ac7e4fb9afa27b0f317e6224a9ed5ee437472bf51190a	3a300bf651c6f06b8e5a41b16b5333dd53a98210c1b0ebfe56a4452ce06435dd	0d9c9067bf07a937291fb84ca19c3c15c12a2c6a5f9ca56e2358fa8f2c1086e3	a05f8a893a9ad1fa513d4f4feee26cbf69fa67f677f5db708137d18630cb5c82	2ea1d0fdadb1fc9f9307e0beeca1ea5dd87a0f9f98447d2126ba7320f3f6aec5	ed551922a2002df443d2a98479add356c035ccf457a8117af20de243ec410421
45	0c43753acb7b7332ff22f76f128e2d185ee88b8ae7c89fbb5b9372c979c5b616	0d7d214dc44ce3b5eb2e4166bb62e45f6ce8fe0c785a44372d907c10b99f9997	7f4a03fdc1a6182ce22c6a89c9bb0f999d4a1cffbe4771d12b29d140b5fda490	68c277ceaa72902a16163af5251aa620ab4df38fbdc842a8c138cf959ecb36e0	a9b5d3ce0aa24f63b80e933151925572542aa617da6831485520acee255aa0b2	8b1928fd4c5e831e5751aa7dccbe0380d6c9bfa5ffa93ae249d793aa10a64435	9c14ecdf4ff3079d9e18d35b359996cb6a22138e5c94bf861bb4b91cd54f1ba7
46	fc28a2881f1eca4a77bff1e9830a7273ed1ccae7891d38e239d25cc24d88b90b	2d9b518c473c6f7dc72c268c86fff95400c38e41cea6f3cf85e47b7387990a3f	e79714a4b56df8a2df17e45aaabc5f5a727693e92b5d5579c24fcfe25e2f52d0	3ce2130e18f754b21627ac81376f2d9f719ff59974d27446f20fc5a974da2d8c	2c31790a1a650d3948e23bae4ff34ffef39e76a679a36b51d71b0b1d96fe20ac	8d6c247deb342b929f5fb3a69a41b17377c2d39c8d707221c5f88658e675412b	ac358c16ade8a8016958d48bb899f0705616373b0e3384b39788a39b6b40a77e
47	5db5e2714bce1a92dd7dc0bab9e7811f1ee1f88a081b23491e4bcbf9459c9dcb	78d9744e6c191750c9006fbea0c5ce21e14909d8710f93cb1b0735f4bc5a491f	676cebcebf82c9151ca106cc288e0dc084161c49424a4fbbdad0236c811d464c	f0092a741757614e5b4e71d2972a91ac4711a8dd1f920572c20dfc533203ce00	ff2a7a2ccb1a9d08b4bc8a5ca357d0747ddd9ba58765455c028dcdd91f01646c	3b236219b68992c0de725dbb95ed043ef656af7a9d3210504e9ccf6369ffd713	1186ec23afa0648becd9427d08ba4c5cfe068fc6ef9221f2adcfd5df05f0e8de
48	fa72daa3025fd937ac86643144d8e5033cd99049d76ad9e662851f9f5c063f14	71591ba1d025c07717abc781f1a179970162c30cdc553d228124d54038ef777e	7c75b3adac6d8b6733d7e42315d0ccc4d863a3cd9c216b2a7d918ae0bd5da388	aaa802badfb2e90af90f619adf4b92a11bac6b1d17a5f7c2efa395e702a2fea4	d821c1353d70ab093e3d52e25746ed1960b06e78ddd7b636b7e2433f5d2eef79	19fbd44a3ce2f776f1b9bfb13b9e5274120012cb2694db1fa1791194a8e95500	54eb35f7df7375d41221b6f3ca50d6d4024a12600a5abbd66999068258d150fe
49	4b4c62d6a5484a461ae92c0fb5ee2944753d0318a952dff206085dcb163f16e4	262106339d877d9b95c5c2a1f2827a6c2912b2a3767d341909d9ce24c73e9f89	5a1ae1f2f9ad0b59a32b19f2613fb9a15a1c7ee90c448d2c4bfcbcb63420e0fa	74ad30e48f0beaac9edd0c625aff6f956a9342d3c8d4f37ec009e6dcf5d3bf85	fd9572dc40b536e8c61809f696672a8988eb66fbeb40b568476699dc62cb85c4	b30ca107d6a7868e6833ec5564f3141cc016b9656bd47bad3a22b3f15f30e0a3	9f01e8a83c9987a3b1642e343f5db39b132f4bae306bebb509153d3a186e641c
50	3ba3d75efa1ef6107e58f2fda5e84131fc399541da8873e139acdd484d4d20d9	8c0f9391ce714b45ed78aef3f2ba8b22819a52e6f22dee029db8b27c538650aa	4ceaf35db2c6afecbaa8e31ef6c205e90b55f48b778b6e6ab49b34b84469ce62	8a088f7327c04149cf54c577123ad70ea881666e98accca3be8e748c6a47499d	989ec09631579fd5cdc1425fe4de5f9b1f781e93cdf02cc98240fa74965aa5a3	5db5336d711b828ca25938ecb6b4b2857481459e26f265ff8d3d0056035b924c	58f67a270cf4d2205d47f7ca8db7d03da9508623dd7737e42913ed349277b664
51	da4b2d8db88db620b4d4b11b43af5bd7aa43d98a316ede18082d0a0aa1665855	0a510aaac4525e71910f306a8bafab92d359dce729d26d16a2f962a7c0d0c2f0	286a97646a07cc9246227d3cc464f3eb963f0b706afc1f7d7b428dcc88c38e69	44880515c4e998b582c0cdb0a517d64ed4d4808ced3410cdb5be10e7a2c702e2	a16c94a1cbd947a9c881f80fbd79cb77afb6749f7bc2dfa2cdbeb03492d7bfd2	f333a5af0a471a1eb68094258693dc5e8e2c52fb100a687c4cd1f6baf564a835	a156d7cbad748d0701c35c6c7976a95d94123f4645ad05e719bcb9149f49c506
52	7fbbd3288d5988e327fbbba3db97bce0c98e1b0fe6f793bab61953a81a7eba4c	05d5692f687079d67a6fe964fd9489ca0418a26068faa992cba83c71573e189e	970d86e976b8c988d76c31c2a490a703d744f37644ab7b64289b85e039d936b7	18b468b0f70c0ce08fffa3924c4de15931538fefcfdf676b81de8f6d53a3d5e9	e7ff311390f334def9534378d7ac46dd93498e46a026e85801f92863f3645621	55be364b16268ee92bff8374bf94cee4ea54f927472eb6772b3dcfa839f0e9f9	6ef4e12f44ee2d027204fed0cddc4d022d1f60b952251f55b15a31f7eed87298
53	e4b81237d7479967ba5c2931f333e45aa1dee6dba0422249ae36f0cb425bcf36	a4518cf96af141debfe3b347e79760b736664942b7a0c1ddd232582951bdc784	e7fee2dae66f34f7fce8c1eaa2eee147b41a6f60a6083505c590b5a66032268b	c535c7552548a615aebc1872b497b01fe49a5e96ea5df601acc8b242194ac4f4	a9e5aa0be5ad76d38d6dbe5e248b4a41c3728c8dcbfff9e7b6b99f31f3f87824	85782cd082a0c9ef1664256cd85123eb889cac345a199aadf6016e4e4dc2ede3	15c80d4a317420f22c2832525779be345821174e18b8eb56402e132f1a1da7a5
54	a4673341cbd9705aaba7c7e520c4bd80230e6c527b7b9f1371f2686ff1d30b18	59ea886ba59411615501c59866845c8d2dac5513afa007401874191421fcddda	2fd74c13be21fca4fcd71beedc87a8689e6c3810daaf5869a113048fc41a6caa	3273ab01cb8885b6e3823d516b4eb750d758f89f504cef127f2d60f9e6f91e07	c61e5cb9626ea60875cd3d4cb333e77d98872844523444590e50d10ca2f35d48	389d12c215f6b18b73a0c355f2827cbb26dc498cb3f76370b62e6a987926ec2d	accdf3d4f05edf7f0f4ff9f2e9054f7ff9888a966e8aef445cdd4457b50c8b63
55	239549702e98e73bd986711a01267563ae28795ceb73d5dfac5fd03bf6ebab17	41d1205c9afceba834b0cfff2c6c77bddd2da2403057134b5ff816ee85b82726	04c99cd61693d363f0f0327db1f715ae3750f3a8e48ab842ce18d2c4f02f3cc3	4575083234e13e3ab64bd8e68293b097e4faeb0c602758e0b355a6ab7964d107	59866e61089925c262d240d63645b49bfc1957debeae58f836fa0f897b6fe511	737058007b3618b0127cf386a12b3f878f511570cdc98c546a84081d4ac6d76e	716a80a8907e7541964711b7a41c83a01dda72b5bc28622e7bc4a4ae6ee17de3
56	7f3e5207f4748947023836cfd3cb189052e9e231bb7dfb9e80d352eef497799d	35f0cb75cb88183c2a6fc9fbcfac4631f1ae962a82ab55d7df6210c39c073d6a	7a4b0394ce799d6bac5a18b1a84a74924b44e795b7db49703860b066906e2474	52ba00d3a42670b5a07723fec969f3b32d81a29e2977ebfb2f18327d23857ffb	053baada32c11325196edb92dcc7454ff8b03d0566da2ac7b0fc58714b57ecae	6a1975118ba250946bfdba45ce7e76e2c46a89e93b1f08c1de7fac2f393b1af3	9f6ed18dcda763a114ffba524898b32511046cd9dc0bef787b300b81324b3323
57	ef7025139fb00459126f63fc46b5d9adc8f5d9aa03bb7afb321f6a6f3d7bb03e	4dca46d4103137228c3d8b1632dd07a4329cb99a35132cec102f91aec59e9e4c	369f6fb484f3d53b20bd85ad827cf5dbd20d1bb7f999ceb24fc4db4bc3d25320	6e2aff6b8d591c665d69071fdf339fc53ddd339b86879c7e629f52da03692b3f	9e758f23e8f45ed8542c0d10a4903c35dc33db87781c6dbbc50ff58a30f52694	7e9167bdce7e7ec261b45ee97ac68b50c5345dd9ff09f1a503a484632965bde8	24cf3264b0449d9de7a03b924e89dcf40d6fc5660e220ae585552732eaf39bad
58	9ad61ad352508dade83f5b10a4faa1f20804df8e26b42fc5fa9cfd631fd86fe0	10f1a3ff10d0dbb122266b4ad36cba03cb3383bf792aaa5ea9662fa1274bf63b	2c0965b9e0e490e549b26fb4b1c7e7a6b1c5bc11c3205f3ad66bdb7c850f33df	49e7ba936eee9fde3f08f453f0a076e5da99f6cd206f465fe0a93a750c028408	5534b2c1f207016bd8e07fcf256b90d203c3b63ed71b934b27fcc08671066a06	0f13221e61f86ccd75cbbc7fb3426a5dd38c849d2ad71874f03aab45c7407bb5	c8e5f4f0854d03e1004688989082a401000f8360f511134d5944fb3fb08ef10b
59	0c41732a8f87acd8af82d09a6be54da6e289495b0d47ba49434d1672e5dec382	e8b5747dedf1db4123404d122a3609c669c984ae24b5e94cae3fb3f972cc0e9d	d919fd51b97636ad117d0575fcd77c874828e6837ea6a87baf7513d65f098e28	651a458a3e83817be381961d9086b4c82c5902af81a22a0fa2dea8fd76a8f1e4	8bd8d62375467e858cd5f9339a0143d1c7ba2f1afe7b5e18cfb8d616114038bf	98101c4b75234b4485a1ee21bafb892d2e0324b4fba218d20e069c97f312426a	b920fc1ebc053f88a853d38b87ce7e7813ef8552f27869e7b2eef422c2edcbb1
60	4f54ff8b04206df0aedbb6cc9ea264105a42cc9ea090f0e67f139dc0870f360d	b1ee672f1a2507896311a063d0e98b639854064e667302160b8244e3ce20cdad	a6179afb824ae0e050df773412b04837f85e607ecb0b36b67cef1af5a693cc0c	5c81dd6138d8763e09ba8a20e440abab7dd735cd099a1a612615a13cd0d844b6	1df2f769f13a0e491417b52cfd1e90ac0a47285517b2b14ffb5117aa4a3bc439	53fb772040cbf1cff09719cd1655759123459aebbaeb15ed9d41e4760eb69871	670e95691e3ce7e3a92e33355dd6578d352b27eadcc0740c05b6e55678eeba19
61	0d63f7a6e778ecdb965d77c5a2db3e6dee0f37beb12a27f902210975d0b9c20d	893d248582f34cbff6a79b0168c5aa4c9582278cf302d57d8d137c841d81a1e4	37f62d0ce3b91183a0c85d644d8736c2de9578632aa984e5ab2835df640f2d21	165488f9136cc3e2aacabd0438aaf0c81b5ce67be4ab70e0273775fbd474bfc3	b8c6139bed6d0d6488555e9243d975451936b2f8f2112769fb12bdd83fcd0671	ccc9a4001848725dbf0c94324c490a566ddcc03a954a476436c036238aec3002	72257b3b0c6a3db4d437925c856658d200de69e25c42fdd12cd7a3789260728d
62	369dbe358f96d4f168fea0c6f75c0e19d17d90b59cf3ee581e737d5ed10ad800	7c21677db5298c0a73a676c2711aa637cba9e7de14749f531183b803ddce3e83	75325a9535c637df09ed12bac2dca436be77f07973aa7c69f3476543b95d917c	88228923c38c8128eac1e689139011b462e1a798ca60782d9acb0f1ecd3a501e	2f38a005d2c345834deb8f62637b1bb840154deca29345943ecb38ceca984fb4	5c966647db31594385816cba25f07646417070fe948ddf814940dba8c9ac24d4	1fcbf9de5b9cc9de78b62acdababd931211d838941e645601ce576b3e6306f73
63	3c1794cc37392d1fcfa15368567c964965d83d58294b66134972016abea856d0	307dadfe514a769a55c65dd1adc3b735ff654c695e4f9f9cd48ceee4d90294ce	a05e19bbdd8bfc45e4c43df833a95d32ac4c3bd26c1be294ffa73971e7371801	49f76ff9764d77266c764b3b008592b70961d5579add7c2939541fe17cf4b4f2	d11c66f22d517620d72a476898856d93c195cfd16400687584e7e5c7dd306f15	074c03770023fecf9449db56288bc3672c5fe140d379ef33fbc50e9fa3c1a828	bcb54044b5a97e31d47f7c01d2d27249609983042fbe8996b8bb3896700c1715
64	1002287fd8744b37daa1f0060d49fa17e30c9b9bc61db44c5798cf532550f480	d782c05c8bf2b13fe0cedd6df2cb31f1b1f12bb9f524f86d066a0cdcde99e042	871f0ccca52072d438cc8eb502587ed53c7af61afcd9affe523005cda23e104a	91c9691613aef572467d2cf9b8df96ca267f680f96224a79886ecb264fe2664b	d126fe53bfa93b051cb10dacbc17b2f386438c664d5b293e582ab044af59fdfc	774ee7d97a928de8de3b482730fafc89f380f857aec2f90abaa0f398db6f34ed	d71c969dd9700a03f53f29ec6c361fad635654d288091b1ce6e80ba2888c2262
65	99d6d3f19ef2d2d960e48f904088bbc9b9de4d255f090ecdad68ff571e00126f	00b9e36821922d2a84b23ae32df456ceb3c52f0ab1c7d7879501cb2c273abc01	383c7ae89debfd8029ac245975784481da8f490a40d1b6a94ccd8366b32dd037	ddff82113a2f48f5203ebb7852ef3550de51cc0659495bea8a2d01167393f58a	dded3e5d6935290cad289113274c3f6a6b3e28f9d4e0ad0da36b7c6c53186c91	48a381d735325d239af95cc23233bf5558a5ae2778e17bf2d7f37387ee5fdee4	e4a54463e6f1c1f70c132ffcb576a430e0ab965ca20556c3e94546e8482b2277
66	7ea63789cc74ca18de07a6deb2bc8be212d0e3abfcb41f38a38ca79dec674e77	a587dfa67e36b2a6fd821d08479136126bf30388913bd6ba322187e39cf67ee5	a329850a94e668fb121215714bd89c074f5612a0db7855ce53f9a6ad16e3da59	73af2bbc9898bb3ed6504f712af2f4f47bbf35f13b732ea7e4aa678e66cae464	c6a0e576812af7d21d747b2d60290802dc2955c620c1f78c033a7072bdabbcdf	ee6a2ae6318a20a918a89ebc1bb0edc579e2b6fb5b0b6e3247f9e6ff70504697	d95dff96cd78671fcb083a11ef791cabfbeeee2b8ef87b2e45cfc240a3bc4242
67	8233d0a767ce91d5167bd12886a43d764451121ef2b052b9f7f960fc589dbd1c	f098dff5d71752a5c6cb4689990d37ec934f3228095f7817e2908d022c3abb74	4350b6e2b978538f4d255421631745387308e45a39abda82d0a1bef1b4b9bd6b	7bd3de40304503dd7044d86307d77ef3ff4e0a2c2a1ad92193b1064a16b193b3	37c063bdf4d202304ea672f32ab4cbebd8625f99f3daec0d6dae6a2513a9bafc	80e511c65de6addeb910821d0b418ca73cd2cf9d998be11b8be718c7990c705a	1c8f9d14e256efaff7f9fc6ed778423974fcf251d24e5e66e09264cc2200c138
68	0f3c5f8f1954e59a4e40985ac8b95fd3a34bbbb4cd284a514d6917d44b51ce6c	eb6c7b266d0bec571b931a5c19b2f55bc9ec609f26b60f419cbed8993535eada	52ee209342b6f7b2e407100a557b6956890403ea97c2b0276b5cba424f6c5797	1b77aa8e1ef4f770d3dca4dfc4713891dbd2b323d1a9037910d714ca98310a45	2c93b8c1db43aaecd18148346a59abddb3c7aee1c9e7520663da8b0206da17d0	c6c4118fb39bfc7cc30a7e29023a62a4bb1c6129f65321649d1a3553bf529374	9453232ae44dd20853cc11b9bc1448f33a47c10c550c58cf97cebfe5ff6b1d3a
69	9a5a91d1bbd96eea4de678f868ae318f75fadcbf930cc26ac94b66d4b7a3d1b8	53a579c663f626836390e561a3387ac6f6b042755d536fc199b59384eda745aa	ee07dc9e10f0bd175eab5d23f8225c54dba227155a826464d51065d334829fa2	7a504bcbd0da3585d256feefdf9e0e9a71161bbbe70a4c9b342521884dd40ca4	98f4ea4db516b7e90e2f4e5ef1c704d93c019fbe33f0a3837a3fc2f8d0ab8393	1946149419109d1c77c2b72cdd2467b750dfdf5fbd23e76d69b72320ca721668	5241cdcb6e52ff9eadfd39375ec0f5599e41e3da3db70175841bacaeb3f93e9f
70	d61f4260a7c8f8bf6a5f1d5c6dc14649420c0e9a54a15d540f65953c94d89fa5	7858223736b6044edbdd55eb91d5d5cdcb83e35baca6ae897d21f0cbcfba51b5	998ef9b7cb94e08d6c7d4d568c1942843cd3539b7e33a47293a0ca11f727407e	9abfc86ad8758d48fcea82127180ae2c2832518da26337b90cf6da6a1a6604e3	82a8d494c2ffc12e3d8e86636512cff7de15d2f17a325b33f46fd572abec7d75	533191c2a7deb2443b58eec93a10444ab1e59e0b3a1776d9060de1c66bd534ba	1b59ad8869a1c582b241879d25f0d6227be274f1c2f4d874c9e5d122dd66f41b
71	c3674f3c26804ce8786f568a238c523fcda1a0813edcf7fca8c94dd710947224	9c11cd7601821a0351254954d68e456fdd388079e3755faa7a3ad3d84c6e51ec	9130a737f35303ac9bf396c486423aead8eea3e5f2d3c9a96bf980b24c7308af	8d3d2c5ba5e18fdb1f834430ef374b8363db081c14694b191c021bcf8900b7d6	bae7bccd15563e98d0854006d6641137bbbe2ee168b8945fb4696c9087d8cf5d	3a43108cf59d981fd0c271244f64098047fe92b6055d26250e28bf090988d396	e09e6cf143edc42c51895f6b67f82848f7ffd1e143d444d63eb807735837e485
72	3f9f6fc334af2dfa4ebe7b918f2acd36f3e18d92a1d56989f33c7cfcd4b99c4f	787e9b373109bb4544907d3ad882cc38fba87d3527f5d2cde446e296476a4977	b5dabe02820251c8dd68f58234b9c04ac5291358509f29f80746ef33a1b51b04	a890a9d35c1238517372ab9225d88542e56ca107955a9abbc397e60658974f1a	68d0999eeb2a90cf5e11f480df358f64a95bc3f9d486df421f8b25c1b5ac35f1	928284d79c6aa37c2d12b2f0e3ccde601b7762889d070d222e55ba919bf87ddc	3b18adff63fb434da1e7be6bcc0f4b0baae09b314c5bf49202cb6eb62ca42fea
73	1a2fff3d75e91cc51de8a42c3117c97989e6d7b93e4243cebda71f634cbaec73	a17c1742774050b22902c18a70b3f739f2d3ee31f14567a9542cf2a602a2f049	67accce16df53b6fbc07554623249237ac2862f9dbaed92320f502bf83db8ad9	6ce105b0bbeef66c11e45e3aa0f9c017b0f95c8f39a2eb8623ff37e66ee917d0	fc393d89bd0553761fde2cfa0bc548af79675dc03694deac519bf9cf8de280b8	fc32f738d78cf541fe86a98401bbf12ed722ba515a657cb31c9882fc4eae5db0	1762ba0a2c5cd1a93bc3a3bda21628acac193e73981d6421324fa5dddd6df8eb
74	53d87dac8db6f43b885512d0a621698d525752d778dbc363caa94a66b95682fc	4402d6d9425781eac8110a19ce1c6ad2e0d3f599f84319836f851e848f680f3e	141e4c647fdcfc81cdf426026d1e8481be513d49f5cc44051ac7a3e1216d5857	1407dfa81b7d5042b195b7eb9b72eef36e36c6d7f7649fe33ca2c1d4debc1add	1c225e82ac690c5c0d67b5a5dc409a4757b771032d2b35da9cd5c0b97cb0a335	dbdaaaf22d76d6e644e02c932740d3802dcf78068a11e50947bee5d831a9c077	013ee5848e219813759ad27cfa3251d291fcdb4d118f20487edbefa4b95089e4
75	979e4b5b22062cd1f6ed1a5a3a9d69f7e53db4dc8728251e91d306ca61968438	d0e0be8ced57dae76f9736bc0d3924b04092ee83230dfb8fd4117b2554f089f3	f8d9ee839463f7016e3001738527b25e1c76f5e88a30562be0e66b019809464d	fa3024195e9659fb8df3369becd192a347620bc07207a8aeaecc90a03e042acc	9f73a187d3c149e8647cf4ac3c17a517084b1e0e5d4d8aaadb0eb73e107ac142	e63f7db6f7e794d2cd2492d53569dda476ab5289785e0627ccf3d8418aa6f829	fc67c0b72466110e2701c1875f3584596d50a217f89e1dac64fd0d9fa99b5706
76	0ce8f7d926aad05057cae78d5918bb5eb78a1e89048c7517676517d91f1f9081	b671ab05aee07aa3b7d75802cedbfafd734e4e468cab72038eec7c2b7b24bd4f	f7a695a75627e453a5c0d7dd9e2138ad462979a872e1d5511a12d6b45cf38f02	fc0096b8589fe821364f8eed114fe3941d9f860aebf375ac46107cadf83f2490	6ee99a44f6d87e92d534afc30f2afd5e74d2fd4044dd07c2339932aa42b3d977	f331b8eabdb0d7e73f3bde8ace08cc10e0ac1891bc4d591a5d1bf8f83f2cccbc	e33bf3432ca4361523b974029e6370992ce87a21fd57d83e5d2e7f1d520fe78d
77	041e7685ce7604f6bea7175a63697ab6cac18c06d4f9916df7841c5e69bc7b29	4a4d34175797865a18a4ff4084af944e45a2a6ff09ba6a21bef5ea726242529a	ae5d30d2a60543531dee2417f831b0259a2b6da9d3530440d760885acb65e792	5bf49825a1c02238b6c1ac2edf9726ab0dc9edfccb6b287a194bcc0b88efafd3	004a76952045cf25d741fc0ca8091b1bf33fa50f0220650c68a657e03d3a48a1	f4c76b2795e21184b95aae6fd4f5bf6b7d0349ae3c847d6749251ce75b58de1e	65224aefb64ca18a700883f789b29b6e33f5e2e0ab5c28cb60fb5c15ef8755b5
78	4207f68fb329238e15b78b89c4272cf59eb8949635e643db2355e46b44a13b6b	3e5077d3f9758305d305a6eee13471d5b9e936bf328f986ba3349cc5fa4589eb	b8b85ea9e5657a9faecc2ce7956d5c8155aafe8aaf6cf3cd14d5ad0b0c3f8ba2	c442453486f4d8f3702df6e5c76c0237cef6c74786936e182f926a56b3fee457	479b1d55b2523eae7d06bfeeef003e663449e3101a89221c22e7fb1dee7ff926	5ef48a20029d31ba29c3230f64acd8a9b544e2f7763f03d29d6bd6942c2bc4f1	5129c2190cefe5ef80dc9911fe539de049529a541b4a1030e9e4f6c47694892a
79	07b644dbef5320b59cf790165d452057ece21f8171e4d64749f49768fdc8ad61	19764704f2c29f58435b84ece66ce9b9cd6ca5d07077d889bf5a7e1f221e9320	9a65b8de9846f5bcba5513effb1389c16a91b710a90ccc4ee2d5013a8272e138	71b1cfa37e9db6f2aee7bae4b4f330634abc9ef84c7e70377a727e55fb003a39	8aaf443b1ff3a0dcf11c5da265a1f5f0bb4e260055f00b4d8649a5488b7f29d3	e6f831109ba2b108e0a4fab234bc26e1504404886e818cd68dd2d0b8acd3db9c	777efa50c05b6c2e018a5dd809581134af0f0657189327a1fe324c4b62ee56f1
80	858c7a5fc5c939e397062eb604f46a8fc2b13b00e767ec2539ec2bb60165a05d	4203ff154ee83c5a5140e5a85662241f56722b4343abd9e328d8325972d2c215	55fc6d26dfe67db2432440b52f44063a073fdaf2b51f33115ee4454cfa15c922	ab0e54b49cd883dec6e51454d9027ecd56029acb3c35a4f4493edc033e84c1a5	e18af26c8d918eb3afbb0424ef915df4b44e3b2c747b9919b89eee0c9e216a5d	cd247811013eac67a76587ea3609979d33d156a6dffa420a2f5cee11a8594dea	32eae4c00d841e12c81f9fc97d27deba742ad46e20c842e4eedc777a3d17be65
81	ee397c231419b6ab35766301fbd1a672fad978eccba7db1793619383c1e50e67	4dcc6c6f8498399b02fbc665ba2eeac42a877f90f08bf0c8c7cc28574b6c0f4d	639be9889f4d5b35c9d3ed4e6f448300aaeee07417fc1d69fea551d9fd61c9d7	6e2a1b056f22e77f5282eb07598bf44a7c831b1557600a92c3dc7c2160e0da73	b9f331b3f7efe8c9900c0581316b2cd2c9414a6bca1387ae62afb0e4cab98660	215b595dd8309672af629c832c0ab187703a10258165c5472cdf005f05597d56	d5e8dd76a29f540a2f9ea6e6aabea87e0de140abd15aa7be0f3f955bbf1a694b
82	1fdb74062db4fedf09debb7a431c81053c92ab382727c6bb852603e6259a5df0	53441851eef4ec34389e9996fa53b89fabb4a85279943693a6502f0bd103418a	f5906256450dbd660995709fe8df211fffd067b3352cecb595e81a4613fdda3a	7b5c14f4588b4474bd098197621fd99341d48588668cb1e5f08e077f9e19ad24	28c4ff70def659d2ad11e1d89eefeff31318c12df5866a77ead418e7626d1ebe	1b5accdad0567cea44aa882dfefa5a73b00cd928749c92b66742436a119fb0cd	d7fcbffb9c7b59b69aff8d9f931df2ba07de4b82999e37226cc06b69ee3ae4d4
83	19026efdeb78cf0a7dbaecadf4427fa9db6d8ccfdf68fcae03260a89c0c36fa8	2183fb8912b5e16b9782672f61d30ddd62bcfadb0c734de2461297d1c8238c33	71fe103647507c95c5bf02528fd1891bd8de428aeda53be050f4364abb6d615e	01e4f8bc48323311ef7588cbd051e90ace29ca819e834ab43242f84fe4c56596	6c97ff56268403c6b61160d406d2f194d619e7c069fe6535c7d4c14170b964d8	8a4b9fb310381b5eaab6db782116feebe1f531933f3336ff596682fc992c18ee	841e808eab943d343faffb75fd5c5a6cdd7545c50f0a5e77af0b62ad29886add
84	77880ed60fe0db83ebafe4e38613c41316976a56fb76350cd7122e7adcb8d306	f7b8bf194388b1d903b0918399e49667138f115e5d865512e79d4e59570d016f	878e4853f1b4d7fa0f9637a87548fdfda4dec104e8a9909d4f43b55990f5bc5f	6df0dc850e9d7be1e4448bcfbd65c54560532311d32a1d832e9f5f8b9277a5b3	a9602aa8d3ab9e928fd5f47058b2362119f5e5fd3269eae7e6f7c85b4a513635	7f1da21080fcae9e6c300e5ce090e8141488c32ea24509cce6c20a992cef5e40	1c50f1911dad7d79ebbd05f52fc31172f284c4f903a4161d3f91039266f2132e
85	ca7cf4d9298563d9605e5ffec18f4bf41037de57e3415ca9a17b7ad3ebd8ba8a	1330d582c965a59cf4cc929ff49da67c0f9a457237294c4ab75b3f9694783c19	31dfb61d71cabc62180d067d2eca53766f74bc3bcd7c6f3f87fa5a41fd74c673	abe336f18630210c2be31862656a7fe667449ea29617b32acd73ca848064793b	cae1625bf9dca34ecaf03ebb910d1ca755f90f883b95fb30b5397ac839e6b246	df541bb0cd04441495119189c789be802179b867ecfa34ee3620200dbbdfee56	c23c4fddb346e956f41866cf0a4d4f2cd00f839d1298a302628b4d4cec7b5120
86	c34edb28f66be67b74a2da27adc5dc5f5f301a1b9f3cb22ffcca56c317b43cdc	029d18e1da23bb977fbfdd382e627c4911ae8bd656a6879df406d066d40a5390	d721735c1249eeeb9e6f0dfe3e0cc29d9c2d51c0df9d3e554cd41db06aa23184	fff913f48d3bfa2d5ad623a09e936cb325defc2f9da82507881f322703c62bda	e3dc92d6e45d99b5cdb02abad58a51a8e00fb43bdd0415389c4415361ead351d	894642af486e6a909d620c72c9ac4a3333717f617ad396551c2da5f2757d244f	833d22c29f0134f07900dba5545429795125e8b6a655f140104de003a846bce7
87	d2375c7cd7873a75f8a868e859654c8627e0463af2865d80d5491ce80423f78a	5cf73e74e05f1ae3323f4647276577f3bd3f18ce9075a6ba0f787572bed9ba91	dd19a9fdbfdbad795206934e7d6dfb8e6f4232a15ae88114b57bb3b4db9b9fa7	54fb54574e35d554390fcb93a5c38e9a9efec5ff04e85c1f07f8e20ace59044b	7b7c199ec7542601f52d475f6d54cc95b9c3d2fdbac135a32752a562df4802ad	7a695d1c5a0e12e5a71ad51a6b2710744a96338166965b34294859282efbdf7d	e6644eeea125429e6d5198bd7e5bab87c0dd282bb36adaead143313fef270569
88	ebcfe944c6d65033e817bd59e8b6b72b11c24cf08fe5dba59f127176602a3cbd	adb4f38c69de1d0dc204aa4a0ff9c1077c3d4b11981cb81d449434f412f06ab2	e7a1e1670c9261ea323174f0e3c8cc132a03a7b936c98de3931dc4a404ebe373	ba14d066ce9a06fb529ed26dcf6525579051ea8b384f570289add0792b6147ed	c608f8710c7e64d897910a1cc39db610a4e228041e2d8638b19b8a36e7dae6cb	3c054aea1972a9ce94a27b969a30c327c52d9f6c6e300d1a0e2308331b53be2a	77dbf0d6606182927acc789366779ec5ecc0b3960eba758fc9c52c2f99f4673e
89	814f8b2d81e20e4d4623ae54e9c69c41ad44a62ea07e1fb8a7b7ac9b2e80d966	a0912f6aca8bf51b64d141513dfcb0d4b9af02531bc633424c97bbca83b7df91	36db9813f374c041b786967d897a51de561035641edeb8b38639f7f5400251c8	16d3e0b148a066fdb1edd15393dd5188fa3f5787558ee10ec57dbaa9d4481e8a	f9dceb520f61bd037ebdfa5e716670914e48477de5358a8e4ab2116081a67dfd	b8e7b2e205dbbcd254a4f70c826b7af8304a3723cdac2cbbf8c9f883b4c071fe	fba855832a17e753b3b87343910ec42499e4ba121d150913a89c735ab86938b2
90	3fe5c6c7e8afbe091d2e2da303e8948f8de4665ad255f235c1a79ef53132d9c2	af38f8434bf42a9f49dc3b7eb52c16d374fda4ee48c60c4e69a8ffa6d9039f76	05eb8ffc27013387e896d63421edd38182e485fb390d1eae6ca06ca6e495683c	8a15506a9b64ec6ecc45406f72c7d64e08dcbc9924556ffdf52d4f612fe06e9a	5132c9052617b3b079aee58080e9cb45ea5b553113608267b3fbbf60594f0381	40769d783730b22fa5f3e681706c892b6fbd5120545d3799065daaf8d60e4cd4	fc0da20a8feae676d5600c319f8313af144fc297de94993af5834a9c5d6947df
91	79ced26d93f6d18f412f986cdc42a7ea47af1f7accc9c025fc8c3066c4998bf6	6e9c9d34b7f5639d783383f8c96f7ea7782a1c0334fcb5d7f93d61ffd68e87b8	7249ce3bfa865dbcb3bde34601f187d6e7eafda0a5ec6d8b0d660aa0ea237ba1	e0e34cc06bbdeb277f8cabf763f360d642dbc93c508c32779f3d78148bd7f87b	d98b23b4e81a941ca9a72b03878298526699f9a4627c605c161f283b2982d9e6	7249655317dd4598857570d4d527e585c48cc7ae16797a1d71ef060e85f10382	dfaad153efcaa1412e9a100b1e81693740d4690d83135342824c623d3c3f8f0a
92	0f4d659843560897e35a42ffa2797b5aada30b395667110448277d89ad56274a	48cf7e82d0f9cde3569e6ae4cfffc9de50c01d5f0905f0069d0342eb5c25e1d2	067d239d57f1b0fae3a7fae4a9d715adebf51382f8a531fca770ab0278f33664	9c2de6e6691abace7d4b03450fc5ac089a9601dd6f1e35738041d0b66c361d05	8dde08d219667051b3b133c528ca315a09ea38ced98037d77f07466eac35b7d5	631103bfd506190f75146492656d35f4f280ba2b95a7230618b148f436b340da	236177af7d4efe5e551e6e24573111d9588eec3ccc40d93e4fd62ae03ae0b9c6
93	aab88a7513ca35843e61c4b99aa46df2e474f3ece244ceefa54e824ca0a346fb	f78f21ff78550c07c45f6aee9646c289c1554fa333c8ee9abb568244700c13d6	5fdc657201df6c317e7bfb26d27b68268a4e98ab55bda67303ca4f88d80a428d	d95730602cef4b81d5199042c0a45f4800c51a445055a048dc8b39d9fb7ef3d3	48df2a93ee71bf115689f77a474c96aff36a9ff383650f46665157a53cac4232	d89a88d72c7febc3466cbcff3fc7de908a1b915e0e3a7c2fbf97637c125deb5e	bf67083128fc0a1fe351c2421cdf0b666db3cbe207311628f8c0d49d4ea4bec3
94	3054e38724aad1a23a34da8e9f7ff4b37b4011b8dc70b4a2bf44971b631ca2d5	83ee28da5af99b18e5521c610e87a35f6ecfe975defd65f72e90068b2e738fa2	85d838a2c1450426c6e7e81cdcc82fa054ee410a82ed2bd5d437a179ae942206	306717abfb39671e608487673b958c3a3164d6e0b20319ad7aea861a4eb60230	d303add9d804db92d7d0caca9c32510eca5186223f621ea8bba4c7d82dd42f74	c7c69b8e4b74820d38bab119dbcc68f64f5973c2e2459574c93a1517b2c4c886	84e9dd687c12d9351ff98c83d33cf93f538c5acd14969848ba8e6be71448818c
95	b3aaa6a7c1d55ba6fd8623d8daa720eb980d15780384783d51f0bea87175743b	17c351f92c1ac36a21045bfab9d66cb07d6e1f0ca62cbe9a694ec9de2e97a37e	c361cacacfabc1f54fe717276e3a0ef7a856eb5bc083141f731c94f411a8455d	a334702b81bbe033013596958e2d7a78e86f92d9ac7bb6e3d86823062b168bae	d21cc6bb8bab9df27f5e5a43f8e75e73c87c568935fe0dff0279b1c412fcb2b1	4f2dcfe18a87b0149238acc2dce3b7cbd02b1c068eca3a7ed0797982befbc184	4183eb6cf82c446757e4eb468d0245404c31b0dcf58aef1bf647873ab0c9c306
96	65f7b7e772ec90331171df71006db64433fcab94d8957fa61733a7cb7ef8adf1	f2068da63895b6bb3cc08da1956b7fba588b720b25ecfc696943c9e8b56b0b79	95d3a2fe552eae89b356f53795399882463ef4c09d2a1d075448cbac91ca3a2c	5b2f508b696641a2f26d40e7fb19196ebfe2a6b753741eead8ac111b57ea669b	c6174ff8c5eab91e8119bc078aaba2addf7e04b7f5453580f0b470c72b1f685c	4a1e2090874dc6235feaf087da2f7e27a4106bbfc974ceab527c066e18fc197d	b33c1227b0705e1f103ea79f499537bb8f9f83cde40349b42712651afdf3aa18
97	9d87ef58985c52de2fec5fb912cf7ccc42006b20af42daaabf1abc608221f7aa	8a9f5403e6c613a4d4b4fd16170a18d57b72a3f83629a01f2cba9a10e9e29f62	5ef1190c4c88fa31b7d274742c09e41616223d8d9e8c98226190c3f84a194ea5	085c3d95cad1667978a0718450f0c83ef7f067096036b4cba87ebda666ce75f3	9d1e89debc6d45d1111b74552eaf52c33e760bd63169bfcc4f6a5d47f0016394	32059a657c5f8f74d90dcf1610649c52c57a6636098b699b7860061ab36657cd	2133388808e9bdbdb1ebc41bab2e5800ccc9dabbb8e76773afece28b0a353812
98	20a6fae9e05337fd0337e45e258f6732fd819f46b5a232bb979d592793cfc22f	7371b5c1ebf8676d4f734eb73ef9148328a2e1949110c9d1f001227c6c220893	6d3eb1e7d3c86bb4309941f2e2a1282681917f8a8d6f015308aaca2f79b632af	a8e62644b071ca3c1ec226ab9e5be61b72e535b04b2716c96c3c422a838412ad	478e34f5abee210a1b8c525e909e3c274b73c31bb01c5e501fe61ae02797a094	d4e712f8dc22e7dd275f3e8234f9b8cf084978e9300cfbb5e075d469fb2125fc	b59db3446924afce69da79058d61dfcd719c4bddcc1b68360424b4390b169ca4
99	24c4994baf9eba6dfc10201abaf6c35ee056a9c96437852a595c572126e99079	9beac75d756fb9c194b53d3c57f9751e588fa5176dea6b0f7545c5aebc040f34	4e2e84448d4828fe1f1131708b8e402526b40d6cac168e3d1e8b60d3912e4fee	bbb29aed318d3209fdb8afee541808e89a2c039c5cb4c6e5740c3deb6a5b2c03	205d98c5dbc9aa3b0a8e0a9bd08f1937ab1a13acd9389ccd202d36c823e6a6c5	d329224140af226eca59cb867cac323b0e8214b683026285815bea0fd3d90669	844c6dfa2f82e5cb92c0a579c63dc44eb4627e9afebb5a1761224275a4a8d2e3
100	a65a6116943cdd84d890e2beac40f82cbca0447e56eaa61234606a8d00077b78	760ae8b95c729a2dc2e2811d0aeeaaa167a1f6d37b4e59a1a53aee56c267b0d7	c1a7352e19098e8b1ac70aea898715541b01b3bbb095aadafd4892c2eda31a39	8defbf935784b88bbb2ddd00a8f6aee0e959db9ffe34ca2113c67bbfe15a193a	3616ded460705db9a17dff7ecc15c7b354a09497f4865280eecbc4814cf4b50a	5d1c56cf0cf4a9a4efc5e7401c56e7f9cfc64591beb07619a1d53449800e01bd	61c9a74626d8e30702fafe1ab99df4a31162a4791f58774a5f031d907840e324
101	28c0e35c1fbe2d87a18508765d7b3debc822a10eec907347b47f56fbe0a44a8d	37c8870856af75d0ebff2327327253448c7cb2bd562fcd627c2a5c01a27161bb	9b560ea842c927dbe00eaea3f63173134d31d1353691c107b721825b1997422f	45e97487cc22833b9716e6eebb07cd3ea6d5f5c899329b17f4fbfd992c012da2	7b05d049a84ba60152de1be9f98196f4cef021964aafc2a8e0517d4c9969e2fc	f0f502182186690ef99916605f59560f8fb815db66ead180a71664d81b141dec	6daa4e680a248599929a49279a7d5a6f32257277e6ccddecb96c027fe3e203bd
102	6bf8e322f59a6f91ce0e2df26b824406fca4721082ce172e1459929bf61fc83b	18844e244258f042501f0acc9f63b2e3729bc48989cff637838f266ccfb43a50	db6942d17b2b44882d4bc1fdd34a7913a9ad23d4037af8d17b6f6b26374d9afc	ad1cd8fdeebe0ec52a70fc7b9521b5fc6eb781856a69020c380f79569f38293d	e24cc6b55a65af5255e53f1613bb67816f8971afa77135a8e98e2b9aa29bfe7f	141e9ca1204f9dc54a54b82c486caae53b915a44a83b6fb3e6cbfc92afcb4e4b	f15a478a11ef216f5ca284f07d85c445b695bb4fd5c65d5ab71d7db0d363e70f
103	a282c22826b56f5b4bec7d3f0212289dd7a30daf931ad4bdc13464895b3c4527	b0897989d022ed4047afae90eae4909ff43d5c5b0bf13923ea5c860284a296e2	7c3462fe771bea2d085b841ddc06902cec0f4443f567e3b3e4192d390f6f6367	7b246d3f16532e1b5bc3da007bc9441ff259b6ae6a5d93588855e9fdead9a2c4	2346794c7ce90a329ca94dd1924662e6a18365876381c26c641786013cbc0ea4	1d7effdc5a11efbe39abd7459adc6ae6b54670ba0f9394f47aab48ee614e20f8	530a10c7841c60bd77c201be33cff7f7e7dce479e0d58c0b4e2dc0a7f943fcaf
104	59c8afc11ee53f8289af28db4f7ee44c2ce55f704ef21309eb9fbbc54dc387b9	9a71fa0ee2a72a4ae31bb0c67467cae1bdeac3770fad511f8e22a756c8965a8d	330a0575f34679b8efe1c026453a46d6233ef89e17fd63353c00fecc3b2148b0	e3476547b9a50984a5da5dad499dd1ab5259263b89b2babd0179997a62d3d323	b7ee1f185d624681b686007ef599d95c2373510f82789e2e54994524ea09fa3b	590a8a2a93ff3a7506f59aadc712b0b3808ab9648476854342dc2bcff400c31e	01446915656f219e95d262551bc8874d24c829aa92aa4098e1577c20993224f7
105	ea595141af8bea1140b38bbb1d0c5c59348c1cfa41ca7d68c4310ed18cc6f6a5	8f3a1117e8073aa7567c24b27f11d2ceffbd621359d69fb166e11cfe6a9127e9	66de81bfdfb3cdc89ac00fc489141e78d1cd46bfff943bd6546bf237543e97bf	3ad7be59d8b97f5b81cf50ba932c1ebf2371ac8a7bacdecad9418e638f64dbe8	f6c5e16b31b04a081da46f15842accb860f9a772844dff4f0a5218e90a2908e1	3b2f859efb86f2fb3e054c06da6bcbd38e792b8b7f592c35e6d9abde05b89ea8	acd401db518521bd36351312311e855b93d659dfa978ff7d9e1f39b6cb7efb41
106	8cdcd1f898f9bd2a62c6a7ad4f3b0f0c4f7011e34bef72dfeb11424eb90c20e7	ba1db8157974d2267a1fe9303007346ddf7ad56b36d3a25a3d6441f3884f71bf	38151e4034b8dcbba4edbe9ba49f9d72da537a2db40a427c582eb7b80e094a6f	730bcda898e4df2bd34ec0b22000e43d569b5148bfab69584d20055b7094d62f	012552e16a865baddad8ee945e9a17e24fe1221a63739a804a7f098199bd23b7	8e552f9e17116fd32fbd4b251454addb57a5322d970d0e9762b6ef15d513ee38	d4dcf87d43e5a1538a8a1b3045f103590a5736e66e25d0cfb9826a836a0fa605
107	28dd2f9a5e08bcf2cb694a2d8daf8971d02900cd14cb0588fdcde92ecc925457	146a730e3b620901bc6382a460f7a075957602bacf04a2c1c032d5d8b2331cc2	0b635d10ff8a3b0dda531e5f8f56f88b25448142c4207973f55bc5e327b9e1f9	2a981bb200db8d5ac1e36092013e73bad3870cca9406f778dc4b7004d7e91588	cb12a90bceaebad46585bbf2a42e1acb413defc7483dcebfce71e5126880afda	29af8e4ab7f8951b8c87d576faca3c086c003f093eb6c7e193092145c62e473f	83770a1e952d5a29c486c0d9f937ed57dd1fc687c5d2c673de2c677280f76e59
108	7b49f08ea64a0f87ce5e4d87c1e1f8f81f3ca82e7e15338bb7ee83f9c5c5de45	c5d853ec897e0abc94d86481467b92ba33ab63a56d3d70f945e397f1a148b610	e328b6c3a0186e8fdacdca8b309add7dca8ec4e32dc7594e86bb4d483e34ee3e	cf6c036a8376f2221b4860389dd21eff192ce9792ddc227a56842ebf8ba84646	35d8981cd5d68dd5a8797c576ba235ee72b8ec54415b54796f2e4de5e5ecb202	6a059d5eb265e8d81e07f7571c02cb4bce4239b1385b77c3125b11a47ea4a0c8	80fe883ea7da19150e5f50be4e53a5701bd902957e6d879f944f41fdf6e7bfaf
109	7dafa113c120e32b265e736a3e7b5ddbeff280a01e0ab2dc62bc8c6b603c198b	be980d1f0f8968a37f051f4ab0715f56acddeb17b5b7963fdfe10f0bcdebe057	6422d5b7ca8879d23cefb445e8d1f40361d7f514ab6bcc0fe8375ce3c648e39e	c2541d1d31be808c8d274049911789aebbc8f715796d0eb7daab727a2fb48049	1b45cdef499a30c2b3898fb190e6882c3b8bce5668b5ac55f0127d608d6dce6d	ca7e4937efd70e51d0c17cb694130510556909e90df7610c5f1f9ace6d5e3ca7	a575c87071dc9c879a65b46d0442c563f15a370e44f1e833b832bfe77f40cd53
110	5cc7eece2fed22e3631394e4872068adb37cdc1d8563f56353771c80e272e978	b369982948fc266ff33d8bca85dc642ba50d8c2a262fc868b75cb85cb4255f65	5c766e361b8e9e52ea54020793bf3d0ea09895db077396990191316b9f26cba8	c1173451e90ec53b9f783e5342f489b159f988a7b08d5bfa7793a2363fbc8507	34bd399b6566876a75c4aba4d7073e6745791f8abf57f99d0fda5f29579871e0	90565ddda9fd06d2ea8b9e2bc35dc25652306aa969c372cb52320434a0c6cf93	5b5ce781d82b9ca8b56a3e5824bebf57dd1dfa7adda8ff7a255f6c645856e1b8
111	41883f5d6fcd7029b1c762a04579ccb0597fb9e3f063ffaba22b26bf302c58cb	4e5a6f66cc7acc14c331a9e2439a012c44e4a9277ad1978120fc5c7e09bb316a	fb0581e334afe5a4ed30af20659151677e2a4939b5392930298ae519f8ba91b9	aa50a38d7187a65fe7b8bd0ddf742bc5844ed9593459c43ed657181878d90fbd	5381cef021b2b6cc4efab542fad25f18621c7db8abd10bbe4493c9116939a72f	a9cd459c9c3640cfe1021fa0d066447fd79af45faa24470f4292d1c31339b63a	3897ac9585c0353bf1e92221ec927e3d44a542442a1acbe86991a046c29c01b4
112	511180108733845a568a4d4c9c2285e138958eb09433e78c5a604d902f7e1824	8fa92276b499986f4d809c3377941d5df53e360f5b4f43b65bcad791de7f2947	1f19640838d589fae339e6e0864e67ba4f159676194f020e1a763692022e9a42	792023eed7eb531eaa81062aa8c83e5833ef8c06e701746b6f43f579d85af6dc	e118e80ce18d8457fb1a2b5505d66a9b5aee8db0e46c17ea9d705a2c679bf761	f4e91879f8efda4dba2fd268edddaefc18b567fd18e6da224ee59c008985139f	a32aa7acc4ff4c2289577ac1c897be0cf540870d55b5a7e84f09d3b0b200e11d
113	b8fcf0277e095a3582b7de5f11c2c1a1673a5a7d27557520642b68426ea32820	25ddb1a847bf398a7af20f6d6670a6aaa12d7d295420a5ebc367b7669fb6d540	cc63776df40bcc7ad26bbb8be8d758d4a4a0126f42631eccfd8156e846b68571	802cfe285f29c2c869645472def996d42e5aaceff0741fe2f4b8ea7f30f63bf0	3f169b2776c17cb87df3bd8ae145786bd0f022eb1772ba8099bb65e821ca31d4	207579c56f0bbda68e2f51907a64923f81191ab3ddc46b1230310f5f3610463a	27075d67e4403babfc085040f94e6d277c46b86807ae4274bdf5f0f812de3727
114	743bb30f391c6e11f94d92a852f274ea29a06dd9f0f4e1fd843758995e5bb993	f4d4e31fb8743904cf5d5cd007734a15a59d08656b2cd4d534ebffdaabef4cfb	6d9c1f408a3f106119162eba7caf28d78081e5108c7719f139abe41395a4f631	641e5a31b26658600cd6b2a44394ef9923e9ff0bb6f3b31b650b9a897eebd100	eb07d69e6716b73ca23e70f9fb66569fda7cc7488348f2c21febee1627493241	30b78b8c7ec436e16cd93c3afb23a297c04d71360f558c064cc0843f2d573e42	deff0eb5152c568009a27dd0610aea574afc87693be3845ed59842167a5c53e3
115	c0943256b579ce50abd5c7dec75bf3b734a1f33ceab02f6023dc3a3e93d16c82	3309c8402c0443efc4a9f08c7da67d86c2b18a9d77aa6fe10bbea3e49120166e	d4e476268bb388b8f98c5a8b354d8a02babafdf7fa13a70289e45f0aa8a3c7fc	9ba05a2ba7e1a5e971440dd0667036c4081ae0b05cc17973c8ebc99b8bd523e4	c4aeb689a2610b52d923a716b8aeeb3223ead3e0ac1d929f3f866cca46619f5e	2a9758e2423bc983954db7604db408f75cd17c38674feb34591eecd8ed40b6fe	d4523cbca369f04a90c32f58845d40569de2ef116f78e279e476e2886b716cff
116	13f1448b7fc8dba1250e19265186426503e6bc8ccb10e4dba6b7bfc70a17e3c1	362b6f8f4b00a7bf9bfc90c81cb479e67868f48798c46394e43bf66c045bdabc	59097eeed35f45af5e9bd4d37023cd890b1d13b8e39ae7546fa4f1c9e5c67d36	6fc9e28b09eaf0109ee2b837f613a2cc12e2ef47ac11d82b2a07cb95c8dafecb	99d4c9d2b0aabe0913f5ba06e43811684a619726701ec30155647762d7e92461	91c0f77ec1449b01a43ead67288c45498e519d1c26f8d99a388798f6484e3651	26691dc639b2c42f1596d108a18debfbe83c9baf55c9f5f68593cdb58123f78f
117	5eeade8a0dab1007d43ed1b19b2662b66277ca10da58b3b9a878ff6eac627c58	3a41a0e1ea9e3ce3a6b374c14143f154ec5c4dbc7ef9e9159ab76b68abe7e76a	17c6253ca2b55dbabe61a1757b96b8897a7346e751678eeeec0612c52aa48831	60a1a26374e9825c515aa5ed0fd969565e8aea4d5d61aaf34b09cb77efbba814	48a851f0dbe2f34455e38e44f260d83e9f6679060b7e70782a15d07629e20665	a89d4a4eb1b0b6f4cf00552e1e84a6a1c2545a1b2845a8d544fd053ccfccafc5	32ee0e6abc648d44cda5e27045f849c7a00cdcb64e4bd45d8f0b4f6f39875910
118	0f0e6e913ae88214e6177732f19029d5e36fb596c4165ae8514f74ce72a0cfc7	9f41275cb576de4c6218e26c5b0394dfa411f359aa8139889aaf726ab3e91081	68a4f4a76640737dca4e1c75c5c19582bbaad5bb82a6cd188db0a1b96f2b2800	1d0f1c9236172adeffc3b4cd01b25e7cc7c636bc650eb6988dc99ac20a607173	6b61b4a3c14b291f241971f400e8195815ea8a80072db25c96c17c9b19eaa234	d42d920ffbe5b42a3f019426eb747de3cd9ff9fb8cfb108d05092af15df89ff3	ff314397d3d6982b7e9f09d42e2e5fe589ff9cb88fb77d62d2bf5adb5b5a506a
119	5e5e2f2aa1b05fa43f4d7d09beb6210381a258f09f390f1514ab35f0601aeb67	7c65ec28ef432a99585a59a46db54b771556f94a7ae081b78b964688b7b12ac6	3a4e321c01a321591075888ca82238543bf6532c87bc6d082d7a0ff8e79f2f59	1f7cb501671133b55bff4441890b1de00dbd3982b7fa3c05f9d7aaa4b1be4176	91e45874c326cd81220fcd009030bd9d515b67952dd3c4f18b805cccb104a761	715613f54f6b909b898dc8aef542439d9b85549eaf182a340286031bd68048ab	df1a4b905201dd7a8de16ecdeeca74773a99844209a3193ed06dedde8aff93e3
120	b31239ae925012365a5cdf643034a2211dc41fd3b5d82e5b2b8b548c6a72e555	0ed98b598a40645b647272ccfa75e62a45df66a919216bb30bf935d7eeef1374	5825ffc39dde5353ee4ffba9b050f5733cdaa86a8e342e8b1d8be3848dbcb949	59d809d68a264a43dea2345ad8c7e8b901269632b18389b485995ca9c647d998	525f53a90384befa9e15213b50b4e6a6278029af0408ec6005e512b890306c19	9d0f29b75854f41c11fc714bfebb49a5c9b69503f5094340dc9b39411bdffc48	1eb50c03ad94669714fe635c28a69ea3ac25b312a92922c70be69276fad006d1
121	54c55fb4d072cf6aa73a7479024ba5c4651737f3c033a2cb15d943c2f323d601	1dc845223f0a2a6fc3d280499e2eb15c606a92cb8d211f37c2ba201279db0037	5e49d421f9620a08e872a1af84f7e63d9fc2be15f9a4583f12fb02b42c77bf84	fb8e6e2b987a3e6f5596a77dd4b5b300281c5f754f0b2d3f4ca81ec823a17e7b	fbbe23e1eb88ae1a749e07fe9c5c547ba0b1eb626e7d8809d42fca8d48eca6a1	fa0e555b40ed5d5c75f4689e83240722cda74415431ad05a252455afe934e84b	8eaafc7cf3b0220ae9521cc615591d0136e8164c8011fa691d74344bb3906233
122	4d061e645a94ccc7ce95691c7ce119060498b513c219e72d56e4991407f1d40e	7fb65e213b254c38481247df22842e29f5360f78934754d7cb7c4463d610bbea	40807c3365fe1be9afd095a2f73469dcd851d2a3b57a95462ed28b00854af47e	8d1da94c20c9cca0766fd23571c910148964169b205bce8b6b560dbe010cf685	c0a7db55c555e48413cfba2084911dd63d309e80fb75a38883c6046d790f72be	f95ff3e348de5f57301e44d54d0135ca744ccbe8b7e7e6f684008fe1cac8e2bd	e2e5d116e89748bcf5bc097e2bfecab372d94c62c23845ecf08d6faa098064d6
123	d45fd97a8be3d383eddab62b8f52733c1d169cdf0b8c8447bcff2ed53f06118c	b5a8a8302265e67b4804cdfd3f86e39e31380eb4bdb944e23fc1d6e08bbc5ae7	ff8305584822d9c60caff0f8c1e9f5410be8a7d2fd8f693abd10f340151d955f	76e58791fd053c467082c64e9109ca029a841820d9eed5892ed79089886c1de8	4f29a6bfbbb4052973b8d62c2861d8fd63a56e26400f73e2f65e23d4d01314dc	73ea91e934332dad4c7edc86f5c2a72c0aea36966e18c03f9b601d0bdb859c60	3eff8674a9815af9a2893d9ddc5e5d8369985210ec6b94db2e0fbc7f4b894ea4
124	975c676e06945f3d8cc51dbccd95ea292f6ae6ff2c65f133569800ce0853d1a0	312650e1cdf61f77437d98336719d49ff46a907680bcb6faeae72152040e8b41	e83cf1c57ac2ceec9c897c2e3f3f5f6a4405641434ffc096b847789d180eb167	f77556f136cac9b3b888e291778826031ce853c216417f2420e896c0be797db2	d21d6b1525262d61e63f80a37de93dbb2c864062c079c7710ba247ce61ccf5b6	65e4345527577b4db739557cd7f80a0577648b1755483cc91eb51c33ce9581cd	5c68246873adc3df528a71dca02a9ac1656aa40fe50500cbc2b82d352a44bed9
125	cb9c3f46021f468634001b4047f33e665b858992ee947fe7bd0b8d4ed89927e7	28c2b2e1d800ad0d555a6d8b5a3d2c37ab10de79ee86fbe4c0822128da2ee2e4	9f7eefd07829486701123067d08b064a1c0b276802d4695bce47b071e10b8d5c	1724f05715b3c72d18b6c5dc32826410cfea8ccb1b509f4ad53a91e6276cad83	84323c8090fae81d63d32497b258990fdfc8920d9747fbe300cb4d0209357a59	a84daa7093067d6bc47876e73a8885705ab743a8f64fd29e714e8fcb4538a679	8dc1924bbc13bcd23c40cc429719b2bc6cab2064c8fdea1e7f2630d6907240d7
126	58c34b75b41c2987ed0547548c6be3e521bfc2763d4a4d4a90ea2609382b89eb	7c000f46cdd82ef8724820b53cfd7aa4dca12478941080c21ed0c616689b9865	d88c42ae9e8fe3239988c7a0be218d7d276d540298dbd6e1e7669b203b224118	29914216f3b254a52ee6a182bcb24331a4d2d0b80bdf85d24f5dfe7338bcc060	49f8306e6e48e54c9995ab98c497d90de41ff39a81060c8bb29fe4df7c778111	1a2ee610dbe8b011066c5aacc61d5eda0debef5cd9c8611b63529d0a7a092df9	ebaec25e12baf88c5e9a70c5126d37afc7477d97dc07f5c5fa6fd4a3ebe36cfb
127	c05e92e8a0b728633b8d1af6cbb6c527c5b92c664fcc994422e494c599974ab6	5c19bfae59c137c99d1fba06ae37c7f16db15c7b26f8d661068ed8db5f080893	060c13013df1cc94698f7f004e3961b10040bfadcf983234d5244195def3a51c	0d85dc682e972e7522c4dc83029467c33f3ab2b88c10666f79a97b90ad11eb98	ec16cbc89a479b4966330c4a839a8b94498f2c68f7fc1b2f8834b6a6a0096d7d	6c5d9e2142c7bb7c52e4f3df715b9dcc541c9a78b44b526d0ade9aee175cc328	51268dc94ed46da340aa68c8907a681baf1e74b5482ea8f1bd6d51739adbf48f
128	a51f1e1171fe62a2325baf602de49e9689113c3ac53d295fa8a17ad0d51bd7dc	d1c0238d1634c3bd20dab7e46c0bb2b2580268a9b305e3486ce5d52a9a6cc1be	a2cd98a6fea8da9da5ff8c7871f4ce299b8427261d1897f94aa24068b3fd04e3	2c0c2e14bdb730a461eb03c0a8145db3d2cef8f2acfc0120f2be4fc2f342e182	9da5cebe763ab30661484409b048412096d11a85565de80437e0dd91e0b7eb8a	24f9d2463f776a6a033a84634a0dd5031e3f99898a82e10565e3967a058b8824	b963d523297cdcef85590dc93799fa63190a71fe1f8ec1e9ce81c9c4eb894f38
129	02d6060cd724d37477e4399b5ccfb881817138dec5ee6c56f0adf4b435f136b4	5458aeeaf79f37087ea0989466d4f2e71121779222fe80d1ef1fc28fe2058771	aecebc5c28bb8fe0abc6c2e42a1d782513a61457e1a8a74ab964ba1a209c0a80	d8236637da80ccf8f47bbe68f9192b150508f3d557e834e39a86b7d69767a2b3	db96710d7090629b6d046b471b78a821fee27e49c6af4bc6e84453d9eaf4af47	e5a808fdaf3b34ba15e718a943a191bbf49ecab9696ab351e962843400a18216	7d8e59daa06e5b2ed99a98a18c1af65ec43e5c4a125ccad39b15e697cc4dfab2
130	a5fcb02720ee5cafbf76e942eeb815ec9acbc3ac49144c353dfa90dc766695f7	7dd9e1df3545fe6ca22cd83a45148aac4cb825d2d179471aaab64e7107c2aa7f	263c19b202f454d024e94fafd9105ee0bd274a66eec3e031f2b22b0603b360b4	5d172e99d0a94a1084a4eda5dbf15ea9905fb944f9ff8c021fca5ea65b2ba78e	80e2796891a8e7ef671fd4fb5cb33b234533ba03b0179220aa052af6aaa43ada	69bc8337c476323747cc6cbc361118a6c09cb9482c52c01cb69700463c869273	12b76a7c5f059d0050ee8a99afbf1bbbc5f76dc89454669396fda988763328a4
131	b01e8ffb2199503ad42704f6eecf931e390057118d2fd0f61fde7ab9f364026e	585c52383f2d4fd367ef043b56835172c3a003bfd97be311c3aa004614ffa1e2	d73183aba4931aa6e298fcc2565924651fd7f5e783c4a629afd5127c85f4aee1	4557906c9b979df40a6c333a3eed51cfb9675faec883d89a14fdfb9f92038010	115d9f680cc2a016a6b260326a77134629cda88c42b3102c9808c5e2eabce3b4	afc001b011e1a72f33c57b9463a254f125190893926a25df6ace0f0f11edd402	3378ad250a9c9950c2f50f7919458ea1a53283347fc65241b548888d33785883
132	00db062c0885b838fe8d217edc383e2ab7457ce729e9537b66928faf6df25a7d	ef4b56a614a3c09e3f650d85c1c15fe35dd539a06ce72829829eea47aeb62055	79e89529d9cf6cdf143f557928807abce0cf10b1667e5cb793a13508ee197f1f	f8e8ff44f1c8e2b6e0b7c4aeb28576d5cd724698905122a2e58f341c51b91716	9d53c08c4092149eb065114218e74c73ac01c66c22b9fc63e39dd6541d6d0995	ce055d6c2379e8be14e1e980c83ff2d383e7971c75df028f345134b82c18e095	796612708d4d9f00bc1a8c4c3b326f460098516a25a28b7a0f08b5ea0c92edde
133	64c048c04e0ca0f310aaa0e228babc833c9f67c13eb7f5646d2db50e652bd5e2	a7d7866a223cb991b335794fadbe9771fe1233582b66256c588950860e2bea60	007668a004666438460fae435891f6cb07f0bfa44cedfec8333a5c15b3098286	73d5e75135f4b227b1c32c6eff9476cbe7038d766aa4c2021aaf6cd81efa1c42	47c7547b9efc4f8852f3ffb9c691ecd5b72af6c6b1cd39b30eb9d34c8b21a521	3619034c0eb11028da85ee18c4e2557eeb0f379ae3aa325c9094c3021e9187d8	e7d71f41cdcb318fb398f446d188b64e36d195711661a9c9f62824522e731cb2
134	be46d3a5aa38afe5bb7665c98c69e939479361eb1c575a6b0a860b81110775ff	62d01644bdf8254b78b54b5077ae80ca0bd2a58a48b6da810acfeee99c4a571b	fc605e8bcfe2f768fdd7e24764cd0d5ab816cfa2bc655cc733024b9646f828a0	b33868ba033d2b20c14d269e13e4828939a51394f3f17719d379f454720afebc	49bb48f8b3be1be55f00e1d41c6b1009d71c769b29ca4b5edbc6470629b5bc30	30078e5cb07782a6276bb24fcbad9861a6e148504a935381a9c0a573f561e173	31514f5d7930c5c3ca32d2fcbe79ba02d4f83af3c312b43992706d9663fda7f5
135	3d74b0c2c7f902004959f9a40c68153c8e7189f5d01333f5a0dffe6e588bb0be	b7158d879dade2553633ca11409975d6d4599a906be94d334d952658f36a1a22	b9ecd9e65d0c045466471f2194ca5d688c05a2d91ad8c78c007edef8a3e08bb3	4b429f9036ea9dc9f74f5b1fc6fa920d54960a4010c11cbc71a8271026a84d69	61c9a7edd2687ec5a46b296a69b3dea4a8369cb93184e86294155b1a2f7d2b39	7da8b41b78efc6eae5afec0ee3607cf7cd9a44d855cc42ca357273307797a02e	23fef46ded1535bffe15a97926a2c34e6e8279e085798de5da93745f4b90579b
136	c974f82804530083ce6fa5c1c6772603604afab8a62c16812aeccce21f0979f1	ced446e3001b0357632175ea7d19b12403e9fcfa28934fc5dc5de62670f2349b	66a8e8ddc943541d3a2fa550c1f100cda10a68ed9b97cf3c7ffc759b6f92a69c	ee3c3af5503d745636b0ec68fb5362250616f7f309143c08ed9c820970899f38	c6134a88683ef37527063d581e0d746fe0606eeee526eeb46bbebe7f28f24a87	16dcd79da25fda3f9077918a82402f58f577bb5db927b21707462bf64c27ca16	58661b041091227d4403a24b5b00f0197f146715331c2173ab29fcf5a7cf1bf5
137	a7aa79fdb7b64f3bc5838b250f38e4c734265a69f455303d9f4db833a135d35c	c7e5b596a6d1587668a1639a8148ec701e7df79b218300b8430636508966b07a	eaf49bdf261b93a0ccdb449b5806e2ed56f7e3fd509983e9c1ce7364bbfd3d52	8114ac386f6d6bb056485f4986b42fb93c4eedf3ad1edd9b3514dd01280114a8	67c9098ca2897c79156eb06c2f7cf62de14461d257cb37353fa03934a3ec5df7	9ceffb787ca72313a02d6928ce2f1f2a22dd18ff577e57c080fd283b1447a431	9003d7f5c7af37b69bf30961f9502659b80a9c59cba570e4159880e193cdf05b
138	644c08c4f8a9740a32d968f68c29ae16eafe7ad0adc14617503784b151fe4479	732f43303225328fc10565b34b437aabe8f19578ef05b54f0347a7521c9498bd	f8efb55f85e02382e5d9815ddc4925c47367eb21c5a9f326e5a3bb656a6ae5d6	1fe3646680b38b9e9b9523981bdd717cb3152b4ebebe7240729726b5067a60ba	e3a098ba87eba31c563e3310836313cfc6299360904735e74a7a21c6d35fc1d9	e220b4dcf9fc7927fc8f7f9cf10dbdc363a719edb57bedc7f2f37cdf3b105b89	64790e03d5fc616f24bce5b1be556d6085416032278fbf15bc4b5dc9fb6fb91b
139	8b88670e1680775ebd6e09e91c0643aff119c6d4cfb8fae5fe524a5b6d77606d	d2f16c23cb82681bf7ee37fdecaa4d4da07a423a98ebcf62983e730360b8d0b2	1b9b530eda7a416b9155a7b90e13a8654cba46aadfe9f7b78b844941e9a1533e	bf97eaa8c34b00acd5f08c3a49f1818bdafa77a505d81f71ae8ec5faa10b2891	644d83d3c9c416328ff6476f59d89119ec02d17b6802f3e898aeebab5c40d525	2c07009263023f66490ff142dc0acc898816f2dbb896690f83d397f7612f3448	0b5444c2ac0ef5c08f0fd890bb24e8ce2d9c13ab437605092871fb459010a837
140	1b3aeddbd89bb3f89b2dd4d61c2d2d7b1cbef8cd7797edac956a45b5151c9702	c10b08389e8909f30dd2b7d92edc0d7cd2418e226f7faad1673c393a2debdc83	6fb9889fb46198aa43c93c35e74d73a969f2ae01efb329263e4c98806742f614	1f6a4b2521674dad7921331779b40985f4bb40f8b155872570873e1ee53c6946	1490055e2e9d3731d665b7cb4a8cfb7eff770818b980f125223fbfa1bfaeaf25	d1b5afa21d6a121d7b439ffd24ffc74d9b2d9d1e23f9f5def9b3c84aef0b1ce8	607326e4176ae4a20a2ed5dbfa677baf8876b1c4344b5b74f9b497fa937f409b
141	657ce02506d83c86e1d31b88ac7f2d71e427dcce780e98b18c720a18e44850f9	c1786b43615ce49b84ae5de2a9765ef866d2627b83374578b46f77d27f04b986	8bf3f1f9958daf6ecb3721f92dac4bfc6369943ab281e32cef502d423c5bfe19	2495c70753f1fe78b02ec6f0b8daf69be4dc3bc0cb884b27a11f0cc570360714	69500badd64c017b1c2000db098eb192cc2fa7e14eef6d344a31051ab613702b	537943a0cd9bd8eec2a96716e1aeff35344c42a816e3eca34ec045e9f0b97e0a	991f79f9c64021410541ff0a1715b41f3686d82cf93e92baddb6e8d58f6ffd4d
142	a7058fdd456a36bb8e6d347e60d7a10452e48421acf72899b16763221e61b8da	84abc4f023c720e8d93dbd741f9c75345f18f80ae2ea3dae88f37a87b26e2a3d	c756bed62924ffd9c07a0617fa1d9f328405164031e9e482da0f0f1a3e6700ea	26ee78a8bb516d94cc9f75df89d6c5d26c9c5f2d426e6c775c2c9dc3e5209d48	1b8c905d4ba74dc1b83adc85b21392e019b9f6688049303d0865fb476c146d86	0b5ddfc92ffa4c3c986b4c510c1f1a1c343b1c7242eb3b1a74f2c5e2012e0f57	ce1d32663d2066eafd89ceb0faaa3d6b6f0e3c1faceba425653465a0039a347e
143	143f9a20264186b58592fb4f85a2d051210a8b5305e34ea25088168246a8294f	a88fa5075fd73ebf66d382d2d6542a66ef3641d2a9cd57aaa04dc56df06ab194	03d8a1f6a4a833c281762b4835941f67b4075beb7b44b3320c4cb1e50b3ee862	23ef3bca76d241ec1af5599bd5c83bcd9c05550f0787ec9fc67d6f55a8c73d01	0efe2c590b97c53370ef74a132df4b45f811c8ebda83497442fa365652cba529	dcf43ce721ad1ed97a023c37b0c070a5242b525c02a6433054935188ef3fba9c	01d8f1f5b0c0995a6de593fe348a00d58b71fd8fbd621f3d9addd144089d4df4
144	8bce5e470ffb446ea4f5d4c66842498f478e911a55cc5e73ec493a88963d3b6f	060ecca557a7ddda67f1225f643f16c583851a296c06b3c814fd2a759c30fb97	2b61c7148821d65b29e339020b289f709541b4038c84fcb0c906aeac79b3db72	8ea1a9772b0b466df9594a62cfa8810489c61cbf9d7551a266c830b4cbdf263c	5754e2e0cc8825ccbe5d2c27732ab92b55ce3168bd9bfb5b2dd029569b182a1e	a33431f857ba05933ad9bb6f3173680191571d09aa6da2ac69314bec32f7f5b1	177aa4473da75ed12bc73c46b4c63676b06f74b1667165e915a1bbcfb80fe0c1
145	f9bf6ddd595ed29532b00ddbe5a5115cb1362444c636b98a19131a8969287906	55e9995e675558a981a65d5faa500e7c4133533bf2f2cb431c8ff81a72f3e1b2	c95e8e4f21f227357d3062a4033fa4584189118b764d359c92ec3c147319e10a	42eb8f05ca04e012b9184163311f2d4a50de9c6a3fc0c5372a934c5fcca88216	407df62af82bd143358b07daf9982feeb4e0ffbedfb49427cc53250d5df32563	251788c01c4f4f486817046d0170c2c4aaba96ca98b2290afe12435e07d4c1fa	aa2bffc105f68fb35d2197c982a0f3ec25e8a34acebd4d655f888e2d41d024f1
146	2076943c779cfc30a21c1d75def2ff381d9e315c0973cfcaf4b2d738b74ed1af	a3c3c34eed0eafc05506d27236ab87873eecb980dcd5fb0b57566ddefa6d0600	322f404d07ced7935b565dee6dd1b8582b49d3a642f995c155a18323299a3149	476657fad91dcc2d9a2ce9fbad5815ab57f925dbbc83b8bc520160aca5f3a2d9	466cc6a4c27faae0a2f99298cb3624b573caa728f1b58b9d15bc3d7d05b5a38f	5a832112c37bce7cbb23566093691c0a88fa5e2d4fc540b20d5a45c312fc3eee	15670d91bc185e85fcfc6167f35cad6ddff0e58c7fc6158a2fa11731c495182f
147	245c680f3429ca7ecb568889f7daafdea1363f24cbef81eab3f2eafe5719d580	0020553d9ab1e31616e88892f0a09985cd1c31b480301798c3e30971558cf252	e8073f7255137982bcc9ccd69c6c9a88cd932bed408d3ee97431103d18ef7ae1	c0e6afe33ba7cc02717883ee25ed7b7df54a48e729d43c4e1f8c08c00b8a7cd6	d7a7e72ebecb749be7af7f6faf7f349f789323009399ee9e7739cca1bde3907b	9cc87e619686b6de028aca93183db030034bff88d154553fcd14927bf469b15f	9e9cd3b2631bbf2842da4f8bd92ec0629416ecfe68edf0a79fe7e77f76e53ef7
148	6e09e9673303b862bab51a178e8062fb69e16deca106d4def9e2c8f0d94e82fb	28ca68e9a5998d2ac5878b5dfcdc806ef177c90ef3382fb1ece793fee5400fcf	5bfc5cd16ed0bddca77d5d2113cf8d34008513f46ba88677a63bfedceefd751c	a7785fda1da8a1a14f0919c9f25d1f44b42707fd453bb725b4471f22337fa7cb	07d13624cec3112133db5111a58f4f9969e2de74d7c3f97702aa55bcc8e6ca72	d4b9d3e245d70e3c8f2970f99e45bbbd4c2a78e5dbc0d955043b2ff99e2befd8	38e7f6c6ea56e37a57054b21eedc6c11d8e22f7d85781b27737b940854a67ab9
149	214270cead6f6f8b99355392783fc323d372b5ea782882f8c801cbec31dac857	28ef7e8c58c622935be32291099669e8f10445278dd4a57c6788a0a2b66a0239	79d031424f2a5d238f9f93925af238ea32066dd414879617f817b339bee0124c	b9d348498a0d0f4fd0624941f58c6d78dd796fef21a6113b0cdb86a45114dfca	98afdcbf8f8e81b36706cb5362eed9b96726973b77fd472af5d885d63fa94dd8	336d92bbabeedba47ed157228927855839ca4c366c448f3d8109be611df2786d	9810fd1cb68bbf4af668778a3c93349061627146f2ed61663baddabfe1fa074b
150	0e6774c86033e14f0e1a60d4e4aa0deefd4fa9d012d877d25d1e87bc794b0254	f8ad591d2c25b962236bb9d4df084881375d08c4ffc9a76fd051de7e580b59e0	81aa82ccf9f5344ddae7f677d5488f5f5e88b340b7a6034a0f0f4f7092be6935	6886daeb7f672d1b0325df5b7c6d3df04733325d6ead4ea0d2b4ab1ce86fb31d	d64e092f21ef4ad0f62bcc6b6c32b11dc1927650760849e7d45b5ab69cd63d3d	c625e8b8c54e2dc9d710510723188cc3d3c25f94f85326fbfb758f2c6a0fb02d	f8ef9ffe030090952c8b2ddb69385198c7e9a7b3d7417210ab02cf69dbd9ad42
151	1e77209c2d5466c7383dd6aafbcdecefd7f842bb04e83baa7c8e595d9cac3c6f	654a0a2f7c73c35b6c38ee468a52e606542e5e35dc00671e2a19c29876c21447	a11c732289046d758b34cfc1579e98a71522995bf6806cb2b919aff73c448b22	5c9e24a505558500e6a5b753c1fa28729d14513b9b540de87abe23eeddc7b02b	f1ac6cb51805dfebccf556b08012c327c7d85751ab1e86ec8efb1a788cc740df	93435d4aeb632ded75541ba6b7e17b45ddda5729356fe776f9747cc7e630b002	f88d0872794ef3394c030d35fafc5544b3c8520e6bad480079ef4269de9b6e87
152	0c59c2d3106283007cb47ef41aa5861bf7bcce03fa6d3385196e147d1de77323	18f43aec3cb105c15bb6cae9354d30d35c5f67b5dead1bb3da4d8f9f1cc1d587	f253195dce78fde1f7d258c5ac8369b8d6d49b6550f2eb4a5db55f99af844d41	4b9b1bfb45dd8098df0cb0b0f2ac3c5696ba24c18dcc0dbf78f3f738746ef194	b3c84040529c0403ad84946efb52531ccfabe1bfef301f4d41d56b4334cfe156	c29cbc084bba71ccc1cb9914f09f5f6d8efd019d50854839565ca8dbbd284c76	6c71b3c331257de74c1b446c2b3e99c6263aee7631bb224ccc85ea6add1460ed
153	db9f302bbf6190b3636c8ea69db79ac7b7cab6c758ba3d3ccc293cd83693f752	0d5920039670053b3d4453b95025dfe7262e5bf4bbcf8d1ac41cac473bf70bac	6ad17467823a99215b898d98ba3f9ee7cfbc20822b9bcb13c72fe4a6c298c163	5fd628dc3dbd2150a3a7e37930aefb5c2d8b313d505476af18c1124a0b87e2a0	cb159a7d5dec914ffca4686c1d773b0251b361942958cf548135ac153aad8d21	7ec1327d00aeab55be6d44b1337318a7ddf6e41dba0218eebbe671066f001073	c53784adfd098f520279dd1b832e1ff60e66e45e45b37ed00ffcc90a3eddc9ba
154	ee21d24aa93b71ce55d8fb3483918ea206576d6417ae732597bf6a398b8668a3	93843bda69afb572904433ed08a65f3ba29889c9df2d3292371e37648b539b46	d7875525372a2419b0e4cdc3e9af8e62fd4b0af5d975701a73c98eca15e21e01	156b29d7811ec7f7f14002211f21768ff4ec5c3427edf4417fd2926a6fe23c97	2063a16ac3570e90358d805fac74ec24dc7f735e88aee249c12a20acd937f2e9	989bf88680ae1b43daa99488fd8d9d9505f8281bbc73a3fbf5d3e1292f27332c	5f60782ab8a46daeb19c57b729bdab14af4fe698a3d131704c309b36aeeddfd1
155	7156e98e6761b53581d85e5b41618c0f089953957cf53eb1d3ac742cbd7d240a	f71dc14ab6f07064d14cee1ff241df6943b1382a8d2062d5922925e3f31997a2	efd1f889cf63cce21f5aabc2c2179a27ff53c1119eae874a3fdd56913e7d4013	e3dc5c5f895dfb55ffece9c5ebc8d80a1bfa39df57408c016af5ff0f33d58d76	e2cb4c28e4f19f6c569827475f3837b9b125b8ec4bd3ba7711b0153e6b51aa95	59d2e0b225655e759bcf3a7bf19fd28b0eb1b76e8bdd4d0ab9663c75f8d698ae	690d9812729257f530e483cd2b2d07ec2d489f20893971f49bd6b8ddec81d2ed
156	28ef6e11d1c6e960a4ab490e2e883dad2b8abcfaa15cf0ade97ce7e8ccbe3fa6	b596e80d91ae2fa7d5c5fafca6bb80b87758a3737c59dfdc96f16778f5b07975	c5e841772c4a44b009d93fdf98a7c84b9a072f21dd7aed21aa2fe83911c7541c	87d331f5f3217cf04749a8cf35abf721003aa9397456b51cc2ef8dc76e67e121	5f5b4ec18b92b6f047aad4c6013238787ffd47c89d8d552685a90b6a36e79e79	505d9ef369f8d7a8116b04c0745490cc68a4e78c241842440a390ea6e11388f0	b0240fd90894994650e48dea71b6db4231427c2c6a59b1a3680d26c8e0a6f464
157	84734e66708486a942d51b9afb2f21fe8cef77a8a888625bbb7fed786ebbfa62	f66f09b3d038478a764f9393f8dd0a8e3f890a9af2fdefde4a985174f4708aa0	4f1001166648b0affb61b92e22e15964b08508e25f9ee94a7be9fc7e7a600bf3	df6eb614af304ab6ac574583b7fcaacd68139243f7ec99b27850477157039f03	9c988842cb337d3338e47371c74482d3e5fb3112be9eabcc3ccc312c2d63c5ac	ccee88001ce1b4b93acda9c4b2ca1bfcec3a460cee1a4f1f82306435aa4f3c16	6a45bcb024ada434eb29d383d93f8c85387f45311a94ca2aab09056f7cb8e8e3
158	80a124603420581b71ef131b8203e3b661e8104ca31ab1d435683771b9b137b5	6587c346917c8b29375915999b59843f8c0eeb8d35a01a4b7dd17ce43ac4823a	34f88a97202a695e000791e586b88ce14eb00084a21f7e0c4164e1212e272342	b365b356ee116052a6480c4e9e691418767e80ecc41972213062601e8d242b4d	8e64899468af167e8a8f1af4bc2d8ff89776c1ac086cfeb85d529d5d98e1312e	d908746659b4228e8e247cd956d7729cad932bb892da195e20b36472f1b839a4	6020bebc2b80d6deb56bbce9cdf933f82bdbeaa2f8e2bb0bdab100b95ed5cf7b
159	c7ad66aa4e492cc1ebd9806e334d465090285749c9e0386b9558c7cc66897054	74938494e3cf55626ace26af005e31eac26ef68d032423aa30b06c688d1c0872	ed28715ae149967c76d80827db51322f7ec15cdf49f8e1225af822b76e050238	9ac0580ff519855925c5e2ff6287125e919ba1db406a1d048429ac1dfb9820df	644cd918bdc9faa438f092d6fe2195370490946926a62f638e4860f963eb9bec	89e63d3f57b379738b2df0a5d1c42ba3b70984a181ffe1d25c8ad9162e635f61	61e8480009013d9c96c9b994288f94630060ddc17eab88321138ff920a386ea7
160	33aec6686c6751579a207c8109705451d6b691a65e776afaaf1cc306614fe42d	37b03fb208b56309464b22e582c8cabf43cba26c1bc2264676525c1787d3d602	0e7872587ddcb325fc903614ce31cc8aff9b97018a4c5f7a10cb7b3ca2a0ece3	afc1c01b1afec08d230c6a17319a1d963415641a621f86ae48e47f9b845ac076	600234f99f9c3deeb9e4798ff05bc8cf044eb09f8f07883b2ce25574d5c843ab	1e9e8136a12f8bcc9c7a323dec9d35b689525794c5726578545c978311c443a8	fd7ed790f83c66a919189cc5ce958bb7fc129852253852d844548c338827b692
161	5c9c94b3713228d206f471893b96a7d6884d079fbeeaaf3fca59b81c45f6c4e3	f90b61d46019e7e08a499919a8c9fc5cb40a5c380532c1f7d8949a863c5a5210	44f227ac821553bd1c3494b7a1c63a38e6efb43181846c6a40c1689bfe934e6e	c91f765c4f42a1c1a891b22ed063825c1bfdb52e150d98a7adcbc8547015059b	a40dae5e0dce0c5e8c9aab798de27dfcfde72d36e76944e8a8d369fec67b0f91	2150d44a8c5ab0b5e26d5d6722b3f10867eb873b3636311e7da0a9f7db091bc3	e7a05c17ae43e9f8432c9a45025a27081c96f815f0d9bdf9a779f9a496328f61
162	11d48191bf4a86dffd006eac9520b7887c90ec5d0438d05c3b19fe25e2e51e2b	183733c223c0247a5c8e3f1a01b9442d82a47659b52aee1c45eabdd3c776bd29	2f985f79d8e6995d095c9057e5c2257f5f412bc7f634a6f1a552d25699e19942	2aaa33b656727e6f0d82ce2edf78c7a4cea510b3a3a63d568dac607d225120ab	09a55eff2e3d426f801559b54b26b5f7b7e38da9f8846236dc1ad91a7cf02b37	b58b8260f219ad95f77c5046ae424109e8a8da59149060bd10a0442864cb731b	e91ead1fc94ba523472af3f67018e6d56627ff30017579be4d0761bf65e78de2
163	608fc4a7453ca4e6470989f83d9fe09d36c1ae16c188caf8e71caff557054e96	082972ccb588f7151a429f0a30af4532bea0a7d7e783f5e4554446f159935ed3	5228003fe56183b8ad0e28440b695fe1c0f2eb4cf7e8ceb6c849f7b4b56bcdd1	a4b13ba0e7e76ca766ea0c38e8ba7e1458edbdfed1a064748045dd716663ab70	8a9320f2c8a1796bc4d8f33968fc266407d760024c5b19ffdcab130e1742df44	270154f29bb26086e2cc3927b4d7b167befbdb2a208b43ea4ab49b28b4399729	8efa8bd89c87504397e3e1f0e4e9cb8a4a6f5a83411fa83fea101de91a96ea77
164	6923b45f5094635ee6fc1437d77dc59708434002d01348fc3fb5588cb85bf17f	24c5d7efccd570fc3a716c8c84cc398fe1466326a2502da2450ce9aafe220028	d68c68e07f4cf082d77316546e9f505e48978b96f9054c3cfec9086872c582cc	7f4b03b83d6233c2b8b6a53dc0e414bbdfc5e2c434a7936dc56cf6ca4f57a74f	ed2ee710e34f1ae45e880a8775c51a65e4f9e12e323acd7656efc5a27514c964	029ad05a473b2c9c96dcb9b4526bbd94e329795a3c7f5e5fadd6d1a71b481a4b	2cdb000a22d86e16b47ce21a5a042583e09cf3ab65a63cd7a172b84dde766657
165	de050e9ba3849f2eea40657582deafeea6d5abdac83091e78f401367b4e6c1d3	b080ebfe266295f87dd29925c580be0cea33932e481f77d4b0a5de7eb8d9dacb	7fa531d72036e21e446ddaf5230f71b5ea1eef35af603f80562331b13e13cdce	394890d7c5516b1574de01c0bb83b098d42b9fe0468067ce19827094a24be67e	eca995697892d1b4598d254660dbd8965b94c337bd22de74469af3adb97181b8	0e093e32565840300f9e35964eb78c157a20956c258329cec9173bc66f390f4a	c9b6eeea09c175b0729bdf412bcf805322b4d78b3073ca42067c7f1612d689a9
166	ef2b4a008a1dfd9b2c2ac64a1a63bfe908a8d04e29701ca04ec8dce44dc021d1	ec3dd578eded6522b16170d0fb5f2fd2c0862231074d4cd5f27cdf8c4a2a51de	fcfd08eda6e36e74a039ef29f8ff666d60417ef94a5a0fa0ec402ff5e888339a	2e969c8e5322c9be107a6d8f5e58d57ce3accb8c8b1028fed46f8b04ed16e8a0	ca6084d71df4d865d3596a8d2a3d28fb117c40f9202aa996aa162ad8a78a90db	b769dd0168bef7a5739bf9b0766df72836f7d200fb5c6134b739c6fbdf502386	9b0e7f1e36c3ccfb1a17053bcb4a9327dce667c36fc3b2edd3cb463ff64b0a83
167	500c74fb552624e53fa3b445b0fe11f7dd1166afc04281563cfa7e71a41221a5	704afeb887ba83b5194784d344d8b18782ea9b8f197b01e48fac44f305110ab5	af34a1294136b492569f339f22d53caccca7b3e48f75e5fc805d6fccd903a9a4	23968bca52cb5822dea41ab08a709665a57ee1369b2cc548ae83912744d45763	c564105ed6e03c78953017fcf33185834bfdca5460ff7bdf5719962a1e46312b	a33eb0060ea15361e6e458ad60a5641f9198d74d378a60430a7c903b4ed328c8	3337c3e49f6a18cbd04767c73ce0f0e6ae7f6180ae062ac760eacd149216acc7
168	e4c3e41a4409f3a67a5cf4ec8a7e68fdc2c98fa514b08a2ed87448eaba3adc28	5a51016daae806e7b8434d0ea34e34221cec1da2d1ace3eacde6036916239710	23493ad19a3c55446fcbba7868ed9e7caa37a4277047f7f4d53a3ca7ad636ab4	fc4a04ecdba86e64550f030224c3784a5b365352ade40192f5db23b75189609c	fde7c34386fcf827f91a6fdb47aa1ca6e0dfdbe6ea0f41c8071e70837d4deaa4	9f79bd061d904b0aa599f5ba8b23a8e94da7b314f93026bdfec6c98e26c24383	484076bdb0dffe8dd35c7b67408a2c056addbed8aff144ab809334ea262ff5b5
169	a9de861c2258a84c2e1944dfb3d8f18eb3048991625fc1ef1fea0e8c511d9609	16658ab1859958e44ef01a390cbfca0d8d7a9b2bcee16481dbb62ff18e474682	2d8616922a5c25d9b7a460fd8ddafd90c0e4605eaacc0f6bb411cba2c8d10af4	12ef05c097f59f59a15df60e8de955e68ff2ddf4c5c629b91ca3fb3d24154049	80e28467dadd64a3e531b51a8dcb15c89a7db8322206aa54abde34009f064670	75a6656afc64552f040238d904e3a76e9960f0b8666f96c2967390768ed6e950	1ae11ff8689636b3eb3a5722d8095234d28a26c2235e0c977a21f175892cb54d
170	50e36573449cb6ae59050187855cf9acdeb46ec819274e1617ef0794d702e5a4	6a278cc362bc647f35124e768e58c697aa79af34a380fa25040f93de5ea3461f	b035c8d61f1439bf0b3b04acaec0b1fce41b301ba3b9dc65c0cb1be16a6d7d39	e78a79c1065dacda7e5dcb97ed9baeb3dd72552e6cab0408b3d7752ab437fc82	c3271511d9718937d7a5a7548ecdf077fada23f40b4ada450029504b9034b35f	5397b99a55e58e9e58f70a3d812ef989674083490645844d21698662524f083d	d33af63b6dd9c6be1b2794fa2683b7932e7503288eef34ad11face9cfdad17b4
171	97a2468e591f17533b4f425a2f400b99c0151fc4777ba1e4936f0aa758b3cb55	7593c352d8f6dd9f445fbd2a5dcf5e636d77a6e007bf58c779c164442e50cc68	396f5896350c507c515eee280a25abb5ed3792f8876e4b7fe1c22900b1836c74	f7f54115becc5bb667d8ce7782c4e20b8d24fa5e8d76134b41dfa24b540849d3	e0fc25b107c1de537eedaaf9e6bd2ff959d3f3c126bc19832612bf14a411ecd6	6fee349f1f01334036f16c8f019644098f27377fe50f9427e7f2866c8453d7f1	c242e41424f1ae239ae0a047b151505908228f31e78b330672c5e45486a3a743
172	ebe7af28106ec66ed91383984aa516f1056fa865d40405a926aacc3cabc4648e	5ef88b58aa70eff127ec102760ccd22f064ef9725eb07a4cf6d4513d08f11602	13f436345979134c15aaceb4ff55019f96ad51099b8256c2ad11ab2e07a78623	1a7d408477536a804e5ef1272ffe3129da5d10c1b60bda0f5ac7a6b45799ebac	cf775f743c1736370ff1ad5e7cb7fde1f146fec3c26af562ea73354201f8f638	97951731461e88362310d966ae9a182d3e0df022f6cd53618c5b076ce0290f98	b4daf49308de730331bcf73e0b39a36b8980bda26d8c30ef4eb86caf81f93ff2
173	657df09d33e1430aecc780784d22c1c71b0025121f78226e86e1b6195f3ed775	052747f9b06a37953fd5cc1f7fb0493baecb4bdd312ed29d819de734f16f7c30	0db5fa3e443333dbab286e06e15ed1c682d8e8c35c9eb834fac951b4092dbf49	9bb01f65c4ddf193fe6401e10b2c18c372e4894a929281e7a3c81c75ee396b54	751eb492379ba957603f6ba29c3da535f84bb539f472f040a0d8a4e0d413fbbf	5c4f9be3d2d337a0dba0c26d76db82005e1ea7f8e671cefbe8746206d41b120d	429b821cd55de3edad600fd711fa7ebf0ee0922e141404eea2e7351d7d4478cd
174	7f221238f14df0116e0d7c563c1ffee261a337fa651f875cc78890c2a0b2a635	26f52cf18311c4849be6c1354b628c0d8d62d623e619eca450b2099fe53f88bd	829da1b8bb51ccd9d8338f8628e1e1209e872771d63bf46c42350a7051bdfbbf	e40221d64e8e798bd7b99fe9390c3ba57bbfc8dd24e2d74b37f6fd1dfee2f940	bf37a9f915a033f6ee13a7c475185681a1bbc2d0f7001ca14ec6b27baf308b69	e1b122547e3f1fb6a4cca59766bd9be9743b6444e1cb2d84cc0d387a4039b10f	c14ca6db867594de92e69ddd5e16cc44301df1d5c5297b378f4009efb4836cae
175	7f2db9066fedccd54ff6cf071ca7a417c3b439f4b2209ff9636f36e7dfacdb94	5b72af7c84bd669160c5b0a9d2e979ad85fb2993f3d4634f102841f005e13bf7	2b1b50c56e0ba416472a5f92ad1a3da30ca967552143a2a67905fed8fb2e0748	8b350e800d0e29a98f5e7fe42392fbb3720385e6000cee9af920714916baf5b5	7c6ee1160b0fc29e530a81242838810e6dbe017a352c5de3c1f8a58c5f78411c	b5d81786ade54003a09eff0c507cfe5660b654e1ea195662b425db9fa3e0d57f	7aaf6ee1a24b9a1937ee380b87b0f97f8c4bf1ebe6948c1f9d2ee3546579f045
176	26c3165711ab64e6006b91ccb49c596130152a7ab5bd119f1748757308b8ae53	e5ca5858b4488fd2578ab76ba1249f3deb99a77faf3ab450aee3227af00a890e	a81982a152e266d0d48cbead9702f941f7a2ac33e3018359fee0fbc2e7a6a6c7	62e41404fc4ade711c2abeb4d2daa58923aacdbd95d6409b70a6e58ff4438922	85e20f48970527f5ac709e61a82a2118f61a5bcaacb912a033efd4043670adb6	545f43df9ff899c6abf2d8bccfde10937a87b7563b1083c1c4386929eb877be6	5b8438a466e3d8aeb1d5b045c21cf045bd6c86f3a8b826289c15104b5e91922c
177	3ac4491ee49ff9b5a1eb1a9ad7d8daea6c15973d388d23a1af7a1cc96839ae37	65098aef6cad71ad6fc594d405a93770374a2cdb9736214fbe54a55a19688569	33bbb2951e59cfb3565bdd50d011775701bd23568658914bffc07eb933c15e51	d1bd73d6c59d5f8f341ab5ea0b64d4a4a69a8850c0b60c2a1c262c399b64e1bb	6857428702cfcd795ac895112b733f45228b1d00006e5eec7f32290dab304a22	38e867d64000f33b0a299b0ccf38e0a8fdc8cde01222324bd02c2204de73efcc	3a300a71ad7ccad6ce619a83b1fb22f948d70144e91e9cb3e7de43545de95cf8
178	16f241ea5d5ada04dfed5a73067f84b18393ef4accbce16593c44e70d9734257	a321c731f1e08ba87afef4a197e733878f61d5589dc8df629609fdab73422db4	e7fa09d4699c2d3297811eb0d4691b8692121010fdbc4a2c59447e11149c10e4	be44e77752bb2f8fd2b75f10d3538195d389963b0c6859b75a9f827d864633a3	f2e72f572e32fa938dcc8482116c2aa321d61421b6c4f1ef2e65f6b447527ed2	81961294e10b58834640cbaae49074af2b171a517d2757eecf9825cdcef1dced	b5f6bbae2edaa089649fc2113956e49961852821369e38c60860552cbdd1d165
179	5f827ad9b0936b41d72ff98fb4d7d0433b22b0dbb7065b2684cf1b0b8aad2c0e	27856256abe119924a0504a740a6e2baa5b415c59c659cfe73cc00089a53a99e	4899369490fb94e51ad15c01c113c15e0f7bda631472fb9a383746d1e2719a6f	1c12796b29c8d30d41a530a8444f2e5d24d66c4931e5bb9335fb6fb2aeeff0d4	db5a50a6281badd88647043e8a3ac7c1938c21b8e33a2228ed247d5d36490773	d2a0f19a426a5cc2e021292a6970c0d1546d725ed5ce3b328e2a92e37d14073f	5635a413a9f085c69a15f944627767a479fdec3717f2a283d7a99e7b9afeb111
180	f84502926b82042564872b266a15d2283ee71197d17f13da9d98aeef2818b987	5c9adba2657d90b766d41cb0106586636cd093a7e3b1877025cf6ed0efe5d47f	8b11dac0672a9cb68e65fed405fe6aea8d7671a07d2566c68835f0c8229c805d	cab9dc94346f063396ed91f5f1bc6cd56ffea08c924df020563f73da09774fc5	a3762053402a212260507413537878ba724b80f31fd6b93ed6fd69fa770d0716	ee1765419957618b9c4a1e7c51f1f40d79b47772f2d9d012a4e57af2f1bb954a	925d1cc51582f45f564b062070da7607eb327afc7151b8347591cc40a0180ce4
181	16a4a781d44d32ac8bf0ee50916c0b7bfc3a9a9fc9ed4a8535f9a95bedfd3bb8	64543865dc7de56e20af9f48fe10ba26062a66494289d31fa7131471e588f43e	dd8d50912d1fb0254d47294206dfb302cef7e47de392eac8f3dbe9d05cab1553	983a76811ad5ad571fbd941c1e8b7aa89150f71f70d6d65396be829173c4fed6	88b9d416991f57006dcd1cf06d6e9aa0559e6aa88db453c09c78ca3b76a8ccd8	adeeae1a70b24ca8b1043d4601690972b0e1825114d71899af8ba5de849c5c1d	ec1641160246a6277b7ff53bb021a58fd552003e95d347c8be9559f5fe377cff
182	e3291cbab7fd36a9dad06c9f556cf863dc325489e145c2bb330356660df401c7	4fddf2462f616807d5f3240aae165ae09fbe9b28159db9f61dd5446b1b15d43a	bc8739952dec82467a4ac0682ee6b033456934adf4633635a6ebf77ebd32a527	a06e4561423066b5735c51420acf963b13c6e056a98e1daa98c39fd5f125cf4b	325293357a77611284759c08f70b3c2baa54488948c0505ce1e074d402478bf9	f65f21a71a94123e8b23ea5c0d46f0c89c82674be4f3b45afc2bad68c6d8e011	34fbd28f031411745f421342c14f96ebeab578e04bfc35ca5150af0be9179484
183	deb77540a11825a8f2b5cad2b4221e373fff865fec993bfa00113aacd2efa6fb	ff19ce7f41649c523a74aeb04dec557e897ff97c0c3058c83c50511f204661c4	90b8f14ef0b86cb17c3b32992e77fba5a0e5e42f21d3af5982b01d0c586ad1bd	c1b0034fcc39a004629cdd6f68a626ecef79b5beb4f832151d95ec416771917e	5f5fa32e06f0058efd684e8137aeea023983da9a805845240ac30d87b280ae54	61db059766613af6b297ef323529b4d6ecada22d2dfce23c0ae9cabb63a2accd	3b907be0269e951964a22d2657950db0898bc18aa7d3eb328e0072555f1140a5
184	6f37fad960f452e153f241b15f071a3651c3c510e4432b3715786700d49ac9ce	bf0dbae07efe297ed5421d799b72ee3de2b4ebdadbac6157ace855f0139d598a	e975283f6876f6b5cd1c7aa35a322d255ff84e5fd92c0f94bb1b2ac63ec468be	d40761850ca22a1ce462ecfc5e060d3aa1544a60c482dc15527e93572cf5f1f2	d9cb55cfd0514e54fcb533fad2a3ea95c6614cbe176f54a1992a1b33f8b2f8a7	1cea6df35bc3f7d0895df80a686eac2481909cb60e2cb959c76cd5da3b08f404	dd62d745e863855f08902ecadde8d797e8bc8d2c0558b9446aa016ab69aa5227
185	eda062070bce53dee8977cdc7e888fa943d83ed943538809f54fd24690b21b03	b1999ba89a50970878fc13efd8926ea9ff07e8b329d4a63e0ba0e1d2b9b5fdef	f79caa3a30033f5747884482350243b3421ce5cf8d46a7075876cf20d1e10e8c	a8bef53e56cc10ef07dae73b10013770528936c530aa967ed462c513907ea3da	ccefc9090b5fb788230c79a0564149004ad33dfea0151b21fbf137e8b5a5f5b8	05431c75e072fa7bffffba94144c72ac644402b9fe559e3c7b8a11bc4596e4fc	2bbc09c25c70dc0e5496647734ab2c2a844918c9561014beda246f1410a3ab58
186	c23effc50d7d99a2939e52dbcd86b39ec34f0ebdbba58d69a2f632ae3087ce55	48189fa3ed5955396a93acb5fa3b4f5bf5ffdaf9e7d883234b484387470a1181	1839dcf241dc5617c9cb144528f2ce4e6f946c7769d3c7f8917f0c9f59a6738c	7bc1506872ab506c46bdc1c24e125c60fc0f2f65a5b19648329a5321126c305d	a1b405138f1c5cc3302d2be067e6af91721df1a1a32e4b75888a03d03c48201c	5dc0ce9d7f40c03428d8afe6c8504c95c93bdd56a29f6cfb48d5183b3f547499	3659a054de13f05c229726b91600a9e83231a7c5bd7e70b4b12a290e42e7da9a
187	7a04b9852944a8441055dc7aaccce835b5eef8b48adcae35203d9906302fc6e4	fb6b42d643c4313012eca370e2527566d178c564c255582c12ea0db2f30a7518	e4998fc016c292069500d253ea9b0917ec1e857e903727d5e20c65bdc21f206a	e4c26bfd4f1bb70b69352c6f993ec3341cf5b50e988c7fe38842c6eb9fd51e44	ea714b0b3302f314d67cea144d1be94fa122db08d2f4748053d9b5778427e8f9	acbdbf5d0c5dd06f17262cfb7937afb1b74ea2528ae9e7a78b8a3a213b19c2b9	b1986cc4b2fbab5e6ea1c0f4fcd50384c32e8d2bd8b904f43239817c2dc1ea55
188	cd2931b8d8b8056843bb7cf45b535da9841f7ffe8fcce0316022610d66a63235	e154c321ed8fe77ddfb424cd1e7ef82560fde17aa1b9296a9cc8d7228ff5a1c9	5061ae123fe6206c5f02ead2397e0b294e176c0346ec48ee5ababe4a2fd9a1fa	783d12881717eaf8ec64be830315dd32c78821a3f95b0ff49524e91d2f82d73c	8a457ff54243bd29fedc7dceb86a4d4c7096e003309f4739bc6af57bc7246c13	4b34db3f9f827ee33566e6a519bfcbe4c05654657f3686f00567e19a6b2542ed	86e406400a6846eb4a9f0d620bda7c5486af6d39b899a7273883246729e04fcf
189	32f14f85b70ab6cc9d05c16b4a47184a47bcbe06ee878f8d295760d8906af49c	a1be74a1b5f61846e98e1c09775d7e5299c98468393f88873b7ca86e5a3760a6	8b2208436dd6321dc59c68e745c9c24c81e70c46af8f386b78c95e0762c1c045	a00a9e9c15a0c2a7b28cc16480eed055b5e16ea0a50b049f6b05f6def6908130	3684e78ce00b26465a65dc2e6a5b4a47e11682b5da0692ebeea5e8f47692dc44	118a3967c43ee98c44fc5ffc8322fd926eb992c337a6295abcc9c7dae40e30d2	5f262904cadcec13682500fa24cddec9896efa858d8b71da6366957cb229d15e
190	2611761f4af80451e0ab1676ed25109cb4f095d4de2b3f9bbe59703e220d196c	2bc3350e2ba658a3afa44f94b58bae0b80c1e6987b8b08b05996c74a4e2e58d9	f589acff1fa28ecd991255f7aed88704f0590ee9648bd015b739475c8dce5679	1329f033c142f25a64a42461a03eff44e026ff717287994ecf19ef8187368f7f	d7bde32e60ea79af373a1847194e4449ca44c1fc3e6fe448c3885a906eee9e6d	51bb3d4497fe4f0eedf822bb9d8c33d7bea25a01f7a7d49ae6034ccf7c98befd	9c28a7fa4e64c0599ad5281cffb003d3e07d310654ddc245b79e27c24c891b77
191	a00028e14ade76873873200ed98dac57207fd25d4e90bdbba7d36d2a8bce8e42	f92603a7e34309927f50fa465133fedcbd0d95b1dad05f340ab81f6817599c65	1b85d0093e29b21671be5b075ede12814e116f46ef4f1fc579e20b3b2b02f0b2	9df7d33d402d9a63320e539941388669dac0470eebd23d58a579304155683f56	ed1ea122424e512fd13a4b0cd9ef8f5d2d7236f2a7713b1849820f5d48660daa	4f9f01f75aaee36063405380131e6676a21c0bb21953c531d83136841ce1e965	55a8fbfc4985a4c86fddf468ca5e3a2a484bb24996967b72471d53b34e4b9f33
192	001eb50007c66da8b23274f9c83f9d871c5711f54476ca7d99c342911cce2f5e	650494d437e05a7f6a70f9bbc8fd66c273eb5781e996e8f077a56a9858c5be4e	1281f4a306b5020f3259da82fd00046cdf9150284b6f03540797b872312e08d8	988d1b97a80538289959b1976818ec2206c297b8818ef92cc96d9122ab91d8bb	2215098e8a28aa5712c32db7ba6a75b1b9d0bd660c7427632a2ddfa296760ade	6be7410195392536133a52c1553f25f00f2519b97d66234c4a639df167bd6fbb	4375c62ad106a61dde5817a21850ed0c6f2e86de15db33e21c07a3f7b575752a
193	245e5b5bd79d087d8f716a8ce717d5bdc4baa0bb6223ac304e5b15ceeadd9369	fb4d9fa40e556ef4f3db3aa4b3bd5a7ab05445b8fa4df08e8ce1e1685619c05f	78125e46f683b009050a92e006059b75bd95cee1876f2da844776d3ce57f8789	f52c227a2cb4c5fd415e9c45ade57e5f51d6be10340b83faad82ee9599605a1c	08d0bccc6f101e4afe646da1dc61dc015dec816ebddcd69c5b52dc1f0d5bd3a8	91ce3757a21b92d5d0a118aaf07c977bea70dc1538def38a843b1eb8f9481a12	0da771a3c30777cfe288072fc5bd610a5f42de5593d2c82267df3218367dd546
194	8ca83eae9673c24dd0d0deae1cca08980fc3b3a60cdd37829ed92f59af5d9f90	4edc25a5cb3e3bf7468504c34193294112f21264d135610b98809d13e84e5f09	e8280f8cdf3cdb8ad07d7191b8dfb277cfaabf5f9579e6332b271c3ee633bb91	0f17e03d864f65e7142dab58c5b0e46e071154ee7c8511a221148e50e6e193ca	50d17461c51ad0a34d35a16866075671ce98fd671aa2a73f20ab912c8b0c914f	77b6e266b18f169d2542a3acf9ea8effd1adf0f95cf7ee5c7b8be36ef107d7c3	f4090af5952d0234135e7cc3ef1ba8aa42055b86cde8801ce34d2daaf528ebb5
195	60ef54ba4e2af03465a317aa899966bac06b56f0ef92f86195b2479478a57ff7	8d001308be66a28a2f495a26ab3d86e1d9ce44fd83190daf52fa2be274a76f6f	a43154868bed59738f0e8a30ba0cdee963018415c5dfce2388005a056420a947	caf1365f17277ed68e589557117c57e90d096dcbbfbefd113c15463fc7c75ff2	1549a96225f6dd8b7c9117e36f54cf3befa1cb557f3ebb430e5ee5143f839479	013282f65f798143c36934a0e57a3fe2047426fc75291a5fff047e09d1cc9ec0	14645dd402709b072a9180638cbb7e2108b75f561cb57dde1a0244cc78543a3d
196	4a58f5f0c0e98a95a751aabb7c67a6aef253feec7400bfd43dd86e80a0693a24	03e361595c108460d6df478a70c6c49e9f5b1d38abb386bec8168be13b2d64cb	a649609434771a9cd3dfead090b967916618232d3787e061d5b7bccfb516866e	a6f33c5fea37d723b0d43146db20a4add15f5ac353bbe1a3b9cc608b9e22b458	b6398a95d5025b8672d4d16206a366f38870ba7ede72e4405ad315a33d992966	db3a36a81d4291bf6dd8dfdb6032f92b7453ccb9acc1ad9742c0a7144801ead2	bb8fed6f962c34d1da7c9edec2e6c4ecd94601052b20fd1a67d2eb6b9e04fe1a
197	c19b21660dff42b0c3b9bdb732ebf02cd772342271b9356f2fab0a8d175eccaa	821eac13593e738390ceb80b641e8a45ca8b3cc04e573ebc6ede658672457857	d198672bb7c59bc1c5f0e29e9821d406377a60d039538f4d061d0f68088536d7	19dca4584fa662dd4cf53a7083f0b1b34e8761a6729e0e66b631c818d4d302d3	2f0052a2a5e186ddae9e59c7b419165b7d04a5f08258629f4f0ed6c05800aeca	616a97af9ab201c2f5cffecfe4fc988a59f5185cb8908d5fa3a1265ff7d7efb4	974f5f20f92b28275dda7f96909f5f93e4ec0e07ef50d8cfa6cf9f0637b661a1
198	f04d455aa2e0569d745f3e8975b8eb2c2d2d5683651b47b13b8d093eb5078d85	e54f3ba256eb9044467a6d7ceacf539150211ac9195c6467c9698d682fc51de2	97042e7fd1b82fdec936aa98a2d8bf57cd70afc232a39787429ddbccd831d3ac	77a4344f4bd86cca67e117693884ec6f35e3af48ecca14c1940595bda51510ab	32528cf922258d3ae0e0b751f3597a45a95c1cfb86dfdf330524cd204b15ac9c	a2d8971aaf0bcfe5dfa016266d1001e258187519de14217ee563d3562ca870c7	8ba5ba1e0c60cbaaf1c5a41ac8b8ad12e307f147b8c45f367a5e2bccaadebfdd
199	f4084d5cdff8640429b252b138bb0db294c07b2fbb1d497dbff0e0af429bbfd6	f86f1a517ccacbd26795c4055435a604f47f3d3e9181bb6651d5e109b69cc304	ec3d83486eea7a04499422ee14e1fd6d0578978ebace5c95d408dc332ea2a308	ab6b6bfee42be0e8b952892bc3ad07811dcc4e3f4c76b1f356317ab337161286	919e5dcddcfab5f4c200b67cd23a821ad773595d2bf1810acbe490d62cc2b3d6	74d5b44016d6b0e266f8815ec1520d0a0f1df9eda5eaf7eb5f46b56c6a150bfb	603da6989d7e9cdc83bb82ed095aa89e7e28bccca3369a019710276149f61b57
200	f9b1c711b2c3271ba6620cf0c610133788253698bde569a626fbc4788153c596	537c8acba7b87c67563fff6aefab502bdd0e05465b339278031570da81564ad0	a328da260e5664c572c574df0d728cf36c5ab966c0fce6d03d23822f4dd54c70	e51548aa7dc0a8298be09c07a65063e60a7bc440470b730573b22bf31d313388	79fd30a6df3a91454f80fce7958f4464b8ddac80af42cb90f0ffe1527f7e2b49	501dfbe9cd9a71c31b286473cb1921c64c3f660eb26ebd28aaca5d8cd8ba5ad7	1313b9aee69eaad637b46da63aa1ad722068860bdf9d6344e2cddd7e2138033d
201	dcab4ea990a9fbd7c56c88eeb5a32563889e53e0adc6943704e8ca24fa9f6b27	2364e00fedc845b9003e6b7b8c5e54c5d5afe2870ead60ba329d7032b58ecea3	e4605c689b8a84a80fa7444432c42f766983afdb96624c122a889c0d3f881f3e	2ab543f6965b7513a5c82244a1134bc46b2cbb84828f9e895749e0bb17784fb5	1ead345c3ea533fc5e1bbce9578f786395be50d44e8f4014635c938f7b83e538	680128c6731e35b06c82f5a5bebc15788c222aa6718ee7c7156a51bda4f367e3	c7d92b5890950a7f620384a8699ff5db83b3001e403cca04cc2bd2c91672dc8e
202	1a21f0c20d78a568a4c83acff03d897e683d948880f8da67f6e1269d9337e008	c8040adfd6adfd12b018dabc9d4752e4177bbc53808c143c2a973c8b0b300684	d1a653a0ec6dcc11b0345069c7f04c3bf8fff53269d13a322392d661a6fe9439	7c0aa66ce4f3ebd6921c362f8a692d6fa3e0f1d43d4af9acb7a8580aff1ec2bd	b8e9a954b8bd6367b6f1df270a7a9fc0ccc77ac85660493d5d16c8853fc7a9a8	ca77fc6abc8804b613918cb0a3633aba8e77e3d5f7cee0cbb9a239ae6abbc352	5a8358c35376ddd47ee3c83339dd12bb5bb6e095b4e27fff1e6184b75da76a9f
203	03cb61c8dbae04df5668c7557afaa305b8e190842f54e0cc6c0a839249fc5788	6e3fa03abc914d78cd8d5613ba2cecbfcc51ee677187d6033fcab55ea3830c2f	0f07fd4ef881d30327b3ffb9106b9d65a9634eecce39a8616122c231a272ca05	6dd9a73d082c3ec4a59fc6e6ca85174a31920b988a34b5b60edb2be632253c09	152e6b9c6c2022e44c5a977581f0bc1f5f443614d8c6625f7e356a0fc0437849	f05d1641ac8567043e073e41edf723f4d6a8e09602f2e259e1b925b07c4ba93b	21007c8eb11ff3feb44339deaccecc1cb0c2d50c1cee494eac8e9cba0c7691cd
204	dca0e6c5d3a41c9a06502e010ff9ecc945efd11708ebe327be1e9b7a68d83dc4	9addb54aa734024a74eb01d94af1b15d08f8a58a162cf5ee7f8653e963d58115	9d0cac1cb09066cf546c67c960c854e8562912f7564815630c78bb10c3055bb7	51ecd9245b9dd114e649ad5d642d3955dc75c9bd81c71325b477f0fb40e07bd4	3e9b29b3a6e01a6216bfda11a24828e6873a23ca0d1452b7865e145bec0ac5d6	05332fcac5134baec28114683081fc301e77f3b41d17833f364ca3ca2f21a128	a86838e0ca6d2490c51637accd414226eaad65c95639cbe0df9da981d503fd09
205	ab79635cff18623f8ee62c1d75a1a721b7e1896976fe200d354b2bb60a9fec19	46b57042c61a2c68abeafb551d2274790821898a7801f278ce0cbe0d9475e379	dfcd193b5c2a61d0c1ec6f5798432300ff538f9dbb2b750c8eb65814d15c9660	a47f16ea272f0c3286aabf1595070cec9583efb60b25e1221d090cc896dac24c	c709f0e9699678df78b369d06d603974371978e014488aba7707da0bab09c834	22d84735ca28785e82fe7b39870b113ef1c57e53a37adb10f02317de8b273d68	6babce7d64051a9102f5ce593969bd29a3e8c27a209680d808cae436d9b5e851
206	a05dc8237692e271fbe79a9561e5d480701b8edcaa53889955af8380a257283a	3a6d17f20f5f105ab5dec331d119ff8ae04c6586c967f925c33702ec321a01ee	fec08af134d5a239a127bb017833346e65a5a4120679231df83e928fbeb6a051	deaeb7d4d84f2497b6d0318055938c608f6e853cf2ec03081d6eea37b4e1060c	dc3ba4eddfad10a9e3d768d1825d77d96471186506902c1e8b261ed96933912e	995909e9e6a6babcba842f1a0375592c520e18183b03397a0f38d86a8529a2c7	efa64d5a988e4a34b2ef8917957a211e094498432d7b267d15438dd32bdc79d9
207	8b9feb7c7ba3ac2cb6aaa0d2b7632499558caf871b953d94f751ec1694c8b5e8	a7e6a4ce44eff55c656deed70a7d40d117e9350dbdd8d9675a0388b5f300c9c5	fd2afa59eb9fcd18c5a2536a30e9887f50afaf42c1d45ea3ed2eec1fb42b6c39	a4e1511d68f334b4549df6011d917caa5d58b67e951149ccbc6c55f4a55f7c89	597579f1d6b86db325390c713f44034556c82303a413076b274b6563c3df6640	e02d5d8cb6e20d1e09549d5fb6cf39ae78a2155028626634a696ed0a9e5da4d1	5501038b5ce0eba3809fadafd667721d260c7d736a3ffa3e91fe66930f42a505
208	3e91bc6d5b2dab9d9d70b70e964c179a151486c833ff906323b1c03af6db05be	3d3f121ac4836ec91b027ef2a8876a6ab4a27f48f7e55a2c4babd3e7b69cb872	4cb79df498a79b99f0edaf8239f666e0e138edc2acb33e160ead11e3cb27dfc6	6b2eae23bf23309b6c82f368491bc8a68f4b74826b4eead01b7897a1e0599e80	ad39d1db7ac5b60780a7c166a6b5f9b599d1690ca27d512199a1df2e617410d7	500c09ed6ada19504aa094a8b3db3a3e49e6e0815ef88ef312dbd12b6bdbde06	093eb6cc226c1393ddce680db33d675dea5fed348349c1a1efb839fa3e486094
209	26f4301db936ceb397d189a24ed32a99a6fcf2ee4cba83f5481f8d7c74b6ec4b	6ba12fd7f4e9cefc790999c75ed2b4df35cd08368b4cbd93ea77022482330060	d9c40f0ddd36e630d735247968944406249a718d39cb0b03bca98a981b460a5f	8844effec7fb8ef44023492a4a1bad71940c93534c4f2633b62a1c66b14fbccc	5bd618a715b869f0f338f45706b8a77bc229be1f9f8526dce2f0d2a37adfe5ea	5d568c4c87b43a1fd49652b8d4b98d7d334f99d6c0168927f17e9c1dfe3460f6	2c940c931d45067e80b8a4a76755c6613717ec5ce2fc24090a3a980bedcb0e5f
210	f691c8e3c2398f20d2ac037396a1f62507ab87697da507ed5a38345f8ac79529	8a5bb89c2eb96ba995e8095ec7695c47fa83c93cd8015b35d33b158f429251d6	5151db0b2ee09c19938770cb95a0bc1dc8ec92a5cdd3e116f8ed441d577a1dd8	8454da8402d7a8a76c7abf1b5a4f7e7ac094618eba8c989018be1ec0f8fc93f3	86a0c562b242d5debfaf88800e38a723d87d60a2379200f61c03069d5455dbb6	0ba88c5cad44d545c976b037962da0d282335e8f0ed4f76cf697b56d84f60206	7aab00b57dfb9f708fa0c94cb0b8c9716d467c2646912add70a1f12c877e0322
211	c63185a5919885aafb9cd9883791526121200db3166f0d6ba3bc326409a71419	ec0d3da9ad2590af71a8a8b0afa4717b37574ff382c3ff58857aa544607ef12c	f595ff5fa200403113106e4f64fdd2f608f11482cd2d2a71cb0bd0701a9f3485	5ab3661cc1c835e707f9f6d62735b32037e040ecedd391876cf4818f95107576	554cc52346f93c49cc568416f7872a7c51a91b7c46ba1b0f99683e7ec7c1a277	7a707ae6aef5f629d437b414210cabb42a977c55dcc46d32a01fa7b9026e8068	e7bc885315dce134cb0c4b49bf27d720cecee4165818100cbecb6942bb44b325
212	510db76a931982bd3032bf92b521483cb7044e4155a1660dc7be4a97e81574b4	11f9ab65b556245f6cbd116fe04e2571fa3ea8fd7d8394409a9ac4fc64dc2aca	1a4772becef09f405a3936fc300c3b684c5a631f4dc946d3cb04fb34e8c9b166	81e60ce4ca744218cefdba7404193513d1af0a5928426a541413ea5e3f5443cc	4dda3c378a7f6d439185eb308bd629d6bd267de177a42d44658ea8ab18204f79	e07d7fac3187cc5a30beb16028ca989ca7f93fb02e7a498c16850ef26cf09fab	ae5d59aa15b4f710f0d62eab80b910bc5b414475ffd83cce4c0c4df18f3475ff
213	66f6c7e6f804f46a3a5dab221b67c460f9e0168c9c3e8009e103a24d2c2ae4f9	e197a82c9cfe9e8245f2c44a83552cfb4d3a20040103574bb3a4b060d74ec6cf	91cd28e2ccec0d412bc05bf35e8853dfd25d40d0300c6e72cb9eb853190b3d83	89dde9fffd881761212c624fcc4ff0aa3855f5f2ff933183fcae625bb5135ce6	10be9c3f8bfe55763539c45166b7d7483938735a1543d69ecf4b60269b27cb63	dba82832b2b77c3d0f8c6d1f2fd35eb6efaef4f93177c2a38a06c2b9a243e7c6	6085d41a05523b48926da423e9c6b9f4f5dc0ee3488137e7a1b775667953762f
214	afee10c8898b3961662344d70c22833e19ac14665ec7679b85128c2b66d3afe5	13b508c9249ab790d875504d813d0f81612fb873f295eb225537dd3d6c8b88d1	eaf52da5d67ce0138e97834aa55e7343884b2debb98749d8f8f6451bb4827a2b	74ee44306ee2c87c67e0a1bf897e59209d10e4853e3ec1b56efdba2d3cf78b95	1a91422dd0c2af7070cfad4015e11200ee8381bbbfd37ec23014cafbdb51125d	3cea902664437ccd7a4b7f87244d770c09f4134a8e804847ed52527c082de1c8	cabacf670f4e2646ee0d70a6729390b74448a641f143dda3c3b491778fcd8100
215	7a3dd1ae3f39747c7ce8565b79f79415ac242a29c73166f69978ce7cfef1715c	03c93693b46a1f76f2e08c3f11d062f4ee9d5f63ffeb7a36d90b8f20122e10c3	990fa49faa2f36281111d29907f96218eb87722fc1ace9470aca50892ad539f6	7165876666169e35fdb6e62b35cd757454ce6af5eb77330668ec7395a17ed61f	526604c8ef3b125aa054c94583cbe512bc3f43b692892c0f848d5a3f75c24832	17c54bebda159369b52af2474f6a8ec1fb1e20b3201465c9db28430b1887b191	96e7dc160151c2ee465ab8c357f0506a2f61e497b0690efea49f8c6c427a300c
216	8881d3f727b18b1b72f08e3d3c1a52fb89db6926deaf42cf491c52fb1e9d2082	cb3543c93c83f5b89212c577db688f515b2387d287aa38fb9ba1296379f0c7b8	24f258bb5becdfc5a091200eb12e10b881d5f40aa20b0944a3c2574bb76cb1e9	a3cd1983faca3d350d81dceb2592a59d37da46f413329073626fe02ee262e445	2a52266fc2ed2628a298904f36ff0a20d2edcb9b84f1d797966e842749ed9672	12f82dbd3ce700408592a62c7a26c9901eac94a62cb251da66859320f8b3cacf	4388cfe03729632893fd23383f5c877376b93ceacc5de64871573f72faf2be72
217	9311505027956261514a6031cde0f66603797ceee15c24b793270bc9debdae5a	692dace8d22c9f61298f80576ee113ad8bc406930c94bce9aa8b599fabcfd5b2	664e980fcd8af87d81929c93e8d5fe0542c091aef8b3384d5fe202ecd6e1ce50	83a652943834b1481f5c49a8e1691da710d1718e2a48ea52f2eb1a906eb35612	abc0d614851aeeab7c5f1129bff6c3c19ae161b77b02796c107908012816a6ae	80870bfe0b0b7501d803923de35addcd7bb085df0fe38bd438399ec7857dfa3f	01afded976f6ecde45041340faf17494c89357add9e0c97e20d6b134df70d131
218	8beb5f0665122636197e619613a8e32fd0b1f68668c6fc2e5253421549102134	f1b2f8567c3fb2550a04922c0423bbf9f0f4db5fc6d3253bc8a7bb68dd9ab106	70cc4f5d82d568c25205bb759eeb4c3ac5858ebf4887310450c95962a808259e	e8f67f3faccc63cc3a94504b5f6eafe35860a6f1cc72648350a572c9f97cbda5	3465303f34dcdd81811589365f60361a7ce52eb03d9a791dd01f4c3ba8599b2f	d187ab60cf09517b146a028a0d1f86384c6604dfea03931d3e5e14abf7388d32	57877061f605a5be864aef74aa961e614fb556b75f31aad3e5becaa7f97e2b5b
219	325b85b8bf6cc418aa76f183ee99f08d738534a5f7dba9bba0f844da67d100c7	f9d280de6015c81cf38cb07ed198f8e5d4e6ef7d0c50978f4f6ec226b210646b	075dac96baa3af1e1d83eb1fdd1420fce8232a9e39f2976e000e85d7794f8ead	515194da77535a9029ca1b21e1a3ea37ce8af0f9bcb53d16cd56fd4068f42880	4f6c075464681bdc5b4237e6b1c544a1fe6de9a24203fe1a5a7ad83bc353c3bb	d96b477ecbf46eb0aeecfbfbd9ac2f0391ae3c25fa5e0fe37c1d799290293397	7e0f227069c364c69503f3c6d7d459b80bdb169c7a7afb8caa7e2b486ef504f3
220	b9c21958a7a7bcc546aff2f1879dc88d20102a6a73806bfa26f6835dd8ba569a	03eb43ecebab405240d742d177ec673a55ea139b5f23d07fb0667c570ee1009e	08f9e3b219265156168c12bdd7418af0691f22dcd1e055966057447139ff7e7f	02c07a96297972f8f8c2ae58027a550641eeb7fd6fb3f579e84686bf6cdaeae7	274059817dbf8fbb10938416e51e6f32cdc0f7e128aee9f8a4555e199778e670	9bfcb3c522f48b25bc788d874e044e6d43023937d0cdbbefad15fdbdc9c3259e	6698ce0123438d61cc9fadaaf9805e65f139a93b8c38637eda0c67e137350ba9
221	cdf7580805955fc792ba6be324c24a69892c8bbef3122989862c0edd40e4d870	858de28cfe6b959c54b07f04c5736dd4cbf66e689fd797f88cc59e865408bb92	8aa8b25d23912a087b615599d74a0bb1fbf32f4788f98fe13b2152a4d60d6d5e	b69c77f722e3cf0bf94a77b25917497e6d29f6791fb9921fbe2354644c1218e2	be6603129f447e366559f1943ceda5db6f43b017e94b2a1041e2a7d1436bee7b	9296883dad7e8ee48a411323b0114dca16c68fc488b48ef95868a24801aa8b85	edb8dfa5e3d3c7942a0b256ee1cf25c6f8b6a5a2f77ab4cf548c7a5e7f4514bd
222	fb812e1df2e5ff0964602ad70880f6d231ddec2b46dc932138c065117cc82912	5aeb735906ecd4cffd5ed3f1c04fa019db3ab7b15aaa6f235fff951d7d5c0636	879368926ceb3b140f87db8e396056e8377d7fbaf89be7ad7baf78d713ff8825	971d818ccda7e4772651b54244c99a8fb5029017b3f4486dd079cb2909ee1531	ba8ef70ae9cb2748275300efc73c97fafd4897feb72cbfa1c04326d8847cfad7	dbd19abba04108f4a689017625b93df058a189394fb87a4a4e4795ba72b1fe49	b5aa5617f7aeb30f8e357d160448634152fa3e8334a0a58d1e6c24b7344d1bb8
223	53042438192aea5a9b37521e708070ae446c710de8c24ad0f8f949832146ec0b	fe45d64040815f0a0fc10f823a37bac7e7910046aee475feb11b1457d0ccae64	6456aa1320dde5f0e5b81158dd18e9fb6bcf35b74dcbbd5bf29462e7ea0422dd	3fcf03a1d5fb554163340520bfc1125c4e97cb1e875ce45bcaa1f450c4804eb1	b16996ece2e2d1fe4d534e3895c1e36b8f7fa6385b7fc98e7a230761cdee361f	2e85ddcd79d144a4400009ec9785fe4b708f0788b7bda0b10be510848d546e76	d4da0f92ba743fc6bd08dcf425ce9733adc9eefd575ec4dbfd0e6d675f5ac16a
224	02dcf3a0d7bcdc76d8d17957392534178473a240ba20465175887f90cb09f1a9	c65a7decc5235884769d5aeabec16e074d0afb1a47c2b13685e586629648edf8	bd0aeb842586f5987cfb992d891698000f53dfe74f5b30ee11cd1f9075d9239b	57e6d169e26ffe9383ed7f4119676c3e3af3b315f91d73a82c8b24d9c0884d38	3d8c04e9c3e0f13e20bbee3e54981488c406b00e94c2be730a78ed4f32d94a7b	232985a482a3910c9d444c506fae594f14a321f4022b16549b62b2caff94b0d7	de6631aa67e88c146da7e2ee4af5ad8d98c03b1a3d403a9fc93aaf6ea1d89d0c
225	59dcfae1ed98ad426ddc5e7b53838c7239690e6453128b6e98a217cbb7a20204	b469e85bfbf7b653bef019024403688b206a8a19338da72a8aaa35cdb2669746	f3ba4df2804b95b01202e2fcad497a372e82eedbb94e413e55579cc28faad282	4b59e800e1a8051247abd3558b8698876c26dd12b11bf7db703ad258eed81907	40cd89204bbe210ce8d952652882a8394010f6d93cddfc533cee8fb0f5db9d86	222a62cd33fe6a093e706168c6bdd28def8d11a27c14bb62a971573396fd9757	43b445725adad8f3b7708f2e343cbea2167838349e3ce432af6a6149c0e54102
226	e0020cea053256af5cce216274ba0439632e40a82ab01e0b4e50d0d3bd7852fa	17c62bd58d64b48d159155305d569652fbbfb5d4c81cdeab891aac4bd7c8a7f8	9210e7fc4af2cbc810f87280952bea3cb0a656ea7f71c1e915878da9da694317	a3b2fd532e7e9c2f2f17a920e15156dc3b88df0b3a8252f34ceed04dd6e28ee3	9938b36b163d2ecddc036bd7c3d860fcc0043ab1766e78b4301d78fbcafad066	cb8337f689f0201f27eac22fd515cc6ecd819b8438dceb4c2df35291a3fa4adf	ca2e0952e7985851eda8d826b0279fed71b1d44405b7ef0d1c8e3fcb2259a0d0
227	0737fd4252e4cd33be45bc1907ba1a23c2d590f9cf0ceb66c819c0616e923dad	29e3a91ace265ffccab844943cbd2ef75069f9a7c5597a3fdf4d7b8049c56edc	f5685d9594904956fbef55223274aa682a64f1a6b999b553b37dc55600bcdc04	df11ccc2aecb0a8ff95fcdf9fa13d48d3e5f988f927b850a41a07b9708ab8813	cbacede5a08fa72270ae0157c14d9f41d115248295a81aecd222f52fc5a02271	92446fed4e076232b83496ae008795f4e1c9dd80f125a190314bac65ec78a1f2	9c4b000f229745a599445ffc2085aeb5b1eccaadde2a185cb627c44204efe2e7
228	472a7a16d13ce98df2a6fc0fdfc874b2b43df6ad48e480b1f9aa7b7148bedb4f	a3ea5e09956cd60f4603690bce8f36e051bfba17001e809c8bb26ed598ab8590	55596bb2aa4b8d89ab67f440b379dce1ffb1e69fff1e69166ce3875c178fad40	3bdd72b8c168f8ef4ba99c548fd2e609c7490a6a6f7b7fc32ae1590ee43484f2	5f6b5635dd14c68a940bb40423bc8769f6c665d0f3fba28d75844b64bc1a2c9d	46a76d9854a72a2d35e7e1f51cceb94507510a2e09b3803cc93b5153f6bee88b	daae8499f2b7c464d7277b958f46c6b44ecbfef0c31250b7a3f8153f6ca9f6f1
229	d336167469b9e0189474d39a66a492da4bbe79abd10ec6bc6805837a15e3936d	49a9a9958eaf4458892812ce37ab5397b7ab43e36f304994226584653fc5baba	639237df9a20242bf8daa4eba612f8f1c7ba8cbf56297880eb023752d1caa5b1	7a85faf55a5bfc232384510bc3c574801c072b36b4be6c1501a825dcb0664fc2	78a63cfe2e38b7d3e154712837655893c451bd52e422b48184a58d273399ca8e	bfefa24b2d0bdd0d11430a8dbc22b6e236a866c5d28614ab666532015dadba96	d9fb2ea3dc349b2cb8445f99554400c5e97c86c7ad90e681ea23bf8da69e18dc
230	ff675190092e8454c5593db5d651b4ca5a1a33113227e74b31413b0140158cb3	25690bba13eda1d3a19faa8ca755b53fc08f400bfa692c7a652a99ad9041d43b	721eafceb9bbe536711cd5d91c885d77aa4af903bd34535b4950af4aa36fa5f4	2d5b1ad3d0f483d0c2951b4cd659f17b4acc10437ff7ffc51130d21e2b8dec1f	6ebac07cdb8cfdc558550c479365711adb58b059959da7d17dc3bd4ddac2e757	6ec0984b727980c7a81fec78431dc242161724ac5db162e623bf0c3bc973141f	a53bc79d7ba09ddbb5466a9bf8b83c822664d1db719aade6d4bc5305d0b2d98d
231	1acee5128657ae1ad0d5fbc8eb3c235ead4fdfe707d5ae7ae99a4493be66c7aa	bd9bb9ddd0651ed41a8370cfdc76ed4e077b3312704e01b49323ac5b198824c5	8109a03f3117121c2cd401f29b0ded29ce31b102ef5c6cc50c42ee3219a186ee	eae44d778e3771f4d3f897884067c0b9fae1ba0eb229f62cf21f3fdd948c24ea	4be00ad3fe175dbd6cc82a98ffb487028999eb759aef9635faeb43e4538351d3	d188c036b4961bca500b39293abdce96ce0a8452b58ddd727a3a737ee49a8832	d0fddaea879c610d5f1976b42820b1afcb897f9209190bd9aa7a55d3e58ae9d5
232	b9a8a545e516c61e368ebe7f743c018fd4c5ee3f3ac4304589ef9c99cd68ce1e	874476da42071f0e82515b73354d67c289b2a5991137cd844f59b4e2a13612e7	5d7ea21491d6a5cfcf85edfd899f805d7d2e73091d34b2dd821327b06fb6dcfb	74f033cf5e16372cc71a816e622a96e0698b3b812e5405b7e06963ef495490c4	53ea8381513a1275be00ebcbc67b6e4a2304d844dd4532014002d08cb2592c7f	d4ee4d5390ab8a680ac57f040f5c37c5cad49cf710c194bd93733bc879a19f27	028ee98a4ef727aa068dee78335ba8b81fcad2f3a62cb2f728d67bc1b0c5c349
233	ff31ab9443934d78d4110802ff356abfd27c41c281ca4aa0432673b4f330f642	6b790410480b4d5b6fa7d74416ff93c6cd53e365c772d6bd47267c7e74291880	c8747e41f74d5aaf54b2f08dedd9af988fcb26939a689c97e1fe3389c7301c27	1d0934eaba4e0076482f5c96f064f5129f4e048e7d83cda727a63d3665a525de	0084e918804461232cec23645ac20c9dbeafa13f927bc6ecfd3ccbdb1f81416d	217b5249065e0f700667730dcccb2daddc6d3228f065c1cb9a9bb42d0ea8f843	8dd7b0167cb7231dd538adcae1c5269a247e7873d4674347aea9c6080f6a34b7
234	486fa09ba5056c58643f6a0d59a18f0a963cf9911c7f428825b9353a94e41cf5	191a39c59b2f9f355b523b410583e8ef9f17029d02abb54373f7639b979f7151	b779f54e70adee589d1b20dad14e0080a3c3b0fa47003d0725baa2abe4db04e3	898ba2590788674adb5be18b56a01aa9e8c142533b0f43398276130fcf14d232	db4fd35e94bc26c60290200eb1c4cbc231b23e4ba7b5a9a4549db84b382c8033	971e1fe60f8f9987846fba782512558986ac7a4c18ce27bf13ab0358795512ba	87a8bd508eb7560355e392961e2eb170b68cb1ad94210c0d33ca12b9a19f3b9b
235	65335ecebc8fad99eb79e61b5134a6ec0a1c187bfaaf8034458494a11d17afec	b564f3651ab0c96bfa4a17570ae96f1b1e315e822a3ea882dc5ef66b08b27b80	a0b1c0b33170f1f16b2c691ddfcd11d2350f1c6472c6a67077d85c3798a0a552	6a526cf1c426a95821663459a2c47e0a0e811cdb1f487de72332a003d1aebc7f	d2900dcab3e10a631368cf3aee6941ec6d929ab32270cdc6e0ff27b1c9540f3c	5ce8d4634760a60f192833cb98538ef367e1440e745120c95996fb3dfa64b322	fb51560fd23e15821bda1ef8d936567a427208643aaef69516c58a57c585ea10
236	315197b6949b22716241e23529816510454c45807b07d02ac79350d418432969	2cc104a3b111b48b937f190bcdf4a7b4ccb3d9d5f6b32cb13b1fa6005051898a	7376520d64e7cc9e47ab76d6ac1ff2a71180a7301b74bea372c54b16beb24897	45d9e1c43c4098ed2c4f5b7dedf623731d27a7165f8c41feea984a2293e37a47	1fe3f232baaee654e6d0e3bbd259a2b22f31979fb74299dead75ed629f1017aa	4257c9bef7be11d9ccc1811ea4570b07c39cd2c851690e2593366cfcc43e0f5a	c2bf8f7a419d1946095db07f9158c6759b110e90e33318176b159ec74718fd3b
237	00c70ed1a91895db62b5c7bfcc0b4b54fdd7207a0775abb12e01b4778cba802a	a73286c2e54c9025c6381289fe702209efa8aee1b91c628d790d8cb0cdf091c1	3cf1ed80ae3b98c1134be456bbbd2bc654685af4499f3d9d6e98cadf4ac843aa	eb6c64a9ed35c171bf03f5b04e67fa7b345b28156dd0b1f0ee5022a12a662464	876f5cba5701a79344c850b9a5e944b51566ed0d4b8e19aea99138652d8520d1	2d9aa164b63a14cb625ba5e7a806cca49129db1700324efca46210f4a0898f2a	602e70dfd5ae93f84eae4d1e6a3093fefb1a3fd71e8dd59c64ea7bc63eca1f9f
238	969deecfe3e227392504fc507959b19205b34cd0c7c3837a78e82a37990f353b	f366a4a5dbf85f7daf5eb6a15db3301b426119740acf19c52fd77d0fa9ffad51	d662241149e840f49275e948b1837ba9bb1643ef9d25ecb7b57dee73f1e6a0c5	6994caab1536da073b671afabaf8723fa3305ba31e1009e9bbc5af96ac388c1a	3090eace5c052247963b1eaef7c167d946d19ebe3ed9e121a5ff0d5df9f8fe67	96dbb0f9f7ce456c0ea420f27be49a167a3e200e3679d72cb6faaf6c662f6dee	bcc2e0a351e21d663cdba3bcf3c7aa8ee818045a7ec7bc2ca1c4dccf7dc01454
239	254f6dbb8c5072f72db0bf9ed3bb19320828c1e5b025b6d1fece57c50f8008d0	420bdb69759e00ddc62eed1e794be19da2f7cb04a967eed1831c16575e1e099c	5ab10cdcef8c25ea2984fdc55bbc31f8ab10078d6a0a437f495299c7ad0ec802	5371670c4e367858847d7e6b7db36f7e87b6ae2fa00e8d6799ce12f87b9326cf	67c603095cef04fd76b393b1905feaf4bbc378f3b2e81030ea06507ba4b315af	fa8c2bb9cda1711d7b6bb02e4326b1abb48453b9d1ef35817dc3751c165fd40a	0ca73abf268bc2e97ef147cc26d5b475c2e6e2c0685e5b5fe8dc895c78c4c3f1
240	67c8ae1e5d332ff99dfd0ab16e32d819bf3c334811d3e3268929e3179d746e62	82db08c8fbde17a066e44411b071b29c5a8cc097e3f5a7f5ec5b395c16c65b8f	6019619f0a1e1f178550ffd6abd514c927fd23ccf40b77e595ee1db061ea78be	9bba4597c1c87972e1369b3d4dfe1bf98491a968baff1e629ae97ad0da9e56d6	a52d86a901fda19f670f6b3778d08e812778eb0784169bd8bb7e891b375d058d	9409bf7663c4eccec54dea7ca150043a356d140432dbf309fabb0f36aff36d8e	bfbf23f6ced588de93acd8487d714dc5405e5be0d7e93216d44c178ce113efd5
241	02542f2c4ceda58bcfce664a1dfcef096ded2a0f9aeb8c6a977d7258c48cd1c9	56d3c5066e8a433535bc364f189a4ebc1428f9a80da65e83d2b38ff46da20ae2	a4d190fe65ffe1a93653a8be5bef899714631530181e991e817d47cb6c6bdc1d	12171a4a2ff945b6065c8ef26da566999d4b709d6c820b1429035d1e9a23055c	80370d1bb45f69e7ab971999010a350fbe31ba4d58854e14e64a4eb1a342e9fa	69893d7cc16db16f6f135dd706b60c00ca49b0c919edc7684c57e3e1ca6752cf	9cb4321ede78646ef598a509b0c3ae2d4739c499c6b9874a53a385037d248669
242	168c85d269ab1fb0f38a3f70c7d262806fdd610ab837738dcdad4f0508b40e8b	8ebdf3fbbd45003e90450d0659b1cddaefa8b1f280e84af8598d59e2aedfbcf8	aecb532b8f272d843a123de7a88822d7afedefd60c22775d77647c2d55ccb643	3db09e76c479e8d9bbada991cd46f85b3b2e94865308b6a9ddab0cc385e18360	eac5791842a8dd9a28b9c243d6b641d7d4110326a288272e649bfc11483b0652	cf8623a4c80df393e047c99afe185af9fd0ffc3611fa8cc829cf7325c55168bb	89224d842e60f23ab20ea126fd6e0195547b5e960340b0a69b650dae7b93fa75
243	7b5d9c99a16cf6f23847f0ed39d1770d4850abce49f79592991cbf0a630aed9c	528028e06ec1f4d4dae4bac16a7ff9a1a1bef87844f0ee3ff867b78f04b04742	89548902af2e1813299f609fad60ca0df3669fca615fa751cc804481d40959a2	d9e2b6c0d12e20f029a9c0cd95151fc0e0341d656dc2f70d8a2504bf6df745b9	3cbf20b1968b7b31a4bed94465f7b7d1f9ef77f68abd85722f90bd0e8073edb1	b1edb45da8074b546abfe8798bcbbdf1b5a2ce5dbbeddfdf000de5998eab01f4	edf0d980d07bd50e4616def8eb97b6f60f126873f2b0a52859c7597e9f575645
244	0c1286d41650ec1d63fee91d00a410361223b120a272c2bc78168f6a52059675	25911eacae896b373d53305e8675f96980b8917f1652d369d07964ad9f382a85	596a831318e7a24d8a351169e7a9249bb393e79af4c75d8f3ca3b14f10cca3ea	23a0214907785cf1dc81ae896b09f87ae91b7c8d8f9c985df4f9c161751fab25	22e7e4dafddea01c9fd7beb0d461c858e968fdde5eeb80cb44f673da0aa686b7	7367181684eeb6badf5d5d396595146e0c1d0d64f3f6ac8548b3357764e882fa	89b7f9843c232b1bab5bae834ac3dfcbd062b1d415f1896446e9db98d3d800f4
245	262d0dd4827c40e8527e7c7cdf02622451dd2f820e393d9c1328c5f72ed61622	aea6d60aae1c55ed392018c0f9dee4ff03f5a7dd302526febde479ea5db796ff	164f2689afc1a8fb546ac15c5770d72a4cc93759e9963cc8125c6c30db8af220	31918732647ba91c1ec0367c0d6a417136db540ce0a1e50ae092dde7a078df6d	57321ef7e7d6b9b277dfc87ced4098f8f6acf7a6f3626e0a3a7b758af83dd3c7	06c0501e8247a76c21a7604bb1314ff8ca1f3aea03aa46fd0548821a99324022	acb81301489d2e17b73701847214207187c65f2fd71494af1437fe4260ed7ca5
246	9427ddf38c9c9a4b699b865571eb0b7930dd1bef8e4eab1f904127ec2f6db99c	fe15a5c8ea7c7d5abf7ae497e4323cd5a84ff8f7fec40a5d97961c29bab112f8	e882e95c1c502d92848a3e3d5518554d694041815865eeb238acded2c911f858	8c01a5ad34444970b8b01906f6e91cebc09767faa4d087b41b84d11906862ff3	5d1f6fbeca188ac59950b9cb951506538cdee0d75e1da3ea092a3aa30155c8a8	f11074dcd8294b2876a39a221e1fe080062b3dc23ea909e987fccce1bd47ba9b	74aafadc1c984c33dc5b8acf26773734c6561a2c8d1c7cdf5d225a4eb92c5ec2
247	0599b1d3cc6c718baf5555450bd0301d3317e41b82e4d4f040621557277a2bc1	4359ad20d639324b951f7add84df38de16a7e2ab04a5bcf23836c2e43b10fc60	d03b0f3cc17eb5ed25c123697fa371c44b1f99f5ad53784280ce5dd40241a74e	4b57423afdd9eef10c60f0d12e08404fbd3c4de1e888cb96c2bb436de8aca60c	451ba651d42e265b6a67efb025c185ab74513c147773d291a6c1ea28c85c3d0e	a060b0c542fb3e701d05edc867740a4f01c730d42cc9b1fb10899df590342384	9898c0710d519bf9d4132d1177af06fcb3fe3f5fb903323ee5ca30f9902687fd
248	1fffa0ee62e5297190a4a5e47ad3b27901da994a682b96cd71cb5c54dbe60a81	39073c172348fe88af877e6d7511e7968818cf581441869b9ff78242d9483b51	cc5f5a5b88033acff4cbec5c532b12ef468e4810f4cd932e070777bbe8a6f02d	1608619f7a03ef9d5b4b6d72578e0c82befbae517243161c36919bb73830786d	0149b62a64dca694e9f9c8cb6bf413cf9fa22d03987877c6f6b03c4b2a906c74	60b3275b954272b5dee55a127f482b14d0610ded4435944497abef25b18ce802	4974f1b3762386c52b6af6b8cdc3da7b1d2be4e9f211aff4512b78e7edc8588f
249	8fdd9cf6376edb87a28e8f5d7cecab3a155071e585adab16b4b8f8e049f00abc	6062cc433558bbc9ebfd1c4ae385b9d15889077233ce199c14b8b46c4f056033	10c09376e62db949c86887e1860ef8e666ec36d45bcdfacce6292984e1bd0d9a	420aa0f1ce7880af475d1cb7c77f681b5bbba706c25d9ea4229ad3fd7ef3a288	be37a74140d5dd83213af2b5271497db169a502aae808251567c7e076d53d2cb	8ca7d17029afa53a142f272a220dc1c8ed12dbaa40fc19269e69578f958f9c3c	bd5ee5c4fba51b13a3792fa2789d285859549e968da3e7f35194072b2ccd69ba
250	1b2aef3a8b044bc28ed231af7be1696b3e2f111c1df181234f6c2fb1e46c5460	c46aceeabbcf7fc047ef8b903ee4dc215b88a8672f657396351066844fef5eb2	a9386ddc9ec9fa1d76508ca0f09017b79530c425c0d3a5a90f988b639eb75c56	e8174b03a5a020aa0105f7399c52405d324aa4cc312f44c6ca46b1fb63516885	59f0c0941b5edbd15a2162192103e6be537451647dc02208557de8023e0aabe0	f7a2189a8707f71e1946a0ef0c9f3cdccae5f0108171d362b25e3a7350edd983	9fc3116126fce23a4a4388f9edc1f8d0c72933ab3b170d1b27e776fbd363a54d
251	2047ca211285d1f6e9e54e95c1cc6c344289da07401dee6069577ad4c39d6ace	1b1cf7af345dbc4dfdabe15dc813c22ebc387385d3c43deffd469c612ff50d70	a55009d2b19e86c4d7857965c18bef410a7c51b6d18ff74ebe5add60f8b74da5	880e2a2bf5800159b23c6c043c40340956f0e788b69f9802e1d1946ff39e7918	7786bda34fc3253e5da7324f8d14f3fbdcdff63c7a7f079b78493182174dc3f8	b1dbae7d30c1667d9e8cf1f9fe48eb510f72b981e1ffab016308fcf52a1a2c49	887d5aa610f634b3b88e97b5047b9f43d82502e877b412d7cd476a310ebdcfa8
252	37a052c64450dd78e6aff1875060d8a7fedcf9414770b1a74a14a3d06b4d7c92	133dc4083b415e3c43d4afe9c51043e51ae230e638e7d2614c04dfbae5e46e07	9aa27d6c9dbbe167d1735e9072dd3873ce9be6a4c5fb6d2eb70e53704e209919	e095d699f03f016a48cf5322645668ab7ee8dc4f75f494a47bfc77648929f2b6	5d093af6074bdabe8d6cac58fa666122f25831e00956082f756dd057a8df018f	31ff6ac457b56285865be490a32240458acb45210780a1b069f281a7c4bcd868	f4330422fac80e8df4058e30399889f97818c8a7795da856a04d5e117fc74c9b
253	41fcc0ac70971207afc55c125ea3bd903b30f32be6b360e75aa9118c53332c45	5fcd462607b4430889ec001ad9f930b739615576596d83b39e4452f51c0e38ea	bff072c3270dcc44c81946d8bcecc0f58935e25d1a751d5cd7c632f686ea5f7d	5f7677dd002ea895d1348ea0ec49473e44098b30d322a9120ee7d76bc42ed717	60d28dce88afd5d9094ca7a2f00e2fe5a27f96924106ab78901b95b500c39737	697332adcde4ef8c80ab5600f71e6e0acb5ba928a75795e8ed9bce8c3e2f5f6e	55adb5e9ff980236c5b5ad4dc59df5d53b4fb731612d989324079008eabb6036
254	064761aeb2d3c38f098c9db151fa039df63344ce58e4a22024ca49a1774a98dc	da96783295500cea5110c06ed5aa7e801bed12debfa4b2ac4270c61b3ecf95b0	11a84f797d64464e5513d09849c5eaac6f6137770f6e84f4b6e7a83e8ec285f8	7e7442e2e2f81418397d8a14a88afeec9773e27d3f19aed7b456872a605e4347	cf889f79ca9dcf84f8b66140d002f6372b1eed531339f6a6c0e9ebfa885aeed3	35640fb1851be43b63ff77dc45e581bca4d8e00ca4ea99fdfdf349aba7b585c8	c5bc682d8f593f556715eb2808841d4ac1c23b0f4faf7012b8687a27974ff519
255	8065a9d2e1068f0602c5c5e26836ad946d555e86a3443d526c1af7c3fa098a8a	c321f7e140f54616cbac34d557e0aab0025e1ca5ace4155248372322b09b1da8	82be76a6cfba1acce3d2c558b056b691989b9f3332b71724c14dd79c77215c1d	d88041f74a691e5b0400d01c360ef8bba881ef52582673077d7d51b79c143bab	da6778433631c1a04819cf4a984f7fde2b391ab2c4684dc9febcb90f7e1082a8	e4eaad547a431f01bdec75268a59b83b8632f5ee7be37b0d1fbb9d286670cdc0	cd283a748995912a562c086ac80845dec8d175eeebd158f618c2cd2a9251eb01
256	1652aab1ae0ad66c536028faa7438b5a87434d9cf35eadd74304107fe0317b61	7c4cb1a8f5c8a4b8d208ef9dba2da31642984e26ecca9960691860a6fe3785ef	1553fd5db6ebb89cfb8a468d1b2dbb89a1dee25b0d549c491107b89dfb5b30b5	78cdec03bc9e99a722ec4544f078d3e1f94dfa0ce89b01645b136a698ab2b922	2dc49f1177f495f2c234a319e504292ebcbe870f2437a90deedfcf12cffa280e	de34a76a8ecc013665c8676a4e0aa9c881859f14a58df8e75036a29edcfb4e58	5b9f7f5aa3e3c6b9b25ac77cc85b1bb90dd6d79783bd79bf437590a864f2da7e
257	f27dd122f597255cdddf049694dc2ff175bbba9da4f1e7c7705ee0542d2fe4b4	2d055bb5cf5194493d8916925c454abcb56dac02c30364015d264c9a05531ea7	84cdd7ba55f5dbc53ca2dcc9fc2bca9f1f0c2e4c433cb63c15bab6d9e170775c	0bd3df562f88e5a3491bf5a1c8d08fb6008dd5153d4c21f561b452069029772a	ff4533741194ae1893482849b49b4bc5611c37ee16008d94bffad01c7418d339	e77aefb13c47ff8d06ff48db9ead97cdaf1eacbb24efc48136bd4fece7d2d9af	6d454feb9cb98663a2d07bd971820a3962abdda332220e3f826d48bdf1f2c9be
258	4169acb2a4896666cf70aaa6e5768305666a3ded11e8c0b4a974c225e7bda9bd	576ca0f7d02987897ad7ffa337d604739758e25dcded7f1feffbc5b8c943b9c3	f06e51052d6557e3a613cdcac96baa2351caed11471c8d758a6f791e97b6141f	c78fddf2a38c758b6ece879e0c91abd0c68baa8809366b772ac523d51ddcdb0a	ebee111ca1e0e58bef1501abc65d11d19111c69d887f21732e351d6ff29bcf59	b4fae95d57097536a13826d1335438230a68bcd8e44940697be68044e51babca	2eb38cfc1ac18a779d1d34df05407b05f304bede51aec0b892c9e3273e22fb7a
259	cb51e76dd018c5fbc40f4a9bab2deb3f3f6ef320b04f9fadb51154e4a2ec0083	354a1f14c666fea3e099b6c8f40b5eb057bef822a9b76cf9f6b45201d599237a	4c9b5be7f156522636dc4ae11c138676658593012d04e276f66f4842af5907e5	9ae6aef8ffdcfeeef4fe37e0d3c75ceffd4bf594a632a4965e1e58fb94a4879f	164a5c4ba158f1c7835d8796dd59af4faadf818b6355548c4e7d38499a6bf68f	57fe1dfec675a17a3271f8a1165ac91b1d520b951f90fe41919532c574496c1b	2560de53f95e01b429675f70375ef722dcd6e797e5840981445752146f011ee6
260	30b430cfc99346ebc048b9c0b3f505123fb8b5badb05a594e40c1b37148ac278	ba4b6fc0f4f6793ec5de9136bfd885b123a4e87f0454ebe1e09b82ccaf072204	6aab4b19cf5cfc34ef27ce66768303856ea361063b5687044af8efa68cb3a335	d198d56d8a7c7865b01b5450102e376b79aca1a2e5a9ea1d38ddb2ae27972b4b	570bd64f8d060a56df08b69fb297804780b6de73c3dc5a8e6930083c20658083	b11f025f533701a60f95387c8258cfd975e4933ea92a21ac5c45cfa71615a3d6	6edd676b0b38f90c94f5a86d91df6c2545fbadd27f0f8667a867fe603459e6d7
261	f398653f8282a689f39f7830736917f705d14488b6de2a3e7165ffd07aaea960	33050b48cd0ba38faaf56d0f34ee28db6cf2710bdb0eef1a93c1c201d55a52b8	7f147c029191c423ee4f6f7c4fd6a4bb93bb3ae447840971024bec268af620e2	6fba7bb30c06fb5738858c5d28001de8a734387dfe0a8356ac6a59a54ebbfae3	90cb406bc9e3b85e6dac0c5b4818806690afda42f7f7dc9236c95c8ae4fd611e	e64784bcd47657543c4053544c8d5f1778271622365606fc6f6f6e93d896824b	b406d6576cb35bc3e6282420397bdba9b5ef4f0bc59ffb564bf0f6b40436f5ab
262	b6c62a93b32179c7ecc7af77d20f8c893bb28736d0523b2514b8487ddfe36f69	f96089d108f1494bbe93a7c86f44857020f0f63866aadbe763578622975b81f5	99cae12bc492e236d08742f11ae98aeb7c0a236ca5b94551e4c5fa3094f995e9	58578229d81848bdb5965e20f91250ccf6bfb1e697bcd1d6c1dbe5a142ae2c1f	417148f18c3ade221ae73f24df770e8d6628715729a612a943e9744e9581433a	023d6b90009da97c97b13f2284a6b279b880e453f244b91826e52845d6590b82	2633784c0729a1fef9841dbc3da5e1b822728d0f9def1a367fecd0e2cca17a41
263	e712887600fb7b2c94e0862bd5dc923e084f5922dc140b6db91f72ecafc74783	a77f46265939dcb22cd1ccb23bee1204b8ecfbb22bd2993d1b0ade3925895633	467ef1b8f3b66e6545ed2fb269eadabcb35a2a6c9dfe9c78c277c5b203fb10f5	711c2a27c5e10253133a5debfba8be579503b6d09e850a63e65d834f292320d7	a95d5b886bdf8327657f7c97a71d2276a0bb449a743b49f29c6888392a0836e8	9765019e09ede7edf8fda92baadc45be1c3a6374405d02f731b22245ebd43c30	0adf923fc32388228a40f50e9936500d1b229abd34c079105353230033403422
264	cec8869347c844fe74d61d34e75e02b6dc2ca3d99d4ebcc88e86a61fc51ccd6b	e39543bced714853bea198649782afdef826f45fe23584aefab86a2f234eacaf	1209d3a2d3d1c0ab2f4050e2eab37db2feff3d5964d840c37b8050be47955c5a	ed60cdd86e26e9b9b54cf9829d764c6dd2603c0b1f76ae4b0334983ed9164baa	24c2121896482619a8977fa368ef0bb3f88b4ff5b180c1fb173809afabd2e462	16181de5bdbeaabfb2ca4fdfe54561ffcafbca9e7c552a36e909f22e689069ee	39c63a05d6491c2843b4985e81e0ac8e3082a552cc5d5a084cc7664cd7a4e15f
265	29f84415b3fbb23af38eedddc066ad77cc6a6018c143d8db42767912f8dc9008	3f550b54aa6319caf201f02f6fcaac9fcb70cc2130cd2ac5588b2cee8b854377	14fe90ab39d204993faae79ba3809039775f0add157055e858a73946213a1d96	d9ed215325d86219615d8eadef9f6e150400088531816e096d74b3702c554a0f	3d7d421d4acaf72919623b0f0a4e10490121a451bccc80b016ffe8b2d09bdf00	496fbd9a63b48f468eb7c07e252a7087852f71954d95456a25e40c286b5c34d9	e87b1435f6420b598af456fa2ac77a6ec2013b0d57b023099578e30d540f81cb
266	8f199acc39df5a71c0d5e505d13842cf64e76a322659a93642fa163ac02d7734	b559bedda51037af07fdb26c3275202cb3c662ed727fab11b5ab84df83fe5fb1	a067cbdff2182c4ebec3b101b0f5ca82542048bdb6f2382ee7a79074c355ff80	ed21e1c7210a2351d6c77168e7b6e48b6134d46683c2cc70dd3376c4bf45e1fe	148039aa6433a4f9942d83ab5cf36dbfba2d4371e54def8a9547b84664e394c0	f9896cd43caac6dcae14164892fbec9df1dd32f949c36ced27208a99732e188b	d2943d9937e94524a5fc415b8af542b2eafe50d2cad5c91bb1e2b95ede8a727b
267	932f8ab26ecd9364856826300450838ed529edacfba9c13ff3d570f98dc64638	1abf845f71b7bb06248511fb2fbcc551f67aa87dd9249e35eedd264611808ed6	c2538587e9c1c0cf436bc3db1932c4de82ee151af4a75d4c233b49b9d7be76c3	27dca13238c8377eaac77568515bcb3808e89187343a7dce4be73f3b4e0ca59f	a3c1cdf8bb285c343fed02a22448311b33da4f2d4b100b8df1322ef82f3a19af	d4c11c93e6501bf44bbd49c161701a1d34fcfdd83ee61483ac8c4056804b1a16	a18098e7cecfa7e97a3db1f516be3ecc3e7c19f66b3a97ca37ed70362dd5e366
268	d8af1b5c378d6400b6e04ed4f8422663229ca5bc4724ba13aa7d8cdc3504b0b1	0288751b9b3eda80e46ced77b0651023f2ab3118cd540cb01c09e350ef5de449	5b527e589f28a851baa57cc73a7035d40f6e42339746c7007daa45559614ece9	b73ccb98095f1b39279c1d8a23e70750738bb49ee4b4d44a46d34ef4ee605304	cab8a47e99af15ee0e573aaf6c9d5da8ea44d6445a9ba37486e1b92b5990195b	e16f35b93b8956b11866baf710d654ad0cc17e848b17008428db26056d52e6d6	4d5f9f2059de7b9fc70d3ad5376d2d46d87354734d3f3515e5ea34bfab0fcad2
269	e1aae99cb46e62d258fc2687d34caadcfe06d0e68c1ce287692a56ebc66888fb	b156a9c6fcbb3665c4a5cdef896388c71b74ff77275a20084838bd6454549bd7	b3e0887ed6c42a2f2a817a663ceddb73109469967c236a5e8a0692442ff579b4	cb094356ca51602f59ee5c9a5441df136a42ea913ad611b3cb97201b8ffc40f7	9b1a6d57ea1c2e453477df48393346c69439504cb468943b70c1e7a0ac88b90b	c2c730faecbc10e0fbfca85b750d6746341f8c7ee1ac4499a8102e358e45fe8f	688fe7835aa8830ac50c10c9833506791eb8617fc8c7e4cac81e0fe2ed914d16
270	9ef27d31d8b0198039a7200ce2b41e6833ddd19001e336d3869d1e18879f24e2	ca1f92fe5a8df7812ae451ca1f38b3fa4de003fbc61bbe13cc5c67ba132ce1dc	8f2610c564892a82ade3719f440df909fece103aeb9be4a2615210f4160ae6f0	ed9305e9e088e6ad84548f5bbd4091870566c885b8b1ac85b2bd6d7952c85753	785249ef080ca44ec4b8fdbb3f36e0c21ce411187c877c89afc7e38e80f034d0	1210f17c003d37733b3aed121dec70460182c6e3847a185a7b656f1b1e9c356a	03e6379a3f25a7b29090ede0032bf98294e8ea450047854a07bb4d1451922d55
271	580bcabc1c1614223d27d1b6cbb414367782ef044c5d08a5b64bbb233ecfa7fe	302bb934c7b5e5bd8b392654e2127ed3bdf7ad9c08178e394b7485cc759ffbf3	4254ccdbb63a786fe7261c17d60c8e7e531003abc4d33920a20b7dd01e0f8c5f	3cd3fde3c6d172a41aae65badd0f48e67ce8c1b3ee9e2a9143351ff19188b531	1f28c0f82baceb5b6a9176163ed27b3c594c59ab4b56077647f5f121a99a0faa	41b52759a8be13a67fdc81283e442cd5157df0a5ae4acae5391417fea0c480b2	a2491fe791b2ea743ddb4d69d7f3ed7f98e251c8d2d86ff4108da7acfdc0fb0c
272	5e51116a28da69b03e0bf5fa90a7fc00b2f099d6dfe27bd6d8c5ba19f6ec7a5e	a286eb91d7832478255bcd2e7c39f69d6857b198b77018961e03a415476af137	56a532f1b99091c7f6fdec5b637691cbb19ff116942c29bfc187c5a511aa0dc2	92b53adf477f2fa84897e9e21da49ec6e30c03b350f52be572e95abce6855696	eb759732cf4f5f1a484a47e2399be63b63ab53c8eba0564d7c9017f080921590	756013c9540b3963d4583fcc173e01fd4d4204babae5d7ba6fa72be9c9b5cccc	5a953e0b53017aaf0aff98cf6d13362f6b8088736f2f10dfdeebf34a4a43646d
273	e3dba4ccd7aec22d829f2a0ece3379843286ec4a2a651a1152888d782acc862a	9bd5c3c90c7797f83dd47bcea1e5f2efc1f959bbe5b40ebf93a7ac770b91e3f5	d934bd38fdfd71a85fc312b67067764b5e4eeb9f97f56dfaf3e9feec8666df7e	ffe43a9bbac7e9ac3318cbc63a783884f7a9546c647a4eef9664965f198a012e	4a6048a9575832022af605cee18b024beef248f09917d7a670fc729eaba75750	79527ad284e56124e7dc3b1f6586a188e8e7f23f5b32824679d8a90c48c6d72d	21c471e61152b33a0ea8ea239e4edbd8c8a18e71f17d7287b3ebcb3e0fb12c6f
274	699106edcb5ed99812662a0c975396e47c40516157189356baa5069f9babf7f5	6bae8677414b1bc6083e36a255e58899b05f110628c4fff86f183657c6f633df	f8a0d311501fb9e4285eee9f00b734556f2b27faf207c9231485a92952485099	60291e58831f3ca9054a864f6dd564e33e3a851d02244efabedd73e5e14892fa	13070c919b7d25889d4ef21a44d8e5296234f3456b3b54fc4c172dbd90322a3f	6ba349ce048a1e90cd8e3ace3dedbce17bc5345da3d563c14d6ac1ae377f1865	5f132169177c70d634b5d3d943370f79b7c80023af0022240f1813c9de9a193a
275	23375a4318476f2805f22204bce798b5cc6bcc3ae4f7ea301fbb31501dbae994	9964d1de688c717dcc484542169cce19060ba8cf2c410d84fd08cd78b308d7b1	d7f6ceb15d6675175ecaf93d4037a9617493328e586303da7e29bcbf4e4f01fb	d8e8bd926c7f4ab725f0db8f32cffdcbc3ea040fdf27c7b6cb63965e34649683	b2a4ead8c7d5bbee2c7e862083868b2b1a3bb0ac11cc74ee69b3267931569e99	5ea2096eec231ad0956f36d067ceb0ad174d72499bb9d298410a53889604aedc	9369bda740cb7806fb0e916f5c402b67f4f884bc309aa0e2102157dcd6154e1a
276	a2a6d4f4b64eaf36e8f718c688d4514d7fbabe91aabfe5b473121607ee16462b	8c72344d09ffaa10077c3193f5cd95b954a72c452fb32b406e77b185a9026e28	bc8de4aa8627ae44996b922fb30c38b0cf0f1c2e6b6f5de75b8407ddc559ffd9	9840bcfc15e2af33551babc6a483c2c625db381e6946966c01d9485bad19b23b	6fe6458bad1e57428d8210cb2ae097db6102c4eb0f119bfb44b0d533bd9e3e3a	a4400b95957b505d247e745f8de3dc3903f18aa52aca48f482308cd3bb610b45	192c9111ce289cc8ed228b5c481a9953bf7a31cd15d1357d99e95d63df02421a
277	940364da77e053031ddf4985df50505e4651a5d1a5740750ec3f0cda5fa563d6	8f5adaaf7ac9566be8c22e4e529d50d9039d0fe31144d6f93b9db65727bcd839	402159bcba44476b5a1c346fa667964c0f1070daecf19fad8cdba391d3aed3c6	29e34337671913d9953ae6b1091121dcbf84ab9be1ab08cf9ffa081e17b46ef7	8e1b786cb1ea937dadce1bf74b00630a73de6838ba4c6588b68c12daa5140f2a	783328c86539e3efdfd4babeb8ad1ecc335eeb3e88bd8ca3a99c4b79324ae2f2	7a16c5e6be6de7de1feecde7dc96b3718162ac3f3a4071fca969731a684229d7
278	b4f5fb22dd34d32a4134a1f04bc834627dea86144b9a645a9d78fcf5df87e80b	094f2987d23aabf8c18fca70cad134c72e09cad84846b6d1a12b9a5209842fdd	234175c26843301496113392f7603aa04de16a5d572b815caa4683ed15f1a8f8	06ac056121d0d5bd39624622e5ef42b4f2e84dd53a98c797465a6355d1385aa4	7bc0c85ede9bd9994af811c7c5dc5b1f698786864e41d048ac9e24b063366412	1bba9d7f2a0d9735860edf8b2c2d27c232eff9a8c5e0035d860818c5ad070f95	9d28fac1bc298e1c83a4492088169357eba75967a9d8a0e8a97c9eec8c7b50e9
279	42f1139bb4e78d592b0f21b90378d94246e2870e0f735d0bc5807a055b732ea9	1ad75f82ee8d4b81b833bc5c9290e64f8be24f8bb9fe387b08ebbbcfd3102c27	fa6109192ae493e918cf074644052eb802f9a7f3700ef645391cc3a6d4a8b9bf	d84e007b1edeab3ded8d7a7e76a94828d3fa5024a17e9051545f57ca1dd128f0	bf4d11d02bc2d5bcdbdd814f38025ea8b0d1121a1cdc3fdd7a4d80892a22ffbf	9568aea9a23d02f7b6849a51ec834126e3272bdad175e4d8c44702f6c5d30249	7adc26d043bff9f5e1672592130ff0b657728e3c2433a20e9084b83363dd57c8
280	32e4054b1f1835cc5ab0c515886b7bcdfffef122c59d7c5be604d1eb7941578c	171c9fc5778b6cd7c168cca2ec0b41f060c69b31ffe8d428cdbe457cc89eb4a3	88af008af39490dc1c393a4d5241e4b94970368a34d56cd08073da165e37eefa	1e83f36439bc4964142b8ae2967f483b2a638f6ab02ceb58b94e77b9fd617fd0	d5925837399681d6f4e3b43cb5044f8446a9a1f9a3355dffa8ebed9776f817c5	264cc47acf54d4498369e4cfdb542eb41c07d6f83049a64ae7d1b0a2f69ca0ac	6380f6f16591ccbf33b152a2b4b8bf4be09382482781a191cb7109fd4ca41f52
281	31573da818b7d18a1084dca27cbde122b4ca37441371a7482675925a8e7eded9	34af8592a5db5c440b94cc1e4865f476552f3dcf1ae1c036e1a93ab4db22aea8	1fce10ea45614e0372f87b2d8a25a4351beb4297c468b8c09137e398eba99093	f70dab0e5243e2b7f12aa5bada3003fb19ecc3bdbd7f2b13308491f6b22130c8	f2f4f513cbda6b6e2f5fcb9dcb5449d9955015ce0bc3a07c766a3813ecfe1db2	661def97744afc248d6f87d66c201effba36b4ec4dd042a72c33bbf7f1c29f75	1193655c5d8811dcd16b63af76d11b5d725e6922cacf5c80c417bc1950d9cc76
282	c332f95bbc9bef8e5a77a16bd95e571c35062671b549779c3f735d58a4758430	d5e5a64c243358000c89a47987a781ba32467800d48f3df83354fc97f467960c	5e7fd2e59583804894c62a9bfc43e1f66ca241b75a5ed431d82938f02dd9c017	0156a0e242bd6c782d8b9d8120230ff9efd83709d9721e5837dc5125b42f2c9f	c97f688421ba92dfa7d7f5dfe6bd4a378bb5d4919a49e86a6ce2d4cee2f42d16	cceacc5a0575c1add287ecfab6838e8afe73a3acae7e3ab0e6450f782d6f1205	5482e218e48c0400aede07b35fcde9f40a35ae4bcf9c021c4650e987cab30595
283	008f76e18cc9222f1a86a300f6623d217260a19e4163de63e1d30bef83fc0680	2c6872f0525a3a8618b83726ebe27d1e23e204a5323b7ece5f08f94547c3a45e	ebee0fee2f7332c6da01fccb6fb7aebdf64047efc77a1f96f51db25438463ae2	549508b37eba5401bb8d80e95017f6c48a3981cd622fe6c609e33d9e362a6ee0	99a9271ecb5ed316021baf87ff4f5477b326f3556cd9b79f7e5354723f53bebe	516edd9e6441c2901a1da7e6844eaa81359a08732fa801bb237bcf8bb70a4882	0dbfbf66d66fd756ab2839f92554723d650c29123651d6917568eb0b6ae565cd
284	366168ea621e3f46813161d3e9767757d941fcc7f4f9aa44a28ef562be6ef839	0559f4d55e65428e87d1455279a6da1f4ecbb4c61308332ec5f2e43e16a5541b	19257a5d750b01374634f2e81ed328ca0635b244ba3cad6244e276f8db60b6e5	f431b6ceb4c2569e882b2dfca6174a902dc84ff88b672a48dfd697a2a9102709	589883b78bab59f8a5cc0c3917f62663d5938790e3e15bdeab4e8bf22f996957	3408d6eb193fd90cf6dccecac05f710b757fc602f295ded8a1c8e653d72cb813	e0985580d2e324f4a3fe81781180917f871919f38657abd3ddb56ddfa2983016
285	0620d7b1568cddef86235591493eac5e22875bfa6ffceeb1ffe48fadb0e47544	b6331221f5009e3684a78cdb3dc94e8d738eff0964ab2dcdc2dd8b955bad4719	3de50dcb10bdd06ba5af7e477cd5b26452c60835b68b517650b06229c7e554db	0c4d634dd33e867effba31cb83291130aa48ccd0bd444bfab3069cc345fa27bc	b603fdb8360c55c7bc5f93faaf08c511057ec84a0576b839c2691c04aa13da86	0d83ed274bee88db20f87bca3b0c7287cf5ac0604859d28d12ff20bd4ad19f15	1b2206250ce341cf22c3a41130cb069d15247f711019887e11f9c68f4a3953b8
286	17e0bc588ec161a63f2b56a53bc6904e7aa727e53943353e19ddbe15b564ed16	3f5e7ef7328f995879ca7120fc24c7d679859baa7803fdd30163f1196569c801	007b978a83a1811b012fca9cce7b7293ece74fe1ab272b1c4396b9756b5f8249	9d213cf392646b64ef6b3a8328a8d5feceee9a658288c4e804ca15e4b7f10969	79247ce444afe32eec6589ff582aba778b93e577f07eea7495a6ed75cf2cb668	6ad1dc86c63ad88612474a235a25844816eb5576f674fa17e1deb709de270792	8c976db8b8a732aa37b1741daab253f25a5d0fd6ed380c836d7f3378e05cb876
287	6990ddb4c2ab71a9701e79f47f94ea4080444fab84714ebbebe4eb3c7c683820	bc0b7426dded47455c13ff918b4fb9ea2fc39270bbc388bb7d5ebf57209f9649	d5f1eafe40620c97a7f18b63fcb651293fc439b96de7426c77e3701d724a2993	43d4757871fc8b8bba1ceae4b81813c0c0626c8b376d999f3677c40edb4a4806	fa9a9ff188414bfef4c4d6037c6f82a85f636ca21cfc87287fe699c4d26459b1	d2d4c47b9f1c79209cd71ba523c7d23d0b8cd285a4edfb660e608e8b00e36475	5576061b10eac061d1fc0cd7621cc3405129123993310470c408ee005bf4c481
288	b67669b74c819de60b5d9d915b943b9588d381adfeca3e2100fab5a5d5d011e6	acbdc2b05cb906fe3262adfe6d2390128dfba874f6166de6f034ccc39647ee25	fc039cc010027511a42e11fe9e4639c1432060c18078706b04305f2a49278b08	ed57df151bae0f5a6449c4a13e0c4bf5ad17800eec9ddc97f57c55b002df4bbc	8d25bf27d3d8ea279d969437780031ced9a87622f53b6726c0a4abce38bca598	dfecfd74d506929d56b13e212597db129a0131dd36fa3fb72889576d42647819	c5bb7741782217427dea6f1da234f03922c46f88d2d6f7630643a2892f2a3b6e
289	d127b01fef2dde8c702e6556839e39b0d554c615b2b0c326e73d3b3b2ba1a499	ac0b264275b00a7048a25f0130b2e4e7f4a406c4b14adb15c4695e7033c07b80	8d78ee5773d2b443293beca5c348c425eb58eb32221217ae6c892d6499041b01	6e1f177af8c57d7f24af45abb0986b91ab31750522acbc67231afdddd7b9da27	8817654c804939d82cced617860b0cd187cfff3e498e64aedd1baf7bb16d1d0c	f192051fb793be709a275a065705cb83d606f956426bcc4507f185383dfe6c2c	5a524f464eaabb45b8d84bac9f358c8e2c6e27ebc04fc1c30326ccdc593465c8
290	bb1089214bace13279badb402f80f178cd1dd46c69be7853ba967267ee3ea55f	41c1027c2c1a4a361ef8144ee85b1bb14a202e75dab8309e035efa1c307eef33	08f0343b5aaec602aeba18cb05732379fa2f0070a0ae4bb25b06b2227d5bd9c5	096c67eb82fea3f450034eb57d13bb2a71b5ee1392666fe8bf009e14e16fef47	aca63b73cd3ff630556c5786cd4f387ca37a626e80537706b1dc7d27a34c0aa0	3cf8117934280b57a4db2a81a4bb01c1b0863a5e346a65c3339ae93db1e180e4	83b1f548a6a4e8dd3291210b70ae90985dc58b7d05c635c0a87cce3f27a1a713
291	9b7cba1ec2d1506c705227c3f4b4738373ce92d1e511817ab7e6c87d5d0a4f4b	b5abf84b94c8f849663dbad7710c164761742322e73e280cb726f541d60eb8ee	f4eb1e5536c06826cc8731eacc53d9ef25d931c6130b2ec3785129f7ce1fa9d3	30bf8d4cfc940950fbbe6e262fd529e3d28e4d8bc977f8097c92bd4d449c504f	2468969c7f3be9c74f81a89d95b964bd537d468181205c04df169402a9ec7157	10747b050e16063e86303c97e6bd4041fabad6988a360b59fd8d3f2408f7405e	c79e3e2b284307926bd3a0574c623ea9ca9c7fdbecc1fdf101e08d9279f648ea
292	388242545d448ed397ffe287b0ac01a2fc996a147775c55a8a9261389b8e4852	00b82773ef83e45fb65bb71c4eb17b344994abb069f21052a26fd2060baca565	29343a2b3721b26ccf0fe892c9fe00aa3b93b50de7b3717fab48817a168976a0	3ddc263cbce7c0deae2bc9aa6895be7c373ae755d820221e9a209970bb5d3fb4	8a0eff6dda811ac135aa777b3611f5ccd7671dd7777cab029ff8682f46d4e2d0	bc1a32138432c2e0c3379d774f692573644947f8f7d1fb985f984efe94d558e5	9d9a03c16837edad53dda031a30872b98e1090a5ca9c819f41cac9f8dfc97b57
293	f59e591954f53376890728ec471bb682fc0f713e3d9ac863b6a0fe08d5fddd05	51609b62e4b8fd26d9dd4d63775665ffe7bea57a4fc7ae3172dd7b216a876f1a	20c1ec9696b92002eedcc87a17cad363c22c6648e4b0f90c6e44fdfd520dec6c	06d9dc1c630e61531a57a720c6fdba4efc7102dec24cb39fe4b21100d4334b31	89fbd813122d8e2431370632a81639f4ee8d0abb50376dbc9eb597d9be33fa95	fd9fd6464bf88a75bb45f7ff7656b84770e44391365e8ebfdf4d8e2112981ea5	ecabc441b5cccd873168d6f5c02e6323fd963a472a223a888044c6a5f1503d77
294	656d083bfdd4f9fe08986371b8259ec571558388edaced3caf83bcc25de7ee10	c4817a8b2452c69fca35e09a7823e7cd4187c9054d09580b9268823969632e9d	2a6170ea14f9948bd51badfabda6184872fc8d35d7d858f98a6cf1b595bbc7be	2edcfa1661c612a3a30794fe7baeb55679148dd8d01cd2eb69f87299209b763d	08dfee9f3b1c44d46807a65cf3c800a139ddbd0a7a0d6346586c82dcde541c10	d43327fc056481de82dad07d0ed312135e81ee93f71b90ef513fcc7d0c890763	7ae1d86205dd2d5edb5d6e92c55c154c2e7a4a4c62643aa7192710a75bf524c1
295	98bde8725487bf13f5b0f0156c1bb24d9014d6ac22460fab50e3676fa64615d2	4fc1f98153bae69b2d3a8cc4f5f34418c5e171a0c630f78a688aceee89f682f6	8137727300a630ac3ea433c2982f9f3b7ce76364ca44b0a07ffa0417dbca5bdf	c4d0ac1147835b3e47f987a407722b3c90f5c52dbd7fe5edb46471285d22b179	2310efa6ca9a97ed6db803bc45f80a9909504041e069708ff3592962c5525504	3b5b60ea0e9cef2007de439fc4b99ae72a5b99ba5ada48f534450980bec7b428	e7179d9a2fbcec1ada22ab3bc43bc980cbcdae885f0de79f8d82d99e06e3ab3e
296	55a182f8743b0051a73b1651febd63901c6bf3be2f5f58b966b2cbb0fdf21771	ce698444ada57094e282e65be1b14a18015eaacc6c601eb060b496a0fa008422	61878f7d83d050120d2334b42b715ff41f1985f4f4070289ecded0441e1c8710	dc6b2c84d83b103057beff6feb865db99f295b568b41a910290f0b9c95c45ad3	218426b224ccf0b8ef084d9c06ca0891e8f1f3822e506c254d688251f7cee374	d9ec6da4638244b7ed96f28e1cd78d30e8511340077d6d9a8c8eb645f4982764	ac8556a35cc34aa3bb18511768ca1202dfb1070adb63e314921cc9c4eef23a3b
297	5ad0a4af5d367ac1802b4920c52cce68fda2d351e64d06820618a649a4bb0aa0	3dc3040ce2f46e2601b21fe359554a2918323a3bb2fbc24ee4ba6e9b3d414dc2	0bbaf8b7908e978f991f6e23f439cb68cc72279a4bdd0f2d7bad93709d43e3bb	afb3a022fa95de5ce17376248d263ecc376c227f5859d58b2da496f9e5d228cd	7744e2ada3218a9889598e7eb938430a22e9653c480b93125db52ec25ca7ac46	a9c31942e5d5d31245d2f28cc7e240a645aca7e5118be4ecd3da018defa03c7a	42bc3f10140ffc1c61f662ea9f0630d605601d359f8bc3969239d9f8cd9b7f8e
298	eea850f8d56a63bd8ba8d9349b1556dd7c84ce5524b956086e1e31c05ea99229	d4d2cb2b1e8a597f5be219a8ad845ef0e34d5afd536816dda9c91efd2c313eef	bb09e9f58418d636b1d18b6e2b717282e8544f2ad08ac73d654f73fc5a518d8d	19209e8f2f12d38ef4366d2524e58241d4b174e5a79438c295153cf6f0becfa5	af32dd9071f6f7bbcec8afc3b369e17c729792cf3407baae61be565a2f56993a	71b4ef318fd571065e57454a26510c38eafe8e67c0b283a1d45f22302d01a13e	3352a1ae66f1b28c31056aba77b9b56635bd825d0c1a50292de7a591352ab497
299	9201aa3e785853686a0b9ade7bdd3addc64df4f5cb9c42af65bc8a97acb5fbb4	e1afb19e5f6e2b74c611aa414ca8bf8723ea24a8cbe8bcfac5478cc3979fe6b3	f7153ed949c2e3bdad6f84bbdfed94745a519659ad11d405e2d91911d9a4cb3f	d85cb88c903b4c4ba3b691ca6b6e7db7ce65529e23642e69e7466129644ecede	0e7a43a11e902b88ce8e15547e98643b7a17ed88c6d6c8c3fa9d9314812f416b	4ed9c6c539c3a0d16d76e851096b09631f6b1d1a94b98c9618a8e109b6f17622	c3f7076dd2fba15afb055499eda6f23910992c7b860b4297d99dc1924f2b3191
300	3d8dc6f358def0c1c5c0d2e7eb071064f5888bc639a76867669cbedeb04cd32a	5810ea342cca96dd2e9e25c6d20466986c774da5cf0c2273f4002f0c0b1dfd68	1fdad347729d1ea0ee37e7b10414d80feaa594361670647fd915b769d12b9032	f1126b7ef3cce898dc0a3b1d79c80541e0941d6b9b3c4d9a8777a983ae78f4ba	2eb82d1f842dfea7914cc2f750bcbfcecbb95e0733fbfae963ff0331dd477e90	8c316ffcc597162685539061344bbc093dae5414b181d89a5ff99719e78281d0	eca4c125618c165cfd87c3ab18f0f0231e14492f7a5514d3e9d603f3ecbaa6f0
301	7bf9ae62450a1eab4798e779e5ee45b84b49b63a407fa0c5dfcf747dd6445350	331c58e968f956ef9d7b9ce4ace234de1405d6b53c655a5c0c07803d8b2e5d3d	d0d52bbea70c8e44789e4d957254b200eb0298703735633dd0d4944a3c44cc3f	1684e48ca83e890c34211c093a3836fdbf46d09c80db2f359772fcdee6442477	bfc7956912df82338596d08c436ffe66330d9f7b4a42d667bf872693f6ad3143	a880f386a6b823a0435b265776f852b41b0f3a330af96a955943fdd861872f35	9a29b33fe9374e91e06dcd73a3ce1b881e7a5dae05b25f17bb290c12de20ad10
302	02644f6bf77c8a1eef510d074412acfb413be6755b8e2a89ae6c167723dbc65b	aab5bed8a20b48f294bd777a557e8d80f483e16c3bcbfa15d2eec922383f9e52	ce55d18051d9156c4c6abd189fb2e998aa88d9ae9706d8c2b6e40f04beee9a4d	cd45dd0a27e04f605b080ee7a1d9897ac59ae5f92d69a86796739909da1485fe	7818760085f1f91fdb3da641df84980821a30ce6cacbd7b28a2ee20dcf9b6219	725d1e7124f2e344e6a200588ec83098917e6e66c24af9994e252054bf0b6133	c8e12b646d3b2afd402d7360458395eb892a4305fc94526c237025dc53a8920c
303	92cbcc626564ddc8cc572fc1ef432c7213bd426cc681ee38c72c169e636e9933	024daefd15e3e801b2ff65aa183adb347af9f85527b54b8414ad3f22bb00c9c8	7e9180d8c438c818f77d0977d1060a8a6a6b8fc64f9afdeb884e42b7a20285fe	06f5e5a748b40a8ff4b5e25cfbf402220930f921f2d7632878e5005bd210e148	852fdfbd647e978be9fb4f3e1350ef25c2d2e4bb4dc36e95d0fb768fe0854e0c	81d3f7975af882ea2842ecefea912635d533cf998cf4cdd33fff8f37299e78e8	60447d292af19d9cf8dea572b302af803a81ca3c8a27840d6cff4e3705f9aa59
304	4e0012148db2b75063265caea5b84da04979aa2063a912806b990b41779e5a4b	33ed1f6cf2e53500bc3794d3d3ebd314fc501713dfe9ac665d1d142cceb8fc64	b66a1a8161f55d42ca2208995ffb5deb1952018da9e1ad66840d57928e3b1d6d	9e730cfa9663c1107590c3dbab06844435a6fa7c8b072c0cc9c9f65a2530e8b7	bb0077bf2512c0d51bd5574b0cb6ae3363fb1857e33d590d53cfc157cad3a18a	c77ea5126b117e26f982e5ed4804c3aeea460039a51449185baf52201db91cb0	1341b8bf59ac2833ea926a917428d17ace0f488071479f3bf88a688c2aa22a4e
305	b135f311d877d4653378c50383732fd7cb7b708e6b57cea62b42d3810b8fb16f	dac94ba6851455d71fc8d065b7300264e60a3eef02d78d1a32b2aa8b706ecbc4	b1306d675c6c6a0a2f9654cccfe82248ebda89a5e650706582150809641f9223	2285a75c490946bd97e56bf96d88b3e6fea7b9f382c0e50ca06ab4fc5cdc45d9	902f17b55b45565f7727598a7dcb642c8cf90aa86050cc800834944f691e9b8a	0ec49a290b8578dcd7ae7b1b3ecb46510bde3ec81504fd05ebdd32f0de1190c0	785a372344b16ab6131d9b306490cb12654d396687fa70ff0db5df42ce694d8d
306	0c7b4a740dfdb311f8c148139ed42b17676fc485205f902a0430e518e6f34033	783a8f7e1a3765ff5c91d9d56b37c4332f38767a63b6b0aabe92bea257ce1c9d	2e4085f00dc356f201e32f3d62d4717317a0958bcfc88c6142cfc9a7198040d7	081f2927a72a1d731a792360f6df70bbc70db8b437a96e755eeba36229319df5	aa727e3580e9cc104b98c431897c877ac327c9eb5128bb6260f2f057f41d005f	78b547918b0ac3fd003c5545ab2003f635866e61f31e364a88bb4aeac979c8bc	6b62447a4c0987a18783784f609d1becd362a117c5853aa26aee657586e4fe17
307	d6a3710845c89e84b81e122fbb2ea3f28e9788732681fc965342538cb6c6c53a	39b81acf9bb607e87922a299b560532ccde672cd52a63c3a7016e8f91bdb7359	5bc76e517b14a524cd20152bbb15f0a11140693bfb2e593febb49fa6344da1ea	9da7726398f36b81523a7593fe6139e23e96009c5731b5a85a5daff9208f4a0f	c8bfe93a04343a8011e18201c4c039d4d41182f615110aa9377f6f94dab8ca78	efb1419aff4a147541abb79b9da106728b12e390df8d4270295abe1eb99670d8	29660ad6ed8a4adf293cdf3b82e2782e12e188cddcc400ef6cff1ad483134313
308	ecd4c75bc66a379fca9a79d76a379fab5008f6fd2d741f68a973dde944624d7f	69af419f9733527cf3a579e2b765546d4ac074232ac944f603c7bcf95a2689d2	330b64b38aababae3eeff46b6d9f5ad966602953ec663413013cb5c09fd00807	3a6dbc945dd16a7303a1fa1b7d2aaac07ecab33af251923cff4e150cb6755b67	201d21caa82abe500ce99910bc2e7f9fc891dced922bc963fd0ada95f9cdc7a9	2563de5bc17ab1ecc0e8b700ec02d01c8f1d1b953a8bf2f1cfb7cd74b50145d1	7d800c5316a190bda3c23562373e9c911420d0fb5fafb1bd457ec42b650464b6
309	b2ee713d10ec62cb8312d298b0080f0ac51200b1b0a50c48926d9fde48f1eb10	9c90b5a55c01d46f1b0b9a1453cba8c106598929a1917c2033283e7407211f16	c2defbede01499c5591e2a695994f4f569a85282a666de6fed19affdf539979f	13de2eb58f72cba96191cda2a2a855d4845ff40183504688d02804433237fb23	fa04123542b21d8c39459abb00dbdb1775512875eb68be5d64923f5bd8bedd61	ca0f2607d775797e1a032fa86a326ea13e6aa79af3977a61f3bcf6db85104875	11e19c94851e3e89f00f49c07591ad7c881fc26b86a3d43adc10dbb54c117916
310	cbc945564442cc2cebefcbd5bba42f971ee253e4e0d535465194a344640aaee5	0cbbbcac2849d8d8a9ede8533bd3e69c0c4bc9085d4e2227fd2423782bc52ef8	87bd88339802df881e51f9af0ac8a6e7a7ca644de3e9b0717853cc9bba27510c	8567586475a1bbb0c40acaa97c7025fc8d482755afdba94ed7b4c1a3dae3e64a	e2a086b2492eb38cfae4da260cc3e4057f7a11881272491a852f00d2769b09a9	bd449ba2c720892ec02c1f52cf798787ed9658ae35c5d8de2129a1573606e29a	b2447d38e135188b46534ef5d6a015d20f91d9da7168838ff91f65521846efff
311	e25b2175fab1d53a7d8792b4d74f9e7b125bd77d42c306463edd2be88ddd7f1e	9890508190c8372adefcde48083075343b95359e415f09879c01143cbf2747df	d1e42007e14043ad22976dcd3594b30eb5991d43f02aeec47ff1864c5aa5f937	f89dffade28c2eee0d74f8a1d2bc7bd49a0dbe44c60e79f3d1af771ba27b91f0	ecbd5b3384396706f2c3c81ff7ca492859bce369deb73ebdbf06c10c674c6b5c	13765783ad3237c53ac1aa90bff3a00afae3c0e483c4559b0a961e25a4a10c9e	9b8570dcaa5ca269bf015724bcc7d91c057a6ac89054db0864e78c3a9eacbf10
312	71df190bdd15611322b8f6ebcfd26b2514695d25f764e8d2f1133b97ad689594	7cfb8aec434fec2b256d7ee756d261e75c736e975d0d0c90fb04f303327b444f	f941f28a4f129d7ae30ebd23ad2ebcca840dcf33f5dd76eb9b8303282648b671	be56a878a5a78ed07f2807d9e21488300b12135d011ca63384efdcc0f2ecc0b7	7d8f2cece8b0ddab0860cddd8416ff40abf94dd0ce17d0e405536056c5b8d02f	cdf282fbf764cb15f36279a1fe0da8392b9fb4cbf01a246e5719aa045040313d	afedbf360a9f2ebd2a55ebb28cbdbaff9efff7d61f5dd65702f8abd220aa431c
313	333f2bdf35d648f13a6365bec0e94b234acab5c525975c3d605fcb13ac40f121	cb64effd80b2070551b98f327eaf3eeb06c4f48243e9eba5cdbd43b7083f667d	8bbe2ec2603cf6696412c7cd3a1442743f44ccbb2d664a4c9544139cfe4c78e3	6c8e16f1dec4bbcc4cff54672d6b12bdce383dfc3749b369fe27bdae6c2da90b	5ac122f11e78c32ee114da4cb3622194631801128253db37b18c986e0d03bf09	24731dce0b3eb67283df8e6a639ba19ef79f5aec4d4cc4bb2f839b1d7d6b17e9	f20e83d75d5b4a9ef3c0c0600d805fd5d50fa74a62a517906f2202b17e8b223e
314	437f7a34001aa1289423d61eb4221970534a30854e2eced8494686436b066cbc	21a7564c8c2b6f879e770ab0356aa50c3dcd64ffc4409528436b9ac73e813caa	84dbb6baa00f7c5b802c0dc56434d36bf7a82304384d77b6c263d6f6bee94e5d	a00ffecb2d311a400ca2aa8e854befc1a557da2f720a64d1896f7e304af60d50	0377955432010c65bf917f2029b73420d420c6cb391f2f7f5f2c0247d623b07b	65ee0e25492e0f0cd424a0eab2a617caecb181ed225746d983ea777d17e1de26	56f8ede7cc0c68ba120844e2e389fe5380f41e38595d060f5b8f1ee88dcc8740
315	3bb664bdfe3def0ca8ca25096e44887b9c6587f32b57a7e18e448973805d5f70	b772168a21bfac429107137d63236919bcc067e9a6b19719681db54d22bf2a3c	1ac0d1c6aeed589bf2d116fd8d8f05dde37026c8bedd89e1d989f304ad83632b	baf00a47623ea7a51561caf7e9dffe0b698abf20d470875ff53358a0ff122e9d	dd484307b764c4e63c8d036ca649cdffd14fb4423a378998e391e27d3e8c009c	48c9268b2044c7a9af959433229dc6a6afe29e3385f6dd41b1aec13585f4fba5	c67ecbb7e1cca0922080f39837b1923da6b85b2bdeddcaeb97e5cc93c903d555
316	ea6706d1bcafd9211487e2da1c7be5a0f59c32ac7f7e1dec1d2d0d273d0c7ecb	1a62d141731490c3bddb0494952035a23713c66b95dcce68a90c261a59f2efcb	afc423cc45362053552a9ba876fbe928a2c3ea5277f09e5a88967a56b28757ee	47668d8d150de38374ffe16419bbce17559928996754533793a812222004bb68	3263754336c694916b2c05117c961a20b93ff49a7c0ba421e53a44aa2d73d83d	9bdc4e9de098d57cbe849e86fb095ccabc5453f6dab7282f44dc081f484d0645	2d4ca392bcf344ef484dfc9abf8b4ff1ea0fd3eb691ea61575178bf36db744b1
317	be1b1b947c42d2a2ca8bf2cf8ab3e329d6bdc4e030c4abedb87a8da8693904a2	9bf7e4fd3fba22a54bf2ab32620c3d14fb9678946c75b24f22596184f389a292	d9bc3e54b7cc3ed7b9b22aeeb75a8ac9199c0fd027c37812f39309be17e5f768	901e9d3f769c6ebee15286e941a4001c50ab3c42ee48acb71d47885b75aeb92d	fdc8fcf24ccc4f8840db5fb9d5cfbdbf4ce1952544aa5df7fb4eb76d652a343f	cb450409ac1399bff9d218113cf14cef244924737f817f6cdc96af255e6a57a0	c6737868f9d185ee8f0292d0448c8be7b8e0b933d68ae191ec2ecc778823f050
318	79bee7ca564724d58ff8bc234f026568781f7f44e67cf12f49b6282f60d40b06	d1120dd978e7bb3e13c749f5c7778264db2ed37b586251f83c1ea9b1c526f45f	7cf5c12846a11cabbf8e311df472f835352cc280e19b11097d71c5a375d58ff3	f6216cc7ee06555442affee3aed5e05369cce098aff33cde32bd2bc03aee4bbc	109d20821dd776c3a902e2b7e0abfb336d183c7faf0612df451b7d52a6438163	564e5a322c21b4ee0c76ec962ebea77a0f94db4abeec0527f5598e66859f50c9	98ed2b10bab24f94b8d11cf777ad89e52d2801baf752196bd5b28759a9cb89a0
319	275d6893caee2534a735f7293bff3aeec1e5fd490418a215cebd06128318c2d3	f404e2d1ac34bdb4dc26a4bd73acbe0bcb2e1ebdbbec39672af00ab89b2282a0	c80150322c50bea2dc7eeb4c2292676a297c25dddeb6be3f1819527d8889485a	68718279dcd965caa88f218d8d86eb078ae8f5048347887eae2289ebb9d59e7b	d16dffd7329f3ebae66d8b0d3f63d9f06267d2ef2d187953dd983c614da8018a	e0e2b3fb759ff30296476025d517491ad51ae4b208777fa930b6327e9f0bca91	d167409f1a2620ca4a4e44f9aa7f5b13de15ac02f15f92ceaa4e50bbb47a90c6
320	b918a1a824e9c027abc282ab558cd6c9c4f7a739697bc2d49dc5093db58f3d49	bc8f034fa65bb4ab8c11efc9819ef7420ea2f01eadbd690426d50823c6e3d1e6	d3bf99082e0e44d5d1a25daf14dfb36b56a4ee4f3cf6352f0df9427c1b1f3f95	e31e18397ef443f005170b230e00c42382a423791162b405e4b6ad3060550fcf	11633e04553993550109c5bcc1be359b28117957f1f7956aa65615d6b0778ffb	e5c1c97be4a00d9b3f775b07cb028b1650600e6202d68f523c02ba6243d4bb7f	6bbce909d551d60c757b5a6cc849963813e01696190122f7a00fa9f8487b7d0e
321	ac14425dbe1b8c4ae049542c1590a0d00f5cbd643dfcd7da014cb8202c90f3ff	e95f6c4c18e3ebaa052962ec0720d1187fc1275ca03b912bfa356f9d88db12f7	7351f4c14861dd4e5ffb4525a4eaab557264f2f34d90d9f734a7541cc4005d2d	b814ee756c3df75a16ff20dd8c5b51ed2c1e6ed0b2b8ebe52ee4b0bbde614e9f	de76fbd305941eec783a426a03f66d7b74211ab4e996f160ca9aa5a29404cd5a	4094715bbe5731c10a1a2aa01ff9a562c1623a0225e79457534627d5112e5d92	f0f033cf06f7d178a1e60c0d97d0897067c6c8dd3222afbb56b720dc6fa5a843
322	047f51c4fe3894a5f0d71319cea2641245d082ffe0c392e4737ad911e2bc7be0	47a14ab826b641f023412bb2df88e8e9002cdea042ed05c56fef42896e74b679	3481bd4109d9204e72f2cc8d815e18361aeec7a6906bc7683eb6951b1078b4ed	9916ecc9c9cc34f2979e2767f02f0321ba551609bb8ea4a23764c1260717cbed	9818f953ce1f70a98f68ff5a94334e85a270259dbc3bd02047042bc8bb22c0dc	d2a7b1df71df974f12253ee539b5c5704b4a50cef3c50be975c9f6af51d68eac	16e48d74ecf5aba21ee098274e4e7051dca4a3a43f853130c9bda4bdc5cc8331
323	6925f46ddc904b7065ec5173a16a5dcb94dbca6adc429a41430e8842c6a4833f	d7fdc8fe17f80e4f1c583f66ed9bbc8e7a470265b988225cd848c253892f23ca	0e8c30c3df9a1c02252e659cfebe11683c72ed180ae5a8836eca4d3a116362c5	69d7e73a3caa32ca82a53135f3c0f2f939199bcea012e9b3a6da191bbcdb1159	7be066aa76e56f499698319577bddb11837f2beaace103378418a77a0accad2e	59139142140074a4e21a30ca5ad1dd6b70216e11d9931cfe323afeacd36cff4d	b2c3098292d2630b4467c02417a4aebbd3b9acb47dde6767311abaf9c071e485
324	0df51ced2806bf1374a006995af40aeac52d1fc8cfc739a227caffe05486d551	64252a6166af3427aa17de26e1c49652b7dfac30f51be471cbcee7921969696e	b0584426337bdc293b8186e7d703796b715a2c6dc0c9dc8f18499c40cb64b5e3	0c9efa6017a35cf9df6b91883da8f388f6d7c7237e4fdfda19a443e3a4e03434	3d17ceba278879b6f8c4af40776a41eb096143111ae0dea26db1dcd3cc4ce37d	484b0356c3b2a2d8385dfee2ffc8b9892fb788479b536fcb306e30d505842a61	9a7c9e49c6963e314400ea48f21111dadee3f27c0f69f045dd29b299b77ace48
325	6f00650e6226e9f91c70bcc51508a2a716cc1a72934b2014ed90240d041a2861	0410b10abf3e1bab233c5560ed308cc255838b1c69fbd208b6a4ec91a501c778	2971a42834a09e4942ee2d67628ea9efed949994dfd5dc18af594c48ebcba00b	50a0d9b9fcfd1397ddf81e9bc391d07c8b6f7ae5d24cb1bd256a5f083008be31	6f84f16d87c1c340cbe7a6513211e4c5cebe56bb162e76240f285d820fd2fcc5	24e37ffbe6e3b4773cc14bd41c43559d0dd12d476809a72a2fa96b04ebc54bc3	45e30a99e46e3f3c6cfa2372bdf42d923acbb1e56d05a06107d0098b175e23df
326	0af69343e82ef69dba2ab057b130154accd89624febb0d6ee252729f645e4b0e	18a8b3e2a4f5947df395ce223bd537ca42c1e61685d47b7961e076264bd05ba3	330a6d3496a69e25b1005b8f84427e08a69dc17d888ebc13f7e97ac302237c24	43210efb6c8943d979747f5e6266c1a05ec4f5e1b9bb8dc543004d59c892b936	3c9f7a78a1014b903dcc0839619971b45b3208813545d0ab0b81c028694ee15e	df11ca589001609fb203b7ee3f277942679549dd557f2a9a8c0bfc44794dd1f4	a361b87fbca4bd02ee7f2eddfe5a842cd3a1ab3d0eca1f39d0fb587b344b823b
327	d64a64c78c87acb8e85a9bbb4beaed2a3c4b1b5d43be2e1b1e80b056c6e17965	5bb4fb0e9e709ffcff46c388bf90cc5db0d6789593eea51cce49d880262a936b	d606581ae438f4a66b406c66bc9b6f1e9373f06bc6c727123c926bdcd03d92ea	46b88893548e372e1604d09898af1a368850ecbe436a74180adc128dfe1fa622	7f66f4437dba4cd1a81e78eded4f545589dc7a9caee3bc2685686dc3333fc96d	14b4fe98bf6c2914c4f8de9cbdfb047345715507406772d99e5bb647c31c0c28	6ebb5645036d818aa789500eb3aabf5045ab8dd2e00713c8abe6c4bab231de1f
328	ee5e819b3b71aa3dba616a4945209d11dc55bd7af59888f3823f2e7c9106496f	3bca079910257431c7db4212821bc319ba870f641d52fb64a32c3cb2e1028d62	410f1f75d9e894f019a1721dab4e3007dbd6710acc47a81f62228f78c782dda3	2543caaa4725110f8fb5bffd00e4a0b61f36df12a67f5521739076f8d979e79a	80fc9b8357e8372d7542aa56fc8fbd9dee8df49cd660df8c71eb60381759a68f	1269395c3cac5a5be962d0cb1a30477f0595fc23e18194f757a5f7b15385efc6	58fbeb3284e919a1fed24e95741cc68dacb8904d5ed3e74e72fb281fc8da2cf7
329	7960dde40b7faced3d13ad8996c8b4efad657d08f4d2a38c36724c13b60968f3	6d87adc57836efd874358aff46bf053d38053adc7cafa66b3857ce1d2def5ad9	fcf1906f40a3703e084eede20bed9487a274093852a8c634f7c8654e3410d6d6	d724b5981052c343baa4708f1a68d3d1ae41323964e7a64b46276e56e2751ef7	152ea17c1e1612d3dc2bc47945f26f28cd761be47a4ac946fdee387f4f908b8d	603b7b4677d2fcb090a1df8264daa3c2d840ac0b1f5fabeaf17cb28c292bbcc0	6a82f93167848b24f62fc4ff4a7d75eb552c45842cec705646e202c4b2d3946b
330	912b6d409e9c2438374d973d78a27a8c8106c9fec6116451b9ec67215eb51790	16a5d6db9825c063abf61f0e6659d94d8ffcc761d15110680fe13d8f69cf6c0f	c2f0363235f4142a95e2d0ee1eb6717f6f3136ae7077553dbf0f377dd777f8a0	7cdabbb5cac5d34517cbbec5065a139c63815d0eb3a603db8aeed8c5e3748293	134d7cdee923184f2820a120cedf7333d938fdb5f189b1343c2df660d31feac6	f8d2b467efd327514a795d890d5c2b8cbf473972733d21558c958ee2d5b8b695	2f59c67ea1929a307d9ff88d82ed9ced05a828916d6665303f421de89a21fe4e
331	0c9402d419542dcb608d9c4bed1928fdb4129be8f985184a5e0c01c72c8d6b20	b945c1cf4b5938849de8b4d8a95d4e3dc79a43940467546b8f655e9ef2539935	95b84d7e9806f51ea162a80a94cac91ce5cdb0d15c76442fa9a1ad3cbb43c688	e53768b307c199e6064bfd3573ff73599e31c7aaa235430e788a229bf259cda6	b03a9098f02c5cb2b19481c11f4aa64cf700013a9fd092be3b6c72bb98dc1c16	76024a0b761db2de1c077cabf4266889e0818d254999b1fbaaa680a52fa18941	41395dc0353d17320cf109e643d07c51efb2cb9201b316a7ee7314c876edb9cb
332	e1403a530bda0a367e39641bbceae149e84c9e910d2c35ab3f413cb1312612a2	4b2fb6c6a5f579586b442a6ade4ee6b4ab4ff60cf08de852f5c915b6b8a2ba09	b9b9b214434f1c862fdb1b0d9a470a70cab02bf3cf02c794735e7562b6b78644	64c56697a0faea76addbd6b9d7b15663b3794858941bc3752e7b17df0691b028	0d587a8c45fd87b94d29edae0eb921f28c46eae41df86d3a7f1c27911da88273	092a122c9379d0e13676f3e196b056c808d28e8e8c98c45a728ca410e7137e0f	19fb4ae11c4018eeb77385ca1e31462e4e4ceb0c95fe42bc69173c552ef80fd9
333	59a7c03df7803782533288435fe9269121296f909913acb84cb106106ae3eeda	bcc15ed052453b58076315ade109adafeb3ed3e7af9e0d190a1b39ff774701ce	75362503c98f36d6dc277046e36f401bedef4ababb1804fa704171f8503e38bc	14466c032214dd054e5a3208093cc1059d96541862acf09618c8ea73cea17cff	5062efd804d9c8a892ffea882d87ff92ccdedb5527b8c666cbebb022485eb548	8932eada30fd5f853cc509aa9a10e84d72de08c17b8a8d4ae5604c6acd9c691d	5a89ad1dab9eb724c4f9e5580d26aa2b93238efa2d7ae60c356463f8239ae41b
334	2a470264b687ec5f4a33c9e418e4ecf73078e733437a52f94f4a8a8474f99518	fb8f31df46540a0f9d1d886617476dce123dcb5af5b82d24c5f5b8586fd9e67e	e0d98919690b164ffa842ac6d33cc36cc8b3a5838491802f4df2e730ba182f3c	81bea00dd809badbdc5c274fe7b99dac62895a95a996005a65931f02401e7d71	913bbffd248707483c17e654cddaae03e3d11aaebe225c294fdea1b9afb00846	d7ae760e53d70c4de34f4fedf43245f3388483f40ad301872c1b9f43568ac67d	14db55e13282a82acbea94d75b74391813cc2628b163f049123f1283c94c6eb3
335	8c629bee3f76dddaa4c7bf67d4fee3896fcd5d583241ed910c8d8ac92cbda236	28b2f2ea48e9382fec9cb3fc28821077b833b6ae36532ba493540674eccf93f4	5b7826069e138a959955ad52bb5d803d93916ffde51e79bcdbf1d5006a14447e	f2b1e78caa8dfe44c570a47a382a79569a5793569f7b07486d155af52aad4c59	0a1bd3395e69f5c55da4e130fc48be302682996214cac78ec68080440224da92	e8dcee11e8f9bc52a244458095271fd4ad635fb2d5578743c98952cf12320502	8508c0de18f8cc659847ebb30ac09f5e088dc2132f41e31458607633f6d6b35a
336	ef8f4613d425852b072343f45e39a5ae89c839f248f548d71856f3b6cda3cdf0	566c1cbe3218d3c68cab713d3b6c9b59bdf952f6a8c4542ff863acf12abc4c17	b4b0ff7ba8d7b115ef43080281937bd3f9c23421c998aae90efa812c0624faed	931e1035fed6f7b9cf8e3411dc7ada268b550b834939aac06684e61094a0e7c4	dd877a00dfcb61e0ab8d1b8e03167b9f70e22e0ea6e0a9763f7a2f24b164437b	48788e44e7e8667867884061ad2573a861924238e557d1a8db5b11e8a5fc79fd	de4a01cf7703123c82919d217fd3bb7508b36b2c6dd2137e04480b01f024965b
337	a164cc6811a963cd5f4de8ddc50c16b5f026f18438da971bd7d5720594b13c70	45f4d75565264a015e2f6fe74340250d0bb1bc535f6eb2141f1c5da7b70fbe8c	347263b62035f6e47b51b1df5e9349006bf99c8eced88ec9ff622a3edee4c7ec	48af85e9dc563ed01b7694cc82383e01aa4f1ff8c1f28b94a99fbd98ec9ab24c	2ec4eac2bec92300bf923a9024ce65bc9b7fefb49396a9ad5faeb27d5bde325d	49af00ef9ad20ee0573f4c00eb91d633ffc7230079ec785806a48534f60ec580	97e7866d1be58cdab7c56b3fcb24c4023f5adcc74555e9e5ab1b8e0b4e8dd1af
338	36adbf81846f6d795cd72c443fa0aa00aae07040c05b45db84e166d4e72971d2	0f78f9d855fc6421aef0d9f4455a930ec6262bba9a49e32c9b221939feaab098	753de3929bb5ccffdd2f7721172d1dd11a68d3957030aed8ff4b2e7e591358d6	7add6e2896a98e669a36e5f25894185aebec8153b7acc90644a5a52976579baa	3fb6938b6d2ee2d3eee5d69fbf39920ea775a4bb1957262dacf475b0979f7a56	5f65a0b3440d8306af06998735ed30300e12c93138c749166223b97b3724ed3d	eff7da489b399bc2c08aabaea8a8e01e938ebcecd1a730455678772f5a456648
339	8c0780f1633edb4c8075b7a63056469c0931b5344d98dfd3d4e70ce66aa9712f	16879fe5e73d340e1e7b3260ffe7105a98d298e6d5ec3c43dc7e699f4838550b	4154cd1ddc88c4397a09eb38500bc54db5f1687dc7ea2675398954191a700a52	4c0e671384e8d02102429b6eb4961691b348a80838c90a7b11223a6faee9a538	4b9936abb9123009bbe1438dffc706085f87ba569c658a872adfedc5853d8b15	2db3284aac8f7d2f2e50405c7b15650bb7c9a56671f4ffebaa05d5a8fa903112	0f73a18dcbc365024749851f0ccd798a5e2cace0e5e4663723d09e9fc538f508
340	74f1a19495d4a1a62247ecb79d055846dbd4c89514b7e923b015ffe191d12c44	19c4c116934e0bc1b41c8f7a2b0f39ac3e4acff50cef58f2c40d06eea3b217f2	6a040bcf1a2de928bd8f4b0a121c2d1b2c2d787f170272d96dbec794f3cefa09	957ea528da01b6bbdad784c68a3fd91098b26c3d5b285aa08080cbb1f5730193	60aea33b36b22cdd27bcd5187485fb0341352a641e69a73a0b47e028b81308ca	642fef2e29a2d1c315cba1d0b3944524ca448f6d630abbd353fd31a417a8d3fa	a56c3410aee30c5b02e825842419e45d6c9f92c005e7c246e58abde7a5b45c1a
341	29bfd836bb8cbcc04177bacfcae4d6497820e664b0f677ab6393c348519dd44b	83d4be0eb8173cd8f3352d0020f7cabe98ccd6523ed0ee297951f9d93c0eb4e3	aac31350d269a194165118012b70204ff62d36fc1f41a8e6af5244d274bca277	ccbd91125f0fe877b511f4bed5381f6333714fdfdcad96411611d0a039747726	5382e72bd3c0f3c3feefa99f9fd659d54595c6be72a878c132384e60416b3743	94b198fc73527b93b0868c33d4af55d21efd5d9d1895e4e341ac081900f51ff4	eee17dc7078d2d2471ccc46860e8cfe32d317892c1a3ed448a240641ddb0024b
342	5938611b0fe812f2199963e5d0922cc1a0d3f30a14f9684128f4ab22326301af	249bc68421d8fc710e4ba28d8c7ffe29ac91f7ed50f37c616a5529d6e6ae9c37	02537fd63b0abcdacd82294765420132651cdc932facb10acd168dc9247d394c	e3b1bd7acc098dc95de8c9f70f23d1908760eec9df8bd834a8bb77d468a75036	2aff2e538f99fbcaab36496744f829bb50a2da5b5277b67864bf66c8bb745dd8	e33b666d525201ad86efcefd133305510e3f303b08e0f28afd0f885e76664406	3ec4a769b77300e2f78c2c30d4443528d0531410765e3820f2cbf945e6f9c819
343	ab23f47b26f1e50ea1d603e8abdff99a270190ae53d5750629f15158b966d476	e712586ce9654d5ad2dcdff939a05955575b961a56d6b80d7c35c76e4af8c4f2	2df41ca3f10a9c8fba41d0324b5adbfe3569d8026584dd05ae899baf58862dd7	78f62f89f5b8fea439cc1af89712f1f8010d831f1a33fa902ec352c1a53193e2	9c946c3b811e7db2de036bad890d1b29fbbfcbc539a2c563a03e7de7c99051ee	d142fffc801ce6dfffae57ef7ed35e6fc61a73437685bd109fd6fa6223134861	e6f50c0abec13f7fdcd26e0dd82ec2e4c16e222777a8dd220e6395c771d9dd85
344	6bbef8413681d7e20e214873c55a2f4e472cef6006644f6390b6f9e78dbaecc6	a28d6ea8e85c3e8b3e65a552cb7ff1081f26a5a215acaf8861d9d265c4a391f1	ddb653364621ae514406c118677c47d88d5e66a28797ee46a0b900a7c19377ec	d48d154794a9813d7836c2b1672f1c97fc7be45b462db0ef5c0363630dc95fd1	7b6a5b7fe98acca98aafc4bd903b9925cc62e952ade09814f4c9cac1c20ba2be	d065bf5aca4ac1e24fc7049a36d38a0f19a030b0b34898d5c98ba13524a70317	d0a4a15650f07ced8b7dee366c096c92ae97415a6275356675eda9785c5b0b16
345	e9bdcd4c937c6bc1183b5b2baecf0bffc8993c6850bbe9be18fc7b8b6015d03b	17a83eb27245659d7ba6f3a6a4a0c067133a4cb0009f52f65e58e89af867c94b	730fbe57a997ff8c060fb293b1e49f646a1fd9d4ecfdf965fd51e7312e560f2f	364b7180b687ce15afb88bf7eb2bd5eb5689a66f4a50e29723e86f1792f68ea1	ddedd01b3dc2f7e00aff9babd5a0f6818173ae8fb42d9108d3d369bea83d248b	d74adb32969e71569d08619e51b6ea43100588b7a962fb52bb02a7ff6e25f7cb	f0ac4b2654b168ed280af6a49f8061e5a925a8cd42ea57e643a1694c38588304
346	984b18cb3df75903c4647cdb7cd5fb33af83e0489aebcccd32ba3a7614625143	c4df7244ae4ff1b02c74fbf2924a044049d96936343db4260d55c657934f06b2	88a1e328f81a94a5cfc3d3a67e17d06d0a0b9ea231b977b028896d4e338191e4	3f3efffe2ddb6bf76d6a8d0572a79badcdbc569c442d945bee3cdfca70186e01	93dd5a424c43bcd25cff910d62eee6ab567fe977a0829172b91f5ef266d47000	69c64c008c1a14449236820843038af2596a8666bd4e2cb9e1643b2f32f24322	6d00aaee42d352efe975679db76df7adca757828c54b1b2f55c6e7f391c51dad
347	4a7bdcb27e475e46432b16d4cb047d48fb60417c4da9cbe75988bb72cc7bdcf2	5d6bad1230a211a7867ecbd64d5636e41a0411b29cfaf426bfbcc3d9d13d725e	c7fe27463492091024efc0d6ae02f207011aff0e6241343f13ceb0265a29ca38	7f399562b6cda0760a242270380383d88df12eb4990109bc82cd0a3c9dd22b48	69c13cc391fb00a7aa9590c4a708ef593703b1cad5d0185e7ec14b81c558c26f	cf18ed6b0ac446ff920868da41ea6c5058a55dc792b6d810cd917ea431c34bba	14ab08248a2faa74a0e5925180c368ffe8150e9b2b76ad77a707c11e18f600d2
348	7d568f16b67391e316d0ecccde1d7b85d29adbcadd6d9d6fefc2c7a974c483bf	c8aec23fb7ab9c3c762f36ac9c97dafd4af42f3f2534f57b785de946965e8bb4	4bc157f8291617dec92f98face58a83967c30134d74939936691b65ec758c27b	3c88ac8c403be9d779682ddfd40e8e96b94c219dd089bf361d586141140d5ad4	da0d31e7e63c962e275b2965c6bf6930f1337a6418c8630c3864e3bebd84507e	cbf91569fc1f8893d92d41dd9c807a11dadd7157030ff3bf084a3b37aa94e997	996b387ceeb0bbdec41e5d2c1b39fa9501708879b3d2662637815232dd7ed002
349	f8254e7623207ab4e5b2bdf45ef3398c8d15423014e256e57287ac8976ac4046	4634fea16e056cd18595a9d90a81774cdc4e9e45c19df376069aa4363175f7b7	283228384a2a639c100ed24eec4ea084a9abdcddfd6c896d6a6c50a4a7861fb1	49f2570a5325b8a9f57da439332b36da5c55db6fb49cf3e9f0e5ba16b240e6bb	f717ca917bddd9cbdcb17774aeca675dacf1f72ca22ae2c67b1242d76284344d	b82f6ac80cefc7bdef4029107dc95d25016d25014379dbc975244eaf7c4c3aa4	6807a4d8f59156ef551b1b261a67df453a728839661765c9337c19f98f443bd4
350	f6bffad02fda67b77ad9b214f479afb726fb0fbdeb7beb1e500e7775837f2580	bcb22c428bf25a24a1797b9d50f7fcf69dc39e5f0c919db08ab67d1bb0c1c372	8d9873c020467b319ab3012ae706af4883a274a2069dbb2d827cd9db5e968a74	9b22fb56ef544a456f40fc205468005f9ae05a95a5de47a7021dd39391d0d583	3cd5c29a75f4ab8a23bce71fd1742e785e098cb5226b84541bcf649a42e58c70	4886ccd4abbfd17a51df45a20e5ce723226a91ad5d23389a303822d2eb59635e	3a5bd549c61e8c841bd1f21a5eb17f189d4ddaed37a948cb38d3b7111b9ce46b
351	635d6226da364d9036e7db49e9413e3d02626771f8282ebb08c810aba0100e1d	7663dd40ba9346793d1954fb4daaf2fd5708e4a88d0128ffc2de01985b7cc562	a532bc1121ebfad9a12d4605fb9407cb8084d68a9645380160f884462d1669bf	37012c475a99e07c66d349340fc15a6a2fa11b376c0663510e70b5e179d1eef3	752a92c2430b29a8df3ce1ff58154cbff4a93a34f7daa5159b8fe6e66525d0ea	75d5bc7918120aaf4d4a09a547e8bcacd59b0d23113fe94f93b30761bdc18401	bc44dfa40f0adbfcd336717e5076e8b9c69e41c7ac5fcf22050e196d51647c65
352	081b21d1687f42b016705a9d4bb610b61007d3e25544a65ce758c21808505942	10374361dcc48b274537574a541f82cee9536e3feb21f153678c748c40c41b76	bd4facc97d27d59ca4d3a2d58aa8dcb3f066264d7abcbae71864f75500e05de1	26700a0d05199cae92c341cbc621956ea009703d06e9a79f2ae0b7d9f8c6ea0b	fd26c8d29eccdf22f87ac79c84528ccbb6294ad1d192f85f54e74f442bce1980	95694649414afafeacaa56fd9fd8da0225c71625e1e4b11f7fb1da2c40222a8b	3cb32a09c2971e0e43751e1c231e86364df465fe7d344473ce19b13978fb896c
353	cc0b719db2a2d1bd69ad99a74a9688725bc37290bd52ff2f5eb972f873ad86cd	6fac4bf41fb583debcd7530a8b2a190155e776ef625506a0fca9edd97b2fd65f	410f2d5a89f56265ce4a666456181cf9cce8f93120e03ab55cbffe84160091f1	ef0b16a0f230d8ea051a81241fb48a4731177efbac7108d6da9dff500fa32d40	7bcf8b8a730d9bc245b39eaa0a1845ed38647f2fa23a668254a070bd802f858a	78d94c8ccc21aca9431e604f026721512434ff2a5e1f8fc08d98a82dc7bb7f0b	d3e9484b50cb1ea714d22af0fffe668e639b3b9ca9edf58ba94800b7aa1dc102
354	caa44d4d050fcfc65b1573855f03a277fdcca4c0fedabd29e793010951a61fbe	947dcfaf8743dec2bb2f65e2a551ebdfe5e2cbce7ccd260e16a07165dfdf42af	55f3825105fc97c0d6f8e6a2ad028525adf33e5254a236d2ffdfeb55f3ca7458	ceea0d042d768ed78c15f5fe239eac219b942e91f83431b53ebaecc212795928	f053ba00a0437192601aeede3ca8dd85fbccd6f252badbd6ff9a4485d52caa8d	5cbbec1e47c1db51e198e664d983a962c04373ffa7559ff33bdb8cb55c13e7ca	71ba3950fe1642773654529417c5b923fbe4eb11582e16e079e1a02e75032f1b
355	b288e64cc76fb6597a58ab627c5ad9aed8c999276b99992e08a35297c4fa6956	92805d05f402fcbda88d5ea63a03ab56d1f7b657a23d8c53b7156fa6af47d71d	6c68ae301d04a6ec8752638a7a782d8d41e9ca829c22b2e74daada8a0402fa74	26897b669d6f3732610203b6e49671b313916d2aaffdf7fcc4a68ea153360bba	1f9b1ab4c735e835563b61cc411bff261dcd5d88720c3ba87faedecc6cab59d2	5791e770b6bed05aa961899e5bd1d3d6f320adae3606fe4c8ee691af11d375d1	2755b04b731d209b0f6ab4353251197cf0c2386e5323a857d4f6d22222cc0d19
356	d10380c605522ec4d039ca8ce3415c504cfb304bf745130f2055767dc6b70752	f159cafade5fdc94e1f1fbcdad7c86e9b5f8782e352a9db5b4ff8a919dcf98ca	95a86807454f23405d19cf8507fa71e6d1cbc61eff22b3c058aa656ce2890f17	2d77439252f5f088a529c56fa047f360109ba1cbfe16fd2c21af9d5e72259c25	bf8c1414670602a07763ccef98e61b577f726fff024ade9be44f095f04c9fab2	a6ca6925b78bc0e787130fc28c400d7ce4167a60dc329c2b11445866319abbe4	6b772f713fdad3e96d14f1aacb34c74cf71d4dc3d9d23ae0a22537b05c099339
357	5c0509a76033339e912530708ba0c1f87d17f7780e15697606308b901c65545d	f699fb98a4bf5c899d8699ddf3c82271ef8e41a4b14cd3d25d36a280d85a6a0d	864c8d0dc6f061ea42ece195fe9345e1513de5061c23df74fb38c3672cbf53c0	5b464b6dcefedeaef5b8a47fb835a2a656371be8a71b2782b311da0181ed8432	145060a6b62e428f05aaebaf09c54925201d8fe50f999933fe9888fcc571e08b	fb590e00f363b45f7b9e0f21417d307f79f49599ba4bbfa80150ebf7efd852df	3aaeb8b3977557d6b2b9664e6e580f95b9422f7fe1ebb52e7017e7a3a16847ec
358	5b0f716048ec8199cd0a2871488bcf17f96d19d281ae7f999bd865ff45c6fc94	2dd8e21ad76c93c1f2cd1797f70523db3f8b63d58d3f08301d0b69fd985eef1d	56ed03e3a653921d84d2739f56b9986f303cf8d769ab25efda74f5611fec59b1	8db615b8696615c6a7e0da9da18e1bc19895fe1983a54a7b1f4ff0e960157926	f6728bdd4e5df982f0f0eb0130703f8218d4f6b65ec5225d6683ef7f88a55b30	1314c4f7e29a73a39040ac55b0d9e6042629a9100a6a20a9e692e19da19b08fa	8bdb7c7d2b82522c74f949160c5601326635d85e0a2074721351a800f83ed0bf
359	038f01ae7890d84c606d3c540974ef07a985eeaf41d863c56a997d5f2bac4edc	53f7b8495f197af329b5918a7dd73f469d727ffbb2ab6d0f3fc0e35b569b21be	70dab78a38ea7b9d43664a02a9f53af46bd7ef3c782f9828c963aa3f684826ec	dbdddf633ae2407d11c317dad68cff1656212847e2fd6d438439b727ac0e0844	9987de0c1b10433daf770686f235019c62568f5656b67dc4e6494503518f8610	28e2c5e0072e895a4494cd098bc28e7a3f739e1e12b40897f3a4c1cfd6bedd86	20ea3a83ccdc9fd2d2c0c524823324d587e94375cd7d49579087b9b88816b1cc
360	d15f33834c8f71d768bd1c70d48090d8238a2b25098a0adc6d3fc12ce96fb39b	6ff95552692f043c3398988de44d6793789516a0776dfca7e41fe9103e17f316	f3c4d218347b9cdbb8c5e5ed79fd63804c9de2552e573a6e266cfd7069f050a9	490b115111d216d8ffcd9f840c0288fdc289f994d6c9ccca925a4840df29d220	473854aaa9a19949af9aa5cb17f5ba98e46cdf46bcd36a866d48631ab81e8266	7ff1178eac3820847bbbdeaaaa7f3c99828ae7eb9b25d983faedd6f939d26f6c	5ffcb166d7228c0072357a5eeec1db49eba6469ee66ea76f977723de1b73d6be
361	6a7be891f466b107355adf768bac2f1843c36b11912b1d904e62f20ec90d0317	543e5b3871768bcaaffe43e126baf28a73f691babf11aa079811c644d4b24e20	30e28deab3e9c998dd03a41da9e957aafd412be84464a7e7780b654138cf53fc	da4f6627b9e46ab8425a2e74aee98819727e2bc124fffa3b5fcc900f553cf692	269c17b0e463f6c6494517d8b5b01372bf2cc819813f760eaddf51a5aca8de4d	6fce806de20bbe9bb26d9504b873b9e015846003816780480230a5bf1bdf74d0	3cd3cbe7673b60bb2bf2dc61a185dcd1f1d3ff76174c7b70125e56d035d62c72
362	6dd81342b437582df3ac2a43350b71ac2537121c941025005b18877d81603e25	2aeb1c0e9f05703cccff302b8a5d2f574e58c9fd65a7a4766290704a78bf0169	c180e4e1612ca0037c7bfc43bccfd15b81b0cd96c36daaa1ecc1f2bb58184970	62c90f6662bdb97401f7fc5a446bc4b8b7a3fde80c583762c6584dce4494e799	3c8a00471f16b857ba8821eb50c46d26b51ade5ed01e54ce882718e3ab8f045f	b2934ef298b2798fcd141a9f4df7944d9f91130c54ef1a5d979c85f3f5972fdd	17bfcfa9c3d8e688cd172627bea5983f72c0e10d3a7e3c08cdf281e56b03a3e4
363	8724600f86780f45a11147757fefa2d5411902a93d457fa52d1b0878775c9c2b	760fc5c8f69b07a21f993d79e049786cbdbb85512ad1988e7a2fabe3b9035e63	0f629bc3c8be2109c5526c91262ec3efa8f09f0e954cc224567e8c81013ccfcc	51de57886138bd955a89593d7a211338931b54b47fed1c614361721455dfd67f	75583bf661568370724b02e908dd2c9d49f3525f93e56c2a35bf5d4c50b77660	ce460fb8135837fd7e80a7d0599c7e40be2b87b9c87f9535af8c39074e283264	208ef7e03d0e39f29f313931c758cb23f3e54ec051712a1da9c717e1d6a0dd35
364	6154c1c29a057ee9a30cd0821c0a768b1bbee03aba94ce227a6620bd63a09018	f4b015f5621c9ac77e1a333341f84f649b899088fb6dcdce702b0e09c296826b	52d0d2ec5d530e91dc1036a758ef724ca5bf97c925909ff23b46e6835ab73cf8	0d1b8192237d9d12f8bb931760b39bdba26201389bd373ed42340e8fd84c9d98	39eef641d55a3b2ccb3db6fadb88ccd041199fe7ad460ae75e85ff039dc578bd	a5ec3ecbcd5d8d5726ca673dadf00434581532ab0b4e4a73687e20d3aae6a8c5	485fde1f95217295a5b1a3d3a87e7095a8d11e629ab228afd3e7f04f3d9b227c
365	92f9924eb8baac80b6dcb6e19a8e3207382a836f2674cad6a0f012a867ec74fd	9514bc74f2d07237f232f0b1ae10e4bc7ae6c08bd957a1e55ef0b91972d1d2d3	f9fcc294ae41ebdad87c13b40a25f898b178391ad42a411e6b2d6bba7f562486	6b1fd795eb984c4d4263ca7a5b1a66f2a7bdcd3399128c6132611cbfd10f3e07	ee9b28c3dd747199e469a3e9b64fc89e10cfe3e0a5f8b7482792c51bce84e7a0	b4ba6caeb097c2dcef2da9e149a608c2842bfa5557363bab601ae03a90a08a6a	8e07e1ae7ed87f9ba300861cb0e857be2da2c7e2f86673f18ad9bc31a6795471
366	0285e84f4598cf237df055cfcbf30b2f29893a054758823a518bb02dfbbb26e8	8f27a5aa4fa43f60fe20b6616b7a2e24e35eac24aea55118da2b4692573d3431	701a88d682407a9b485681e8e5dff4c63b86c3c5ab1e8385258118c2141d4ef0	8ad3ade2c6ff1335581838aa5c9086d657698b66c1c6cd5cdca675ab5fa387e7	fb1a3787b4a13203de076c8914535ff6cccfc049545d87dabe8505e3b9e8d7d2	fc51510a1fe1069c9173495ff03a664127be8765c3a18dfd7fe12828c365b6cc	61d5b0e344c9464017f618295e677481af9f965278fe946360f667639eb597db
367	2872b96d20ea29ee8647fc0874ab93de707f7b2562b6dfdd53bec04b0eeeffcf	ed04cc469f3dc191f95fb33efd87b7f54ec144ed8a94853526d2db5f635ff80a	c15d09627c06d337adc40cf97c82bd47b0113622ecd6988a8c3bf5a2ab0eaa9a	39380838b0ed61d3d60725e096e462f662839371f5369d3791ccfb369beb1cb6	2b32c6ccfd9c00459ed44df0805f7cbfbda5b6f9f029edd24fbe3c5d4c931754	23e30335f9c502ef9e10de8b1e6404db25913693ea4c7910b1cac52304aaa72f	1f716bfda8ed7c86b12c15028132f188e2485317207b3edeccec86e39cb36111
368	0a30f5f060bf43876a8cf8880b841a0e4e2c1b9d9b42e07e826fdfac6bf1e678	df629c69731e46bcd5e76de47aaa279aa3067433cb7a405f38e294faed064e09	b301c76326fed8eb7e72ca68ef581ae36d37883b4ddeb1f186b859c483e6a59f	6a14dd7a125b0f557cd227faa3cc895bbcf94c3910a3a93ea600fd634b9e38cf	59acd064ca4c3407a01df5f8615a5017227ab86adca3eda52464ee34af9b202d	2e9998fc7594156b0700eb92398406ba29f41e8d7951c896dd6097a82ab5cd53	38aefd42d2438a9fd063fa80dfaecb5943f5d5718fe21f76ce10418723bd4930
369	354c9833b8e16abdf9945e14aad79e36004a62f1339d25f6cb70e5501badef14	3f8154273768da62b8d7865ff6735b6bf869d523fadbbdec2dfe67d4412ccd80	df613f4821a2e378fa1c4e6e1a89ec2a0d9775b4aa226c1f643a0afb3e55f30f	6dabdb173db65f2f6ca10794f4efc4bedd7e80b3cd2ad6f1b4310473fb766d32	fbff6651864117915b9c1e04b75a8a91112d5d266f8c586fdaf5b510b9d04f16	9df09bef49eef4e7f20b1a5cfc2c6503a711fa53191a302d9702ddf7c575a145	10bb3816cee9117e004fa91186d8ed3e08778977cd8d4d4498bd56038fbdb88a
370	8d75a0ddaad3c250ed0efa3e671ed428b5307a05a53aeee3df45ef2b24253e8e	47968361e0a8fdc2fd281fe34a4bc50922ff189ad717bb048c986960d78b53bd	bbe578b786bf593f5d01b99f7cdd6a7637ed248a1d87ac2f1e6f0086bc37acf9	60c10af1b74a7811dbceec9088ea58dab9f5fbeee56cfd8270643ac0900b7a50	568e498fb016abf4281b2569077979fa65196fa31af10af7eec63fe659b03f21	1b8ff923f43edccd1d66336a6d9847ba80c8db3d4c687cc12b753b7eb0337102	66c6087c1ebc5b0e91eb888e8a0f6cba723bf0275ef379a38841dd6a909b076b
371	2ac280469365a584b375992ed45f807a1f7a0445d68a8c09e07fe2b4098d6452	3332d3547c2acc0f2fce69652708394438f6a8987043af95b9ac5b80647731f2	7bc159f96b0927ce5f8885d0496f948c4c3945f31166a31d4f6a081ae9c8225a	c84415c8e81aacfb816f86428cd4be894d25f4b03ab8dd80a44eed581dffc73c	0562883dc379acb987e0e9e96a66223c7377fb063033f9e848618adb531eb284	8ca6942ee46e555fa86a08c31c15905287b92e8d7166e6f3f69bac83e4bfd8e7	f4a9320d243cfca18f6fcbf49baac81923c52fbf2e94ba13a10722c0b29d52d0
372	31833bcc3b16ccb53084d5cba9a08ecec0953c5e5cb1e130dbc9555e1899b695	d1125a0b491f5f5d74de269290ffeb8c4701a0f3f06462df594f70a54cdcc23a	dd9d3a42578575c24a99673bb8d5ee235ee197937dbbaf4871c6d6ac0aee9655	b4543e4c5a070b5f0e8f6d0ed37a1c207bc2d14f756fb49b7cc7aef52819a6b2	2498477d0d558e6432bc2ea5d46f93ed1b5f538553ecd610462738d30d13b370	9b9df6a4ee1999800c0de5d3e5968031f10bc5a7a9bde4efabddc543f1436135	9a3f74710e8f85f3b893c849d17531d1930fb2772a51fc298699b5d4b454dcdd
373	939d810b9c195b889fb42db2e576d40fe8f560b21e62d590e68c795f1274eeff	d8a8c06f430af484117ea80fe974deb317096a59fbc6f0518f1e4535471deb46	53202237236836a46739d01033a294af4477b536da1090d315d25ab5c3ad819c	1ee399b925c1a41567148f8ba4d7e8a46ec5cab68adff6669760ff2db20bfc4d	4e104bd5d07d3a98e2b0c2fa2df2c0f31e1037c5763c2d598a9a631a0d6ac8de	9fe31c7ad9c361547507bb67a2742ff6a0aa4ddc6acbe9398c25164afcf616f8	4e12b52b7a5c0ebc52b1aa782ab029f1ef26a70210b5bf0d0ba53e6f382f2294
374	869d3a1277516c5d93db621d4b16d96322075cd6b7ab66b0c01abbfc9ddd48c5	3eb9cd89aec1e7ed3ee7f65f7e81fb9125f034b4122111b3c6c8c6847f62a3c4	2289d8c6a35e9ce6ee303b9cad83fa9314eb5d0e406341e1d4410e042417522d	181153369116512d5d2716500802003d8f682b0c0f74335da9810f7edfa11f50	0647bc6d47b36585b5b5900d5ce5c27882af968127c56ce98f305bd70f3f3f9e	16f9e1ca2de5fd131bb605d5010f8c28fed2622e81ac88b0630f97ebaab12571	5b41dc10fe728f77f109c20ca26fe05c82f85bd29a8042c06e8702cec0f55844
375	110c015155f74aa0e7069c93861ed62ae040c9eeec48e6eeeb92272f45422b93	1c62b0f18fd8b5d8fe97443ec69337fdf02154946701927ccf183378632fda90	71e0d58f0d31ce7763f3d86dd68c7e964b9332c01413241fed22a8d79a7a723e	d342d4ed5cf46b4a1b635a88e3b091a9f86e0a0fd0e96d316efa674d272ce3ed	a526ad6ed365eec283e8680846a56056a2457f47593c2fca29c9bbd6824d27c0	c3d2e46394a9cfd5a16e8a1f0f43611103d980b64a18dc9ebc6a6e1a6ad3b4d4	243b558d0b8a0db68b5caf53a65ff50b4580fc2beb93a012e9fc5b7dfa667701
376	8d1e87b3a8882cc0ab4aef962123a4bf0ef364fd9f08b75ef0e0b9dbab01746a	3d56c039e39c0bb24b46c1f53324dbdb37ac0f316360d47ca20dc0adf34f9a9c	0b112b9b5bccef6830acf5e9f00ca57ae718a226e3183b8be42ef03361aa1f10	17c5dc344e72acc11d44d049535babf2452d6206e5093f008d61937ce3c93ec7	2bdb27acc4f50d42240f36d6ca7ca08cc320034ebe11daa5cb280af7e7005044	0d58091d343da51de49db17172b146d57046dccaf5f0cb7cff684dbf07a85bd1	76e97e5494ceccd0d368221d5cdaac28e0967a1abfb0ba495f339cdebc37b033
377	1e461bcd0ef6a19462319dbc9c9d072b8fbed78d6c40ba5ca2b885787b4d50c9	c9e5c57c6b03cab454ad2db0acc4bafdc6a1d884ad55d9036b846333d7255708	7bf1173605cb875ce0848a584e1cec6ca8baef65165aa4462777df1890e8205e	b2e7df8cd092ef34d1562c9811e64cad057c600a29fadeee43ce5bcc7204a4c7	275f26b840791f41cdadb18812dd1ecb844ecb0b4bc6329ff194127088ccd18a	938d83d5039368ad76f2e0d8353f87395a82bfd0a448be0c6092d472aac8a9fc	ebb787899c9fe9bedf482405447e399f3e5e7d9c570cf1f1c85b4840e02e6e3c
378	f3c6265c8c4b1720c60e99b1d27d66693482da44909ffbea0f2585dd6cd21108	75cd42892de414de642296a6ee1b7f53ac6fd4542dbc8294a014c27845d47cf9	620e1803bfd3496f771ef8e4d9cbcbee8a8b58ad78f8a4735a9468773b98ea51	b7a85962c1e414e70131f1094af087eff54659cce1bc524d351d60efa1b2ecc8	a888a7e4f172d58d066a8659f5101832984a06450aaef29e846cabe9a7cb7bec	9e3b4794551650596cb34c48d8191c9075bf0f45c589b7daf1de536fd05ff29a	6c7599788b0a982500f532ce142eebab074ffbf027b52e8dda6c3ab54ff52753
379	76246611a54ae06d34dbc025b47794e231188cd4bc3f2829e059339a5c61ddc1	a4202644d4a645b50167394cf5babe79934e7b18ed5e1f98c4afee290a6acb4f	a9ede05a1c7a2f8693d23436c6f564aa2648b7727d49d137ae029675f5aa6560	b8984f6f3ae306aad4af42bda493828223e3f1ec8bba662efc237ef32278f064	603511ffb803203d13c05a76b8fecb6bbbbaf4d5ea898578cafd14cd351be545	888c6aa2b4fb96bf6d0ccdc161fc76f3d966be5590dfae234b4e1597d987d59f	3cf8a1d181fb505c110422db851b4a93061e32beda1b72eacd20a0f36cacc241
380	437422c2aa0272d4b3c3737c1e61051af2ffd81e0398d8a1a784d7b0e808c106	6895e196355f6dcb0ecadbea5564f88171097ab2e1c1e397e80302549be46b96	0c512e72047af25864f78f76dee279afc697d35eda71d618dbb0f7f353e31567	ccb198a2dfb997cfa11867961235b86e42dbcad902897e95eea1c76e5eecfcc5	9e24689f288e4a948d4f011c63315e948f596d8c5e0381577aa8e0a64bef63e7	cc940adb7aac4c9b398178376c65359d4088f512f5be739db8ee5dae7b981c7e	68eae8d1897a4273ff7c2dc177a163933e93ff8290bb2fff6475b58b48231e6f
381	820698b0b946fe61659ecf3d04f250865e8c2af3bd54f96ea42c238ef86dac17	125c37fcd54b1210b667bc82cb81358b4a798c1673d00f4d8a888f235259ce43	dfaa31c983c6f06cd2161ae89d0fcf3a953cef5fde6989e2f1952a4eb2b7dbd5	21b709c9d4dc863214735a153c2b417bd11bffd791c7acf0fa59c540899f0675	f3fd4622d419b8d83579d95127ca8a0d610f98b2f79e9c90fca73400a6f2c878	36dddc4d3cc8c77e217323f2d055d1773da6a4a609ffedee9ea9134a205fef83	c688f40bf31e03bf7f872a4b08b7726a399bd0cd07db31db46a5e61211c69721
382	e2a30b39afaa74c232186f5e3d5513bf770fa3f2398449f7ecd3633f4eaf2c6c	079ee4a73d52e5b3f9d89becc286432ba9b11931b9a6880640b70c3bc348c348	f6c0e85bbcdc2f1272e4804c1a6e05a9530452123814e28fc1e1ab018347c231	8a3dbb86e56622f75057c0a9a0877b0b6757f71359e7f1cf4cc822865b6334e8	0c28bea1d235284fa921403749aa675e49db5d102a262f0d2c89b7e7fb1cd818	b3f33bbcccdf634916bbca1f60febcb86782eccb731c7c07b9467c5ff7ca67a9	c0bc72d1358c1882e39e24a7b0fa7bde5f6f84ec9b7beba28fd8ed110a91d760
383	037de9c178b635ba68db455a5157a998792badeb75f0e92be36bde4585785826	d2176c195e9eaff744cad49a93a944348534aa5c9a73eb9d5b21c40c632dc803	db2b72f46993ba3b38f0288b239a95d1e3cae1f891366cb3eb68da937c08e583	b7f576eb182938ba8bd7b853423ec8e8ef85f5812d9e55c3109174c1189e83a5	31aa511ec00ef3cb50a7a61f96f644043ea59c0e02c4446f52136c170b3d671b	ca5c887942f1016274d6915a40c5578ef67bf2cb438b26fb638eb32946b2c2aa	f42e2dfb0e5ec1f798ee04a5949e719a09c724a627251984cce36604d4b70b56
384	9694b22359d36ce1b66d7953bcb06fc063e50bbdb7a8f77619a90c0b12118db8	4baf1e82bfd56628273b558e2762ec4800b7f58a700201be70077d74baeb91d5	0b05631d4c3ec8af436f2d6723c0d03dfd5f3e7054d0d257c86d408b3c5c573c	0e1af8e51b5a921dbf7df04f54aab76e12eb01441af736888edd926dca109a3f	091cb8faa4cbe807b2d87d7502b0682a6b307fb9891f133ac6da0a2f5cbfe6a4	4cea32514fa90bca835d1be6b13e604faf38e404bb7348261ba966f39a03b6ee	83881a29459fa245d41a74d79d01ce036088e401f07949ac18231709818889ba
385	aae0ac3b7f670a0ef98778c34ae3e0bba021f9633d8ad74f9bcf76bbb1a08056	17fcd45407e48908b62eeeab06259f9bb5abb09eead60a0853e323adf2f50f0d	7eb361476862b4ec24ac19c3caa8974c7cbb6957ca0c8fb292f49cbf8d787cf5	929e21f9b1cbc5db6264b7dde7c3a825141d1ab7a7237dbc46a730f9ec48db6c	2633b04937888c17c5d40c5f293c0c7e163e55e0e48ea8fe9a556322ef9c61ef	c00be606f4a71eaa308ae31fc38771ed19accde0eb2a16dbc8bd73399535a684	499ac3b0728904db045f926a6945a9a97409483a3fec9fb67e184f8f615697ec
386	b7d05aebd8ac6bcf862665869aadbe08f920d4264c74dcf0964999e6052336b7	176c4ff261d3eb34d35bc1b125dc740182221ed6bb87fbe446e308e3d3393d5f	1a200e1f5dd63bc60e77861e5c73bd08217e29acc264a7945f6f35631ad16340	0bfb8adb5090ac327fa99157c4c95d05e70ef7586ddd1ed8d48e3c04d1432928	2c655168f7cc5571fbf30e054d0b967f86d0906d9b190d96f0a0d27aaf32a6d7	e72c09ff088af7f9892cebd9513a65f9353b423bc60d88eeb554be1e5a214578	cab7efb5800625c15243dc4f9f09641f5adc694659b152993ec26faeb51f0bb9
387	2c2a8ecf924b8aa0d107c7c69bacaebe63d086cad7df40f3c643da61c48d2880	b4de60de135b78296fc5ca724343c647180818b5918946e0f86cd02551b22405	8d8e3024ec5babd160b9ec9adc90d19f1a6c7f97e5df20b4a66e8612035e4129	c5a13d31e1dc03fd988fa44d0f9ea7d7eebc31060b0820f630ece5147465bedd	ab4993ef76501517469ac983de9a3c703353aee2487b7389c97967c47fac9f58	285b64f8b37614279e9bb9d7682bd1a7a457f4af3e0ecacd75537e17cc92fc34	afcc62e081463604741d4cfa4c728b26e7e7359db8c858f7b6f64dbfb1aa6b0d
388	cc25a2eaf9be399f2834b9481ee7bc1c8fcb299659306e0da839285d3920967e	da4f38f228a285297b84c30b24047013ce4b29723a615e2ed3231c97d97ddc53	e1b11819a1244d4b9314b8d50af42d82a40b6bfe02fa8b3ec09c2d61d2a50f51	a032c5b52cf9353d749b70fe601b45c94fa4a2e03b3a76fab3843f93e7dc6008	2871d6d25fb6a7d510f9d1d7a80ae983a8ae8b95fc8a28e54da9edfc30c3cefe	f6ef124ddfe48f9ec258efb83990f4f4183f351164ec222095d5eb7211545a3d	7cf79de0cbffa9c693c9bae5d2f85fe04ad7d7eb5e456d7383e817d709880339
389	c67c72f6d1dafacaedff55e5d875378f1797c41a98f96f2ff50a0ff5e2378040	b8eceb68cc7384c8812625234633f4433f7348f3fb56e22cdf0ffea997afa767	27e199837e836bccdcd40aa9f00b657ed964bb68dbbe2ecbf61617d04b03c298	2019b063ec778708e926ab26cbc78c452845e11a5564de6d66651d10a0be407d	28463a17cc2fcee430568304a698ea0f87e76115f180a78e3817ea2d3b98a2e0	625788e9967485c61767e98c645eb80b3768e600a0d4c1876a9676ee796fbbe9	7efb22c15b2a73e4cf1bae401f528ce5581c2e85335fbc3d14233f261590a77c
390	8a9b6bf66b9bb7800c3dd0119a62229b637971a34a933dfbba3ac54681c0547c	346ec6a772a09329a8fdc76be72a4bf3663ba290c132f32c6643cd82b3471c28	9e978ab3354e9b7929188305ccb6ce342f499dea0f9d7e82fd0b297ecd672b7b	bf951a6ae029f3b29afc0cddf213d4d12c08ba51706550b4ece399bd8b034eaa	2da4e0f17d3f85b7adea8f5b8547c9d6915592a89ce9f871c5d574bf9c9d3dfb	ace449a6e517b1600cefb1985c5d625567934ada15c743eac70b03f34d0b5f5c	7c306d9833787caec9aff2eedea0b9d8129cbd2b7456e0ac65f60b1579ce70fc
391	11fcad2377cb02f64e9d5d7233df00344638e468cc2cf68c472e65c15c0a006a	11fe97b0042a549e40ef69253107f702dd83b982c52f63a6cb9370cac0c123eb	0229e86e397bedd35325198b7092682e2f859e061100d937e5bd50ef2a90dd3a	308a6998e6f226a82bd874b9c492b1971de5cf6cf3ea9d5b936e87f7903ebb6d	0115392f70501eae9a3ca6a7434602b87cb133b0874ecc3a7bc5ea539e21be9c	0dcc5b5db3bbd44c0718dee2b97fafeeaa3e015c9dadd23de1a007998db12102	58268b72fdd2ff81cec8c92c3b6cbb9cb76607b03fcc3c92579686963eeede96
392	0c2ce5acb7facabddd08cc2acff2ca793a3c8e8073f763c21980874e242ed0d9	e04bfc34f1dc83652f475b6c4386969b40ffe3edd4f552c15c8ad1627d5f46c5	8d01de9e23d2b5221f0cbcedc6eabe80f04cabe963e45dba8b99c2dab8fd31b2	38f53491b84e4e5d3d87dd9de144b96fea03349458c747f6b9cbbbfb52e71b22	60f2ba7c07fda814cbeee2d7af20ce29df7329da27865f78dd393bf31794d1f5	3931b9e757078b886b34a20b393c371821b26948ba231e0b87fade69d3b0ebf9	fedd69adc41bb87c2cba2d7a5b80f9c0448a221ab87d13e9fa43ccc1f9a9c421
393	5894c102d01a334cefd6a88e3d6c0439f1ea53d2b7b91cf6094d42a5cb362bc3	1479495adc75a482a33c1b938a1a7b9b75c1259b378f511a23e7aa246273253b	37e1c4eb71a46c65282102411fee82aed89be6bc13261a94148a52197fa1c27e	d3b25ee5a652bd46db30ae7b21bb2e2f9f0090dc2dd965e75fcfa07783618828	9c0a8211601e8d2c5dde3f9dd8e5ed293e00d38635c5489b3dad6f41564df51f	7ea984aab5eda9f155486280504f40d152cc87c7306bcf90e6dfc4da5309a342	661b48014720ea2d59e8b6dbf252dcee57396f3787270b9e5a1c48c7efeea991
394	bc67437fc72f53991acc90682d5206ec5318626cf3c6c2d36ed05598d480ebff	0ffe58ae10886607964715612986e54906678e526a46f1917dc021bb9c1bf296	48de1e752780d4758e963fc2b15978953d04c41adaff211040e4bedf545248e4	7089d7ecb19004a05e4c61fecc60df7f5a07405f0c6c7dcbf998f3a345ff3eb7	ea5408df4d145dfe775334ea49e021a8962bffc8b8d3b59d3133ed2d7127856f	e7bd2cd3704a5527c90ce666ad2b58678b17f0e0bd04beca0fa1400013958eeb	86409f4bc606d3fdb27b9654b060a9f9057f44caa2f8798f08c99a2de8554284
395	91f4027e5a1fd9b8e1f7c27b6890baa62f90d54cd6c9cd53eb7531251b52b44c	e80a0300149554e972ad20af8bd55a9ae1f17c0b68ac99797fcca43dd2d84523	4c3a913255cfd72afbc456d87f996109c1d2dc5e9fafa676ab9e8643ff294827	51afabce3635a5dc0384a26fba4caa54e5812a94cf903c5db51590c82e95bf36	1840f5d9f8f8e99d2c0751ad23e4b47aadca83cc32401a36e6d638b43dfecb25	d8cbac2a6dab59a39a5363ca2bbe7bdad9c54424a0008f9ccb443d083048c849	bd5e8a364662fcdc6b2317ff954a7f201195c3441b217eebc231e0457ad1c176
396	c03181f6b328f11adea93b937371f9862aafaea31b86d10f657881410a6bdb73	3424f74afee08a605cda2e596437299cbf5e183b05c3fb2fb82f12850bb108fb	a4ac88db754efbd1e10f72a83bb50dbd7604a636112360ee09c3149c05dd30ed	1d12d51e557faabbf0d8ee008c26d234748c98414ab5e47f81edaf0947bb7bfb	0a2d78ee19b5ee14bc6c5f060cff722614a6f50ce4f9e33e850410e52ddef120	7c7d33b8bc58da93c2530e71e176a369f46ce83bf389fb594206afacb97ddc00	e405fcac9bf7c4a935282a33f1d573a9a8dfcba7ca9a280ee3d9916a0d123abd
397	3a90964d2664cd77d846f168a5809fe6d376e56605a415729fc6a1db78c38dee	20d8df7e2bf0f234feb81075b89af4cb893d5fa905b38cd00bf2c519faabd945	97518e89433be276a719a2e505e736846652d799964a7568ffe4e873b5accfc1	488dd7889b2721108a7bf84f8fadad1b51eac70e3ce5fed4299b2f2895ae7f53	5012f058f8c43307d9d2e157dade170f5632bf5896b67649725e562ee425c51d	4167688ef6bdf9778e693e5eef14ae6236efb32c0bcab8809c3425366a337862	88e6aeb845753d725417e0ff975dd3012cc425fc92484d71a84fc152068b67a2
398	ca72acc8017581a81a2dc535294362890fdc39127f629a371897f1e40b94031a	9f50184b95d36a36e0861a361d1f199554f886d3e388ce795383bfb743c79bb8	248f5e919c8a63982651017ed5ffc72875436a87cb92ffdd816a07ca392a1e91	2ee89230f2658392ce674e5ef208bb96151ea3050d56e4baf371b792e3dd2284	2ac1150b330254a01eb534c7e8e7c07becdfe43e317114f3fa07f2bcbce8a783	e8ccda2b0a6682171be8fdcb35bd5d1ddc9504bf72e919599f59a76e50652504	0cbee1b4bc8aa872ac4e4982075232228fe642fb942a5a8697c990d69847c193
399	e9d44a05519c37d2e67866ef9f40f3a723203508f905cc89755a9a5bceac58c1	78b53a5e1ee12d7240f75eec72758ba5bb4c9551455e0dec601db53422ece67e	c71b41daf59511256e692765092b48f125d2c87728393d86a189f6b30c05d491	01aff2e8c3c564d8a33b390ed7e87fdedad62bdba5dda2ca93d5774cde7fe5c5	f296fc4e894453e0885d0f5ad503ff143e5642c032412021471cc2fc6e18a65e	c114a5e5d7d13328bf1a22286a5cec498a2d147194ab40fc9d211fa36453aad7	246f0856352ef9a7e285523d18e38a231f69ad4fcf6b2da7b9b3816acca1beb5
400	ce8bcbe286da353bfc13afa01682af0ebc1ee653ece3fe27e3e1b3c7f59f28cf	ec2ce20727061d1c7ad1832842b22cd90e0ec48aa687bed36bfe89c4e0f9ec4f	39e338827d70eb682b1705c5ebddba529d6c1c10d0f643de48201d003a3ae333	a11a8dac55d0b839fffb0efab76a60a4d19b5bbcdd984185a8ef97c16a3fd510	af6029439ee0f5156359bc85216b7d05f95034b12eeccb0b3729bde78d7a9fdc	4e89ffac2f6f927378548f4664a89b45ff0aa685c3fc40e6ef4f23bf0ce738b9	bde1467758c68a6c4766bcecc53b55a5e94c0da6ac19466581cbcc88d8f73490
401	ea41e7d0278f150075285b200c2d813c7a5b7c65bbc64a2b3932fc302c439f61	4c3dec39483c412dff5eafbfe8d6c9297786751d08e14b46a790af0d11278d31	678f8258527fe30277e09487224595792d4932bebc9b6c4f02ebb76caca9e228	8af83ebfb06bd563ecce7df323f8e74ee286cca6e0731baaa5ef44d136f645a5	767d9a473b85684a0a8f5a8861cb370e5a0c299fc5b7b0d6066da9d8d9f333f9	3137902f8afc6ce4a7bb996efe721b4052276823e181ffe3c98191ca95b615b8	f6249bb9075667554ff998764c72f6792d1559bfb0c3ab0d85a65bb0cad89ae0
402	59f25e5cedb237acf360246c29e9b6f84b4afaeb4998995e3dcb95ae4e4de8ea	96d939bb04f07ac37abf3c02488ea6072506319172ace34b9f44cfdf90307d70	a803b230fb065f195fde8640771b70a8406fa52da5e2f1f76c0ed3e20ab35f8f	20dc92122c02d5b4fbd3fe69773e97b4acf948267be0e9019787fbd7dec1ec21	46ac74a7655293ff4e366d37662e25e0514fbcaa5aea88b87b331e21d58a0221	52b461d670e66e636601bc79f296fa4a9b37cfff596d741256039d692928ad5b	4b72198450cb1d6ad7efad938dd92e9511fffdb5f116b23c03132fffea68d3aa
403	ee0123a7859b74c1681bb1189de612fee40ba5ca542ba40cfd9dfd24d79c5879	2f970cb8263a3d5d1a442627bdfed5e5dcc98fa546b87b4c20308917549109ae	96c12bee81255602ae0a3439003b3f0313efddf8db1fc9e30de8e3567123a3e1	79986c246d7d9a9f904a5c855c7e0d146134325452397110329810f029931d12	0ee72b8baea10528d225206c8a2bd864c3d688789a6555a8fe059868e5930b80	297e320618a674c92e6d0197925c8cbc2c1356b1a625428baf513cb54ebf3f9a	df1c9c308138270e7cfc1c890e3d3b5bf42e847d25bd97822597376c4985bf80
404	1c43a2209a310f209be1c158285037be5660b1b53cc55f9e37bbb1dd48386d5d	73d296733ff9fc75c2b40295ae60520eb801064fc980edccb8f7c79080dcafd1	9b84dc3d0d09e8a2822f3602fcadee50f30dc08e6b33387f5139e7c9415997cf	b3312349fe4976d8871a6e0de1f7e83f314f154722997f9002a4e3e524710de5	4a1df2477f166cb6fd0b697d738096bba154cc6c9f71e4a9672f8071755fa43d	8c94b6bf8b083d7463bb22108c98c81e5209375385d2c7217ccff3ad67f38b93	8d85578e8b9409bb501a9cac81873a623af82235d2f891d8d6af6c95188dc12d
405	ca215fad0aff51934cbc4caf2056c5c16c926f08345e26632875195630c8a263	6f72257973b675370966acc2936d1bda9ffae5f2eb8eb552c256e4f65f8f50fa	503a7a66f12e7ba8cac476f7cada0643d99af49d5394c1df76af1e18c9585079	55f493e9c34763ae7ba2ac6e40eefe1ec49542644149b6bcdce0372680aac03e	d58e56bc02fafb53efb5339c348de888ebd80d9f40b2c53754953bc86b06b628	77c07ef35bb61aca364a1ea1dd05c8d0d765b658c34d062944ae87cf2581da14	8fa2eb045563f53eceb0d562326064ba036f5f0238af56a880b99e8b01d14f0b
406	2f49bf5dd810e526dea4fdd8ccec681d5b39c3fbc0e75923c45850d69801633e	0b24f2697b8e9230b872d2217108594d85adbd861a7afdd6bc4936c587c55221	4c17c250b7b272ee566163a83e35455647b73f569d831b718c97cc8bb60cf6bf	ff3e10d09ec73e1a49c702e857e090644fd7fe1eebf51dc578f847a416bf8cd9	fc5a6774814d9d42da9612548e0e67dde731ae93694f49565411ee0b49fc2846	1710301adfde4f74a133f21a45a3bcd9212d6837c7d0ebdb28bc4cb61340be34	2a43c2c068e9de241216c5e0eb6003b650e2a4980948360640272c548ab99344
407	1e6370d5a50fdecb0d7f3be003717eab76cb557b46052b425cbe498aa1b1ef75	519df2b06983686a324209a93e421c2cda1680874c764c43955c19c46dc29e01	1625c5914908047802dc76a8672ce4effdc1130b7b6ec4bde114ab66fd850f7d	eaf0db942c99adabd89fc560b5bf90fd1b52d724cc1ed1db023437aacb066b59	736a3ef909eff6db81cbec867d61d093691c6df16d5a2af718acddca571e2b4f	d646eb900fccf04254c2d88e494b7804a8ea4c1617bb14cc8b89f633a7504452	673dcae20eaf9be0c9b43db1242d5dcd22bd40cfc8ca174a1df7cf69c32ca010
408	da6d8736b219f0c6dba16af82c7b399f6eb8bdefce1746627b8a06faf63aa904	9413a7c203abcf445f4940a54b06ec591f791f6f87c4291bef2eaad618c0cc86	720d072635c773706b2b810944ad2e649ae2af5ee6643bf44d0fea90be2d3042	4c9973207e82268eb395512a563147ab55a1aa7c5daaa9d3d64ba605f5d1fb3a	a9427f5d77352c26fb7d03cc95541737e183a3754cf9c7ad9d01bd7df66afbff	b6d93ffe0dd20e84ff47b752375c3d16bc20c9b37897ca683905231ff8d445e8	12429f17de0cd0eb50dd6b045de3284d5678de53aaa488373c71316a02af72c6
409	22ccadabb21c4351207159204a08a5a70701a817ef4a8b24d569bd8feba35fbe	7a50258f15d3a651705166064d827c5507e738a698396a8b0686081dd52eb6d0	a8f4ad1c8c905f13d524bad09eec0d52c12e65ade093db79a8a47429fb64c77d	84c38d6551e33eaa8afd3a3c610a849520020b2c5baf483767edb02d7755277d	9d27888858f1a0a0a198dbffa5f5639ae13c16d671ee6bc73510c8fac2233cc7	4b064bc74d87998a8dec4c6bb783610da34e037c5ef3ffa0770533da9a0c1a72	fd99fef97273c16adbab9e7ce65ca7143b556ecf4ce8c951c9837820659d2df1
410	bbbf4d831193a72633243aab2a191a5bd5cd7fb673ad7a8df17dfc58293c6143	b01e7878df06b341e5c8623b8aa5c2b0d695bdd34a2910b767c352c7ee6ecfe7	308cce828f9b0a3a556dd15e1e97e1bcb46a0eec1fe878378a0e02c3742f5ed8	eab82149f76e0fdfd925ab2bf3ae2f0ace0560855d6b10cf48023cc7a5a4dc4e	e4ae09f0206f50873d173425695425e68ea66bb738d8d34a242b7491e47e76ee	0bd8feef46cf146474beb3057fc25b92a0e8dc2d50a65869f39d202c8cc0e628	2d81c2fd902739809522e16a6863d2bc5257e90a8ff98c2297c0f6929f4e0a0a
411	8ed13c6de4269bf4d84f6949277e939ab1f5bf9d57d10a8f837d95d4cf98209c	120d0db33be97fb9f519ec9fd172618e7da6b69f2794665fefd2d714902681a5	c16aac7eb32bd2aa95af320bc2f66d260a3f206f4b6a7ed8428582d485136bb0	dbdd63a0a7273cf57867d80c02cb05d364a9955ee6a0ba82de41f3c0b8b3f861	2fd07835257af6c5dd156a2ad03d3d361f9efac019743aad6adce1211e5669ed	236d44d9d089b1d03f71dfa8ae617eb4efc9661b4096d7c1ebfc91f417aca87f	9287759deac5c67c69375a3851ce2de3ddcfca713af762b9f555c223a56b104c
412	7163630b02d600cfa682817af9af9dc23685971cfa20df3146a87805e50611cb	58dcfe260eb2c8c58f35e3142fe711f30c433751d87583caa5c97d73dae9363b	54bd6b356f84074053c7b64c135b6f07bd0d0ff1ed514376f113d265c39e9596	8dcdc77892c282f44d369aafcddca32fa2aac9e6026fd8fbd1748ea633cb04d9	3fc88bb665d766b00dd453a88bd400d8e3055bc4f35fe617011dd8360769ec2f	cf62cd5513a013bb69587a42d12b6c17062e6b1f642b3279aecface0703acadf	27b58a505f616daedf7a581275bfe601f66c3c9d4ec1cae5b9146d11ea5d7ef5
413	0af91f924612e6ef9e57ebdab119ff10c68055919174049a8b4f0d7f9e923118	9596ef2d9abf3d883a85c30359e9f6dffad60ffc2caf25999599a73ca023e0d3	67bf65c04bcb8adb33c317f73eb33e797bf3fbe1f5e9686ed33bc79521fcc58a	dc5ceb34c8ad2b014f0019df956496080e021f083b830fd444948c40a28ec6bf	628bfe3a74f9c3b26743da4f64f341b07d33073f39d8abc6ec90f7e8846f0cfa	c9d1eeb0e4b53e570cabdbcf46741baeb6c8dc4a63daade409c8b3b78078e7e3	8369053721f1cb5ff7fa4ebdbd56412df2d5c6668b5e1b2f82995d6674028373
414	ce2b541fabb4e03c1ab35d3e4f3aff40c3d47a9946b6bfc897ecd63482569501	ffa0c0f50668c1d99f1ee87b0f3d2fcbd454b5eb1b742872917511ef46230322	8684d8c2bef0950dfe372490ffd02520dee2e669554d887e2930044568bf0045	85433af8bc2351b50fb675007e660d6b6648eb5b6784c688a7c99738deb8184b	9c09f5d8e86ce72628993a696d5f0e46c4426b491e220331a5c23084c55f8c33	ba17b64429e354ce77e0ce32469b73733385039fb6bdd9f5c43c502292606e44	49dda12ceed2e994069d76f3248bab55d3ab859613ef91f734a1f6773c716181
415	f4827dc433c7469077d5aeadedbc744703abdd238cbb78029077bbb01e383a04	fce3e5a6adde39041d3081fc0ab0b347e07f64c82fbf7a3b36f6b643265c869b	f2d1f325315beb22ad33cc0bce45e76da489e5db1575b605f7f4467af9799027	b0779dd6fced610b56a30e7fff8e6e62f89a3445d8f85f9518a04dd3df8b4f45	00ddd49db0cd5e4e5e63b5be78a198a2d03fe3e4dee1d9d434a4d54e83bed707	2eda76f05b15a3646aee41769ceb85c27bb13d0b91aa1fb50bdfad3fca43169d	1842c45740206446053118fa335bc623dd2752311ae996d4a10ce3573bdb70be
416	2f986c6256b1ca985c20d3e073e485e6b3bfaed39ac26c7dd603e0b35be86466	d533af3e6b1f163665a6cbaff5d4c9aa1c9822410d9eeacc0471317f1f9a40bd	52355c43e7ad1fe93895298e69e49985bf2222c4635e163f401bb5f6078be40a	e7ae0f4a4d686567fe1f1ba7352b0dc5fe2f1bb63cd24c5c1e25be2b7dacaa1f	eda71fd908e6cb9362a6b6d76c6fe9e81dd7c5c77c6a99263a8673eb1764b805	64387b686fc4f6d78f5cc3228f77fa0a18afe8d5eb6f23694ff3ec89e794c26f	e83e0316203768c6a1594bd33fd62da3c4d6aee2061b1dbb68f4e1f0135fd460
417	71053bf20c96118e1b1ef0b7ffdc81f3c5e91658971798f1b33c8e0b48c547f2	d520556e6dfce928b9bd45899fc2d0e5f53bd200ed04cb103170b8c2f5fb3876	cd7c938bbf3d0d25c920b746852cc2dad1ca2c4476d9d3c06cd88c8867e0efe7	8eb6c0424083c3915adcf5cd8dbf1811187bcb539e4c775086bd0601d5f33703	fd4defd660a99c0bb44b3a907cd7bb0c5ef48ea7676fed844c848633c1d93de5	029f602ed0fb46bf9fd6192def78173de8634246737e356514192d6c8640f42b	cfccc4dde23de37a65b1409f373ec5a4f66943a462291a70b779ff2debd75cdf
418	8b5a7c7f50e2cc9e268e93af6b4e208384482052ca830607a7e6ef98bd080fbd	bd02cb926c4f8bb820777caee7cb91c4521696055ec8c562916605e4dece02e7	2657901b834823924cf5c90b90d7fa7db55ff2fb02834e14b089b1f38f506746	6e570cf5564d8415ec5918c1badd167478b46e565e1c39154b485b7458f68770	4c14209eed6c1708a84fd2e4097b785644708c229bc592bb5a84d8bdbe9ea6ec	e972d3c415b1ece72eb971e01b46e5898f6777c76aa3be4901ccda433b0a48a8	cc764f8e719188d74aa722ce74b124d003ed37c0e7b33dbd41e152fd8c767ee6
419	685abfcc4b0b029710397844e397d1b08ed34c01afb033997c98eaf1c3766310	a6bcd68448cc914d9cd78d2603b8b85adfebc2420e047b61c89e343b749e1cbb	855ec261f4e6b19926f846532797e707b61acdbeb5a36740bf4a9314fdc059f3	89d363c44ab43fc7a16ade5c216f48a7d389c54439087daa78ea6ca28680cdbb	fca50ec6bdc4d477e966debd39891f40bd8248a1915103599aa95c42a12411ae	a33011120c8e321c17aaf17e3d5ed2d337a0db13c7afd88bae7121ddba92d7f6	e8fe7d20606b772b274207d26a8f542e8a2f019a7af060b8f73e298c75fa0d22
420	0695ae8beee1a37b925cc0305c3ee900358f608ca18038ee51811637849270fc	0d415f6aa6548c0afd174f5d87595edeb87e42cdc5ae342fcb5656a651312a2a	1f0f01817fd90a1113db0ba7ce830d0b7a875d2b17f3cf256c73c1d49edc86da	0cf99746172d6f800809b1fe15925505bdd681a4cf9ab947611425ea87ed79d9	f92181e5b3615490cbadaaff71b5829ce69c4b7f573c0f291fc49a3496cf1bf3	7fbc07fd2ae7fba1c82d24fab570360bb5f581846b69cb49b31b272872e271fb	64a9a562997dc2ab39eb171e7775730028db0c7000c1264eb9ec38f25b81ca87
421	22bd6f23193e5e40945fe80a7fea152d4ad8f72c0c1dbbe48d8a873f3bd9ee21	dd88c4c95c025bdae141e5e98dee67ebc911608f77dfb70d81d1e8868ac06f11	264bd97ebecc9bb1835c82236c42463f4f79bb76cbefdace8ca20e97888f8150	b057bc089d4cd601f5a2580c2f3eba94b469db442d302f2127c369e6b1948425	ecab07b8733f574ee1b2e3c934d7f3058cbc49618fa7a8cefa2075b0398aa2c2	88ae96ed7cb9801fe13d473b4cacfefee450e799393af3c91f9f9850bb3a7298	922a93bf6c2b385a28c131b0e0d89aa362688e803a92eb6a33e7168b538730bc
422	26aa402d754fe8e740005b9243234b3e5e73c60284427114adef2c61cb51e1a5	7da331bb468c9e2de445011094f0d67b99f53eb7fcc5736e6760160f49757355	ac33977638588dbf511a80df384dd0dec7336f8ad38b260612d5e1c6c7d0e4cc	68d157661dbf75d788aceb01e0496b1285edde525b31512c83020674bc1f41b9	0f3709efd3f2c4a86181f187fe4c3bf4ffa43f76b09e26ba48adbe31fc288ce9	cc3dbe2a06fb6ef81cc63aa1cec63e14677b87669e89d01c018701c96f60f2eb	5cc8733ffa922873ca6f1cd4e1b519c80bfa3f3c305e54ba896bc9bf5fd7b7b4
423	e31e3af3b2bfd6fea2db48c233bcfb1a6d13db4ff4365d1b48830a42a28886c3	7737e2ffd20dcf88e204f897d94b129b55159f88d8b69857aa80fe4c10753338	d29baf09caed6013be883facb2125da3764bdc0c70cae914f1d93e13e909a36e	be11db1c9f476f6ca867241acdeed3791bf7494c3b5f0e7e2993bf2da18ae917	41ec46f7ec0370aa6a0f7c003a6d50fa790d8c32c6b2576ee59a04942e4a4a0a	b240adf4f88ba77e6e4b6b3e6da98f57b6d97d7e5ff38e1a1f692668fe7c7228	d751699121f7ecc4779c5ad7046250a4ff2b1025b19ff20b39595d5fd92dc76b
424	858cc4266464523c1a9e5d7dc83b9aec6c83f3712502af7b31f035955375b349	79d5d0d14d4f6a4623c5711b01fc2984c801b632d9b6495ed67fb6f03dc1dab5	ecd6839182e3191e203ca3ac52dceefe7d853537730415f717754725c0d2faee	8957aaf40177c1006ced3eee22452a6e9350a4f368a0f43d4c84c103bc8b1bc5	a6f193c6157de1def65db1aca3e82cd548cdc87c0db6c90583c9d6edebdba4ef	0fd15edbed97f21d2f588887d7f0ebc32e2b53c801485f6550c48516ec4eb048	afe88eb8a4ed0aaf21bd8e27e0c2a16e9adf4d7c4dfe57a0fccab9a0c9e0b019
425	ed0999ae66383c8bc055f97475ab3a438087021554a40a7d071807078ca8b125	747e81c1d261c0cfbad40d2a974e4a891aade7af8c988f958d03f8f365f1e3e3	f0421fc0c4221569cef399e0944030b385cf97189cbd5a2f915d29266f928566	48d0f885bd1036ba016dd7b0e1b7513fc19113ce300bc16938ee5832fb9121c8	ca694d3ed5ae053ed626d99b8766b16770ad23db9390e795660ee88f97ba6896	94967cae2d72b3f1ca40500ece91f66c3e8f46c05e6eaba9f50eefcffd489a7f	eb2e1bac4bb3b2a45ad314e447281fa5506ed2626b3f1f4cb3bf42d9c390c7c9
426	3498e19dc8ac0a6be34371f95b159d888bb2b1697d93d0410829277534e15353	e1763c1c1df789d6f7917d19091c7aea7f16464fec2dbd6587ef2f56c41e7bf1	a5c77d488a7c71bed819535b07b2258aeb8a300da9aef7cc3f36a19286627cba	db8e3e6ce5bdcd33bdd65411554cccbc683d29afb201e2987934d91381dfe12f	de1ed132ac76a48fae9b97c26213c5154aa4992a311ab2e9ffa29a654358b765	1e96d9dea242cdbd71d61d75e9cb7ff10aecfbed357184995f124761b53f8d5d	e5e4c0c51c9a03dfd0bdd880587a4251e3bf0e6606ad0899c96c345ef1fde248
427	3b52bff854c1de4e1e9db432f892294db16b8a65e7b9b88c240302492b0f6f0c	b636d75460280beb5df406c9ebf8f8dd08024e2e87f591b859d2a1a0dc77e121	6bd3ca94712e861eded8924d510b746e352099a9db2e4721c23c1f1f5153b4fe	92c20d1d16ed7edc9fb837a152bf8a46f154ace0ff250ec0f2a313ee0704ef2c	279c82ec4192300d700ce13a25c027f4b20c59c13d0bc07d56bea23b16f4b077	61b014c7ec71369a46757ba10f01ba1c99eb10e70580f63ee4a663acf1791ee8	4a43d0a0a8bce700f117a1594729eeaedfff4c01c169db167499931dfa6a4c9f
428	58ee3497e04c2fed3aeec1d658c7c2b1c763bb6ff983bf07384f2bc6fc2a0eec	f40cce1caef5f8414395fde12a10cb8ddcc7c13cdebefb99c2c0261c13af5488	ae0c3f81992610536b7d42f405b50206a411d65584554e57329f9ac7fecc4fd3	319f80a95faba2fbb8432bd2eb3c06165b11df5e4da3c6c1da6229088692e6c6	3430cf6f9a76b538d924584e1d3985ae8aa6fe2d1ab3343659808ce023db371d	d40aba870e10b91df3ac27b88fd20cc31310146d0aa1cb8e4dc1fd4f1c8e266b	3248a18d96380612de5b51cad747d3e653ad82c476848acbf50c231fc9d99120
429	1634cca1d7f87040d1f85e12608be1dd3a3e7b48f26ef78e5b073ec5833926fe	921be4e77404423d7f993ba1bd520dd0f062876c1c47faaf0588371ed3987325	6b472417a8eace0088f725211ed2ee345f1dd6b3ebef354c891e9d5a6d0fdd9b	02fb1837c0b8fae9648b95aade5baf51aaae5fd8c92d204cb9f32959eb41c12b	4b0ecd422151a38cfd901d5a8bdd3403884cb72e82b8dcd4fb51a03f4409d423	a07af5dc6661a4f62d8ff8d7c5b76ac9446168fb7edfe41be404fdf92b917b49	d105a9670a4c5f73bf1d133a73debc349e1cc21547acd54de6b611e9230555f9
430	31b4b0650d572374dbab6daa15af792544c36d0ce22df9455f0478c2cad5ecfb	d069fcd50d861d93e692ae801652785101aaa3c650429e396513e48ac0d08236	0a278a314c0a3f65a089bc7d835d2f0a92af6da03ebe818f65f3de4cc373495f	0e43fbd8bba3627776422f9fdfc14716fc8ee0ca2fd1d91fce82aaa86bad5e64	b3eb34ea5c09e21e965f19790fb454aa41ff07eabc43848ff2d104a9b9d352da	b7b75d479202ebaaabfbbf6b1480ee1fe1c305301ac024de5695f836f3e2e45d	0749f267ebe818d40fc2922acb20728d202f048d0aae4a45e6fd6a4431c300b6
431	e0aaf64948095b1931736199aa9a9854b49c354739b8261f778686cf8661833b	91b6115000a2f4d1b826fb302c382eee6a88d9fc47caa25c3d94dc397b8bb968	edd7287d833451b96eaffe16fa57c85a38931fc0c3803b81bc0b1582e22f1fee	1915d7661a75122e4424002388ba80df395faf84ad76baceece65a8225eb6dbf	fb4babb0ae8e57a19627b117f0d66dc2d5ac767c4bf6dc79984246f0f07ca885	b4cafdd4533f2e610a2cf5fa6be492be83b110f185d489c10f2e6357fc42e274	4fd799840222a5605e373fcf5ca64cde8ce22897effbe37c88c24f66720526a5
432	b32f8c504fe29f40182e1cc39238eab3367117dde79e32fd5b980e6e4a7c5e74	dd5e948d25dc66fe88460030b2925b299db63fd2386d38c6870bb34f6920624d	a5a95dec1c76853f24f66c4f412b1569d3e35109f39fd758039f7e5a64f39a62	5ca9b6ecf0369a22599af2a41a684548efbfe529026dcf90d7e18c037ce00241	66c021c90074dce1bed856b21dceb48c3fae513bc66f0d77ce872812d837a34c	5668876e9adbfe59347b6ae48651996549ec4240970a20c76dbcb295180d065e	45275a2af8edc3e69daa289dbb670e66ea3c736495fec117953ea1bb0f0dcea6
433	090527deb3887e72b9d09992efc90db3e2396d44e829c1c79fc42aedee5e058f	da458ab3b2f577d1ad7fdc4ca0c954cf2d8481f93aaabe9eb9bfc7ceda4ac999	b0c4e11d0ce3e0d4142fda4bca8517063aa84b4b23a85d8730bba05021f210a5	a98f735412a2028453b0a86c0ca918f9fab5806929debd96037fd26d77a77bf6	2febc93e263c1226ed164f9d01673f417d1522df5e493d8342fe1f15703b4b4e	be56af2a4aee14e080d0cf0e9f14b5a0eb4493322270ca18d90d806672ed84a9	654407c047cc42d2f113a49f76a4b5a69498a8aa9e5f3e01bc18605f68699d61
434	661004340d7e956fab161e90121e0e91f7c0e261e72e551a6da094f6f985ed9b	03db4ee198b69b0236a02d1f1ca2fd4e1e2e0d297b50f44429c0d95030f5cd13	533e8442f5489e157fb86334511453894177d4c7930d6124c6b04abfe5684667	0bbed0cdc90dd88d6f8dba406a941df67995bbd149717172064156594c38ee39	f824318ce4a70fb2a4581e3dabe8a8ed7fdd008ad9f59bc990dcde49c7dfdc09	f2b0a7242d1983f3ae3fbad44c6a014fe5eba3be421b44fe978eedff2937c735	66b0576621ba26ce733e877b715429d6f232fb3fe27c647317164f7059677815
435	3aa44a1160831bf733a276a24709a7d155ee49d135941d44aa4d56d03749fc5e	65263ba3cc30e6b18df283f3efc56ef60fe0a5604abdaa43fdec209d21b97af1	38c1109f4a223d55a8013536ac65427b333598032996d04fd3de9dc72c6ee794	452f7e8360e700dbb799f9ab7affd00365b0fcdc59bdb25d53936baa632029b6	52907c346dd9d18557ff2748974c86d786e7c77b498dd5808ace00209a751a78	5dc9d1cdc43d373b544ace5557df69a58a6a375aec639b04cb5a8537014ba030	3abc23d14dc8aa419d9f2ed550c59195d4e0ae4eafef26629ff886cf8bd20249
436	b1196ae1081453b60a3966eec492a7639c01f332ad7cd2726eac5c6976291b6d	ae92f03a1032d7f8e0e4b6bc194967b8596ca6ddbf9a94e3eeea0af182877b98	a85aefe505358b112aa5cf972d176e3dee2d7571c7e2e8454419203f62ecc0f8	d68f8c6d09745f11f5852c2cbaf3d60ded8423223560dc2e45573376be94deb8	177950dec4f4fc72472981632660ca1988bdd59a2f0770960b29e974162447e4	c44158728735f56f443ea5c3727b50a66482411b2a50b2eb65d9eac6959cc56c	53dd1a1646bb2436a5b8caa8326e468050e5d4c00da63648c69d4b7c01336ef4
437	d8adff634b1505aeb5fd2966f28db8924d29266c76a7f61162f9341f437a6632	ad3b792e1978e7b18ec58dcc5ffe23cb8b4583992b6e8bb7208291e9750e16e1	01d2b30fe3fd350653cea39e8f352c3e4c4042863cad7894a527ebb861191d4b	2cfaf68fe7b2aa268cf934b325e017df105b7c4e59063d54c8195a9f5a1ecde3	3ee99ecfad0225a9212d89fbc75d897540d4df7b99ec2bb51b08a64b28590862	ac945f3a0fdf74763535baa0443dfefa3fb3d32b254631c6935fe0575ec14756	f43618a0d8bd6d0be807eda140b9a66b08c74d63826be962399c2d9811411b9c
438	366f38093ee772621e260dd4becd3ca63cb7413f0ec9d11c84f4b0cd3e72b591	2f0db78c0542df9a9bb2116799f39f452e3fb91281f851845adf17fc46661d62	d0876b559caecc71c1101c4077b459de07616fd40a92070e996a0286c228c6a6	f8447349f03911e4a4cd417361c15369d0e0a04cb70a6eb29bc291ad1deea549	e8efddf1611321638e5964b49af0931a60bf420e7b0aac32834b9a4904b2c689	9fffeaa143eec6079b75ef41be501be4e75151c1c8d4d907799ce1b460227a2a	c3ef303c3ce672fbcd208571d59bba32756be269c370a2582742696557ddfe8b
439	974650b8094214a4efaf6aea5eab6b10a66078d20a9cc00ae73bfea29b0cdca1	89681aa3ae14f0faa77057eba4a03153cabb46ce2bf41d166313f91e37a0d251	8c038a98214ef13c8072800915fffe22624a6e8e030fdb450428ae4168d699d7	770ba6f7c48c6caffb257c54c752fbcace0a8d5830f6a05e2d79f99dd6059b24	f19eb4dc7ec4475d09cbe18cc3db8bbf2a29fa9c7489437e6e0fa9986d5627aa	82627466aa2bc1fb49739a24e99e230e4fd90b3f11f4a0a117c716b20962c9bb	1cea4c823b8450b20f3b6192d36e5825668191f026d0b4ddeaf6a8d5ced460fe
440	cca098afde0af60e4fe846ca39fb875d79aa3750542a1345ce8510bea16875a4	dd90656bd22a0152eef61318339c45d6af26652c6377191a4cc5c36af9010016	d589a94d98718d4e43e120bf1b699aaeabc166c70172b84692f4c5b14136f4e2	1e62eebbd40c8ccc15ae3385da97d1616417e9066b8a7ed90e8df3f3af48b302	3378796b02f5f97811746b97b16b3785e00d9b5425373e55bcd58008c9bb7c99	0d37d41db1dd687f155ed67912344b849d39d054d58ada61d9d8144bce5fef1f	5c26dadd7b491c7292dbd3ddaea7f7307302aa680ba990f0c6045be8a0b696f9
441	cb15835a0887c3cd007ab7ac729f209789d31caad45815c188326cbdd80e3cb8	3479d301855d02eb894a72c6f80c5f6ca51c598e4ec1c30caf9d234def206419	acadb4d5a67e73d979d398d2bb2d3eedb1cd6006997f50fed3bee0fb1f8181f7	1dcf4cd1ec6e97ebc891b23761a67d22ac7bfe5b9ee0f30574db99866644aa1a	253d7c2637ac8e7629d55c629b0c5608050325a3fc37ac152edda4122a0e487b	2ea1173536548b846d03ebc6d2eb075e894f797458c89a9f321831238f0ec943	60d718cb7ca26149a313b754d5cfa1d3e0bcab5b7724d125cc14416b154dcf55
442	254ba94f986a2938bfe2efca21002864a857e17eb227354fb92b9c946ebccee0	ff749fc6fcce6fd7685ce8ac7b1621a21f183d0d41673b0aa20745780c76241e	324b24a22a8dcfe12da4e429827d4c85a02bfb2360e9a0d672558de2d6a34457	d5b9c8ba13d74605da9077d3152cded812db3584cac8e003add47d64dc3bd689	d7fb48f079d89f6fce747890932d97900ceaad52bee2bc7c08eef98bd49bedad	a261ca84fdf1f5d6a6187ca4bd8a6f912d001e9879a79657fcb46a76c0e4ac80	ceb446b63ca383bcf99d106079facfaaafd5ee79ef64031c2637547c2c3a4ce4
443	0b8d548304a1f04dcd5b72de2c875acc91dc18a73334c8ca8f14d2cf87a3158d	0032f1b6f0ab653af44e017da20a60d84e98c661a839e795635392518867f1d9	aff6207942bb3c6980ee1fb16913aa4d5e80f77a7598b8b84c527900b6101c5d	5a04d1efe415563940741e4a86c14c976d7fb129d5e3f692aabbffdf4b8fec71	4fcfc31ee1b9380ffdc67442a66fb0f4e40a373605ec202db79d6b0a24e546df	422eba9afd05e2d8480bfc6a41ebe93a1e1a6343a14faa11b0e63a67df894bb7	bd0e485414152802d0ad5f2b07fa5ed1110ca06e62e74d3b652fdaf7a1affa05
444	4da99555809d098cd35c622eeb205e15ab5e0a792a1c561f4cd46c918433cb3c	a7919f33ef876d6ee49a50a0bcb2a7728036b9db86f19a2cb94113260f4231d1	e3e9ef3a14e08be74dc703b608b173be3a6cbb4e54191e7e2b7c303d6b92d781	9b4cf602bfc1cc51153c1f7204a7847cfd486c1b632b35333b320be16fe21fc8	ada5d92a8148cd5632ee96b15580ff59122625682cd62f111abab761893477a6	e467460b7a5173b6ced1f90b34b2420f893dd1a58b0e17e142893c251ea88c67	1ac8769cdc35868f66f0c5a395a80c2f079690decddaa2f517cb12daba782048
445	454608f346ab82b39bc8208795586113b77057534d504564a56fb3a192683808	2a4f4917cbdae06e5b794d15340ea11f353aabb248e553034d0864c8b88e712e	ac060cc7fc207167145705f02c92464c3b38428d6de4fe61c59df2edf7f76def	c06164798e82923548403b835f84c1b4e63d1ed0c689102afe2065ba4d19b582	cf2f7c1b2d48a11d02dd600e581365a2d59b4a475af0d6af3164e2ed952d9d6d	14c25bb960957830bb2f38fb121aeae4a357985a7b1a2d8da0a4254c65566087	99c769406b4285b727dee32b341d8757ff5bd57aebe162705ec92e46f1fcc636
446	a3ebd09b1796f76efe979925db5ef6dd79bb671caaeeedb82796aea28766c62e	ca030dd14b73ea6149d5e011f45268d280833331c2ef52e870b8f69b24b23b4e	8a296bf0a31c253c253d48af52c6da612f80438267e8bb5e92c79773cdd49ace	b4bb7f7c6c43a81e784b6ba44f77a0ba377c1776e485df15492929a9b63293e0	296cd1286f5210650ce5d0304990390510f47d79d4f3da9de2917b80f11340ab	b803c0eb82f070cff2ad1d31a31c5a41c0f24a09fd37a66333e889c0a57a65f7	1d257534900af61ed3393d320a7b46c64e87e8a1a446b8b1da7e7886d7a71ac4
447	4ae1d5a9e7fc46402a0735ed28c893dcb361a21e2677042a13101d86fde2e1f7	eb1c3c399901c499eaa5b58758de856107481a7d85a6d06fe4f07db7c791edd0	d4497f92a589780162342efd2da087038bd47f7c80a25d90de0680c0713ca5a9	fdef7d7cc00966e428b978118be79799df1e7aea15cc613b20960c4414a3bf58	8cd087937124445e7f7cd52275285b212b1da74b29cc452967e378de5d2ab4fa	b1342c37ca36412e3a9c9a7ce2d3d35ece50028349bcbe2f80986d72f7ff8541	9e8c5dddbed9b55d435e5e98eef55febd2595781f9e69432d06f5aef48f487b2
448	8bfe0f2be78690606eee7513c40e7ed1e75bb2dd1e7a49268747df959d24ecf9	059e76b6371e7c6c28e29405cfd3809d80024446b0772d5592f1c8accc42f51d	59be4b2fc6607c6f4f03dab34ced86d0d269f05ee8a88e62076a615ea1683b1d	6b8ed83a0b35df9cbb0aa414f72f31c4f43e2273f91f7c6dc7e81e16497f4674	5f9105e30e9d9894b4f211314936bc1d0d16b9ac2edaf52ecd31c74074391b1c	884815434cb4d3cd1c0199f8cf3937579d060986d212f87b2af7e310b8634779	6aa3f70b7427cc01e99415e83583b1c78a0b2b8624910cad47fe85b9b32f61f7
449	daa3662036d8a504d52277d25a5224232863f9f9176e2a53456aa2ee1f5cd403	2c254766bbf462432d279d7cc972ea37551e3310fde1498b757d9c5a06445d8d	cf6881bbb19b9d1e5913ecb6c0c4284171d68d281931d479b98804853daf01c2	a70cfdffcd9f3be3d9d32e4840cf6e26d2480ba87d97218e18ae00a49e494976	edd74926792383b37f0d557415dc2b4a83b9bbef493b2918cb4f27336ca87485	24a7dc7d3047150956868debffb8b7f07000e9b3a13979441a7f9bd8ff7b5478	a1007f71db63735a81c61130efca23a0b2eed77b37b50333b662445686b8c34b
450	9a8199a787fc0e6d31af0dd611fd09542e44a363fd975d490329ecfc78cc3cec	5b5bfa0de912945fdbd97f294b3bdd07e07981ad815197dbaf5d07cf6b352d24	61b43e6d26d5af663ab35f5b24b3a5c30616d0eb57b0217033b1cc2805e7d07a	1311551331a9a08f2996d30aa72c66d223c31fd8481c0195ff68290efdbd9acc	49c6df058ce7dc484d9e5601a5f0e52d8fe99fcf9c558bcc651971f0cf3386fe	de3b06dfe1ac087b4c931daa9acc1d08ee63da2ba914a810fa451fb6d8e9ad88	14fb638e439b4a158f269917a5cd52c2d58148078e25ac43f0f8abd3278fff78
451	d4606467d5971f99c5c73eec4d60cae79d0dcb01ce9a57a0df3c98be27fe3ece	9da2feb1ee36e7b1e153b011becfc51485ec71369f33dc68438b8a63e53c017e	618014c9d45078d9de7794bc8d3b3662eea7400d56157e0b4fbcd669c1970011	4c49b38ab037804700015ab2dfa0ef6615887de27340d37ef1208c11a565266c	97aba2b118d838a4118a2bf94a62a8577a32902a0facc61ff9ed5adef9e849fe	a40bc6d150f2571e0cce6ace9eb43062b602e95a08254f6aa0471bbe3426f268	b3f0a86342f51ed58b8537a7d1c98d8454cc54525e109417d641972e1410c5d0
452	d1ac297ab10eabb92e8b27601c96f3914e6a78e06c56f0a600ace7b1ffa1a20f	b00c3531bb3bfc773fb66b84ab7d292eefec4aaf80bb0e73aeb376b80d9274af	acce3668c56ee983369daacfdc10cc831daad2d5d1f7c75ba8cb7a0a5ab7772c	8518fc45fa5318e1feac4088b76cdf9e7d0ab9e8f18b498496486be6aaf2f4b0	e97a44e439a14028a4f5937b94ea9d2793964c4ff36dfebd372e1be02b5a6722	39c5d1e83197a12081f2865b80649c57e0d7bb6bf06d599f6ea919d94fc2514f	cd8665f837616ce822e7f7231002faf6c143f2e45c1235369cb85084b89b3799
453	97bdd949a33abd38b7612cd687622bc91723991cbec247eae91187cbd857ac6e	5a0c0b0cbf78941fe7f4e35b816d0d2dc9163b01e67456a4f94a89ef67ae5b79	fc0be32a95311eac4685cedda1d0b9c6aaa7d70db5fba1b40f2dda9e31e0e43a	65289e468e66525565901cc4ff8b9f1619aeb5563f7bf49d0b1e7aefcd20ba3e	dd5943d8a35df574cf95f71600cd9961d28cb4c78fbe3e63b245c5bf8a3699df	09b27af5cd92669700fea2f12932abe73e66c8d7cf8b18c1e92b70660d45f17b	5fc61da3408af61bf294b955499ef01fb1a325c9eb1e4e3299396152ab7e4cdf
454	9fdbfa6fafc7a05d49bdcbb7939044e003bbc72720af839ff76a495f70cc0d1c	a578dae0a1fa14faf0450055582f99d1c2dd1ec2fe5dd3ee20e7b55c70a49432	e38599c6b3b9c9b0c7dd705bd04b44798f5f1df5c573b13bbc451320c69fe439	1c3da3765dfe4ad694006eb7c7aa2a92c4e7c041e43d6ff9ac9c96b6cd329de8	a8b2a7641bc97f0fc830c3fb675ae10704206b7fd1083227bae543d4f11cb8ed	b627955a037ca3e94ead37793d52e833215d641764702e35566411aadb97887b	8c95bfddbd4f0899d07281f9675a3b7cc4b96d25171cdb6a95fd635458f2366f
455	91ae25a0eb9f1aecd01e440cdec6018b1a41de8d45855c403e3b1539a3c808a5	42d6f1e05638cb63d5c82d4b4cafffb0719872ff70940308a4cd542d3e712bc7	867618cc2207dfd034b147909c196c76143eda6488ef130f09cde91f5daea96a	dada10c0a076bf2141b1a10d92826eea366ad3cf11cc268ba9ce6adf89554259	fd5bba9506f08270402760da58b11e836f3983e36164f1d1015a4ae5ee497cce	c5a90177576a5ebb3c578c1dacc54f77cb3c0adb9d15bf77c6fb4da4ced8b9ed	46b6f780adfaf465d0509f182dc0bb70592d3936d356b8250b2ec28e3ac46745
456	0d21d4ad7cf675e20bf33e747705671ce4e9fb61621ae16cd5d19c4bdbb61b4a	c579dc57d3a9059e9bf3f83ae9fb558819190b0935693f096449be9805c7b695	a5bc801c81ee1d2750925b1b029fb6c9a9c59d2b782d428e620b38ae26437cb4	ef3dac12dabd129c6de81eb99d04680cd0b89d6f011b7f548c23877b1ea49c5e	db5434401b3bdf288af9bdcc18a8e584996d44cdf0d444d7f90922b51876e51f	7dd3db35b376f2fc329bf3fa4357a43b9ae020f0f8c15ea695198d82a673b26d	f0e9e6eeb151e10f753d38fa2b1d3d39fd821e265e0a8c68110089c58d78a311
457	b5e80ddb533db73825e305110d25bc8eab341c592b6746db585c9e2d76e09a41	880cf5d11336ae0b76d8e71631ae4e4227912a59fc10fc02396863632cabfac1	747dab15c87db8e1c672ecae1c8b84e67c7adc2ca16ab4e19061ab53b420a535	66013263fa9cf6979afa20fadb5d44e884d18a8eeccb9de5d0201cba48cdcd9d	65984c1dcd2a42ccd1f4fa3ee225825e65f4d2762d24faab735ebd51ee9ba43f	43a600ea34a7f180a5f53a2673930f9dd4c2b33133fc0f339f9a989853acf86a	9a4964d29968081933c737e93dcdfe90b6dcdd75272af983c91d72717bfaa6ef
458	50af73a8106b607658e327d9700cacff254e1ed89a85c1356e2bb3bd13267e59	8cc41452a9f76c81525095fbb1aeaab2fd1c7e8a5ae03deca0843d7c619630b6	457036e6d0d37de9c0e4fc9ef5048d7e015e30897cbe077d25afb821ead7db0e	95254f9ce46b01614eed537b89c5bb3799f40898f52917fda0b60d1490cfef52	4d06272b6522395460e695cbfb048a4cc992534f5dfaf9c3ec96fa835d3e458a	5a41555c9e66aab0b191fc0d2d0088e99dd603235a0f07a7d9b588455bc2cc5b	e7fb3e9f8e3b14c0b782009d260c3dfea45478990fc2a63ec00f70d5e54770f9
459	b1c29de7b931ad46d48fe923d9fbb72509487c742473447954bb983578f39571	65a29eacbc0b569abc84466382054090b2796eb37dd0949bc9558e77cd2748b0	a68de90b8ebec898a1160fcef1c189fe5d7354a01eeda72e6748b1c763c1d1c2	0bb04997cccfb89b52a7eeceef53e78b58bdfa96886af7d15680dae90bf6e1aa	d5342c9e985202de9a79c6f836933c1407fda025672b47ccee9f7f7a0b37499a	3a843cdc1836109b5ea4e67ed9b3710c1c4f5dcae701a1d038c25935fa7b918d	fa994a520aa0a31b702f21819c932b7b9d9ef7e60544bc404e302dbc3bfc27ad
460	7a1d29e8af047e5ebab3599de1e2f7c6eb0932c8adc4828e0a36dba58212d507	ea71d02fc7b114d84ab8426d581a14703f9793213d0c9e05ca8c2caf8ffcb5d2	ee0a039edba02d266c5330e115ff8541ad8a683aca609de169ca85d37666cfe8	414a1abd1995f90dc01bdbb5369e37699aa5712bf82df473d698356f97b2c573	74be5655a3137360878ba4d86822c27d3540f8d86857abf51be3d07e663443c2	8dc26f488e59d2704dc1e05490645e85b9cc1aeaca4391b62a712588c59be5b4	dddedcd66343068486410b50ee7295e793f4ee31973cd11f917ea3e40775b1ae
461	c47c4a29165a42f42934207768fef7ff721f6df70d23d593eaf79ad96ac6c7d7	00aefbe9523ae3c42b047462dd268a4d9e4c97138591c427261c03afccbeb485	3adce25af767339263b9a8cb914595fe3ed7a2402a9420db21ba33cd8f1b180a	9eba22c9be743b75fcc2f62da88b610e836500fd5f562f9cc8cbb71c6491fff3	e1e023be7196310e4b272dad53c2eabc97cc95797aba3ba05f24076b3f6e49cf	320a787ebcf7a1d3c65cfbb926d8ad0fe1516dd53d0a4ebbae62e20837f2671f	b91bcd0b9e602181aead63f1a2c6ebf679c4a2bb7d05e85766c8a4d0155b2bea
462	6c6451f35356bfa30467d2834c9b09e51fa695676de3b5a2b9e883ccb4fd7e72	6c42d45fe9905015bfc157c49f095bcfb2329fcc2e74157a6c08c930181b4b6c	e44b92c84cd89e9014b41650072165bad57740cbc6d2c2851bf38c12d5e8c547	a1b7e7b7a8322004eada894d0c75953a1aa497d0b873eb01e36cb235148f22a7	f1917c310f649c44ec7d40962ffa5281ed6ef02b0f716e4380bc874ca10bf00d	7fb269ce8c095202cdf6fc7cc7e9d0b9e137ac4fd5eafc165a7ff0c558f6a1b3	5c8f1a3eea55e8823e34674bb312c78f3b75067b3bf0f3f0f2d5866411e075d5
463	e128c3af0de57cdd913ab0280ca519c5da16c3037c1c9c61c8ee9e1fcd74c304	18185c1560823180ddfd2ec9cf8ffb24b7315088f49c5c971e7417d958a115b8	4000bc43325b27c9ca3497ff659e9c98c82e7f423c81a2991c31f66b0d15fdef	44df53f5e4e38105d052b5fbfc71356dc75c9c3b8e95229b1c94174c2f2807ec	280f2afd0fb5e7e8a79f2bc61269db7aeb6026b6d0e13eb3c0b655c2a50b6f0a	451289348c83ce28397d9c09ba5525afa004936ac73ede943091915a4e58fdfd	c0a291142bcba39cdbbf065e890e21cfef8dca6474097afa22a8f7253213fbcf
464	43eb74652e4c98b1c38a1e617bbf08a155b3daa639a9ead10138039d6aaf0271	fb49e865812072697e633dc5fe23e50cec560be2b06aa631bff7dbbdd0a9e1bd	142f17b661270907cb2f9dc0c00cf285b2dcae5dc3729468792ac8959a63774e	6d7c86ea975087ee0f33553d19ddada5af1d76a7e4a06dc58cf3649c49eb5071	2d65e5e2c0d81df1d50cf44ce59482327cbd026566f33d160b9ccc2f099c2e99	7269e357d689b7b032f865b1f127eb13a2a7327639b7c4f32967f26a0403b790	b00bd9c046aec0d0b2c5224619ef9b96ef0cf27ab39b42743c2261c3c3e8051d
465	60cde7175bdebad2880be69c07dd816768a75d638a759b5aaea178e5c2df9e2b	f52333066ece767579017754a603cb9c997e72d0efeefd1af6f6d347cc364b9c	f5a6d0caf8d2086a8426f117f68578861245c3a5fe3cd5ccb2d5978dacb4a531	ab048e52f33ab54da0279c7ee283eb1bf6f132cb864497dbbc0519ea0cb424a4	7a31688cb5ab389c16421430a482f535f0a3375c49adb142c68b8903713195bc	1dbb3f2d12d01421b50ead36fc3c2fd5e145257e248a0da9164ae36ace94b9cd	bf942873ce78745798fe7d18f7cc535338e03a26b535200d659fcbb0e8511e64
466	2761a99ca83f0907332dca114c3e87e2560b1ee1fee6384dcd5b995e7b23eef1	7cf6530fe547be66ffd6f7bfe810c756ab0e1cd54013c3650e45608ee10fb461	65e2af64ccf3091eca1a8faf34f79985de0df3327a622c3f57d10c19d818ecac	a34b112081ab7cecdf3e621de9ac25311dd4ee16854a86246a2afe16d97be1f2	6c4ce4f87a9303fbfaa94f8712add8f1279f489d63723f73d8b0ffb0a664d149	b319900dbdc52a8030ea4d9d4ca13c81f3fd59f8048001932bd8b971820d3983	034869669191d3d5f1a3c1d8e325932489cab7e3b851b85447207bcf248f39c7
467	651137e3e49a111e8cab04856bbc0d508f74bd22981f58233aec5b3489fbf797	e19194e8fdda41a23e6216b5ff2042a355e27ff053229b54a218ec5b0d87e1da	31099b3e6102dca6a484fdaa7cf013d6a4758631e7b398b53f32e787ccea03d4	d95cea8707f2eb4a3f53d7d7aa3c1c274f868aa765e412bd1d249b6252f7c9e2	05ab547391fd91f7928947fc5030d9922463b0e6796d1fcdd4e50f27f12928aa	38ec466d76e708c5c4a445885c1ab9db6ab07085aa54e676c85ffe269d942094	c88c9401929503f9d127d595012f54125030e80654f8146dc21e9869fe3abd64
468	992d522dfcbd83727b1cf8b5d25ae541d2d5248c042062e6abf53df2145384db	8dc6586dc0e9dbefbd5c09c7164b098b32a44b4429ae4cf306850c755ba005ea	de3608d605a65cabce990bf011a093024eebf9390587116c43ee78e2fc514065	422c636105590091aded12358a4add20284e32bb454395f56818b61764957efa	fa82fe8e1ea21f22cbb81ba86954636ab4f40dae89cb38a8b105e2b4fc2199d0	5a241959c56deaf014912f4286b8f5e55c8e5ca355a644825439174a974f6d98	d86e585719f135e5c82ff0f4e23a692ba331d66afae65383f0671384d6a38cad
469	5a67ab2f6d81295119c6dbcd9c6626ac563d3f7098abad5835ff2dc364bece23	98818cd54b7489e273c6c7fdfa561bd114f81c444e5b595abdcc7f226f66deee	6a84fd4475b03ff52d52e7b5ce10e859ad186261a8a80afa5a09e2a3e492094f	ffdb567996c4196baa606578ff6d2ed11007179fa94504cd80308f870b0b9c7e	e98740bbf9698a3c42911d33c51d6a6e27e7c0654b5b46e175ef47719e82faa7	cbbaad925d6f49d6ac3826a25d5b4e5009cded8893d688bc3e9fb8c60730b8ff	7e40dd30311ab078da0ea866c960137ba5c5ef1fdc588547380122483b78643a
470	6d07d3b4b5e671ffe4485ecb8ac8e01275cbb33ea532b004a89dfe78660fb4a2	f102931d544da19096c9b9f7125efe6d78be708f21987eccc8e56dbcbb69612e	4a6250476623684ba7ddfab250c28ac55a2db27abb3c5514d2aaaded95e7f556	c4ab69dc2a4929da9054228185fab40fa1db9e3de62c0d4b982f2d91b0cb51de	1d7736c05bbf13174d0a88d59abba100bf5af285be22e7a4312ac05539ccb81f	58a3ab5741fd185d6aca0c7ae3958cf022ef2f4aec2e456b08aedd453bf71d00	15605796885875d0fbae17b95585537d702dcfd0b7a9865d897ed4c30359e420
471	92771776f33343ddafadf0b1232a367388897f19f75813bf216ab21f7df051d7	c5556b65ebc8fa668bebae005455d5b8c5773354fd9c78d56d8ddde6dd4b47c2	b6107bc690f6186bc229415eeec8614e9e1433a76d853d0e3d5d2a9ea5e3a3bb	7ed4d1fd88bf81103009ef3e081611c06c367e8a930da6d6709ab08a079c4e86	d4b36b1342104c1d3d41f3aceab0b1aa81c2c81ad7329dc9027d8c5250a5ee8e	5684a98a7ea6106c811f8eebcf4de9e0b41430f2d6e39f21818ddc8d5803be96	b5906112e19db296805475afb289bddf16db071ee8c735ccc2c24015b5e48a5b
472	6a87c8b5ca5464b39f1866a0d0299382dda8e917f473ff83353896d244b36d8a	dab7f28b0056724d5902913001a9b43b081e1a21bcd6297c0c332caea73c9d20	0daffcb967e89fa1bb09da38e79c17a4e4a8851ed75448307dc1e41cf18f5d8a	c518946b0932768c60d4efdd40e3348f7fc3ed6a46443c7c5a62d531a230995d	f1e055f4888dbefa8ad87bcfe00139a70c0abd83c44a16d3942b3cb1340f3c16	d117a140e9482e1a489f69184201cc78c8b42b34df64cc5fa88b406711abc535	f514ed1ccbfcfab551cdb60eae79c9b802f5df7a8473bd2f9645b2beec77df06
473	2b74121cb34a63802dc4204bef3e2a2427624697cdb8e70a2f53fd5599e6ecef	d805b3c60ff0d0a5f6dc571c01073f9196673ee569607214372a653880e1bc34	b358f29500630c2a420db36425e04e6c20d28ead1a4772a7cd22d1c2a5726341	9e750ce67d9e7cd4137468ef89ccfe36e448a3dd1c8b643aa8dd8376f9bec3f5	8c628f1f22760c86fa0576029b9e25f476c6e8c7296e5b83d40e35e8be26c71c	791c2e0c6fc304c82c45187415e5ded8656eb9eafd3569b3b13f01392716f7c8	0e2b2462f9560c8d3b5c196145a68482eda0f884181fa1ec4bbfee1748e38ae4
474	f57a266bce794f9f69b20cc5b95beaebdc81d6da9fb6711222e87d39d18ce713	4722f8c0758a81a7b2276eca1af5196cf27deceb94107d663e61e8d84bd889bb	09fdaf6bc56515f53fd6ed9f20b161aa15202de86dd856ebf0791074d5a16cf1	7b50eaaf25a0916ef0b48952bc1737ac8e06209865124eaed27dfa0577844d05	f0275da6b91bf519c4a46330bfc018482d063553eafe9eeaaa2a06e6f64811de	aa80f45db8897bd7e7649b257717bb6d2e391315bf70bfa0d9a005971b4b35e2	1f8a062d89767a91119f299bb020465b177c74f5c8f8dc5e85ef6097082a33a0
475	0239d2da48a23185170b184bb50e2f99c9ada1b580464a08f0407364b281b1b7	835fb72107767c68164817007b49adf1115141f5bc05d969954e87352a528a48	2740529061181e9f963ebda4e2fbe13e86e5b3705049437a64cf235a459872f3	12eb8f154c8d23035d0ad5750172ac89d1d68860ce91e518b2c0101df906bef5	37c6721ee6167d1c97b416868d36f12e62ba5ddf7e0098d49ff38a8e067d1c9f	9adc3d90dac569845babf7d7f929a476c5b14bf5a93d81876a2026db9feaac44	e3d8adb5599138a6099d4842d50658719e326b49fca6e91bf1e6763c6ada3b05
476	dc917b8415e9d7dcdb10414886ecd2017e9b57ffc5b4d88867560de0350b609f	c7e54b53397e44593c30aa947fe7325e0c8a2640aa11352233f1ccc92d7ac4e5	7a8fb092764921bcbf2a7955c789a3c489ec1557e1eb6baa05d8e069a51c1053	cee4697520acdd8e9ba939c8ea64168b03d3916100b7eefd2e21ca3e8649877b	593b08ec76463e79db435fc9f44b77cabcc14725a86acac3d3ad18b2281df1e6	885b46167f688d46c35a9daa54d216a7792917108428470616ba883b9e34c2ca	9d518969592e55280288b2cf899b71df2e5288082cfed4b1d92b04f8ca1bf72b
477	ef7b0692277adb428ec6de1143de2ca3c5e9a07249b2c9109a918fa453780d8a	dda43bb32cfbe6a89901f2ed6838529cb84ce58e990b7515d21bc53acc51ef73	6899b2fcd6cfb9640cfd391c44104d1a520bbcfcd8622bcd462eba61d2a42909	392fa0aa118ff076c9f0edd9c1282de6b38b6108d5e647fb1cab54a589c32bd0	9e3858ffaea6b29cd35694013b5ccb7960315c442b6f3d82f745bb369b8faa8f	499239b56b2ea73c176f35ba0f0e5039e66f9fb2de73eacd887b52661b840a34	60fe8bf92a57c7a36f256c63cb843c60100974e33878a9dfb250b192d99eb52e
478	0e76551974570949f72e05cbea1deed2ad1f728f62ab2813dd70599dee9da010	56abd5314b4eb3c7a5bbb1380051137ce185f34d36bfcf16f4c29dab0c0659f6	1caf34370b375e3959fa88dc08fc9d3c8917231baf0a707fe10bb549ca040a90	510115c7e5b500bd538459617700e27562c075278b3318b5db0fa3bff73a5245	b649170a71598cabc793be50e8d2e57e8235db9d1ae00bb8acb961c344b58665	d37348cd6cb7c03e3e3022d479c785f7df39030faaebfcfd4f7130361b537b26	3caa8181af3622b54a15e38d04997a75050c11050ed7ff890bc6519f63e943fe
479	fed4fb7082de7834871ef2ba60bb03a4adf8a0051b48add291435bdb818d4c16	ec2a00d80d585820a8b98351d283a207ef2a5ceb0124b5e6d10f9040d8d063fb	e583407c80aa4dda6d72fc69b40fd7ab77afb14d598e3e7fa49569965b7900f8	07a8587f8c0b381bb5152d059bafbe882795f07da6528b2cb9b42fb7cd77eafb	e302526e9abdc5525a0b3cec0c81d36d327a2110dad6aeee2bdcd492733e13b5	1033c7c448510e72942ad6c07debd09d91531480a0a92e94bdbc039b25691fcd	ae7494f419674e785872ceeb0f53d898812e70b7c00e168f5e6827fda938a26a
480	a6f2c991e2b0025102f5f393bfabb6e1bf5b028b8baae74b32b3dd4d0fdcbdc4	164978a4e3eae9ad2c6f6fe6843553607a51319e5a8dd546b7ef8e4fde36a0ee	16651f4ecc08174f6af2ae6bf73e74e6c3f2fab0c3a581bcda0686ac1870e78d	6943e62c5acc2517ca4f92227a6d98932b211622049e00649a2cf26df461a7de	cc0d5a1fbf6a1fe4b1b4b9bead6d64d3994f26eaa73db7321f2c67c5f06c6332	7e12355b2bba10f2821e8765d4fe17aa1651470c57ffdba8fe57692e81e15954	af942e85bbbbb7fe5b7834d507c1368c1c74711fed6e61e55ca5058f2988b834
481	705de34eb88a322d28b9f1389d8ed25ad1aabf668237f2a90f7d647b6214d6d2	e8a97f6b12a7997411f88485af0a755ff718e7c5cde83ff95b0011f352bc5685	6a41e9d128264435d87720357d20edc1219e7730438c5dc5f6bde369e117aceb	3c7491350518735a6a5569a6860a4fb0c2e56da095c0a73dc59002898e003a5f	3b0a91257286bc204d6850054339c06ae23be9e00d79895a2aebcca3ee03ebc4	f5a28947025997e2255f07fe190e677ac21bbbd4f51e1088f94ae2525e12f9d7	d5fe272d9264ef0f4f4863d09a68b5bd553cb3bbc12f5a3c7f6366c40403e7b7
482	70dae8bce7190a51472f6571b003f2b47efcc87931010587b814b68147c240bc	be533f55d52a4e30d68128c55aa2e15cb186a28fb86bfd46123c92cf278fad3d	84a3f02c5c32227a29a9449f27905bc89d437567c42c95b4facf97cd695095bf	c31656d9df0705864d2c7f9aeacbaf01764751cce609c0ea20da69e3dd66cf4d	3599a6ed15d10682a98cc0f5f1088bf3f2535ad8d083164182e72bc8c5e33236	af8cce915ac56d439d4e7dbd2352fb7f6167d1f0ad7c8749f6f9720f294a3609	502fa08c9de58b835046eb1d8da9396a2bd0f9c98a2d78575f7257bb346c170c
483	2b9f8ddf818639ae494e31c5719f206c9244da03229d82eaf61a71950d433313	9b363b7748e3c100fbb55e13a3085516abeade1b870d561814cfc2813503ada8	a6097ee555780de0490ee97eed4d740182e31f64529b07efdb4763d6df68391e	14b67c30bb3cb0a5e1c09eeeb5735e19aa462046aad008558a0ac5e6e9682c8d	bcd9a95d5b5a794142f36bafacaa22d279490b3a534ef691c2b5b3c1b7d4de35	6acb21f4561857582e921fc3b14dc9f45b2c9df9344a6f8155a304609bb97c38	a58f92f89143c37f5a4395ec78f20c38287b180486b3c87715fd225efe206741
484	b86c76eefd738ddf0af7bbd578bcad06035553a83182ca1edbd760eca881ce42	f1973dfe2416ad12173ee4a29367da70fe6889170f5a651dec61c35907634c0b	13bd8c042267f4fc2921798290cc04eabd0768fd05208e8146eda181a7dd38f0	d000853e19a16fc15444c6ce38d63493e6336ebe53ce22b626d3fe663431633d	3967b9f85481f3b8b500fa2c680cff8f70e27b1b14739903cdbc2f7a0d9fa42f	2267a61d911f37c47d12bd3be575a4b9aad61a192b28dbb2793e996d76a0be55	93f202f5ca424ec8111c847a85028188e4e63f10efb830efd08f73f40a52e3ec
485	f21f8db6c4795b1677e502831bbdec561175bab62b3bf9a5fbd456f27cc82a10	365d59c8d09d10ba6d1d0ccdbaad5a2d07b93ba895d9e3a3a4b4141bd8abde14	8ca3f3e16a6a6f72f38a4d3ce7f2b9ea728e03cc0b79ee8ee280ada79eef6808	939ee4d01e60f3b5f259137f578d4a6800f0bac71776baed8866f411ba8ce117	8dc03849e333e40a51fd3c74d49afbfbfeebb9c095ba0bb35ddbe810b11a1c93	ad6ebc1d094498ef526250a5018c8cbbb5456350c6410f9fef5b8bbd0ac6a205	2fe1062333669931b01b15da5ac6b3f27428273193b50cbf3866c81948bdb649
486	fdd9373160a75f861aa5bd3241b40fe89d237dacb5991da1be7cdb053f931ba1	190784efdb1d911e4f1acc17fe41c54e7c3280d3121592b597cc3c6ea100c4b2	f2df89709f7885b32fdef534a9fa349eab77408ca668866fcd09a7f4e9570a0c	a600ca379647ea7bb21a9fd9cbd0d8b574d2a888d1db43b30ad7d1d588a67868	71dfc58f5bbd40a789f8e0a0520b5e824bbf985089a29478f719faf3fc7cb4d8	910fc371d6a3b25239595c53d9878dfc232b9049a26747e7ea06d968e64e7151	3173b2c5b4c89bb517288670db4ce39f0c751de6553acba428e545108b023225
487	d20d01550a4132616d5b97de37ad810d1034a59598fdf42690b203a21aacffbb	e820be436402ea4ba6c0172f034650fe8654d0ee1dc237b2acf2127e24e64889	15b73f9a9e2cd7b6b8875575bf154ab54c17e693d4d4019a098986296bf238b2	70e90de34f214fd1b873a1faa7cea46ef920387611f6b2c6c5516c9240083084	28575621817e16b58f89da9cef9e54de87c2634556e7a28051bbfa364323342e	94e5c4c71832f60a7762cbf95439d63820af9b4f3e4a513af5463e2508988b56	dea2c45f44ba8d8da238062207ce3262366865bcfa5b20f42741f4c84dcdab8a
488	238c30b678fb1587e5f6ad3d8f2666a42de7b2184ef9505cdfa7811ee0a3f210	455c089797f1cb55a0ee51165f62cbb10bf049857ec93a3c5cc83b1b82c76737	192d61899e6bb4b2a95f60c87d5e666ea14e8f07810c3d0c8dfa483a2fc1e9d0	bc5eed823f3e147ca7246e2919090274062d3bcf56df708d6beafa762a169ba8	c263a3b66b1e85818c4519f4d5d8e201ed718e2145605f1b03b86bff7e3899ca	91ce6204af410051e78466587c110b91b5efd7fc0bdda202bf424d6f504037b4	9f9c993f94438710b395b929a4308529638b1c42bcc50a89de51fac4d160c47b
489	25e68774771824a667308c4e3f733e91a7c89a25bb99be2958888de1f5dba1ec	70a3dcfb7d2cd9cdf5cb846ce2619b526dd2e5a9dcff4e7924e7f906648fec84	ae513831af56e7dcf3e7d2d00d2b4a26fb8cdae6c9c15b23cd9bd2f7d410e540	d99be2be59d85b32faa5196da8c4fdb4e27b7684838d96e780c6cc82fc368da8	df25725e542da7308e56fae0c832afb11718e90af3d3d2776b8d6e1e79af4382	dd96d38780f49c800cbb78ecbbbb41b912fbec32adcfd522379a1e28007bfbf0	04790b1befb4aca29e9f1b27031dc37b3c3349c47eb513f19413874c977080aa
490	53d1c20875dea5b8b3f9014aee78c6008fdf6219f2cf4e881e134245a85af30e	271897f37ab4c204e43e6d4d4238da85b96b5c135b6b1d4382a7f708ddda10d2	41051b9c43df467057fd749e093dfb7913fb03ba5ed6b29bebde391a20cf4e4d	92f9bc36245deb7fd584aee6a198c4e34d0cdc03f242d02a0aace2cbee660351	8c48c1fd5f0ce655ff0ae03aba04436175a4e29ee732459d63c6fab8a49d24bc	520e05d7d7464e16d5e2b575ccfd24c7b4ec580fd37104e39bebe25cc1d48602	ac66cf915892bb5234efdcf191644cd44f492b19ff26345aa1fbd243f29dc3b0
491	ee1985cafda616455168674fe3c236979773cceb276d6f320dbab566fb5ed221	26c5d4f46b97c65c147f2ce22e0c0dc1fbb72a5dae9b412199acaf3e3b7d7760	0d9834c2e9b56bb6fc392a2825697eaae269f7dd5cd28e889ca3619579212199	bdefd1c124865d431b39f2fa74a6b2db8528209eb9168750d6b714f4afb93cc9	f6bcafee2bc9a3aa312120612a2c2b3ed6829cc5d1c04b1f32bcc1d203ec7f43	563133a024a97f5984c79876f106fb0ce75575567cf6cd52bc49f49dea20a0cc	1337940ece7822349c9c653c7067d35d5744bc70dd444d6994998296be686f36
492	8aa0e09e3c54c24013e014e8bb63fc17980cf04d048ab591b5dcb1f710b49009	f735fd7cee1e490d2965bb09d7828666442421d8e0e3238591d584b03cc2c658	cf9407de744b755093478ce5c87e9e5ccd61aec35facafe5a0aa8eee5231a5aa	beefed4f486efbb7e91f8e2a1eda23af0b81ac590526b48476f1f752ac0a2b8b	7544dcf266d6e7865291673fd03478d5ce684a1373e723aa86d2755a7ab7b557	8d74b11ec76ae4da58197a12445780b74cbf8b294142b2586f915c37f5c96a90	04dfde9eca8a64963b3f917e1e3e6dd02bc8ecdcdb20cfc38bc80c809663c7db
493	0f8c5e9987fc97164ee4c36355d73742816d27ba45b2dbe762cd1a424e975396	087fafe1645b08e147adb8661331a49b0f3c339ec3294630f511f73edafd513d	751f0b1bf5d5b40ff129236d2ffd7c910913d233c69a8a0dfb91c91b818543b5	232daf159dd58b3556d30657fbfdd0774e8fb9315c346d54c1b3c3b2db85f8d2	c70407f4fa1f13951dd96fdec2a94dd54638e125a48d5b9891a6e3eca139adbc	e89edde257caf37f511d4e188b8849dc3fffff898523f576d57c51ea564f759e	308d0db2db5f1dd7b40941996abd51715473988c4ff47c919baaf5fc1f234988
494	8e8b64133704b35029193cb570e7495d04b153d580ffa01a39e581e2e3058469	134e5c9fd2415f14feb6c46c774e9a8e26a9fff2575fc24aa8723a4373ec8e67	11eb2c685ec97f716861d8e96570f97bb1540f0cf6c03b2383c56a520ca44236	28762ec7ef4311f2c190d741b809e8c087b81011951f7f2044b42be0b80c31fe	c81b0b8f1c7b72717de281580898e7b8df63d285ae0269a8aba7833418e42252	b445e0d4439c96ced7f546485348e0e03b9b8b7c2f162977a92d0ac8d7e04fb6	4bcada7641f720175078fb6753dda7b588b42cc183c63f021123284bf599e81a
495	77ac0d3c053fc4c029bf1be3fde0f44743cf826476906985892a85f675458336	dfafe0acdbbfe103d54332447bc9740cf331059649318232da46efc674f6a08f	acd5c179fde05822038a405adade407810e2eb8230c8beb2a56293bfb7b3bd7d	d6aa3a125031e7141a26c7533a254ae8dd8fa578e5074f41f1277ee81f13b537	932998ab88ce07100de11c8c608d5cfccd2133672d4aca254820890d7d02e86f	5c67b2886cafcfaae53caf9d7ea32077d5b21331abefc3a270c1f228a8db0159	81ebf0bcf9c5a217361e36c2df591d72801febc48a0e9ae139d47c260142f8b1
496	099cf894e41d643c41d5e9a6f917506290edb61b8fd4dbaed1156f19f3f50501	05a754afd57a830104aaa6f42da7e2b4425343008f094938b5b4358ba0d4c206	0df8123bb778f42c391aecf8626e3b6e4f2995cc7a03d0419c908a4600f666a2	d2f9df2ad0557a4279649c838f8552f8f41b2f984c78ddbcab5ebcb6c7106bdc	cc3f8eb27830fcb74389329ba04cc3f026dbbcbf5813cae9973333d72b57fede	5a17ab0b89cac73fe56bdb6d59b0b97432e982bb9227660000f144bed33b2676	7a67643e6e310ddf0a9e33353f1fcec0f48d606384401d94e48b974df2af5550
497	60c8395272b3a46817ea2aa00b44f2a8cf892df3549d2ec49dbffe6473eef2aa	dc0e8c3fb420ebb2baa123ed73d0542e50323a81ec3f94b73530b2b1ba28220e	7dab3068b788e6d4eff725df4c3447663ef27a7f17d08e99e816de53c3195a37	37a1a9b6d4c277009d8f5518523562f6ef86b4bbb8572b6b6f57c0f6d0acd0c6	cf13a3a1b722eb606c0844b778f26a27e18c216848dc076a213dc96f137bc9a0	4a5bc0044a9b5d29390a285a19edf84a2d8c40cdca5b6bb6b313458a436da0a5	1562c4b663d3bd15207392021dbe266f9fc8ef12ee50ce858d83b4a545aaf66c
498	89850d28ef382cf28212e6fb0945a37b63b77f8d30e72436fbce22ce806b8662	0f2b142d6a3d400d218c68b3ee20f1c322948836275fb73cc1a93b3931799d24	950fb4e443cebde3799f60a22cf8919f57b6fe0346cd93783e7edb5692b4f330	5ba8a61ce3c0d7dca32d4af6e77b67ed3ec3c46d24c9e071b6485faceb655cbd	6d939545b30819de9b5c38a0bba21993c2d68cc3245a1585e5fd71722830c604	a19b46f7af05e6d23c7b34ee0fc0e07bbd1e755555ffe7562447164f61eb6bec	51bd7280e30b9bfa84fd3d994a09b86102348c23b681a98105082d9d2308f9db
499	8aebae6245cabe92614f10122b23ecd8e6ab3ab32c5edb0244f81b04ff978989	6edf5ae1cd23328d9d1b9d43424aeb1a79a30ecbdf6af6f67f1cc3ae1ed367bf	3ef5973665a42d5d6ba2fe57fe9b03e2822cfe5b51b87506c7aaa0f45ec370e5	1d83937d18ae2df59bf5194967233915e3392b17cd78a1e205c2bdc2da67e812	d4663f0fd72953e2b38c65cdd6036e416723049d51e4c388d80aad1d82179b97	b0d8e79452c0189ebd1d23e60134a918a9249348de9afc04b7bfdce0b4b0b772	33c0ba2b16bb5d935af75a436083198807feb898dd36572a917ee156378580f9
500	7b0069d15b90b21ff230cfc71010a6b050af9d26c5814ca90bee2e1c1169b684	50c46c03b686073a7c85eb6850d72ff3c55117151c997a2c9763922bda68b1ac	737dc3755385478631e7a0ab28187971a40fafa6d24c0d388f97c4501d562244	b7d2167912b924ca4bb32a88a127c071401a660336ccd90c571744109a75aa6b	61b5d1025a814b33e2fdf36fd82ad9125d55d23a84cd2f68fd0ad122e044f276	56fafe3e64af78808e6596de067e246c1fd93394aaadc43048da7965f381ab98	2713557189dd00775e4f4f78c0b33500d39fef206d99a36048cd21947ad2fe88
501	be186ff0d011d19dea7e94c7da35ca4fb511b063c47b7d13d2be4eba9bcc27ba	e50df855bbceda7c6e381f1224c2d239aae96ef109e211e7d67486574c7780a3	52e841f447caa2006865a8ea4b3298189f8c842e63548770b270cad6651b9baf	530142e1f76832ac9f84adfa9df639fce13ab4431f14276283e81e6cc5932954	7d678a6ed5854d121e7b1a2a68ce038bdd52f53d4759662b514819f928ed01ab	f0a68df51ee5857c7d9fe2339c683cba6af6a6d0b5d6e823ad3a37d692dfdbc9	881d313904138615fadcd46b5d140b4261314746829142771830cacacf0753cb
502	bac7b6a4fdaa4c4913ace89cda67b2485c7d9688d6d2ee3eb7fa78f663b3d934	56bc0d424bc8cba9c96962a07b5490de15a862382d575574395efa77b2307e8d	c574feb28aac1d1be11b37693d1da0462045b324e7e79ed9c91068a65abc460e	0f7bb738cce14b18f95a7f93ad6f07fefe501302e3ad08ad74277bb71a3682f0	55df94154aacb3c6d66c6983658e1a50d91cb9dff3dd8a5d0d7a3234b759ac74	323050f8c20edd7a28d9395b524a7ea11881cb3a2de95a29dd6cba07119355e4	6f3f405ac29c4b47491b34b300d6de1b1e4b254036a053606e84cbe40d0eab8c
503	65c60a19d8ac58daca2ee868722b08ee867da2b8980107b5a65b5bad751567f5	deb154454538c0ca6da187537439c1d01e6edc4b038873e60f6df9733a599612	d6ef77d32beb703f0bdb79939165015682e2473b0a0bb51ae2be7a145856f154	8defeb0419eb3cc9e80f64aaf3592f1268b09be069fa669a7270d256c3c20900	556c3598b2285e9d46223fbc29b09e5d37b9f15ada974c1705aa4e79709efc51	8728d8cb3a44226f646d28be60cd56e9bebb005c5e96c495c5395995c2d691c2	83d95c91819ac058da1626eab992a09d329c712585d11e78dfc2d7d0eb029c4d
504	2b4a87cd0d91f4ed77f675ab31827196cc53261296d6b3373ef15a2676ac297d	0a16370dfb8dda373d29d0a9afff8e9e3f96c811fdc8ce86116d69748ab5571f	516bebad7f3099e10f45510b8d618162944ff4503a4676c63994f2bcbd2aebbf	120f193b75a604203fea0945830f7ca88dba03566fbbdb522072fd343066c053	a9b80e2f81bde288603c60d9d954b76b9158693c0a6d1b977cf4f6ee772f19dc	eb29a62ca38787200b93a59426a9df274f6adcaafc4747088d20a69da1cfd8d4	755af879a4d5ac75d16a1eb52103026fc47c4f23badb00941e85750cad9fa574
505	24b8d128ec3af39994a8dee2243c8702e1d6d9e906e617705f39980a5a9bc4c2	55f190c6f90b14255d7ed74ce6d85a6cd975d89956a2e7e85e5d1c0e0eaba918	568024d8774524ee01edaf03b58cd1023d4ae92abe38caca4d44572c124a2e68	b83431f2217029a2b77ff2b0ac3fb3df3a4d7dafb361a6f8cfe9aabb8469e138	9a79b09ab668a7122edb20076c6ecd1f66cad5d3c544ea26099a78fe82645151	079a0c09c57c897b7c79bb5b4320faa0e0c16a1baa8de79b2763d61fe2dc4333	95977f0c8fe78d35fd49fb40e9a6e2309f31916869a09fe0b1f417b5c66636a1
506	c8dc811d6c26c8be183f9cdfa1e8ba96e8385ffe54c9917fc9153026a2134886	9992758f2906ad77035632cecc91cdd4351921100fda8ab6018e307a827a7ea6	0b28ff5a4530236288f1546a408287d52a346bd02cff3efe42243319588423a4	7a61969f87820415840354395339a73bebdd11879341cc1547620f9eeb99e168	f8e3b916d5da88bbde4b7feb9081189db1fce016078e509056648a50070bd851	fbb7e3aafd558fbf5ced60f50cdb07dd07e00c1a11f69617febb0a67c2ad30ae	d5b178e6debc47c6011b6fdba9d0e525c473aeeca7a25a77369bc2dba86f4dc7
507	3e386a84dffe9b0f335cf96dcaa798131c11de8e7914ae2bd5bbfd0c9be1759a	1eaaa07decd44122a1f5a587be492fb7027f3b3bde6e97dae4663e14e95ec0b6	24b7a8f08e69eb6351c16398cd755b1d977b31c9eeb5341b92e253cb45243ef2	a27a1f1387d6eb7b4dbc8f75a3f3cd25bdfb65193efa0251c274877da51a5c59	3f14e82feed43bb0d972ee260e7e88bf5848d770bc3eed163a0a34899fb05042	9066d2f3115ba50d207407b8cf55b8edca4b0e7158a5fbd825028763c699219a	6cb52f27aed37810b793fdcfa3b25f9b34a62c49c63b22471a099044a21689d9
508	551f256e14f545f3a1979e6fbfe79273c6f9a809035bdc23eb112a3e337eb1e0	4071480959ac90e77aff87d46016b8e28845f8f9d8d5f6f0b7b75bec883e24b2	12ea2cfa83c26e03badb1751d68ce92d375a52ecd3132490b02de4da97101cee	6f91971f4f2d932f39d80dcfa47112f7fb65697f7c81039c14731c165ed6aaa0	1ace5d0e8d759de5286ed878114a8673675f4c22373f5e120989296a6f7fe16a	53166a944e61e5c5454207c057f081ce391f1b360e13707fbd684999e746b360	12636fbc01fef6e9586b6bf93dce40826da6949dccf90a144d5f24085cca942f
509	66de3357826f283c4d519bf4ae2dc08faeef0e04c3de36bd18f8126f1b59aadc	845697b355e452a558a925653d9897570025b9d5388fe24c856193e1bbba34df	ca9b26f8eb96f571a686db94ac54fcd8408126f78da4047c67b42f6ebc8fc0f3	a6375c808cf44762d33db99d84bff58663226beefef8adeb1784b7a35bf8381c	a14d4e9ec0a64ac1e613f2491aecfe0f8817125a0031b01634126f920f3d5358	6ee8b8538c9942c6d6f5bdd3ab7e28d6f0339b923a537fd807535330717f286c	2f1cda034922e26abf88f132e432ff1602cf2bee542b85a83d42306a89e1ef75
510	a2af215f66cfc78ffa7f91250dd32f184d621a54d465adab86a7b777a990995e	bc6a9454ddb65173bcbdb1788ea71f71b367a1d1e942af2eabd36b869442cef1	a19508056597974a8f40ea058336332e013628a705dc86ca38c0e0ee3d4358b2	537f935b61adb1195801663efe2746b116f82ab319cbe438f164149e49ecb9c8	b6be1152049ebbcf52b8c7297d6ae29872e77137add0a7afd1a155776dd9eee7	e5968d1115f93c809192f552b262a8af1b29b9bd19961c7f8b6311f25591c64d	12a7d31252e260275d94c7d2715ef3eda9d6bc5422415e0f4e62f7c785553ad4
511	9cf449ac5b12c17f98996678d4fde3f3649dd01a99366df375adea5be6e014b3	c2268097767a549c84b07e9918fc668070ed1ab8b1e203da3615c9a9a7b586cd	d489f853cca4b4b454fe094541ddafc876ded385e36010d9c9dda15da8808ba7	fdc95bdd681ba790d0c362413e41a983e730fff61e9991ce32a2a351f4d7a12a	f98736a4529f7945c104f4d16b0e3e4e8cfd605f850ae86ce0ad99f3d877b977	3b2b2dec74135922df40e713c6acc27f641867c760726a066fb3ab041cd5bd6e	cd81cd94ac6efaf53d454925dbd5923413f80341c60beec611fc74e0191e5952
512	042691ec82628617f4b4ed106dd962d50640fbd126e662736e94d33d7af39beb	d37f5e0463f32ef91dd75f1990001eb8de36e1f353016bb545a04f8b010ddabd	9e702aad5f586cfb0240e857170da9e0dfc4dee70327eb0ccaf998fbf928286e	961fb540e11a9e3472f6c3970e487f070984cc614d9a06e4fb0273a1c5ac99b3	adbd4daddb2ac3969a9eb0b2e4b6b3b5fb5a94717ad25ca6f82b458b04c059e9	e8f23f7c48bbd4af0da454203a62c6cc87881d4b083abf793fd5b477194785b8	8f2d61c2675184c529e8615b7fd38f2b968cde20b1e1a0a41e96e025a367e6cb
513	9beb2076066b8ba6df28a5ee0b435c7410f77d3e5aaeeed535d6ae8fadcd1a51	c6901fe683162880503f8e41c70bf3abb57fe368292078acd2459258fc5eadad	aa150e859ca8edfba0bdce1f1b0e2d00c95a1c84602f6be1adc9790bbd577381	12b15cad923a7555825d5296cdda93abf82704645c94600456024786ee2059c6	121d0b7cce18ea2b95d8254084505caa1387d8b1125886d28a06e5df5c16eade	986f644dd62a53314bf6ea8a044a5fd9ae99de1749fa1c2c80ebc865b4713996	8d669a8e02a2784b78fe42d71055e8181e26521045f8524c658c08b45a04b68d
514	78b86c095d9fa22954fe1472bab10496c7bd1e81357d359b229c42f8c52502fa	5a040c58d5f92d041e25e9f8b0c4261cd4829c6ff172be713f17a561a406d975	8ff63c4eab2b26a9ec7d12be28b7ec0a494395cbe6db07c8305e5bce745acc29	129387ec61aa40dcf6983cbf61ed905bb1016398a2c59e394a15ab55bc7e4fc6	767442863f3cc341d918f6e4cb42772f775fb3f5a27fbe3b78785ce1f9677bb2	446d446c5b9434373d35f3a4982c27944ef76b80c3732d62731e6f21e1a03176	15246048f76aaf473a39b93b87a1e4c11c4a9434dd8b132a8ac76690d6e29d05
515	5b28004819b926d43f7909effd67b308b8a0916acfd409b9c4e2de7b5f4bda65	a862560c3a736211e85b6720c03a1af6cca2cd0583939720c714522a0cbdf2c5	8ae7531a8d8380659ca1fb638438e97f2c81e1340712c2f9c8f718881d336daa	5008091bae13cd64ee795a3eae930dbef85ad5216ff45fc393641e12af68d024	171dcd15b76f81fa495e1a8873aa0c8258a95408ab931ae5dbece582f17b8f17	febfe23826f2284269a5763165e4751c5280118fba4fd500471beaa66edb7306	a9ee2c73f07bd1cdf3a3ec18a0ec63f819ec3b078c1117b75ff267cbf1d2d0bf
516	622386d3b390a20371844b3821dc3dd1b9953bcae104010b306d42bcbe85ba48	37cf0a0591c0cf6f6dc9c256d01546e555615104cdfb017eb3657e241143c064	2440eec8c7a48c7669d7b62148a2c89ab78aba9d7f2c2669bda0893c93dd6eba	717257e6ca2c7cb80885a3e0e08ee930da3b9e392ade38718808d1c1660ae2d4	f17560f1c73d1f7390eba17e4e80bf838e7a1def7ab642962db3cb59cb059444	3f3de62a78ebdb2cccf664d8fdad3d2ca2049f21be7d856b5881567a6b629695	3b478aa6ba45adf307cff161165810c0334c0cbfe8dc36fa67810ad9174d9556
517	c35776cdaab532c67e5c65f26caecadb0479fd702ae6db22c941f4e77f8f21f5	68362ec4b958990b33bc70c7fc36676e7bde4cd1ca4b811296699f52d8fb8870	127bedeee1a89682aca1066afd910719cdbf34e27315c4d474f9a554f63b4345	6fb3be1a2e83c020062b01c83cbfd9c6703f47c0ecff8cb91327012ca80adaa1	ceaad2267a9a77c416a33ab9b1c10eaeefbf6afdf4dd528f67c7172d88d0015b	b9218a4407b2fe585226b1779d84c66e522b39cf66821cf150f87f39c66e1542	8f35541ac0f26432c0545f4cea3ffdcb20dc16803c708c054614fbfca26dd8fe
518	cdd5abd8796bf98f4dc71c78f5c09fd78ddca5a1fd0afef270bf53df823d3a51	7db0602f447f5cb70b82cdde4e4c40ef44dafc7eec3311116158c7d8e8137d3a	b8c76718b2a6ac6f603c712f80467e36a4b4cb2b5750b2c13cf6146425559f4b	f86ceb6ff5da7851ea9daa8b09bed604a257ef24b9ea78e6c6278db38d5caa3e	634691fc8eb0b83bfa36afc55ca436b4db0b538c3d58e53691d81ffc20f592ef	49909e2dc84be57505afae0edd01fcf009a770e856efec6572e505b7b0fad26c	503ec89a7b4409e1fe074e359fef58dc0a8a7626e9a0346d44c497220accf6b9
519	f1e4428b7ce6e9747ea01697f5e0281f52cec089429e4c3f938c821a480773af	c4b6b0d7d01505f52d85b30cdb09993489b3b4de27aaeb32eda9929b7466ef5d	cbb21d8d2d7c65c87ea458c7b3ea4a3433323275ef89854a44b7c2e968e8cc09	14ad31798bc8ee8fe1612284e702caf6dfae1b336c800252ae071f5e9f9aedff	fc63d9d0dfbbd18194fae139a63f3f5e47bec54c8a1868ac20fd21fe598ad1de	b797b14354a41e493cd05cf5c7446a24e531793648ab6da3a73971e519c797a0	2c7ee1efe29d6fcfc69967641188d2a09d11d80e302127d7d444329fcd2dd50e
520	16a9983ea14ae918e97e92f9e21a3ffafe2d04f9a6334cdbc5036971b10f3dc9	cabc068051c96c319b8424049217e0c1b903803ebcf57f12664cfd58b81be4b5	2930039c539e32ce43ea34920bbe069a3a0d4f0e7c58e375bb0cc97dde098553	bc4dfdca9b2ac7d29b8859a5574e980a0627df31fb10ead764a13b433dd361ad	69251771bf483371e5811a687ce0998ca2fc73ce1602ab4cf2238b92136f2c6d	eac30d2403c0b1608d86b637eede4f5ec68333bc0d5265241d6f3b1654ccfa94	7926cd0f0955d54e156166877a8bca38294e996f3584502e898d8217b2d80fa7
521	2098e52576ab6dc2abf4f6b507191506f33f7f54220dcb64a75e5d4b4c6d2158	6eab863d3a4d0a02a78b7d70a4d72916b5bc7a9cb6e0f9e4c27a4486f146800a	40b5d42f38b341cdeaff076e8e79f026332ae9bf2254c3bcb3ede390e7a9cb29	216f31e441e8895618e45552d10fbd4e71c37e6a869455ab69f99242516b2617	2bff9a14afe98434b429367ac4c8849df658a7ed1f29fb432a1d1f4060318b43	c8fc062e4f071568dd50f29d5853ebd3d9229506c252a6e73f90925c0ef3cf3a	e8deed3712ddf20d039d67e24df5f9679158fb1e957281c30ece9d485e30ca30
522	f3e7650be3b9d00cd57494c6640e7e70283cc9a3fd62568b99afa8a4f8982a1b	98c89a088b77386e7b4c50513728b71676814ea832a7b6b95195375b87694289	96a6f9ac879533f051cf7779002745aa828ecc91ac3926ebd5e0fccc57bb187d	8977799706e83531c6b9bc7a806a699e1d1913823115c702bd5c488b5accc384	ef673d003962943c174eff11e02141c150585d9d7a9b3baae0bb17f1f733535e	59368438bfe1beadd8bcec11add736104173fb749937d9b40814eb2e344268e0	f08078c34205ef72a792da7ab5c8b788177990090ebd91e9a37d3e08bc6420f8
523	02cf65ad80f4beb071d46a927ee9f3ac22cab0e19b36f1ab99bb1456a628f9e4	13d4f3f0721599c9871283e6921411268ad0d4de19808081b3dc4cba5d26d896	6deb5666989b4a036907bbb2a3d6f6235cee528a12d24d2565787734383776f5	397aadedd3b4342ff58a5b47a7d854717b53adcebe6304aceee5e4897b46f911	3ba440e4231daa1fa6661337a39968f94efd25ce5f3639843dc62fcf2600d6dd	f53f99412f991d344f5de282f5e39325f8f53ae42192937184da8af49be624af	7241388d92cc763a78cd11e55d5fa6c7c7429282d3e32ff1a3f61f6a650a3443
524	6100b5fd69e06583aec9b91b985d38d5efd2b0fe2e65e60ffab4a5c87ebc7a17	c7d55903976e8df119981192f54fff8f67cdaf68179cc5459415d6408899b11f	d278e71439af13fa4d8b0e5929616290d8199a2ab2abc68d559d12f31ccf2edf	bff6e9b6434e3df4aff6ea5eab431a4fd311570e9e640251df7429d36aac2844	4a0bd475394c001fe77b7e32dba28ab0b6fe5e1420c6ace190835595a044d9b2	def3bbe48238655e9d31da5cca9bf249bc64f3050667e2eef523c064ee3ea72a	9e9afcd312baba7fed5aaf105e3aeab4a70eb1c7ec302e480a70d2f7d238bffc
525	04a24a3c54e1572ad91e23203a2693895fade342b41039237b606b6fa26d306a	9ac21a5794acb47aae6455cdcdf0d5b1042bab3b3af2c587fc4d23b742b2d51b	2f5cae6ac77ef004c9877904dce42d2b5533dbb18907d89a89d5df74ec5d1a90	271339227b6a9536798c90819bb78684d44d7a4f068de4d087f1a9b3c2cc9488	afbbc9f487098922d010f61c16baf6d2036ae5f39c6031af474e02cf08d2380a	c8f7ea6ba8940acca60ba8f5a7b8ea64e23901345026ea90248be3f36054ada7	19751de7c02947dffd6b3372f6c3b7523e3422b954c380f14d76ec9b85443f02
526	c523ca73bd5af05afc853f6d5fca7a73c2eb5f3c45459b17c2a2328416eee490	7c2b875e11f95e510341030da48459f89fd4748bcf6e658012f0f7f9f7d72e4e	3997617a20b78f0640ad8d037f7bada9379ae36b03a3541e9cdda98ee7a8e78d	3a3df0b6110e6e8e348477e92783932f1c94ba6997ea2d4aa45aa6b7f2aec4f2	24e68d65e03ae37f88dcfcd01a15e4f2a4814dc5f32219124ee7a92b6502dd9c	6b02253825503fa18d8895fce159ec6ea599cd55b59cecf432299e20c795e038	4a7f305227d450af4f8a83e3892ba31e2973c35a2f3c8c9e21486086f17476d4
527	16f2631b7df1e443a9eabdecc510467e6863aceaf49b253a45a7c28c734c0b63	19619e9f9e398d33c6620923419427e88b160070e6cdfc0283d22b62d51c212a	d2d8e6c309071d083bddf7591084f7042f0c7693e0423a2f5c7f7f26acb25b81	2d4887076ce42e8a75d2773bc8b2918ddff45feb4c9abc4a74a6af5bcd503572	8cedc09eb523c6a0eb53b9ea38652bea41b226147bc4a643f18de957e1a23deb	6f5b5dba11ae82ab877102a1b16e01d820099f38940f8447615b114305b2037f	52ff15e6e91ddedc858550977c1cee007ec0d98e134a0cc51a53cefe366bb225
528	14508d220704bf4c1d350e032ac7c4be6c9a63bb23b9fac9b81c664a9689b625	9ac51d3a1225a92931841d1c3047ff6a7f5d6ece5a83e0671d6c5b2c57470580	6512bb56c0feeb0e717a30a2ceba02f9e0fd208e8b0e424eed5ec532591c6469	f4ee7f6d5fd353adaa45b9b6abefd4b69fc64f10f2dbb02c255e71933e166712	870d553c02720e832d1d2a45028e57cb3fd4a3174574de886ad034a643c77148	f4bec7d7a8b8b33bdb9933a1794ff50c9d1f05e72a6dea9914f650203966967c	20626224c3a1832961fe91635a7e18528d10dd36a46ad0e5fb6c8037376d2dd1
529	8ff773774f7bb20e6d9b2c7ac478c2401ed797b2b1b7f7908cf22bb9d9cfa8ce	beb0b6063b20e5f70027fe0305139201291d0a433fd19058b9bad20f59d8556a	150c1e36c1641b7d4ea979fe6d08602db021dc15952c90cb469599f6aad53a19	da43ce22bd9ffe592592c423051a34fa581b049049b4221c2d7b85ae35213c41	e5aa235010033b4568e8638b1ca8f24988e7734b84680f7da3d734f66d8c7384	3acc342d10c2942f3d4a03ad570c6cb23b38c7e6a138520fb80eff6ec02b6a63	124222b201e48b4d10787a91dbeb6cf3c8b981301fd0b81c77b107f61b870a8b
530	6b5ee293c916755dc0a3024b4fe6dc5c215b482225c846dd5c7f62e4b534fc03	2242adf3753345806cf7105fa9652a7f393ce09215d07ee75e5de1e1c9747349	28216d8d56b7c9d4c9ed02c084e51bb4f779c0e58b03a0cf129f328b65f32896	7d90c03e015ebc6959f70e5823472781cf4b54a0edbcac02e0374c4377ad4204	365686995a808a66b2bfabb43fa6538601802b1c9a8e05a641b3c016586439e2	6b92ddec7bc3f957bf36624644b09e989a72c14824d3dbdab2fe273cca77c8dd	72a43d4753fb5eb8559170e925f53b8a52bbbc4cae20ba7562e4542474664fab
531	6abbd6852ac5fd0e004f21aa2bd435012955f0079bbd96e9ffb7d5776db3b5f4	487da006a423dd125f2dd6ff8cc97181484b879d397c55b716cb9015cfe749e8	e34a0d3326d4b3b21b37f421a97f7a00447f48b5bc4ef285a7c9fbead22d6c7c	2d0cf266c18e1be35c87e5734cee058869a7c457099ef729892c1be2fcdc7b27	9d9d345652c3fa0d24376f2d915fe50ff274b1c1d339501cccd1062f94330c91	4cfe356a1f8620ae2aa6111f73b27987fa1ce8d0ed9fa58092f601fcd8a9fc96	7f4a1e06c6866f399f1eda2a9634ee0ba90c4408a995f664d12af2c54ed3ba9d
532	14632c9145c935915dc49192d596e9acfb23acf719b86dc0159ce960647b6378	e4ee1508bdd06cc02fdf3e52bd58685a786322633e97f65d4d33c4c2b93cec9f	9dd76526ac4037c587bc5c6d7f66b7e1c4654e8834ae9f151449175e525f7ed7	17bfec65d07eedf2ecb500ef7d040aa16093ea124005ccaca70f576f2139e5b7	12e801c97d910d2521f0b2488d2eb88e1635c070c8586829759fc5e3132a1e28	58890b7ffe8a00d61faaa20d773bac10ccc50f5cb6bbfa6a9f926d6920942558	bcf394177c98b7a43fa07189d485d24c00ed873ecefb5df294e069db67bf6410
533	acd67562b41353296f0ffc21657f1c9dce6d99da297e47a2bfd4befd25d511b5	8818ddab6413aa51bdb1da5d796ce92116102b773914f5af479ae4cde2afcde0	3d2644b4df3eb8b0c22fead99e6475a68f853881f9b88bb302cb74b798f67e3d	d26464e48db0ab520ce95a416088803fdcd54c8160666b0061fdf92d08fd7f42	e91d073c64c722180b94ad8c51b9b2e027273b6025f25ceb080ba57ffb82b2fc	51475a8e727ace2932940fe168510334ced2ad2525fce0d994edeea3a611b96b	15039a775464f4e99b1229e7351f2f8d324485ca1180b20bc8947b2ab95f8253
534	c0778e9522dbecf07a0342a141abf34c4791baad118506ede4b1395a978b61cb	2f28d48b6ee0e2c4382f0304ea9f6a244f1d57c1bbb0819ffa96aa93c75ed70c	ed1486332896f00ef4f9dea6b00d75209f35fa5c57d8f3b5b06356d161451cae	3435911e888dce325e1ff38c15f2b26ed60d5a2513b387522caf9afce35ac9d8	9d82dc77c477a9855b008783eafa011ac2aedbc8bec9c9cfe75b4fbfeca106ef	ab8267576da59d7ca501cc270e7058ca259e4a5aff51fe28934c73df5d2714c9	1d68a488b1db2ce026d61f48a33bf48292b0f9c7c89e23078c5e0717e23449ef
535	7bd47564b78d54ffe34a3ec08118a2711f279917a758059898ed3579e2b99b98	c67e29ff6493c69ad5aed61d7451fdd09193a0d79c00669c7fef21a1561856d4	60805700e1d377682065362065ff67c57d81a5e8f1361aa63f0aa352ad1913b2	90d147b42804f517b497bb3eab98b0165d2f0a90bcf45372c506cdf5b08ac650	a2c20fb3dfc37f7b16dbff98a79b3ff9ac697d2aa9c8dd27df08162b02fc417e	3e01050aaee9304ac47e38b9818ff887685d1d1bbe18a4c33847ad910df72853	0ca7f183bc025e529bb16dcdd1403ec0558441fab32eaac715c9b24ac076fba6
536	941b45226cfdcb9642f3a3c4c78a959092829d7bee1fa7b35f3330a49297719e	d62b2a3f0faaaa0702f6956004eb0ce96d081b53e8a9bd3a99fb08e52a20d746	2443a811da766f0327c2cad79b3fe439c22eb924292355b928e88c3475b1d28d	86e9d0e6bf6b8d503b658ba1dfa1f56c908806001824d590865e0a341b3b27ad	091ae1b79df72fa2c4974e6bd8f82585cffb3dafe6265c457ab5afbd8d3437f6	60c1813b0a86d0553be1dd743c6c0584650c0c2646c77f6a94e2b00393938abf	463bd0bc0d1c38626f0957f9059650b380ecebc608ce33983a102b329b89b118
537	0255e06093230f35ed037128b70082a851f9ed89153499867b96f367385c7bbe	e0a3ef800cf3f140dad73121ebb00ae237667382e3127618bd2db68b4df63a7c	568ee48b79070f30024b69dfc0de1970cf4f081885426ef3fba0342b13aecc55	1824b661b1b349bade969e834daeabeb464f2aba44b7a3a45d4dff68bfa6c652	e92b83373f716e2db0a067f042442ec093d71445b16805c89af8689f79e938e5	bfa9dd4af0eabb9c53b1c15e3a6fbc818bb6f6746ef028f59f7d4487b0e8ff67	87696b3c2e365535070b1af195a61958f56183ea6aec764da87e13ceba565e9d
538	c524888cd359935b8e9f91145dc27dbc68e0266db52e24a41108164ac4821d40	3096e53633726bfe665d6ab6b346bf03eb12d3abfd67f56ee4118c93f69eb4e0	b576900886386e5ebc4bdf8923940daf68f57d3c73979ea963dbb02665312288	e9733599d497af798543be9db371646a702c6a0207fdc704e357ba52000dce8a	88202c36ee498f9e7ff7be104b23b4993348d3fd1d159990de10ecd5e79417ec	19b510543ba8162d39613d40b63d6f545981d8c08efb9026879b1c16a2556494	191f51dd89dc9fa789a09c6ee6f9d2bcbab54ddd068d9e95675f217f4274f79d
539	f4997a567fc4777902ce4bff814a46b1cade8abe151fedc4fc4ee2304e4326fa	6bde60d4a90c113d105eee6effbdd55722b41fc5d2ac6be99bf882e77c9cdae0	f44dbb65c5402b3b6e11d87dc15e4f0b866db8e0932eae87f2e8cfbecc7ede3d	39dffa6393660d11a03e7c1ad5d01e310011cf806a20e898ee647f973523153b	4093cf05f6aea3c25f0640c9f85b2e3a97b7e7531dd975e2a0a18565c556ebab	e46a1e8b9534dbffc14aaf3d4077d4873380a90fd447a61ac262f837df9c2212	91e72208f2bb2c9b2c3e2d1aeda596db93c9a4876b75cb62314ca34c2ded55fd
540	02adf3ac74502f1b438e999037b23192e917668550a588d16753d7c5868254c0	7287fbf15c49a4a06ad61285debc8159f6399c486bbd61f24c79b57ee95e880b	90ae0d3216da1c3814bcf0b005af6f5462b1400db6115960f563bf97e74fdb41	2f067f484d3c62463a998695d85a36f2033a0087e60bd7b5a617c24e2e8fc9af	a5e90f7b627c39014808cb448715c6ac37735d204e7982549af8fcc53fdc5dd0	7f185b8e0e2ed57b13e710043ae4968996e2d9e3115b3c7e55157bdccf0edef2	28516d3dd2a4e0ae9b2d668d90bd90c5cfd5458206ff36e2f2214986d7573f1c
541	9564f3bb20d1f81120d31f5cf2ba4319987616c834f1f17873b1b345a383c67a	e44dc6f67f5e242374d908cea8bcd1d04e05dce69e51081080d0be36d0d1b781	079bc29304b1dd162bebf578f253408308c76e41aa7b5b939a9f79625c8d5ccb	3a7646c0541fb529d51f4c1eba5549280029a7df77ca918439570a161e5e6d51	01e1e06f1495c45d28820e2e37a725bc3e74e4e7a1bb04b4b00b0c6a88032aa6	bbe0aee1b7dc986d192b64af6d60659aa334de98de280bd97deb0244bebd5550	4c11c39850ccc77f5de0720cdccc6d44f43d64529fdb6bc1f90e8dfe4f1c1bf4
542	d12c91a64979f16156e2f0195d2e32bc3a4aca54bd62dd3f9ac2d462a9edab0e	c036eae28b8484d0ec4c644a9a9e80def6bab90be17860520c8d5f53b3d9f1a5	dc004931b5ff75a90b2750729e9e5a9b2f264089f50232f3e6369bd4bc7d38be	9509ec8a58d1b8de38f1c4d55019e3c5f8651a1dd5aa0080c196633b47225b92	bd5c427e259d9b6cf5e4ca5e9ac79e6f76815726c13111332cd29d7816d75912	c6d354be8b87891e41012442127e5660ff34b46d6527cab8fa292fbd915fffc9	b575fcccc4d3cb5785bfca8f9e87cb7d187f70f5d51e45b2545b89c4c012195e
543	021787cc48708896b417b2157e9e2061816fa876d9bbe1bba6de195f2ec13a54	7003b1b5491afa613807486a4564b81ad755300e6389f0c32bad9a67e995157e	bbb69d0db4a3163dddf8506def26bae899fc89ad41488a6f3c1416866eb71d91	a0d6be7d7f744cb8b9d552e30b44b41c5143b306d2d99bfe7b779f92a0a976ae	61d54de919cdff2e34cd06be3a7f5950e2809007d3d97879da788db7909629b4	7c2826744a1207a157a8f396f013ebd3b29a7fac0c6cbc3e6eb3c185f00984f4	c1a6c39ec2d168d0393d0ecb063dc0786954c7470968d1bd895e15ff34f33773
544	f1803b983851355d214973155c459e48e22696dfc5e3bde8c9750370e157fa07	b82d6ff3b2df88801c1da45c1dd507c5cf9f99a7ceea3f5f5c6c6851902d5ced	38787abb610e173ade8f6735de1c1b704548c3105a0c653f15b09e64d2b55868	ae53fdac20c9d9f7b1f6954def2489cfc806c3ef0a5404d46a790190d8f41213	0eaf42e9f4c7bf89ca82c806eba39bb1e6a0f292dde86d43e92da16c1c28bdef	2e60abece91c5e7f4ba2d53286310c9f913caf9681a01df8162951dddaace7e1	f1230646832a0c1acc8f6460f290bba1f460db4d4c5af85117823a0d50d1aa53
545	af976414a229241688c3e66ebb4050a50e43d9dfadc38a3d7e1a7523b5263fc1	6a4ac4ebe33530d5aa88b517cfcff57b6bc91baaa76bfe52ba0d4ffc08165238	3f559524b5ddf7c9114ffcde26d6fc019d98809c3268c81fcef9925ffbf6bc50	dc4c97409a786bcae41074b5a8556f459775072a51f0f0bab90c32ddef9e54e2	37b4a6a6f1a53fe9381895b100d4b2c8d087ab94c32bc83659ed090112f478d5	28832a79dd6c5f4979c793891133e8fdcefb9869373e1bde6f087cdb3ee3c236	2f8d62be004a3fb1b142d69b11818f24ccd3a3cec7f939baa0090533f70c5036
546	01372cd21da7a418035a8da33f3e2b11b20798b2e588e635d67dfbc7e517a796	20e83cc1f19e9cdb1efae30072bee5574a2d242776148cc4535e5d20ef246e86	83e9ca9724a6eb09a18b5ddc643a845f8a3281195539a64b30b71e0f135958ae	611be2111b8667517f837f5e057126e570f4ea2c73c0f2ab43c860c07d4e0d61	a95ff799034355a497b5a2b3d17ed7bd38373050e756c79b5cff385410d94907	dd309b3a9b24bdc3c25f1b4d572979c0aeb06aa1e38fb306fbbbf7e564de818b	27f349866b57d43cd74530fdd97d5961ae695260efdc87c64b17e0bbf16b98c0
547	7ee8f69ea64245c98b4083f88972ecdf5719b3bfeb741418aa15b20577f0959b	c95812d0e853746f4219e7da9657f6623ca2558523a22c79cc87f11afb327288	983fcbc2bdbc01000b91160639a465990471fa1db0f5399a0382dd25ec11694b	e4283c365e120a07ac955912eeac2629b6a36d64e56e87e6f5c87fc767717eae	3c880e372389f1de74c0c673698518a1008ac1df45bcb660a8f02aa75b3b00f7	a8ff2c9b0cd940fdf41cac19ca4377d3df4545d9ffa075b497f8d4e9726c6683	809e62da6aad38f1e3c788cfecce6d77103f9c151798ee2390f6730d4c317c35
548	ba2bf42de0ef16b0bee7ef07adf2b058211f869734590fcb00f2f45cd4d8d6a7	ff36e86cc17412778505d0fc66e6932b72beb76977c9a93d9bb69adfdaf29c71	8a5437e1ed3453354ddfb1779e69d5a5258af02b44bfc65bbc50b830a8e3739d	23e5275fbab203de12ca2321a6cf3978b9aa86d3599f0f8aa69b1d8b62f53d18	0bf095300787f8d222012b5190fda14bd2055e16e20c2661f997f11dced07f7f	5cb7e83050dc4571a07aaa95dbeae60ff0581674bbd693362e1298a9dd94f431	6a52640188977d7ab261c4b3175fad57f37edea95f9ce24a9defebdae2433588
549	38d67c83d21ec1883e292d6753c98808483aedae692621b56b96573ac8ab0e5a	ad217a6c30238c3cbfab98f3963bb3f46471903fae852e661d88dfdf1dbcea39	6115cde023534f1fc53952439c19426e936fb4c0b1c161284f8e056db62f81f2	f1d7a26ce22d2599a5a68d27be244d155bfad4f792e78c9748cb3e4c85600e1e	0fb0ce71504ff5b39d6eb5ce752c08ac6313989ef01a648c1ae04681f8612e90	78029b2d8c86dd0edda863b92bfa35a3dfe370a5dc1650f0096f3143de395448	57b52f87391ea28326d79b9012dc938866b277c1d036b323e2822a865aed4a55
550	c966f72a4b639ce3c543cf7e94d9f76ba1d019005ee9f0c640c25cb809646c14	b4a967fb9f87c2c338ee5a99aaaef63e797c3c0644b4757959502ea9b2544190	a5280967e59b87d2011e71eac4a2183a3bb924b7a10521f0a049c3cf6fe2dacf	63fbc6ee64bea0876e80a143aa7af2d3a095cc6eecfcd3d42a9bbaa89b7b7097	7665e83eca2be97e71192aec788577aee8d7d04e472bf4526af3f3db31a602fc	61690fef22f85e519e114b8d3c74e1a9d902235201e3c389b156e1a5b0b679e2	abc81b598f1e159ccd84ab01042c5e1e56ead74697150f87e5b7c5bfd73c1a02
551	5224a1d2bdaece757f7d3294b15173564c2d2cfc7f8fdd21f00709f47c0d6f67	dbec017c8320494d9f35202eecdab931cf4629e0491d7f49b12dc7aafa9aa986	602ca8f320735a0c534eedad6c6652ce2e2fe5bcc8156c9463b4e8271f9c96b9	9b2da1eaae04c34a2e7aa09408dbed76fb768c2894050a7d64e777e060208f38	5f21dfccb96c377faab918027d440f69f7dbe284a37a41379bea4f8b006ba87b	99c3167bee27d5cbdf15bc59e0df0d497e081b01499c0c3f4bc96d83319e40ce	5376f9ff6681c6318a62759966cff0aed7908dd90f67207472e5e0b5d886cf38
552	4838809b75d5cf14f6a0641db2bdc7a479dd7db7d50a1b8dc54753ed7ff1ebc7	3ff136f59b0cb8cf0d7a84fa9100e99c9be3e2573c0132e27ae0716dfd9a5d27	b793db5dd7e30a6808818c7488bae5fed28d64b14edfa410638961ac2be61a26	e6782dab78e1aef505233fd8a3c8f21d0be865301c0c62fa3bcd30adacc84fe6	e77fb506d2f4865328a7ca95c04670b7c513949a24bc10491509521e793b39b4	011d7c84eba78b08ee0376d71f6a45d9ed43330671bce98e64ca68c6901f5f06	c391a671dadf929192355807b64e7c140ce10398173ba40c65aa569b863d7300
553	4360a18144999da082c44bb234b8b2180467db3157f5d83dacfa87b181f1d641	e5d8f7a8ad002adc1f9fb9cac0e7e788ea4488171b5c13404a2d341e9a635c75	fd5ab719cacd52fae4cca3d24c72fd1c4856bf005d4492ab972e8145a40c8318	45283bdb173fe4e5106d19b29c565cb8c9167137b92600f33b7ed975c944dcb0	d74f7d2b18c35c98212576f84f2d7d350cbeae9a254cb825fb53a8b829d6696e	48fd5f108a0ced35ebbbf68bee9a304d88cb46d3e7202211f7ed0a2f44ab2073	0a82c4909db9d35d73a4dcdc651ce06414d1977a9f5524a225848d2f91865cfb
554	3ad6b47fe1162ca458fafdbc6c9e78ca7dc5d5014a5a5792cb4e075e6d08f414	8d4119efcbe1dfaa1116b608e630d564c4d9246f832a4effaea58a981de0b629	57b82068fbf7482c47d2b6b7e45f531db8c0beed23f5ceda23a57c53454758d7	41dddffb7c39c2fb603d176792a76d29618b4d08355865777d711f810a8dd42c	01df908ddf5c18d7ab5e560c2c6eff30b830fb10053bb46992021836755293f6	ab093576afeebc43bcbda8cb3c7b5c7eb66ea455e6b739a9c4652d01f9636370	97a10c8f8939378e45199cac3032d31b633908636a7c985b0899a93ec6d2f9fd
555	d7f0e21c0f792377b6364500cafdc047cd483a69f4285d4e16828ddefa18c8ba	68f6a9060e4e3718809b6862dad683cb0e66aea7016a1eba1f1ae9c4cab50ebb	ae3fa1f3d569262fe36fee3c6382c3fdf9358863aa7667b8378c0eed76a9b8eb	0287a476d14e2beb018dc0a801eb2d504c3d74ccc5122ca89e97c70c1b2bb056	1fcd6016a734ac57c15f84ecf59247b6e587760de1970b133b46ca39addf95a5	5616efdc3404e5b34d3c8882ad04811f90708dcf53fdb5043645c541c9af9e94	343b6339275b52e4e50164169ac9a671050d108e5d3e31815318d8012e6f899a
556	11edafb318b662487262794cd375643718f9f40860ab4517ffffbfe990281987	1213f0d08df736c56d895f9f8f583c0f8278e619abe5eb59a368beea37cfa533	c2fc4542bc1b5dac6c85785d256c7990083c903eca32e749d21713a939ed1c52	8ebb16c21fd3b69896a7f2cc866e1258247936600cf10ec40e70c4b9b84f702a	404c161617a9f0af3857f7253c109a6b4126c0c7b737e00579171a9dfced2098	21e8dfb11f2b9207b45a2df4a7c781ef5d3815fe6d9e1e661c833f94bb43fd61	2c9338c36c8286e9256a6f106894351fcfb23c80ed1336df102e383b9d400487
557	5e85a0aaf1aef2fcd62d7ae9ddadc9fdde2cf5a8e85450e0c8da2396d24cfe4b	5b23e8f2ce7e5acca1cd9e35a1b20603050de5f05e85d2db6293d8b755511ca5	3048de1aad4be7a02fbbc571003dc9b2d00d815e224ce17c84584b57863df542	2c017b8049b0b29d2fdda41e904762dea7c3d33e884e470411aadb2ac20caba9	d7fa5f673a61a8593a05b55fc47484d987e0ed4face7b089638ed91d14e62548	2ff2ebab0107df235339bd2c83fb9eca6783bd5bc754a82e246da25cc89cde4f	454b5a158dda68777be49cbb57dce159c0ae90cf61c096026f4cdbd3712fdc31
558	e4d59165383dccc32399403d125fcc8acec78b9164325bb44a4bc86aeeb98cae	a614f93b44f474822806e9c8b0e22f7aecc3dbb3ba27341a0f558b63c051e745	9cdfec4d9f7997a6152a3dc0c9ef73df3c00384aebeb6e8fd10d9a017b9fbd28	d3af25157e054f9848ae95ad45fd1792b7ecf6f0ae506055f07906bbc27626b8	0825a6b2176b11ef0e0cc889ea7c5d33a8f453c79a0099b2163704d5a2cf9d31	f40efc22f47904e3ea57ef47d8f2fe6f379d05bbe4126d2b7a79796c85c506eb	bfa13265dae8239c569b18b70f65a5bd80dc990997a84d22ce89f88cac232483
559	19af0eeab81ccd7d5a554dff4ae4f54d7b08096ede23a4c2e02ad93582bd529b	5d567bff00a5d98d5f36736d489af06fd8c0b43f9a73f5836c4d3844e5ef04e6	852dde170b9c55928ad07b38a3ec456c55a923a5322ea8c46147e07b42b33466	16a923de792705e774e1d8a0e2e49fc880283574c31fc76daa8e4f17f62bdac0	74109ad49c5e0275d1d04bc14b8e19213247caa4e836b1de103b063f375c3934	4d24e787f584c0a6a9f13fa703dce6e3f6e5a9222fe67ea87ab7eea4a3be4fe5	a39e98077880e2e12e976334868a551a0904578f736e7b9855cbdfbc3bb9e893
560	9ef1665a78f442efd90c9c533afa97a6a861692e7d18444646dae4abbd6ce3d8	77bc152cb092b8acc3946e59a99ea46a13e14d5e8547bc8325867ade86bcdfa6	0961429368b45a03dfe1acd2da7fee98c014885e1105776d52a323d77e7cd3e3	85f500d521c0de2db25f235c19c46b514ad7cae355393059413ded79ac0b2393	017a22a7fdd3b8161b331088e3b7934e9572eada34ffb45902e4bc9704ac8bf0	540e8d0798aaf376559efbb251c38cec6a4a645660ae035fc9b2126bfec10881	4b0d11cff2d4023327259e2d4806af61fd4554bfd54664dc1cc420fbf07973ce
561	569a40e3728effd173aa0a7d33141592fa8cebb14e01dc6f25542b193ecced0e	cf74d44e846660ac8c62c9263bb7af1b4c5284cfa6839ff1ab5a3a67f85046d7	88ce22f49dd9ce7ceea60f33dd88045cadfc0b6382f7b7d1a3b308f8bce3a223	904af49c05f9134cca4a540ef9948e886526ad7928ab81f706c43700d2e387f6	e089fcff53be4f70dc57b8f8bd6a93be8dd1fbef0dc346a8777e4a84344881fe	e0472b68b6d59adeb93e6046609c5af3cdf66ede44b6d9f4b138955f2a923914	8dd10d9e38d1f2573db42366dafab54ca7a233e629b83c4fd8637e95bba128f7
562	a3074448d9e8d81606f0d2aab450039a8fec6915e203531a74749e659fd26d72	da320ba307aaacced91460f81aa24d25a19ed192ca27d03b319943c276b2f68d	ecfcd6fe0bfd798d54887d2d2f437afcc48f2af389b6b6c6f24b3a367b78d670	edf9462152c64c40d966309dc12ed908c493cb92b5ff33898e3b2316d0875595	4e338de48f713a79c423d25e7e104a30289ffd3f4b7bd3f4368cf38bb6e9f79e	aa0d83e6fd29a1d2ac5befbab500b1dbaa58892465b4ddb1f65d0a1e1f099c86	f90a94fc1c2f9bf2c68c3efbf46deeba0a87ad15d751be1d4d6d0b24d2d7ad41
563	dd05bf1f11d477a5a38d2f5f57850b4b4a18b2dd09a8b4fc58b8d9d9a7d8d1d4	11aabd1280ef422f1ab4200401dc3593f9871d247b454ff9a0e45eec9a92a5c3	1ffcf164345736ec4d24f86882cbecc3b7c5a88f70abbe8727455e39b0f13567	13af6187b06fad481abb2ccb9a86a52d080000d7ca8156a6ef5124d658907b29	eacce48a0cfdd1ff91725184feaa2310e193ac45b3003d0ea7680db0735e6f8a	375bc027147596dd1bd449c3c053fcb461c718f09608f9bd284e3a36c7cd9835	2fe21b782b6713534c66ef620ba9ed8a1e200b435add1dc0d51824008171b4cf
564	9570d67f5843b7c2ef86739cd02b267eb682fc9bf000c0033d617507ce65d771	a75d76232e92d871c211185d27119c0b4c9b595f678b94effe30b83e1ecd43c3	cb349fea7c0c0ed7a83777e15cc91aade09cd269556f6308f6fc0e906f76f825	c0ded38d87b667f6adc74d25df90ca60551fb303eb7f134eacf4cd919c98e268	81e57d782da3ca844d851bdd1ddd4ec4d0f2f7306546a8bfd5d2d84a78aabac1	1de15288fbe5493b3fef62511879256bb1f830646ab71c505cc7a650c30d356a	50ea7649c370a43716f1f4004a263bc8068d8ae922bc13dd9b1499a510dcbc24
565	9d1e5d10f7f195ebfa79cc234f7419e329afa068b8d6a3417fb7dc30fb710f66	4ea365630ae800cb99ae17d34012694b59ed7bc61bece0532b52499f7d44c3e7	402e7e1b069a88b8671ca8334c78bf54423ecf99025df499da4258236fec661d	0faa7e8ed9838515a5f2c83ad0e65bbc129616a493154d5671033c2a348b1471	2463e1165528ab1bfd2a36acfc0a1f5ffcc954a9e02173c32d6a8ead6588f9a3	63adbc9fddef8550347524389e38b88e9e383bb9cea0514e5bec3716f3f9dc29	975e5f3df906432ee535e9e3788c0c7eb490e8d3fda61e70d1dd5abf9061af8d
566	b4b6553d1d2d19a865b624a1e9724bad90dea46ef95dda7707a9fe58d8951451	0910dc2b6cf542aea30b8dea67fa7fdc3e41579c12a25bcb19e83a7fa8ef6051	560b60d2563ae3b74f7d3989d3d3fce8824a82e992a0fa5344acc4b1d6d41c1c	ad145768a41dda9860510455399795743ca06a5cc8309cfa81689a7f1bc9d934	900263d2841c886a50c27dd307994a6d51bc3cdb5654d11715ed4c41a38c4556	e7c1a8d3784eeb16f69ed8c9c37e7c24bccb0b3c3be9b13b03f5d5987ebd7f45	991ab9dd5f03105e52cdf08cc8fd3d553103ccdeb95041e8e317ef8df9b73cb9
567	06a92ee2c9e4d97706d7c745154dc9d0626ea37aa30aed0b5420ea871c0f8a9f	6403f4077994cb3a249733b486e059dabcf19561802263f37ecb55cea983f663	3735265382c9b4b4970da4481e42034f9bfca390408efc069b8773056a6f26b5	e48e410a2dcd26ef6a895d68b016f942f806733bcf94acf9413b49e32070b654	c16af68195a33860404c49af89c9135930f663ef1f33b5b4fba3478c4926f6e9	8d10b97bc88109ef6e93660d665b379516570b9d6163a5f31405e2bf8a62d520	ed16df59fcf4c55d7af98333a7b4b1988a15e26bcd06f5a5aad867fcdb01a13b
568	c39cb0366b4832947da70b0ea3e3931ab2811bf5b37aea1454e1b4d499ef152d	b6de39ce40dae78a9d35098fc1d5c07e2178caa1323749a824b22cbdabf02102	a19cbc0004d4a0003b2ac432555320016f658a14944a042b1627cf06e26f7af1	09bed257ca0f282718f3a44bc891d25f7e38aabb7c3151d6cdc0784490ad0eec	4200cccc55c6e16e15238bdeb5e23e6bccf7150e1674b25412b685084df90260	82aba6dc80b577ad5d440267899134e95ff1d4b60ab6b05013c34acb7037efdb	9be19b19f268edc65e4981db38f60a35766a429033cd5dabdf9ec77d9036bdd1
569	f3b96db6a0f70a5582b133a2401692aa46ad6c1f82bb838cbc7de8faca9ed5e9	91bb7efb8860e64adcb2dab3116b206b4ca24fd03a8f0858a4a7b91f8e843766	00c81a3c0c011cca793866e4aa7418bcfa8a62098afc655897c35e7a828eb91c	c6ab3f13bf59afb85c2994ecb4f0e16a17908606016b4153e1a9c9070bee7aa8	d5c2d01d0f39d42686fee6d1db196ebad3c4fbcb8c2fd485686da167f815b9ae	8789ad615b18257f197f2b6147d3cc64804747b956b88e96eb3177d437a1a903	8a7d7e14249790a8fdbe2c82a7157b00ffdc5745505c425e3a5b0361ca38b728
570	50a37c0d421799f07763183abd35e78eae48744357727cd6686e1bd6c2ddaf7e	8d6e113e81e0c76657aa6e47f68a0e01ef4db3835268fb9544548c8a35c680e1	8baff35cbd076367f94477c5bf02ee8b81e60a2af07d2fa6df4ee65d0380e1f9	6c2451ad7e4b73c3a991c4c57a59d242648e53b717d62e7eee1ebeac35f6404c	f6bb364eab79430ca420d5e07730b85c6ab62f802811effd8180c590fc2635df	d89549351f5c411f48545fa8a574fef5a23211355f981ea86db200cff578dd91	c1ac743540ea5622f594e9b3e89fc373c6d961f9705abcfdf71f02af8cc304f7
571	58d63dca6326ccff372015de72213b4c571b23b80139e817008bb66e12095281	58c8a6c14cdb5dffc30f590e20aab551d80afa90b0832d86018e038d5c020707	727b99c10fc547ce1047b2700f867a57962599b4d54dc2f462f4e30ea156e84e	1b28dffc5d30a834b3e5de9c3b99179cecdd695799d8ae0f45e76d3e6be256c9	acea1eacdcdd3c235b55e421d57791ce1a5029569951eff4a72df4b8ae7ce201	4ad875e55bb831416dc9dac377a562ccc3303f362dfe280708be7fcadb5bebd0	64a95b2bc46ec68c7c755bbac5ec319b100ade7ac10622fae19e96f27d5f1a05
572	0cc5381d26146e6ae4b676ce6710c8cb7af232251235e3c4e62d4916e49c59a7	49d2ca32ee1ef15615fb815090a559d21dfdfea9557ad372a5f0caf90fd0177b	c2abe201da3e04242a04f303d17548012f2bdabb892ff3ec96f0b1304e0c42d1	f7721179818d7781b4828f9a403c9b6ff334f4fb53ca9f3936f266d5261eef4f	876131aae3f610da6c1637da7545f767da04aa6efe647e6f576f99c71b4914e1	38c0e22f8181165d0474ae386c5fabfa9ad79a9e3aaf14133b3424a14619115e	246c3c565fe7f6b535c26351378c4cdf7a628809d63e3c7b84fc53de56e297c7
573	516e1b84ed88438a932bfb541d10454692ba0f39638e2c65fea4e37167db138f	cf9c2930d6b65a50b5fb786f79e8d6bfdf736256af8eed1ae045c494aca8522e	a37d950ad333d874a3810b58e263cd9e86778dc7baa72bb3a78c830763e9d4f4	830c395b63f490be524d23f92a4d8232d12a354bac60962aa9c89f396aab8d10	ddfa83c5ff017f55b6de469eb37d91e8a9524dc80b74f66e9ddcc9d23e5fb349	69123aff04edd0027e91669e875029a3adeac1f9a5214ccfc1fd2f4e95a6e1ae	2aab174cbe6bef74c7fb78b3b497cd51acae209fcfa67cbaa305d1cc27a2fa91
574	83b14af7e412393bf45bafa2b955689442ea29113a851e9f5ec1d8735d77f8e9	92850e4585605c5f14a36a985a87f2ca504a98e84b9491062fef637956f369f8	aad026c938dc2eb9bd8e05537dc168e999f4213d31806fb154c35790aab51918	6e7333e7f4af5bfbd9f721e73431fae258441eda29fb6faa10e4fc955e07d258	5fede64ef00246ff392483b9ac0a06510756b1c2428cc4030846266c2f62d0c9	e4d1dae9d12b7942aca1f4aa15f305b0f29be74ba95c3afa1bc0d15710eba18b	f8bfa78b4656d03b09c0640a45bf4ebf265e5771f27a476f0996a6264cb66687
575	bef34541b221282b550760864e419db5b38a4dc04c8568197325b9977650a350	8d8af06b6eefafcefd1cfdb661f8cdc2a3d2cd009904374b98a96987151f4cff	395e1782fb4bf042ce5c296f339c7b95af5c41caed9c257d5b0de23b87a91e34	5f41b518b59038a1ad7d05d4acdc75414912414924d54a8bb10f1f9dedcdd36f	5e428b00779eec77cb1f7ae6a182fb2a6a36d70728346cfdf84e4619d6317312	8bb39c4a0993b204a9df12120dec91dd7201da6b295fa557f7ceb703baa8a182	14d02a5af7443dc31b72c3abcf499271910638e8625908ab1255dc92e71f224d
576	41684006d06122855cdfb15bf7e2270af9a564b34e55906cf24b40d203f2cc8d	2e9145836999597328d8932fc88aabe78c744f9f4b84481be6f9e2ca1bd35434	da179a5df4d9f4c21b51e033e4183cc671f9ca9511161c1c67db21830628374b	9d25656a50471191a10be1921aa9bda8e3806c109014a5a9f24af1af8c2653d3	4e7128141aef6ad836e15b87c49942005c830c08387965803e5572683bc9817a	0f2b097616bf59ef30a3f61b873b98a3cd783416e8098181f1badf53d4acdccc	9c54085deef68c54a10379671d958cffdeb396ee1aa5b26cab7691ec41176a28
577	58d87fe50a5e7cbf084db9ecfc0c8b98b02c51be033097e37b83a8a54441df92	1c929b0b9ed04959d5168362c4df0433b2540da76ed58460d8903e01d2f4cbb6	b8be789752cf660c4633232819e6b19690c5c8f8c5d180bddc4070cbe25ca45d	ca0b69b58e17cc34047f4358c7b1229c3398c467790f0e55e7c36cb6b54170ae	36dd0d1299dadc2329fd6ab79085548476e54196419ddeff0e2283905f7c3fcf	c121ba1704ce8156d0dc1ae379a037389ac845638a7a4a35f76638e54d8c09ee	742579893e3347496c9359ef461129ae40c4db8c6a986c9fed8f238c4750a801
578	add6c0d18e395eca196f479fd4740de71a08acc14c2f4ba3b761e3e5026ecd41	2867d0e66bb7056223c0064abaf971a32236e09fa61df2c2c1d7512e051eff38	3f82215111f565768ff33c9ee5de10881e6924b8882f54346ac9b09ac8694981	2e91018ead2d7085f69072f59f555b76382d5203a42766d325b99f8f284c7309	0e0dec91bafdd604a4c20efcac7b2e2931b7fd18b267ca412f4047bbc12ffd1b	0b59adcb9f740b5300ec69cbe14e85382b1c1232a87d0d4e8f6ba278c0ee41b7	bc03d17fe24459d09a64ffd6d562f426ef982f56a8ab23ccafe0bb0682920bb3
579	14d4b455b55d764e504e59b879a3fa378da6f5534dbeb52ac7b3c0cf5d2cceba	65e2523f826beea470415b34ef57572f4a3968008571c6fb16a1436341dc61c2	72180e5973fa8278fe67159960a7a006ea39488c87f643080d3232b9688c6659	801bb5bf6e7e7c11f4ef56d9875c183a7fafbd98e600db840e0dbca9994450cc	974461b7c9a9c73b35d701de02c2c0c8531fc8bca49eacc8209ee7443129576d	26020ad17bd4515bcb7a4ab79a3da5dde0b1dacb144f1961b42b8931438ce3b3	d8894dc6d7eb32ce870f543249441524264e5c637dee217410efdb5eb960b576
580	00b797e7feeae5e303aed5c996938c3252e3385bb0e1b2aa4aea0e5d42a002ce	094600bc9d2c1d70813728752a34c233884146b22265c85327f3d5842550f9ca	1f8c897dcb1a6a4bef814d9eece1ef1164fe97b462e02f1a3fdaee710a3bbfd0	4cff50e66e64198c28bee726815d8eb87059b3f74693c974f4653935cb572c0e	bacfb367e8729beb4d1b19a1a558f0c74d32814a12497b561ea47b0a060f0e1a	921d7ed7c88bd4bc12199698872ccaa69d3d4f347f4c2f47fb7ac4200aedbc45	e808fff6e66b3cc70dc9983cbb850213fdb249fc3cc1bf2133c1926ad0560fdf
581	dd33bb28d341e2ac59c219d5daaa81e5054ec71b49b80b5d09c9948a373ea220	1a84c77bb560a2f510995492a3c883ac3f2d72336dd2554f39f0ece804377ea9	06685f5351cac89bfbcdbede6bc64b19bf0c1db771045aa8c62ba539db96e98c	1c9427a1204cbcdee1893c3de87e86c626d299431a851873a6aade3da2f98198	30f56dba29f0956ba4ae6c705b60a0b3dcaa57016f531f286076a83f17de0f7c	1280515449a28ebd98670d659d8ea5f04d0d79444ec60e00fd67a9be39a75996	7b3f3793e4447a0e5d9c74f03f956cade674b90becf1c79ce6875ece29ea28dd
582	0918686a364a1569144f3578d0e530349fa79d5162a62900756ebe0e5ffd78e6	1e834e3df694c3deb7cef2c11d57c01f0f193cd50620e84a2a27b0fcdfef80a9	bdfbdb22e9576f9f2145d6b844f3be788a65d1e059df8185a1bebe0e30ee508d	e713d6acf0a3ccce68e97b11b69055188d708d3b78243bb86b550baa9b90d95b	83ab10fbeb2b1d7317daf6985a5b500140ec0b31b34c04f5e9cf9582e4d50fdc	d65bff95bfdd03d9ae9c32f678e0d38799d0d8636be6f60494c48350a608352b	5a0f1f97d4433acd5849f412ba0d9a8172fc8563f50209410f496da75803c0ff
583	41329b6f53ed2d0ced2e23d50c43441dd5f34a1b1859a61cd4e4e3a5615bd353	5c60900015a3f194b5d91f16d21d0a8b1dd82bd0b444d071f7eceb74303bc7d2	8842ad908ef1d79b04efb0ac26eed5547b94124aa671eb57bca1a3dc249a0de8	57e218960ed67267fc8f4ffba5debcc6367da5018a35fb7ee592a64416c9e59d	3d013b6238918c9e6872a58b108e3598803ded26aa06aadb617565274e0b226d	6852c865056182da107cd89838deaccc5569dc925d977ab1aec979f1ea067ccb	3a90083b9e1013f34438e8987b8fb000f963c943d181670e2f1db7d4a8259323
584	9bed18b98ae578551df1428c5ea094f5000de4e4a0ff2acbac1ea9f3c7b6f5ad	19c502a7b9f3608383aa46c0dd555d1b3aec291c222216842c48e0e857b5b7cc	997c8d195857c69b0e614ebb54075a28990d9e9d8c6fe84c06ca88c368180049	e5c6f62d947ea09f618b8eecd0ce46592663286cf4c18e99d86ae4584ecb8b14	d3402f3c0bad67cddfdafdde0ebfe2b8cf5fbf8763ab7a7347de4ad84cfbd6f5	f582cfed49388ebed1f0966c91ade82ad657961978a6374c105be922cc5edcd8	f7b99ad6bef721b4dd03c8ac52f471749a4967b673bc319f09d1e2cf608eeab0
585	fea6070f81a25b3e6e349bd1c55393f9829a90915403ab27295d8f20020c3fd1	2ba0e885960b85cb9e7333dec3c51eb4de12841fa61b4f83d1c7c99d90d94e62	7cf26cb162e97f4125d1edead0a5984dd3f26b8881127dd11d490d0ca5d0da77	1a321a0bb5f4aa439a9bc7b8c35853ab630e37f481a561e834124575bf552272	581bc7d523cd1c4176d184a9a3921580929a7657983743f443ef3bf7c3b369e0	a034bfe02ef6cca8393f6006571b7739b954e509361dfc359f6d1a2bb5c3d06a	64045e3046264024bc8e005c1a677612a04e9d1bd1351c9f5bef3f404ea15e39
586	7ed82c3dc3206c90ca19610e477c61df632b9324862ece989e929d9486c85617	59ff6ce18ce17f40b1debb367acad82fe6c6eda390cd0ae191143d974b895980	ed36c8de289c0fd30c884d205198929106e018e2c3c220a8d8cee7c7ed8dbf58	02eedd594707ee49a61ed39ec96c90b94598c4b56f4a143cb32b0cdaf4d34878	cc6cb669412932aa99600a916cde908205720d6447634c14395a037502109e5f	ff786d5cd36f231bf328557b7deae35fd87ebd2499be6a5e3b6811e9c4c65058	51e1c459c92db297ae80e48028bf5bb94b5283b3aa337f975988e8e478797023
587	03842d2e514d8929eeae1c63e416b749eb0aaa3d573c3a3bc819a4fa1f223630	f311f10924f77da0f6fca53fe845df07f387fbe444930dd49f115d82c6548996	f6a72e9d14da644d123a552b4b79440d24b916e3e484078561972311522fba7d	8aa44846a60982ae8d6bf53e5d0ac68c34001766f01d196d720c3630681af647	d00ad6737dfab9b70281de51661c63584d801855d36ebc56eadaf8dded14f8a2	21e04c0139b2e61a686090b16c89bde044681791a5a247247cfb46bbd7ff4834	edeb79f7566658027f1b417ce4b6b055114f6cc788cc3a6df416ab63eec48660
588	233653abf441c3cd934dcc7cd26e092af928d7e07808eb81ea8c6054b891c28a	1885c3424d353233d9c0439cd1ca3f3a0645a0b78f6fa4124666e15944320b82	dc0cfb59a3db9f21c3fbcd9f12b430def74a153d4c9f1b57663d1dc6d4f70d47	4504bfa05d35e46e3919d152162336d75617da2ec4917eacaa504cfad129d3c9	7a7f3a5962fef8c80a0c3e1b233a4aff15783ea917adaaf27b39e2f1d2fee5e3	3e2baf4536a49109382057ab45d3762400d57aee3bf8947f4f424d5ad205ceb6	8fe442ea0962f545181ca8ef72c513f8acaea02421969243dccce10d8938d7c8
589	f1e272d7aef93d7ea47d5647fe7c6698f7331fd3f56200365bd904bef0046c47	b963e890b3de0f63c97959520552aa5bc2cbe69ff8e54bece446a6653d289f92	719c03c5de9e241d3607a9799a32622c524cd0da2c766e0959ab7cae705abb9b	53f2110421066ab7e02bd5a48ad092fe82460b05dc8693e24dd13683e9ccae3a	030e58d240aba0473c5702641ddc26e068d8d9243291f2e34d502ebb80c40fd0	4fb83f888fe1652b733a8fbd486f02361b365ed7e2263b55c4f7a293ba83d6bf	c4cc2149c9d005077dee636cf55d4cbcf0d6399a036deacc1c76bad6a9eced72
590	71c76ea8c21d67f1d57c2201b88d4a4d1d057ef33be9e97aba6cf96f5ae54dd5	3dd2a17bb7b9408a7e301310103108d348dcda0ca4f20bba8c3738720f86897d	92c2b1a0918c8a3844001ff65f15d038fd9957dfbd15bb5ec83cc457a85c9e73	1d332d65cc46a8cfd5785fc4f2352a326013a6b138db585f64cc22e7f44d060b	9e53f8d7c8d2ef5d3b10d3e36421c7f498254f12cf94f238455da1a1e93ce7b4	cb01d01f6ac82e66a6b03199dc938cb1a830e0c6666ec322b6919d14c53ee124	1bd4a787ee42b2983a857ce6e4db0c0463a5b73ff38b289a1f973c14c1b5f874
591	5808d89b6773f8cc55da7675f70f5e2b539ddab5abb07d58570a0f92f55e611d	343d97a5070d69d25426ad1a5d3567fab794c2b9071446ee1d84c33edfc55534	3d2e030e9e267347bd2417068ee653953cc72f7314910dbc8b159496662089b1	c8a97f6a0c059ecf2607a19548d478a45932ef76e15ec913faa1b384a67ec513	b472b402974a1ae756adface17fbcc10ab77bf3a48424de28237de299a06dd9b	e10e6991aaa71091113b7b7212fdd44e2f8a39dff7431c92ae19d8a15c7ae76c	3c75345ccb88214ff48c2da3e085977868e13533eeb3fe940a5290e2973d2592
592	eec87f64c52bb0f0fab011faabcc8d75ee7b21759c24b3958a3f694cd48732b5	34b52127df4c8dd28993fa9bb18eb315596f30fc821b674504774e2186827df7	6dd4a9933a242b9aa887d8d63e6a45c220ca93670a1e75fe80cf87e46a36f8d6	427ddd1b076fd2151487e5494795a29afdb9ca69f5649af0c922b640bb25a6ac	3d288f6bb4d104ca9e9fe1dcde8e4705f8d5a2221364f797e8a85d2c796d1f34	b278485a8c900f2fba86cf25ee3fb91626ff70499ae2525702f28c680c7b8c07	9eb479a66b14f523f0cdc1785a6cb33cf86d6307b0af3feae7c6664c65f16312
593	170788d55277552036c7afe2871012804c286ec8854b7b8572d1122c161dc281	4093806f202d91b572eb4c0a9d649b86059359784191b55dbf2e2221e42fe81a	6c2d825e262f5249a270056abd5ae8720deaed038e14a3ba7972301b04a3c320	5d3d90370e159d1265d82b1e34c9aed7f98b4386d403ef5f6d675e85ed1d92f4	4b4930e17e2cdbffca4b648e73d2c01adb7a054dc335eaa26c8fdce9af0294be	3505cb561ce8c96a4f9e0975ae7449fe8f0d7290057bbced96d5e077effa6850	64136e76c1b5df767e8b25613fbbcdd5d8c1479110ed150d9034437e5f21b942
594	cef0bd08282c23600bfa1279154f1600c9fb4e4cabe97e0eaac5d914dacb7027	aec3ea9d401a618f975acbdb853ee2da03d64b646d1e9e490c72f18ce718cabe	7e92d0ae17ae75c711579f08d68618eeea0339a211a197dfa1c042ff0af1100f	9c3bdedd106726d7600ed0f4053d1a5c9de1ded70e306cfbda37a0593b1daaed	528727c55dae4427c66ae4f339efd544a88981f01050f81693f6df0f974850cc	68d0a18474a7495a0de845e8169e804c6ac3101d582f279e11b8a7f35616566e	7f71aabe90f68a9723a6d94b61fbdac08e6b9065b4d7409a316e6c23dae4e6ee
595	8989ad125be6e2547db46b8a885295f708ec7fc8329ea287138e1d3f0d3a329b	dfc9ebdaaa74c44f73c2a5f701b8bd1dd2b1261e6ab9f44cc7c848bd14810268	ba674f97192cc14a3c4893785fe1139b580ef454f84f2f09f95347ec479498ab	105e6edc7ab41c49e39a11a96e3c89de42ab7e6454bcbaccadf9b11179dfc207	41f14d4d880e917ec9af43663a915630829a7b0c2b40ca033b3ea72654547101	c4643d33502a70efbb91d12af6de2b6f337576df6efae3ed06def2a1ee089da4	9f7b7ac8b757a08c95c43a94bb93990f4e79e6a829573002dd7322883c04e889
596	100d416d69431e7ed3b99bc077f24ab74178a267afe47a367e39cb94f05ffead	0a5456c47dd2106f8bfc82d0c49f6083b6dd8830a7fd3ed38df6892723e52e12	d7481adef5f72afbbe30ad12571d850b2ee9cf2a7a81fff412f077c79fb4d00a	175fda554ba0119d15cf66a12b935585f34931ca34eb0189851aaa8221911de3	0d37b652f368dde48c1bf726a5f37690662150bf2f349966a63459b4f3b27496	802f1602e2024a4944192e1d0faff2d57ac911954aeb6774575719377807bbed	626d76ce1a8d78dff2fe4f2d4a404f03ba1a47b942a2ff6a3598d4508c82bf2b
597	9389a3649cc8be61027849c7f9f99cb4f5a7ee1ab44e9a43aab1c7887aef1a25	be3cfb0eb5bb7c53e1d3affff46ce701dcbebb5bc4727a07ac95077acf225154	494063fb78af9bd4e73770ed8f51433aa185732e1ab110f331ebb995fdb96b69	5079c6cc508251fc1e177d1d3ff4e8950cf3fffd4e53e0f97ed926579bfc73ee	45e2fc0d3b133fa8dbda155590448219d3a0e492d4ade062f7f86beb040fd4ab	c161d8d48984599a476e1fd0fe64862a74800bc10e5ec5dedec998a9780da30f	16cdcc5fabe42cc054dae57b2059d3593be74e7eea4140ad11a37fd534fd22fd
598	c7c3e6bb4f57809737cdd93f5d7c782127f3a12d2ab11db7c00a3a6c27d0559d	20a98f25ca5ba4aca44382682d2314476ff6b4121330c1976172c998f2a0c732	03362a971d00a19a236be67ba1c0cdfd9d5a453e04f7494846ad3c2a6596957b	d7f33a7915133c5f42c5ca802bfe4523c8a2970f4b0995ce1ed0bb2baca7d4d4	5dae4bb15b62a247860cf2f7d5cbae6270ffcff9612bafc8dc192b86e57d7208	2ef9d4bf1f85daf6d1a1c06e4fee762ac994bf40ac9a5697e4dcc08f2fd0ce97	69d27930916e3cda95cd69ca8c8edea013e6e6158337eb9663a986b5a633616b
599	68c31b8b3ead35c6c27b736201d194e8a15eb88203f20b319bf67c01365314b7	cfd562f37c115cdd245f151476e0be1fca2a0cbaa37bdb43c803c70ee06e6eb9	a50961ea02ef2375a7b4e53051fc243a255aa1a5ee6bdcf322cc6a154fd6295a	b3d015d40ba7f8cb6ef7d5bd1d4eac8e456140befb18183a5adce46b4e5b6b35	2393af4514ff5b73c9add983c4793789e2ff5ebe37c1c5313032ae88548c11dd	4f7666f726ad89877ff77e67f6510fc89569e7f8d6c0e779e4cf22b04f68b354	e0bed18000724673fbe4953f85ebfa2d40690528707076f1d47c88bb24301268
600	b32660f73f719c2cbe9b5d920673274e925192346ecbf282e074cac1c2ac6e42	f033dac1ae9c5ceeb47e0684a59119e139f224db2e82ebec01c5b2ddab180072	319f3760ec72cc17ac5f2a8137bd90a27e6738b49e092b87260fd5eaecc4dcbd	6374b49474a22ad025c17ac4bbcfd37da079bc8c7d33f42af5f57beb3684f1d5	8f2f49fa895c634d930d15164a5e2c1291d2ab35cb04511c630a6e784a322cc9	64210b346c4cb91f68740b813e40b27721964b2660933e74ed9af735400be5c8	c3fff07209f5a619e3e9d67ba6bf8aa83774392e500a11546a5e03d3533265d1
601	d3d967a4e7546c141f8bba4b230227f73b52ccc814344aedc2a355bd8bf1486e	cb53b264ea9511d0a53054191869b8e567d65516149dd07ef5174001fb764d5c	0e6cb8ca3e6fbb95ed26371803e43043f70c7f19641fa834104495a3797559f2	a806ec7892c6af3902d2da206995e6e2fa9b53763f5a59920a1319d563813025	8d164083b069a2bdc681093dbfa073c8395745c3f1304c3c25e6fccf5b533990	fdbd74d5dd6b42a50c26cccfb906ec53c3132c686db243751ff38afaa6397a3a	e1ab80ce929f5a10f1bc6a938e317acfdb37b8f76d1c79084db0b875a3731406
602	8dcb713b4d2e285c8946cf16228096de1709941c40c76390b706d94c8f314ae0	868529e12e0e3da5889d36e783844d97b2c828ce7654134c0d279811f8c24696	9aecea94494e97f08fbfbf6f6714756b561321b96b8324f81a6df8388993c4f0	bb7e019cd0bc6a0aa1460b92ebe0d193c42680eba1ee66144561a0f80d586071	9067c59e72ee17b4eccffcf068eb2d5ba64310f2b677113a4ae4cf1e6cc0c04f	1ed92f5f6609fc38c4b2ac019eee13f90f7d6e19908f7547e475407817b804ab	92e72180d3613c0d84fba3a8e7ee43c95bbf51d49919b53e169a67f63b579156
603	6eda80ba5c3ecb737db09cda7970b37376143a1f760a891e0919881234ac8e29	600c246cf8ae439607480ecd689e12a40a994a77a4dc601dd5053334f1992480	52effdfc81fcee9b852c196e12375c069da2c875583c207cd3e6dcdb562e055f	1afbac1d9a1ff00590bcf6a1968f0ec487251df3201b46ea30b686a74de8e3ff	13a6e968d8faf6a2b38232f6279801a14a9f2bcc632320001da4e57ccac2578c	f4c08a25e8b3f959fa4f53ef5a99b7a9485e2a279a4ed936e56b962a986e3e60	053bf321b7c37cb4e1a3de0e38e0f24a71b1d099622c81f75d0ddef373f3ee5d
604	625d47b2f934511db40ce21f37aa8d41b9fe3efe17b1ff6577a7ccb73360ea3d	46e961f1521d67df0ba6a9301c17b3355d49bc2322304de2a376067a9cf8969c	2f0ab3c7305d3927be1b0609255bc2d2fbfb47646da4e257cd0bf830786040c6	361ef4ca62e9f58858b3ca5588f823adfec9e6fbefadf8fed1fe1da504b1aaa4	8caed5c461b6796a7639a382cb6cffa84f373f855031cc3cbc7a02f3619dae6d	71effe022a35ea12f6a674cb01542cea9506f90ca42f1922933d238fdcf53fa4	4480a7edf0758244a166e8a04f95c6d7e58bc93a6cd259b48a9601dd813a435f
605	c9f0caf42dcc9bec4cdf6d2de5b9cafe9e65a70ae0f318eadcce236b3f52b495	f3c925d174230a2761544242826ad92ec122e5d31b638dd2efcc3ed1bdcdd788	f8b5e5b7235213733664583fcee521a55c22aefcc34cce4aab721f2454523a9c	d5e7264b9f2a6c87da22ee1f5d7d292d3663f5b0bb804ac5a153c1f08303b4a0	f21261b77b3655ea816e9eb83ea37a5bbcc66fbaa23ba673f4b56b1cfaad75c6	20157fc613a6a98c5a48f844af9904dca390d98fe02444852dd5562beda1fe34	3558f92e023188f58722f9886aa12b2ea1ce95c2f9b6d26c344a1a148deef1ee
606	05dae22e4daf4dcb36b414e5e72aee42a2da7114de8c99df576c3dae99b7b0b6	a2501a49cce8d7c2786942e114f96311f5ef0641570606e28ebfd24db356544d	6485947f1717c9f902568a4492dbff6f14c04393e88d49841ecfdf336ee76230	d3ebfe126554a8ae532ace0a3915521b445980a2fc2855c6d2adb10e5a73d7b6	7a477ec0413804042e5dd8e40360a1e9761ac6ed6056ea8ec79efe20f925e84a	68a699870e23bef48a277a5dd0bf4455071d0300b1073297d7df93ae2b709d8c	4d8fb20f85c48d845db56e14c2aacd8910a7d9d923b3b77dac56324bfcac4f0e
607	758fa0e08e78a14190e9f448a35fdc8de33265d30778fcd143362c2d4e258596	ec6a8bf5cd579b3ad07f63283e1335d16cfbc2756399954b7e19dc47194eb435	e268c964b7ee776985dceb9e4729ffb70d46434c3309dd1c6fa31eabe7933a16	b73a2c1c601c581093bf7b3278447337cecb598b6a76d9da9c00b07091b4eb93	3c0f17fbd66a83612f19a9e95147ac85bba1b5613149a19506709e8f1b7d6953	38b839c9eff828fa7f9e8ab66fefe0eb51413237ca9b2bfa3e2d348ddd8d93b0	3d65ffd8efc3223fd561bc4a42c398ff910573da3779a1081b4214624ec84bba
608	47f7c75550003a05517651005b702b0b91664cd0567a0f5b16531af27d63a1ae	256dc6560f04b52fc465ab63e3a01cee0c5b2c0c88934d3516d2b56c3a4701f4	96409cdd2cdd24e054d5e4c973a06e286441246ae912cffcc4968c6b6b504cf5	4bfbc2c8011e409488ad4ef945e61ee52c96e3d6e00e5471c21ff04a69ddab1f	71c6d1fc2ef2db15838663faaf10e8b1ce10fda73f49521db0603dbc20882205	2c5deef61b1a2b58a3fae8511deb8707c91bff1ab61cce075c94d7bd541afbee	fd5d6de67057eee1d17542d93e40029801b084a5928a60926283da9c994168cb
609	940985576ca9f0e745994a9f9a45e23b705533cc4096f0c9b1423f0efcbab453	285b0696dc7755850c57058ebbd01d15fc3c51d1e2ae02449e82153617a83c02	4121408d09f5fe746c41f40cda396657cb0c71870640b2b121ffa4dda1c9bb3a	fb88deffa6db7e91ab25ef55c85203e2d6dff244fce1cbd47b3df35bba5f31ce	75063fcf60347b5061e23bd3fc260acc32026d029555fb592246edb5721e698b	86e0f67246831048d9e0b195b02fb417cc8756e66636c17bd314e58eb8477ebe	d7be45969df6a39ff2630e19c0306bbd4b83732bb2c08f8f45963d65e3817964
610	4bba14f930b04f6a9b9daf8e037c32d8abdcea5d50021790309f96c59c3b4910	befebc740f960ff158314f2db7a184b2cee205b12e13832907fde869b5cd9a57	4b79e49cf7dc02867808cf9163e7f50677e9037ffa4fd425d77c3ba0d9bdf5d1	62dca82f2b367c362eb159c66e41ebca262c648bd155af42addcc8f7867b9801	923b5266ca5c7148d173ac5d8abc5976827061a69c75a1dd517432b9c0e3642f	dd0dfddb980e7ac2663c58a48521a8915e221f65e22ef6eb8f856fab5d83a4a7	e34bd924ba570282864a4e8cf1751598c17f822f2ec176314456c88bef7cf751
611	87c851e351f2d5ef0cb6a704f09cd8635e4e4e836f292e9fab18a7ee00157d5c	3f4c82710d8e5472815abafbbd69fc430c1cf26d44a51b4c7a6ff8064c8613a9	bc3284ccf9b6a3177cc54ed8cda8e74551c4734b2c5c62919739f659c517ac9e	83d05a029a184d15764215838ef261f5bb03c5efc1bf1e870311195343bd11f4	be69605df3bbab21808f824f39f6a4d3396bc05349b2e82f0dcc4ba7f3dfef92	35c7dd1b14761b5ee3a4b3854434c6f7eeefb12b2fb7df3b1ce9412ac12401ba	47c7add13a637253a14d9269c136cc4adbd6f42d4898379092a4e9f6435d649a
612	42ac04e25ef0b9be3b1559ac36848ee38595adaae1e0a8f80e0c7abafad6b30e	0f313958be8303416294794cb29487b2c8df5f8476f7919be1612c6841321804	f518ac5a8f0c3c325da0be57607f7d97d080157e13b61fd51e72694565177d98	e70cc883208788eb9dde4c4fff43fe345f9181cdb0b0c58857b3b69272f005e6	96c6a05586742bad1698c4ba20b93b988a2744d7ff8b35b2325f6c4a9b24e974	5133283d3bb440ff02074f2d86611a922df7f805206a37fad8a4fce02e3c80b1	1a0dcfca6aea61204e9de897740052bf432bf1d5486c527e92809f475ccbd001
613	0097dff5c9892c05746d48f8595b6ea90410586d427384c65483d9db81fb81d2	de8a8d7c79f56c7cbe4a45325a05d75e345309507d1e6bb80cf1c0e1ee7d50af	1708a3e950b24f42e9cf1bf63d3c83ab96abab3f05f7585fa5b43ccc7c36be37	0c8dff66c80cdce649cab9c8c687133f6734b82c4629935484b93b87c6319889	fb9d92c4e93d6dfed7f7630c593a60a28f6d633a14de58cfba00c8f852401abc	e8f9402b6409d645e1c768fd5f7772a4adc8ca82ec30436fb4dd54e4d915ddd6	de0017c668713167e20b152daad47d3b3060c0b9c2c33949222e72c6ec47ae91
614	dda110c9981f72d0cc3026cbb4f52f70e4877a71fd61b76e9b2c4160e66bd0d9	8880ee2adea58fccc5315bdde5c5f52d6ea50b10eb5a758f4929e98dc1fcf13d	ce5d87dea268923be4b0776166394136033675936dc59afbb080d9324b0c08f8	070c397fd42381f4e5b9fa51847f2c8f0f6f040f8981b1671ca5d0316aab1be8	c8ed6d01072ce4c151af6c3ec4a57f27d5c3c82ebb8a50bc613383fd14766138	019a2436d436ebcdc2575b65c38c88643591b1e8e87b3b3d838daa88c6dfe1ab	638a41abca40b66a99a009551f6fd1cdb1b6c0a9d96e73816d53fe88d114053c
615	5047758229c594562748ef4a2812818c454d0fc9fb013bd8b6a247cfa1e3a26b	d7a69c5dc146388c6f844167338c35e72d94c0c48972935d2e2a9da3f82186ea	0e0f0e1866cee99aecd83043cafe4c8254b973b65e68d0ec6e111c26366da6c4	1fc0160f991bb9a7ace7e4288965cb272a169378ed3ba9578cf1cf5511560143	7cff98c9be2ef9befa2f68d9a80ca3ec97f9e67b1360009a1064d9301351a943	a6e7bd2956d760b3513fc67d2e6bbc4e812dc580009fd873b3466dd3c4c3258d	958e96cd4d1b1f2f9e821177665e00934f8fb68f269ebf5dbe515ef193e0aee0
616	554b7cbac98e1c69cb85841f78d7d4677f4610f3c95a27bb75e46a876db413ea	e7fc17a1e1fc6af2aad47d0ba01ad104b9cdf06252b7787d0ea34675bb52fbc5	00e2d177a47b80e102f52d20c79c0f0a77cce533db7ffbf4115f0f81623c6f65	71a6b5ce157e6f783c485d1c556c2fcf1e5ffacbbaa8ced0455416fc7f312c98	050ad98f89210faacd861089877713c2ca482f38cd8ab3c8117be113ddc5283c	dbba61f7202b1bf67f4bec72ca825a9e8f842a17685aa86ab73342eb6e26909a	0ee54fbe7506416bd4c99b5c001b271e3f84e25e23bfa831a4192f4d8998b02f
617	54ea15f00073a8e5bd862f5c44c462944dcdd1e8b5460cef26e7b9d7ae9870a1	d9371aa3eeeac3cb614b45a3e8f5b1da8d82dfe035ae0ed74436ff4d9872a0cd	496c6db8aa4b7bfd065701358a5576046e7b52d3170b039ba6eeae3886243b9e	9db1e2a5e42ee17536bf5528c7309445e881bece23208f2a6b3ebfd6b16f8cb8	448f9256269cc47ccf3e69b0b5beab862e9d149e1c2894f87f65c1ad3a5780a8	df07a270f1a37c4678d04954f9c1fff921cf41c2f1762cbfd14fcd92a9648134	4ebccf818a791743f8b9643a74580e7fb6701d482632f4780f82ac084fc58276
618	73ea3625d3ada8bc6b450a38f7b2bdc2860886af065e6d2b3dac0a5fab86743e	e25bec974c3522dac6de1824ce97d8c05d7786f5e396622ff31cf942df181ec7	c7a092b81b6fd1665c48ba81932a467447236d376630b3cd098c747622d3f935	b4d5737c5db183b2a8c53568e880717e76246abd510a42ad5533f9e4a916b541	39574b96853bddacf3fbe1e141f64e65d97986afd1bc9d561c874f78881ce2be	0adbbef6a12a85d6238c59ff4c879b98d7d1987bea2a257a9e7b00e49a43f746	556bba1de41cbe8f72a6dccb7625566171767f64e63495bc10cc4d171cadf29f
619	a171b77ddcaf1d9fa696dda2b6291acbb9da359b776d3687512c1c1afcb064a0	32735a9b33a65f6e0f7d0eda299c798dd667acb2ce0865e08ec90f9a0bd3829e	13bfc9f2e97c4b4d584cf1b7c63080643c1e3a127a35421943c8bd718df74042	72bc01fb46ba6db3b5d42ec12080236ec8840c1a122692335b8944d3b551efb1	95fefcf9ebe4524f59bccbaa0362fef52029f30de3ac33ca8020f7a873e8cb10	70999bb93a4bb6a388eb8f832868c8cae5b2018bb824e90e46efe432bf6a37c0	59ebde32a61e2b033bdc64c47f35a85471b00cb1a20676b5004ced5d338464d4
620	985d22d52e0d337cab3260996c1a8f99cc38be18945a88343b73b73bad274128	da9f6519311344c1b89972d8999fb5f9db49e5d4eefd17ffeb743f30835ecd94	5cdc26913a0af690ebd51d621abe32f95c09e9b4123e7c02ad1a7c53021ed522	e8beb8eb3f90ce6bc31ea1df9ca1ed130e47991741d16ddb57174921d967e882	973e8f4a70ff7cc0be7cca67fe6250330f00329459eac333d59f9bd90aacd680	f526508703b654babf493f63ea10bd7214ff60c2c2dd5a0b89d8d29c24948def	60716cf98ea73034a1c4c463db8a576ff62664d37ae1e2a3f8c61685835fcd70
621	8c89ee32c734bdf8d82fc526ecc883e1f1919592ca74010ea6e2a2e33198dfa1	64defbbd13fbf3ffd1bbf545d33c7e17ac9003ba10d52d8a58996736d18e22f6	9126bee743d694122ec1dbdd1017c148098a4d12577efe46fde31bf9fff44b81	d97a1a53587c2dc6a1aac9644f75b7f564464c30518f8cd58c2872275dd81068	efbdb340f1cb26954b7a6cb58df2162b1ef7a8a45f4c57c0c77e3941e47fc7c0	5d053992faea6a63a0120664b0359d29c1639acc32ba27c10f6575ee4e387836	a700cd61a47f9e060917f30358ee8bf92f7f7cdf1042104ac97a7b89177f770d
622	21292ab2fafa367742319e538aadf14c209e27aa9689e5ca8668b69e61a289fd	be2194024ac5d4bdf8d26195c358b069e76818ed9366e2d767a8f2ab04784669	9381f4cc5a197d5d62c672ba9265519005f4adc0ce292990b00026ff79a4d6de	20c7b8384e885db1dbc4d5c5fc1d771f2b31510ac1cab1bba4d7d3ab23a3bd77	45e1f6f794ce68ec1967833fe77537fc4481aa5418505065621a59615b0191fe	233068d83a31aa5cad8359bbddde5514b008c2e516298ee7b520cc59eeddf474	f6cbc570491cd39a69520814fa31f7132a1977e15fa19d8011d8a100ed8410c7
623	0097d864cd274d4104946f22bdd14728dddc32bdb74f917c2bfefa5bb587a4f4	1ca2e6bba4f4615fdc1ba45438d3270b7315d6deb8e74f1c5906d7d1f578d793	b19b99f7d53251287fe3b5bd9a07a75fd5e99da7edb624ab5d06e9132e48936c	2c74fcc3f88a03760cc743df9bf1e557ab5316f915e80807018c49dd74d70b43	7c0fb13e3b1af90d62c37ce6026f6d1428df60004689f5fc839ebb13144b2357	bf5813297433f4510d0cfd873c63251ebcfd87da9c4e76b5ae3724648fc5b1a4	d15171720b25fe8d1f0d01f4b71a1f993d846c01460897d969c0a19f01a895f3
624	eb30e7926706212c54fd3e383e6635ca4c8d770b7d7b50a183e7b3b9519f2428	8b1015bc95241c4f36ba8897d3562be69cc00f72c286dee0d13edc458bfc7db5	41066341afa39f19c182f36a2d49a50dc7e63d11335c45b1716285ade40412a8	099c089ad8c971f8a23e9d4748531775d95d4201f6dc0a7038ba45bbcb2ed836	4d0f0f72c3d443cc502478bd34e0ac2ca23532d902da111c44c136fdfaba5cc6	19f88abbac36c4d887335a9d8533e97a83ba4422e99991a7688b1023b5953cec	73952e998d771fd08da0b52c354d835de4afec01cd7e1168aea63debbec1398f
625	c06356684ed32ac9d8652e6251ea30460af0b85193167d1a9d7e192cc2275120	58add79117889c2c10d7e91cf5c083831888d421dcf0a7bdcac4e6d4d5677a42	45d00275dfc61ed2091ab7c45e4c789067a466a34b5385fddcc6031ee71a2e2c	96c48a61e3f784e18eb9d76cbaa3a2229e5cad381fb2225ca9bda61af45b03ff	66cb916d0296315f0de9a062c040a7cc5c1f3c11176860d77691df8594f70c05	d2fb59c139676af6dad0417acb74f7b1b94b2b0bcbc3d09f7a26a2ff447c58f2	832c2b603c1185039bec0b1841181a45e5be96e4ebe7f69c3832dd769c77f481
626	8e5f4f0cfaaac727af248d4867280c8743cd66d34666194a9d8701c0541c3013	b352de0b6fde678c203dbac9b614521f240a43aa038aa4f01db6896864cce9ce	467b59a2232b09117965c7c795b574b59a9b2d27f83ed046c62544478026630e	01d2062e8350099e9b762ea97b209e0e5cfedc57b80253db26129a15fb42fcdd	f1b9beba718ef8f022d4dd2eea3005ec6f22c32441a617400ddc340008b9b4a3	65663fe99a5dfd7373f1b02146428d8383dc9832f20eca6a6ade9b6d78e3758d	e28b1327372f34c738de8f7d7f97e68880e9913e0e2b571be63230a91d022b0a
627	63640defeb5bfe2fd3bc0794b784cde18c9f4d23cfd94b63af15b9ec6278c968	1b9235e1d70d04be6428f8005a70d1c9db43e9540cc3de5f8210525e9143e213	6987a3e7e07df1e78d4407714d8f09e03c4719ba654491d2598c32cb59ccf12f	9968b5e9c6a40a5cf939a8d4822953d4576b1fe50d4a67df934da1efd9fba384	7c6483c32ef60cbce67375dd1231baa046f0d7b696a4624d869a0e3676014f9a	22b9a26d5b0422fda87d49fe1253d6e83bb708c93eaa305ab1779e41020e857d	273225ff6719236d339377f1b2f3c2e92bc2ea8b21df9b57c5fb7f1edfde7ef9
628	1dbcf384ce4899c5dad3b7d15bbfcb3de9361d2feba6d9dbfae38305aa119d87	856312810381d0320fd2aa8fff186680bee9e8d58a58e60799ea87e72b2e9d78	736e182b8ad818cfd0ad601efc0d6cb9c734219798fc5fd485371c83c63a986c	06f76470291f73e0b233db226df57328b8c98d2d4634a10415efb2edcfa24f53	b62c8a9d87d317bf7d2e055bbc640eaf0e8172f1fa2ded30673082266132b6c0	a7a0e30a904a072bf27db917067b5f2566d58a63df40a7c2a015102f54fd90e2	67bac1f4da94f5ee3c23a5972247c00b5a1839b8f4434327e8ef62b40c661bd3
629	d44cd5c4416d9ae8fb3ac209efe0dde8862c698edc2e6d9310207135cf153a91	19b900dd1dcc968d49e44f983375e9d2df6d4967d0e373596201eab4423458f3	4f4945d358d396e20e86209bcaf4fa2f0ecd6879cab327b5a19e11c84a2de84c	b4fc889f348cf46de322ce99fef58ec7053721407e171841930cb3c45d77435c	09552722240cd320f26867f112fe9f01e7873a2f9a57dc2a7d0cab235b219ed5	13be339830f3ca4a2779de6a659ee6570f664d0c0cf1728171c336e023271aaf	42599584f6c4308ce02d17802e88e024dfc5b0b0ee216405bdef44eeceb745e5
630	e42116bffa06519e7cf11b8155e41d128d516dfa85070671165aff3a67607e1f	2a6277ef326ac910159cef88c0b6ac3b7949ff26c8bb197be76c218602f0d560	abbcd20220c6c16b1fa3d9d1b8c389843b30228c69b37ce85d4c8811bc4bc9bb	98d2107eb5a5caf3342702d52907197f2989d2930555b542e88f09c6ce66289a	ead4704dfad61464c2f2d7c092bb551b62503d69ac9c74488624dd381f3151dc	aff1e5c99d441c08bb02c3c8cd8be73d9769ffb2c852c826bf0aeac4353ef502	23b7d4bf3371e20047fcb0c4d186d6eb236afb1d6478195ed89b2cca631d86b4
631	3622d2320df535348afea88764ed1dcb87459e8dbdb9d5a9d3707216ede6cb5b	6d84238838c742d66ae5f772963f956b322dfeeeed815f4081b238f44c0e4040	ff9b300f34e17fb4ca18297ce9e24caa86dd86ad54a06e1906ed3dcce7785458	9b68037de3fcfbea286849f089f631fef03b5612f7bb8682c3a7717ecee5ceba	4674556318321861e6c0bcaf62e214c05133876afcf709bcf5f6bd502a756f68	b2ea9d8c75b395389367ce8a58d15175d4ab84bf61ed726837274f68e94888d3	014955f34f933491ca776ca4815c131698289d7249545ab53353dcdbaa093c25
632	32e743e46e2f2fdefc8ab649a475932d56ed8e867d7e53c7475e0bb380518f93	107aae95cebe4c016ca66f0b895a6e52541ff3cfe827ae084cf075934822caa5	158c18a0f7e06bd43c9fecfa252d1dbf6afb4152a996df96890ce6055f7fc671	0aca257e190610492138ed27111a69c03f2890a9316a24964a3b521f2610f749	423f02e226a6906a4a208dec8627f4958b727f56d93219664ff32103fb1d2db6	7b7c4de42ecd71ac454d4f6693db95c2d709284d5214b771da47e1888702a8f0	29da526b5b3100f4196735e317e45e3c90013229427fc9694aacea5c433adc06
633	658b129d7866e363a6d01b7914e300ccb0fc659f20f65e9cb36e9f8d613c7cb8	a8cd4e77007736911acc94d57665b3477b1ee6d7775cf74e69c315272472fc5a	bddbd56bb048533329ec8e38c633100ce9ebb0dfd309361c78d0010dcc38363c	7d7510794bad5d5d435554a014df6a002fc0574522ab1f068f2bf87798e6b265	270f057f4915c58d1f39bbab1163746f88fc59c5242ff18561381121805ae790	3636cc45ad0519817161fc95289cfd0a3b69cf5c3f57a9ee348363377e7880cf	bd1413a0e337c541846da47c0a228072759d12c95f1401987ccce8b4896867fa
634	6f10714e90fe8fc43119cefca70b6e3b286ac423a43d703e00642f3213e853f2	ace74d7e1e81181c5a0344f83bf27f6fe68317f2d5b115fa7b6deb27b5984717	fdaa720900933bb78ba16ef858d155d918615ec2d7733afe8c0ac7ac2c38dd71	cc59155b73404c5440a933c805b5a94f4c19a6352dced3f4739bc3e58a3979d9	e59545733c91a032d9a7b29ada09124b07da6a4c8b082862188d48764117b1f6	4df744f8f92dc68214a8b0f0bf330ea1409d64d267185714c73eace3c948a25a	a9a2f615bf9badeb25a8f1047ee47e41fdae01446f3da9a69bb2ec79fa3df7ae
635	afd864d9c358608afd07d3bb643bb08caef1ef787a95d4e58e40bbeaaf129cdf	606b7024d6a5bae651dcdf0766322e2a9d8c7ee20639ca63211b314a1461a83b	a5b7b45367547fa4b614f5816d576f33c37913bb97227a1009566e59b6d4ec5b	1dc5fdf52c81897cc67b7bb804f22d33b7ec1f8bc82afee7e9ffe8463f2bab8b	8148d8c1a934cafee903b90a1610df9c6bda509031aa81ab94e0079043179f01	486a1379efdb1f3521050cbf9e61aeb7f6baf1e39eaacb00c3e9d9a0613d1983	70d421aa1a148ccaea45f0f31f86a476c982777a889c950da8ed26a970bf7b9c
636	52f037f7be716c186693c74c385baebf671b7f8e3c5b4321be822ce4792d5809	a0ea145685d9e3691787342cca9695d62e0e996eec8965488c58562caf91d577	3bb9c28279665248cd20e744bc12b70d64b1e4888deb1f2cb70fb9432d8ff4b6	4427b1c6acc0c23c951183eeeebf0c18bd0c0a634e54011e943c53c663a1399f	1640111ed50cb32a1a54a9c8810b9633e32e6b5099967d92e68925f70a7d25d8	73339bc3602cbe95dc94cbff44461596d1102ac492302fa7afe934389af8ccbc	3a723ad5573c51f2137fab8958506d2c9532aabeef004c212b8b7b84be7319e5
637	3996ea80e8e2c27b3824fa742cd79e85945e9477cf2102c7121f4a176a812a62	d9d6046effcf5c5502d55dfe749d4f44e3521efcc12074214b90e52828a4ab39	daf79b779bc12eaeb4c7f6b2864aa4d0773cba888c54315a15fb6153da06dbb8	4478da0b38a9fcd521c6858244b9b930f76992dc4a7ad55fb2f114d80fea2425	ba47ba3e22ad419276da68e293c2aecc34311188a825ad4f04c6df334ae90ed3	5c3bd6dca22b6a034d4065d2647ddb27b33f4c6e490086089dc84a122f339f1c	0d5af02b7febd16ace13aa4383e607c067066515ae77a6794360d0433c7f772b
638	0a2087bf13a9a1dff93a0433c08e8f3295af587d1a2aed7c223acb349d8a36e1	35e13576b83d74179be751a9531a22e9b960f8d660777af2eb799bb6c312b465	ccdbf3e88e6025da1c4a988d30c2094be6b1fb5612b8b943b1b40028c6ad905a	5fe5e08af362d9b38b522159ed3eef33306923b53f7c370bfd95ec1d40f2fa18	38facb297223ea050be46dd04a90544d525b13dd9cccb2d53d4fe07eb5e70863	584b4ccda7b2cb53fac2272e1bdab1b94b2244f9de1baddd45b87e8c753a44f3	dcea91a51e528c408355aac35249e773bc30dbb83116af3c2e754488632aa33c
639	e479af9b28f59065deaeb36bb7c9a246aee6c33240db096356918887aa59835f	a8d236bb51489242acffe3bd4de905857f45b8481e7d4aafa27fbb78ffda7076	8fb68fa86d83cdc0854b20ec69d99f0e4d6dd4e95f450099b5b4e6a715cb76e8	f38fe75137b33e37bec3b9ecff3dc2798579ba9230acc05a579b861073f62b69	c73e767574dbfd25c94b492fe31471924b69709e7156664a81acf27f62271414	c0696a911fce7b2d0847d637010764641a4c0818c82200ea507ee87371eefdb2	2acdbea9f7fea17116f451e04c2365a849e601be510fde2edc8c25cc13c1c2b2
640	8a0ed623fb387d3d3d13207d94ab29cbc485c93da82a6ccecae2acc671d9948c	e1ec666367e9c674ae54545f7a47c8fe3740da0c8d847e0e9d3fb2ec16aeb57a	02b4c37bbd4a6262a3873acf19904971d1231779e12f9686d7be80b894c6fc25	e936843c51be76cef24af97dff1ac8eb87df4380388a62da676a27165cf65638	44a0df66fc7d519c47fa30dcea673d3197cb6d25f11b5fb9a0d11b881871eca5	612196b2fc401fc7617ac4ec8869a740c0b4779fb8f14400f8c3feca39eb10b3	1d8e108a18d7c5f4b40611f05aa73b0187649226eebfe425d3274e4795279f41
641	60c3be8023b2309dceb8b4c96c9bb7c5f788db1abe5a5f69ba07797e8c650af8	4e2d089a5ca2ab36e1ec738329e422ef9fc0f8a481b1fef976ab9189b27def85	852eb8ae302b76432c75fcabb5556be69782fa8b89ff7c34e0e3c2e6dd55dfa5	5c00198588d1c4e7c7c003ce6802de11dc4e5b3f4b6eb269f9cf934fdde764b1	28fcd2be7b969af1de2feaa5efcfc418a61d88a9361207700b2f043289ccf857	d147a7b849441ffec136ec9c55aeecb3fb27634294a4af30667a55321dc39610	550958221b0c12c5cace062f8c9000a47f2a358b0dcabec93a5c7341dd5f230b
642	8856802092b27da879ae026faf30bf482460a77887dfa41199d2f4e7793fda91	f921eed89ab34953be98f06d004446a355df499b39eb4d02f91f06657781542c	889b70dda44eee1468bf25c084cdcc4737793c109b9dddcb9f3fa4cacf5f493c	29d8439b8b963bf035c0ef1b9de2625b57af525fb1ed124cbcdc5c11713e78d7	d8d5540ae3e4366268cbf0d90ed2f8fc6cff128a704fafd51689de085d24c139	852ea5d1e04998d6d63ed48ffc5a42045c686c288ae07fba0fd60b257fd3f798	c92cad4457b4135a1e1198150c93132adae5d89a942c9b2ffab37fb212d64081
643	1f683f8daa4dd36713a99b2f7264c70127040ea34b8739783f19856f1c0f135c	5c8def944b87bd37fcf1022eec4f7f3c03c8ba40c699059e61558f9b097768cb	b0f7be7a94b1f5f41fc175c3304023a1e3b1b26eb2a7b0e27a0ccb681f2deed7	9dea522fddabbc4562322929a54951bf8a133f445e31ce79569df321ad324260	c6e3702af3a555813d8db8556c8c9152cad30ccea9821192029478a6b5c9d83c	f8930d16305ff9fb34aa7f79492187e4e7c634fa894b2277b528309f75c38fa5	3e17a2120e182df70fbd7fe265b5dec7bd6d8f264d326b38af24a50266a6cd5e
644	69beceb4958603307463fe708c1780489d3d0a048f6e8f547d5ffb56e5699d48	a53d6023b447d2b187a2bbf74ebdaa2959dc897477cd51517e559199d13e956e	2712eeb6115337fea10e0135c28d736de8e13b7c41d99e09dc16f0b416d72b10	806c29937d80da8a8fb019ab57f6cd4c685db5b7a07336641b66ae7180b10696	bc9eb3ce47936b464c112657e0f185626af39b8fbc427f390d4d9f8db5ab9ac5	b89ced414590984e70e83e40c2cc05c42c6ec7d4ba73d9d30febdd2320d4d5e4	19ce4ee3fe738d7bb856bf81ab63e2f3919bb7f8e00dcc75491ef2bb3945011d
645	3092bc233197ad5f29a4b25fcfccb5f4de171a995e52ff9b00885e4e77a47cef	49ea87e6fd483a09ab10d4d9783cb87936cb45917610cc05abadfc8faab056f7	5fe5d12b402a217d1dd7be56d77a33ea75f3e12af66f429b5673eff5bd703ca9	767c4b21b3f5cfb803ab7ebf3412035a7f133b96c8818324810823baa8f7561f	01fee42a2ba087c7153d67053074d09e56584d154fbd515e114899ba0d3f5d8c	d4adc9850826a690206524b19f155825cb5aaf6d31ed9f56f9c7ed321cf7b16b	404fda0784683010432f71ef8119023b8c76e5929d7d40e579440302a7ef79c6
646	c80fb1cde8ed9d291b8ef4f37b941d2cd09ada2f8415954493bb258344c3fca9	a4549e2c727960b27f055e06e461eb322b19a0bac669bab7938c7f7eb939972d	429f227f648c38ac84cae06ae33e8faed100820b914f32034de58e0cd3a3c96e	6860c6910dd5c246dabcf751d2f8d4b634c01730265ad1b65abde0748ab97006	bdc32a3f7775594d33415fe9deb02cb31cda3d6e7ede5a34faa970eae260183a	33214a4ed994b4ca7938a3fa601465d5658c5830c4081621e7da0e4bfa23435e	e0ea49de78addb0f5c098a1e040d0472bafba4900834ac55d1a964a5c8dc12b7
647	08c6c1929ed7babddce49f261efd402d68dc78348b4c24293a85574724692ae6	22feb4a11dc4df852fec0dbdc91c2e4ae188ac00f792e2df2ce5bbc9b4a8264e	0571b883a087bb0338305e52cbc947dcf063f211d577eb56a85e3b0782dc5262	64c8cbb1c44fda5e66d60b12d5b01c4d13192f30d9b458f77aa44735dfe4ebfb	476a89f5b52536a312950d774cf53f3d77324cb20aff453332f5a81e9a3e20c4	3fdde7c1531cb2143329050a737d39ce01b5dfb52e9b841e4a72f81938f44e8e	e2e002aa26410ab98b6cac7ec4a37e16a08ca44a18f36769f95860f0d36e79c6
648	0b08ee3eb27ff38f8dff5c1d6843ceaf938658667502dc4e7a7addb60b1d7a57	b21ab3a1dfa2ed386e6051307df272598898a3f7ef1adeb3768fd9045508b79a	6d19031f901640d71a23565b821849ccbc934230409473d7dfddfcfe4f2ed83a	56708417cf5b017e0c75a281d18c2960d2c63e8f4b56700ea2f2232cc7fc7347	d1875f8186f2f3cb07c3c5248a4e83bdb7c69da178be3e27632594a452611e86	d1b01cd8dad52106b1418ec5fd18b7795819aa34bc1485c41f0e2a6586c224e2	a8069134445d05405c055f8af0ee8d1c353b5e819aee69734e5ed1a227a128f4
649	f415dea5854749bb905afeda42d0c39ee0f1356f4505868f0c49ceb89a305983	b8380838c19c436315769e53b01aa1fd1a41bd40ab1acba55a25489cfd71157e	7efd330e7aaea8bcdfca520f9c01da3242a89589ccc02819b9bdd46e0f04751e	442daa74bfd56871620033eddfa4354ba076dcf1c542cd8723cd87e4ac536d36	f399e950b846179b497f469f126f41aa4822efbc5f0662682e5b1dddecd5959d	68a8bd267159e619780b5fdd0d6cfee5b55ea974df269d7560df97a4d2c51031	ac03bd0aaa031e24ec6eac0dd47562dd3f7b5d9cb9d214b42060d9cd52da6557
650	ea89b12c991841b32b2d53526756d4b007f2e6f6a640f3629df2a3177672c7a4	25dd3924cd1cfc36fbf8c36be0e2c5067e244886e9a3d382c7a91eb19314d1e2	069c611472d1c6ee0bfbee25b6f1f7de294b555696c4c26354d830f0aadf18d4	6ece7c49a4aeb6c73349bb723d8a9b53cc795fc29ac8c453cdb002353c26009a	c3b0cdfbd7320b2511159e6db2ab4945c0253b0da0015d86af6f88d17d68a5fa	db987680114ed5b0ef804f1fb5d948cac311cb26d81383258e16da0465505a48	6db6bae017a89a30191281d5ea116728db2422b106c2013c07f419347216fc63
651	c87dcd5b19e6f5e36c5d7a92b3b8450fd0a1a03106c564026bb08e4452113e6c	c0de1446cf9adee51745b38855bdb2557365cf6cd4fcf5fd3555378312d85f0b	49722042cc165f8c57819d3f1ee41702e762f17e3b377deb772b9016dc6ea1e4	3904355f72231fb029af3af9ee9042fe29d1d559c3f1717b49c4fea247d55768	aa75b9893ba62daf4ff57dabbf0ca5baa43fa046a23931cf460d1d23e0fbe99d	495431b75315332a6503c8ba608c10662f27f66c4b98d2a309b58dad2be2ac85	e335ff1b77c06b449209d82efaafc52b493b6f70975bd2eee7bf454f1267c468
652	73a7ccd869442fc87ee51accfd82c4f111bdbd50f82cee9c615666ba84b9d906	b1c57866e0be135894d74ee78b9932ada8b2def9c60d50e8fb9bee7cb1b779aa	19f93409d04772ebb8cb7a8569d347ea82809752733e8a3ca7129835a897083b	8c1da295b33104656b94d64a68c3b53f884f036212508778c0e5bf2906778d83	5e3c47f1ae3fcad3617734479dabd4c69dff38c667fa0da3aa94469788e7b817	d420fe36dc5568c11dfba4e9110a4d7f0a741b9fbe0c954d27be7f2aa9019f7b	3d9ed7fc9cceab49cd33dd7c657bc6bd6d13003fd42c478124c478411ca243d1
653	07a7487c6f67db9413943de3eb8443e4ebfe087f1e293b6e21759ba32e450035	036a8c79b69adc62dd11c34a04ca0dc50c8ca34ca9637c278457cbad4dd26468	2deec5beb1e91ad3b40d756d0ca702780b17c284e40f6935c5744eb6955960c7	9bcea09f4feb99c73e9aa66016b157d0c530185a111c210dd1ee9eb588c21526	44f498ee186b7d82c66993674d22d147ae82d9651a3ebc65683a6a24c7de4046	d23e9ff46f1287f57d317a7c48d1f47fc1eaf3ce6fb5d631c4342e6ed2260dc4	61ec9e565845ed1eadd33079cdddba6c2aa3daac3a1f974d68a9f211cbaf0bc9
654	a0fe376d6ccfcdc45da71c66ee0f0353c5e74499452e5386cf932371b9eef4c2	43637760e833053e5438f208509df1641d3d74f23fcea810365d286e3e6dec79	895c9d3dbf4179a6d1f206446dc53002da6fe94aec334ab4ecf0fb8f901a431b	8f2555711b3efbc305651263e1b00052442f0911d0283aee3d2d7f4f2382552f	ec4c39e90031b520e5f1742768a1d6d6d420d0ee8c052ad329a7bec90527110e	730b9205f787652576416cfa3532643076ac0e9d63ff5229ba2927d4e081c663	e6fe40b65f3a5cff5b7d75673e8ea801ff8af85e3bc7cc5dd94b1738bd1b494a
655	2a180ea30e7a45ba83efd04c120f1bb4df72f2edeb9be7edcd031d8dc77762b8	bd5a547c5c9ff9cf8d8fa414d29ffa58305e81cae2315aa7f4dca81a58edc754	106d6e8222cdddb6e75408441fe523a2814069c22099f11261eafcb12010a3a1	b0c54a5060d93e7524ae8a9abe80f7c51da9388697f44148ba4a20a28574deca	265e5df33f4f3a065dbbc5101c71db79f89021d15c6393a4cf434ac6951b4c91	5cf0d51c1471bb0e08bd6853e53b5920aeac2b9c337a4c3af3d51e3cfdea12c0	7523aad7f6d7e8d5b462505ebda111296bebd8f003b7cc94b43f7a313faa5497
656	efd827ae02563c2a5e68eb2519ea5db14b5c4f69eed0f8bf8514704d184ac514	d9d7911c8931d19e8c41030979aa8ec5bba5182ae05e783d8d1bf02580af265f	d1f9d9006176bc5a847485dfaa41f0eed0e66874934fd329659cfa4c7196863b	45ab03bcf947f5fcd4465c95089d8fc0c34f8f4f4e3c960a63c2ae3017eb06ff	c2acceb3f6405ff675d354b86edd7a7cb938b4821eee2e9d746c316c6733888b	20dc1711dbecf3d410ec6822ef729d5c3377d8d11c22033b256c0d4e891cdc80	3fab4c41f4084b24f09d28794b618b36882534b49ea1cfca337e65e761f6ab32
657	1c7a7945c2dde19739a811763b00fa9819b36f13b022364f970dc3d2a73b523a	f591cec1c4dbaef0bbd42b9a9f435c5499d06476099ac1c6687f44b3f3b3e6fa	c921563003d6b868182bd4a8cb81f9dfad129b84c6477b35a4dc3f8ddd5a1fc7	3eff53d48564abba30ffcc88848d63e3a1876a59f4041ac2419eea25fb1ab046	59e8c9cc13f1fe4d54cb681ac28d889c0efbac6af92b7098b123c0afbf1bae03	007165708621b40eeae4e3c1a609ac591b24c38ab895305e98da601dbcd48898	006023e4133d8525d5bbc8fa6b5072daa934eddeee1c86f168014edc83d72edc
658	514e694aaca371327240c06ecc5b1f7bced93f54937c394b9d83b004668917c5	6c31f8ab4ced1c0c36eae67cf50f8e7ab0587bf72a6f84db32c0c68d4541be51	5b139d478d094e33e49ece6f56b0dbff842587fe67fd1578cc74307a854743bb	459a844ede840fb032207b5a174b807509033eb1e9efe7944eb9dbbdff09f110	5345e5d64b638f95768dfa94e1584d371da11c1c96214a047ecf1e500b2af6a6	e11b015d1d7e19a957d90fc879cbae36045ceb6cd2c814d0d1b1a9e6bc8112e6	8f633d29c7f2065cc862d52a1072407e63cb8ee676c652447d38fdb8767c0c9d
659	6ef6efcd81430d03a989abb301902b0421ef09f0a7f418ff6659de2f3137d587	3e6a98d1298661f73b14c2b404670e0e4542d6882974febda1bcb85ed5f9e24d	1a5ca296a437caaba0f7c46d4450076354842e162b968e48ce0d84d62e6177ba	adeeee7be7ea45a708b6b4fbd7cc92d0e3ed4e5bff672e1e085dd68ff0c097cd	d3d9f06d449bbdd4323b8d49ce3a1c76e92d85748a2ca2ad61239c7a66d4237b	10c1bc09ee22d68a0edab4c38e2922ae63d68925aa225c4696c057b1deeb9b17	0ddef808a43755b1b4910a5df96cc85b57f2da0f9f1d044620fc5491df46f539
660	ae1309d7ea37cc393a3776f1cd1dc8601f31acbf8ecd31f1ae9f9ba8eb7bb46c	108e1bf5422ab00a6082741b78ca812354c59ec53f9266c0dcd94eff13225376	774d05f763392c8a4a3719ccae5cccdb9490ec9cd0fe4e1ea0c972b66f56af1d	79ed548f7cc722e5ed99a668a2eb7fb58e4416db54a8ac1d78341bc86cfcd1b3	f672d3d127d279fa45c578de12db3a36e50af3e719c7456fed16de0ae1c223f2	5c0e5aafc3f751aba21fc3655041dd267763066cefdc60d47e6d7f751011eb8d	dba8b1f21f0d5d16742dba4a31accfb81c6d9137445125419c13090693f2420e
661	4a00009ac4a4cb08af29add7a82402d48a463a11caee0cb550e52f93b2b144cb	a6294bbe87285aa8f7a6851e31c36f39b3eb8876e77352cce7938dc14f703299	a08aee4cd550e7d0570d9d6765d04731c3a1ae7cb0f16d80eace9f216ff1f9d6	2c9a950ba8d588a0323460dc1d12afdbfa54a8fdae3836050c714fb505fb7305	4d3fd54a1d98bb3bed85f17e4a89f79cd2144883efb7204bc835bf4782917d8f	0c91b235b513e102306b44cd0974523982d4660975c159ebd06be083c7954148	55d02aeddca3c2eba877b2ae203d49038c0fde23e96e815b3e4cbcf04e5a06de
662	941b7eeffd651f769329e3900dc50d845009292a4785e1b71e2a66135ecfd4d0	3fb4392f39d8571039bad09dfed55369bb39f44f3bf179838978b8880b45a3d8	7b815a5d8a3ddd02970872cd37deadddfa09373dbf5180a42fe73d630a33ddbb	8ade8cf266b9256f5a2d22a6d2cb024704fcae3a0198446be93db3759449d5c9	9a6d23ae36d4cc8624090546e0a4525a75a7e5d9c0744dbb198533e3ad7eda43	bd288a0cb518f20259f915ef3172b06e397d0c214d182b6e88cd073204422096	ba1ab48d3659474a8102dfe96f4a692c675f373d9e4dc9c91a6333637be0a475
663	13ccd14f12b0be5c271cbd7c4153482888108611be110754d2f76637b646bc9f	71cc20eed4343ce2511687edd32cb933f9fe8390f53d9cb61fafce4d85385c11	23ac74a542e4bb89ba461ba680350c466fc446af71bcd875c790947bc310c765	678fe4b2af36755a47938822acd18a8f5ecc4ca0888c95661f4dd1524556ed10	a0c488f14f5891ba68003e84ae9fcacaacd880684c1032d522e17ecb697270d7	8ab0562a573890710f702e0caa0b779557f420baf8c4ea2fd0bdfdaa26eaa8cb	075b9e111f4e25491b52c5981dd879d060718467551945ff3d4ebcee9339eef8
664	03489ad62b54fbd3844774f11e68f95ab8d9b2c024ef078d8b41b42bf21d4924	af6195e340ccb79a4da407d0de63a9aeff6487de4a95e8d9ac8de0186f9086f4	5ad967ef344ef4e99dab8f11a5d88fb58d3a3e2b1c1bbf63422d1c1d0b98bbb0	f6fad5c895a2f524b8fa9d57afbabf65c4e17e59d717103affd57b636bf58d48	3eb85273fc6ca7e5d22ac2f91041115018060612b6d7070d863141fe81bc5c71	9f83880c1f363ad448f59357cec01fa44591c963c9478a047df749bbc312e53f	5625004bd5315ab90e5c2b584216b257d61168b3d345412f3f5fd6ba8a3d99fc
665	5d23e7a0003be361d1e45b2fafe80870a33c3c4a6690675560fa838d2933ca92	bc3b7185ae2cf95effa8277c97ee70bf355d70d01ca37db7e1cbf7604cac2ccf	869fc9898baaa5f72a192b1333475898f25304985baf9f3c7786cfef8b8d8a7d	3319685b80367583e032ddd62b3f5321eede49964db80c948fbbf27bd8e21ca8	066fd27ceda724e3d2e054aa44b89c9aea6465bfb2efea3f994978462193b27a	ba9233165b82a263d396e9a01f316a4554808cb7e086c081e8dcb72b38011039	bbd14f9df401346b3a646bb142f6763f10f48184f87e0ff0f4c0492bf4729c3e
666	44a8da392f6aed9f406d6605c47362935d3d53dc2e40bd37d6049bf76b691c6b	1296ec781d87ae8d26a1b43d9029d039b9be19569e567e3295013e814b131828	19a934c1a4857ea648d01044d24dd21aede40c8bd7f0609c8107b9aad52bf63b	2689132f204dded985bb9a927b3a0b8132608878f033de0aab75b91c0c508bd0	f5f1a8255f2c905dcc6c769c84e20357e58f96bb74f2eac620936259ffc0ef0b	86849af1aad8f9dce4e6a25d8b89758f9620d0a8f8a444918692e9b68f0c86f8	123718fb6105e636e358624bd4c728b87da6a8916532931d0c7269142e1d326e
667	e2d04ad8ce6463a39559c11af5576c70c34567faf507f092b1ca3cba02191234	c116a04da01a34ad6eb3a9cf3b1a5988216807449aed8be00a3cac34c80939ab	41023858ca0215bb5390d0a26faaf153c319079f06138edb566dfb96f4c3e218	e8fc623cd283800004c070b764e583be43d351c593aa75caf8a15d4ee4b26329	c77d9ba8e154bfc946ffd122009da8ae541693746cb3e12197ea16b70607c095	020a63a677128d849342f5f84224f49cdbffdaf554928482277c39b21fc6290a	335f5b1c05ede64cb63162266cf367535e2c67c9482333b1960f3689cdeb9579
668	dc754ea5ddb9d09241923fde52df595cc694656e67febfbea6e4518bf64455b3	49f83f7e980351008eb35dba66747dde8ac110a80112d523005d0e2c74c2fc48	abce97cf80cd5dba9c10083c5c64507745b95897e2dac759bd1271136b0e356c	6799c0ecc01bc2af9ffe190fda665e054d9057f0f2752b24d6fb04c131d25585	673209f8237c50e96358486b4a9f1f5d0bd7e5b75fbd3a516fa9430764026425	1170607ab2135ba62197715e05171f50bf6a0fafd7e59d8f90b4e96b6364c082	8d1213b8b648cc34980cc991bd08421a9fe00e597e1f38b874ab43356650b1c7
669	5673d5c8da8ab2aaef0be5da53173496f8f50aa573c5b494ef5d8016ea0c2fe3	62ef519d3e76672fe704dab61243dc8eddc54ca165b9fb49ab8a62795df409a9	b012443cd056f8de32f5446678ee22de05c73f66b4e1ae95622b330506a9fc47	c872d10b1be82a5ad0f9920cbe3ce4876abdce09d952269d0feaf6af56d55bb2	ffe0d328e6e0e66c0b69fc65635b52ca9617624dededdd2d9fe07f46937df0f8	c8ae997a75807d64f1b1a424a705790f6296d81d14aa183b23e3ecffdaf352c9	316071b36017eb60bd7012f37fada73d51333955c4864740eb936dae5ca6ce6e
670	deab8a936a31c932692a566123a22d89f5c36006d6415a9e3bd1392fc8dcd7cc	67d5c57c91d3b4d5bc5e7a0f0ba2ea12b34e1fb816c537b3635dc0ecbb55b878	ff116dec7636f6ba242c8f839d913a5ffaa97b6aecf8956972c81c82f550450f	9aeb945b08a6183b87845d85527b69f2d2d8b588687e675c2c3d8e782d65d7c0	7095ef361abadddc1a368bf7ea05deb33821096d301eccfaa40c062e7b79a44b	6f316cc19a7450ac4abf8c752a0204283f9554d0d3f5c965129e52718311d6f5	6bf9853b391551e01faf878b786794bae29c604b09ff44df4d18143db12e3031
671	127ae939e2d269676e27e09eecbd8a3fd735126f15c0e9f881394072fe2eadfe	cbd832eaafceeaf4ca2e94c9e934a9395f53ec024edc9011f29f50174906aaba	4963eef37afbb2bc5d4b769b0ef780f2029657f96b1c24f6be0acc7ba99433a6	4d7c04bc09515238fe82a9cb88f464895b18ec63b73ba2ed0b8cf7de5c89a243	df28d782e2758fcb1184b2d02fe23d5e37f2cadeaffb4e8dc6a58a74fb8ead06	20bd0ed2f7c23b576412ffa887d3d332c614b1afb811d272b662d3c320fa57e0	66b1636e773d2b619ab24c4b92c01dc1dbc8f55a10b49dca6f46dc9c2d317dff
672	7c0a5abb8fc6d07e07afc6ceb97914c4a3f0a985f085d787ee050476d4daa833	131296c92fce21ccd34fafd449d04ce5861c49640a17a42a3778347966816a3d	564b44ab7d59b1012765ec7c44a5ec9fda1a9d3cccc456d541c7a2a2491785e3	b263a008f8e9e0af545b8003dbaeca52bfd573ec0b5d2e7c6b9357a9879378eb	01e59c349cfa657a80aeddbff95276d9eca1f9d18d613388b65499492d2c5200	8ee0f9ac2224640812de39e5ff104f178554b289f2afce4cc724d99f91c4e0dd	09fbe3ef6237cc9d5dd870d79e676bfd6d769c5d37a952c9ddf1967fa4053377
673	458ae0f54819fe48f58609d94f787fccd6420aefe7969677288f03580d3b38dd	cf0a33bac37062fd418a5e424670a0a20f22daee4b2610a21269f3254be619a7	86cb6bea35a31b641127cc58c774999202304a624cb895753a660659f251a9e0	6033d272636a36a46a56f919f5735c6c362ad0aed28c1fa2e5469d3f5070fa17	ed5d33222ce9fb74f93d89cf338aef6366ef0c25608be151f0ab96b29cb90ab2	1110aad65871c8940f66c09d0c4145e7755a4fbcf0196fda9d0863aaf27d9396	5d562592de69ff8fac5118ca11886ce7543911aa54e888f7ebffb851f3d93fa7
674	1f24504cc35f270490466d97842a0f656def9f49624e41e54fa90a94205cac40	289a9b214bad5f1f535900f32dd08833d02a3bdd649a6702b4eea6b2ce6c472e	d47ed13aa2be92050b3db793787684c7a374c110da2aa8bdc9e63e4f1ccec153	cfa9893b248f6124cea7aed1060b64065cb56553b1dc323ba704c5d9d9f48962	2192772ab7c3d186a9c6e3a209d3b270bdefb09842be47092057e85a82d7b1b1	35304df9b03918686d0c43630f26e2fbf2ee82e813236d21644f0943d4383588	b4984fb696781c5ae30db2a5080fdf9dfe251cdecbff2981657f03376faebd8f
675	15eebd98dbd588f5d2612dcbad74865667d645481db3a3a4b8c5ed818253b858	7364e20410a2e5455c62c557d2ed0de022c8916b348f7cdc51f26b7d7a754638	e38fa8691d565e1b2a92420d96916dce839f20380414d410e3a8c20aca29f838	78591fe5166dac8e060bafa62a1da6b2ace9ba5c8d6024298ff44f36cd0db105	b87b10f893669130cf2850c5834d430983af9e26842d878916a377f4314f4920	58ecf46c75ba63733af168b1d5e8b7db44bfd6f62e7c4b1cca72cb3eb3e3b8d9	480079d29c655fadcaf170e83dd910f2ca7d4c465bf074de537381f5d14c8e32
676	0b4e3c2c3fa5ddec95121a7cd773816192844a877b0f75d2762cf5fc648a843f	b7d7153ce14317605c631e6573df410173ec439b3ec39e7b3df242aa4725c04c	0d9d3158eedc09e6e93178949d92259bdabcc74364338eb232aca737ebc461db	bd8643b71ec4b5659906699493788736f1a6eb2221a34c56dd6493cc404dd727	e586b4eaa692565e188be1ace03fa9a81cd1a9e297aba8b1ec972aa61c50c474	d0a09e268a5431ea4f42a359db3ea771d7a227aa6c13a8861e001959510f0ed6	2fb61a0b849b657548ba6973bd39b781b1382babfef3e8b0e9e97c6528cf6509
677	1c87695148abcf09bc2650f892f432ba04514340687bb092ca056a0d8b3bcf2b	cc1cefb05bb25e9493d84d74c16398f2653bbdbd2fdbd5175ced3ed1b4ad4e9f	dca4f041af604538e405f196f325cf6895957d51c0a7ded64a74518c96bdbc90	d2c21fc0659a09240a405b62d9f5367379d051e6a6e5e7c1a136d4bc9a590e4f	f32255ec202d19610429c9011e132586fcc677ff2850fe48ae65e5050383c71b	9003bc0f334bd40d10152c9bcaef8d050048560127c81f40f48de84a96978df9	4cd11f039b59d63afaa7452d8825e03158f2a8ace657bedc3b436500bcec9933
678	aebc317e06c8414218a8366abd0f852fdf704061fb57a5b6c90ee2254356b09c	93213beb670bc8be8d7f3e0ddf13d332d31be0fdfa11d1a340ae6f727486a7ec	2cabbaabeeedac1d36a747fab063ab3e30704f0327b1ab7ddeca692fbcc2e7b9	dd649124237c78d55cf0bca9ea7781806a8dc9d917f78d2da243505a9ad64d5f	025210d44ab230ee9083499ea78b6e0d0317601803381d5054aa030daac40b3d	6252a6d4747a5be849e30faacb27626b4e180abd45cb55c7f08f0c0806d518ea	78f05f3c00f3190535b904161706eef1aba14429070ed488bde75a5b7d0b3629
679	1ed3a92217b82ec7c4cfdead2e706e50140e7e1e6ecedea69a2ff7567c05f8de	8fa292116c8eb1214abe3ebe932aa2d657e416b28e330a5309a93ced563150b4	15e35b3a3896a00d1b1e0575b6a9157a1e414a353613d0fc234d48d62e99a725	338df3e1db555e0b6992e88674e51122f240c7788cf1b218c0494158ccea28c8	df1fefba90ed0343e1e33be53b9a651f396decdb23b502b69b80423d0f647173	75f5d4be3012a38698257fe439e00b19b2e134dc8466b790d8a7238a10a03b54	75e0364e6b370f15890222d2e33290b79418675fd5a90dc1002ee3f15d5dee55
680	ae7c0d2e1fca37ef243f36b356a31699d9d7225340cce25cb457b0de865bb68e	3050f57748d00564695aa7aaf7d8bb76db53d739a313c6611db8b164d89b39f2	c32dcdd9bc4a5e3f2b940b21cd8ac0a143b9c4074a99d9051b31dddbf49b3163	df73d2f25e3f96d474355ffb91b7c07b2045e7e2fed0bbd8156987cf4b0e4183	3b049f90026c56fcf4504dd4b4fa9f844cb5dc912ffba3492f3876de3b65f73e	02d214482eaaf82497e887284bac566f76d5b6b96581502dcf86f6d3dddb52c9	044f4edb5f55d197fa3a71083128eedb3af45bca81ee7f92a9e18bd8ad7826ad
681	f34beb6f03e8ee205fed8a926cc8c09bbc18b03b9aa2ae8aee616efe91d17100	35198b39330b663b6ccb9b367a1092aac1dc719137c7767e443b4a28a38ace1d	bdaf2ad032d3065d727b85b86db541f7d40b58a5ff3f480d4bdbf9c82a4d69bd	ce794793d8fe9d7f2d70dd52095266630a90d7da6fccac2b83a9a34f0a290ebe	6d9c777fe14d257e3a23deedb595f7400261da7b995159ffe2146dcc93a04427	3cfec6dd0486313e5c1ebf34b158d37130f18f76ba5ede859ce7f97ba532bd1e	317835bcb529d021f94fc2e55fc00f243db9fa73f851dc3e70f9be770150ae59
682	5cf86915fdef1b3120114282d7f0d2c655c57c8a7d3ecaa3c782144c9169b03c	2003fb04284880c3afcc3b2fd604534947eec19bfafcf0bb2426f6c7422a3e62	22c1f364bdcb744f1de7a4142ad1dcc8091346f733e62a1afec6300b75b01bd1	3b195bf4aa898f8a4233b1f2e3b9a098d9b6f7d46a6d107f19d80b8a14dd7f2d	3ca929dcaddb4e20b2a5211214ac1be3aaea606bfe6a6b364d9fb62298141b18	e7fbf79686db21cbf4e72b4d6bf90a1363e9aeee5f0d536e124c43e4405d380f	66a1f06ab93bf875713b32b50d6d7195c427f7d515af109cd4920bb9709e8104
683	e137905a8311f44ad087ab0832818e035bce2e0006fb3c51f0129b5a49abb267	9630ce41362d25e5473ca1c7986eda77e6ba9389349377b4727a8f48b1d4d6b2	7711d917c8a609c1868cc7d2cf2ed0cf12bd586bdb1e7945f51ee3de1a2f63fc	7bd91bfcb240792ab4422dcb021a95e9593afe43f94f4900505c0e9120c7f52a	600c603da0f8b73945f134ff1ae2be0ae1e83f85cfba5975b2ef590737bdad31	16a8216eda2601b0f8ad087bb3e1e8cf68ada611187b843bbaca9e004634f6b5	6b475f44e1327eb671a3c39c419828a86f410815ce6ee604594d863a357ec6f3
684	0876c1c89eb0ebe38e16e61f4052ab01cb5427b0c55b5288e3bd7fdecebd2cfe	fb67993c4a586c8c768a2afb4dd284422002c00bdd8fec3007a34c7324526707	ad84afe009b1f5cf732129df635c2986d3aed0ffe1893b841077c55200d11681	5462d4481dfeabaa758b9a0ab8e119c8f471c79a39b94f3cba3bfbf1ad480b44	c8189b47ebf3a0ad20a35d8482e5f937ab67663e4eba0e8a4967c330ca9a090a	5d16873794652656a4a0238ad3f14cdfdbc7ef7614a218a43e777cd3675bdd05	e4aaec4e3a006010f334f326de08704705812c09d8d088856f515993627b3568
685	bfa921c52f01bf2f72e77617638537724248fdf3293af90bc42eb0e678e4985a	4ced3c83a6c4f3aae4a385213798a3ab883d8f9cdf61ed6c632d7822840dba60	ed178e0e0071b7ce68480be7f217d3750afdceae86c68e8f45abd9dbf9a093cb	28d31b9c44e739a06aff3baf5c1c4740f721cc3bbcde66a36286a15a616a6532	39295ef7ba32d1c7c41772429281a47661048254d3ca2d12515a31bedacafa6e	fe43f232595658ff560f8a043bf76bdd901d88f39f98381a8d476e1c9c1543b5	7ffe87c9f6a7c82b2550e4b42800cf801f9b135258f71a64ae3b77eb5144d388
686	6c8990de44af3902d7aa8d62bb33601bbaae734acabbf21ece1abca16f0d01ad	46ecdd3128aede902974b990ec5fb7455aea9de040676ce9766ed156924ebb57	f9a674d3ffff17a7cf15555f32ca584f73d770063fa04c33506077820d2656e1	d099d0a4c997243860fdf0beca49dca30e8d8ca95dd612e2f2a0999d4c6a309c	b1872bcd9a52892795c61c8b36bd336e4e0196285ac61fda83b7d4817fedcd6b	dc8256317f506c6936888ea361534a0df8a2eb0bd862ea9722391441679cc043	97a790049bf22d9879fb503f3c4c417eb6c6ec29a026ef825ebae51e15c775ef
687	75640445efe0a19494a1aa32213fd76cca2ffb8559909e3dd746cddb35d755d0	829604a24e50463f038ad040fd05614a06f43141be82cee49bdbbf31a5126f50	15708e5f8d812afd7f22ab1e68e743068df3b0a2d93ab075d318137168624bf1	dbff822599c9c5b8d44994952da72bca78d025659723e62d332bad85118a43a7	f8d66ca6f81c2b887b3a1a84d0c9036760729a790def41fa1a628a0650e3c1cd	224029c6eeb35df2b3e14d98e8f5011e994397153ef93ea3a3c03e0d695c9535	422bdc92c86e5ee8a9579fdec745de841fc02e2b19b80ddfc801e89d59a6dc22
688	f6737068cf85243dc9fde4bfd032f6cb5a9d9b08dddcf684cfb950c5a7c1c021	7e37775286e14efbb677c26a0ef49833f4630b26a2e09a13ffddf64ffdf215dd	d93cee0d06fe5c9fdb55fa658a0bdb345bc0814530734dc1696ddd2627da3edc	dbbd9c5cfcc0b641ff63aaa367b5142e12574335ffefa7f31e14afa3d422b222	41bf43e8964b103ec8c8b61785f0573d71f7c4512751a4e7be2aa541cffbd601	f409639260ec14b65fd3707f86dfa86bbe6a686e5a03fc702c514161029b4e0a	c252ebfdfd9cbdb752ea8b4639de507e02f7db5031edd4fc5a93fec07a43266b
689	b4349b0dd13fa2ae9c49867b0f59bdae6625f1d3498511ebdafe04e3b9db8ef8	fafb70fe27e6161f78470e0ff33bb3e4b24a6ca887aa242c6c806c97c33f5ca8	34229e72aff5e30519e61bf7aa89182b2e5efba6b54f61614aba23b7e06eeeb2	9adae77c542dd26517ee0516f7be1d980f8fd83236524fe9dbdfe5b272ac9737	b1a496a0c10c3159a73d18e84818de115654a3d1b8c5228059b07be0ed0c4acd	1d5d1b0028c1f8240f0cbe642f86f8ec43340f26821ca98a315b95684d16dd5b	4f1e9ce0604e58463cf035f8aabcaf6fe4d9ad85f71cb88c6b3e280b2d775d14
690	1d16dc2887b719c9022bca89df6bf8aedd53c13d95cfb36be31aa6e232562d10	beb5558d89702a6e925e4102f6c8715cd272a54c86f0556cae530fb893453d6a	57e869678f01988b728136c345a014381ff70b52638be9ff5b302b4a7cc4e5c7	df4a9639c78d96e15a756875706ffc2328f13bdb3f77b70d7bf697ecde429318	5b77a14e5f8f9969e1bbded03302722db810e6f18aa717b5ef7e12b4f2ad3e34	b899d949c3060b50306fd20a7418314489208a00e7bff437992051ef5aa99315	922110900d9eedd034baa2d03c4805853ec519c171969c25bc16a559467a65f1
691	18abf5fdb9682c415c8fa5c73f5e8ad29529505cf319458260ad4d36a5c35bff	7c5eaf8d340b9e604c87678faa34b6bf0e92f9b1b33e9642ba3ce30387b8b661	53cdd58f7baaa66181e1a31b2008a0ccb2f67d25f84257398862cd5f37e8e9d6	4e1f19b510d810174b33645ce8287892716a1ddc74a51fff4a03dbf3b085d357	2b7e368280ad8b02af05ecafbb8fab8c0f6229ca68b924c441fe14ecf3cc9996	4240332a6e32b08503877d8249e61930bb67a82a2f86e06c2c9dda78a5a69cfb	ab24b7f2fe43b8e6804722a761bf40b1fcc5f702a074bec2ce08803682c09ea8
692	f6c2ba6db3a41031b30c382251bdf1d734a44062e531f92cb591eada40eeb89b	02a53b816ee261466ae962aa790c2ad53327349928bc71e9dabbd4dbd3a2bed1	34590096de26a4a83c79f4e31d5c48f0ca28438f85cdb6127923d63f0ac8bccb	23f77592ff0fce78960ae1881ecf9262f3e3a75adc8aeae62058e5690efd3429	c2b1792097b96ff819237cc49af94d90a8ee04de300c87e410c6ebedfa025d09	9d5527be22dd08a264671c45d2394def3bdfd4da68342b57e111a17768d8eb67	b5c699801d72658d719411a4c7175aca6f6bf310de0cbcde431bc0a33650e8f4
693	36e789c7a1d4fa2fb9833154ee6e4da8fa45e18894306b305def4472bcdc00f5	eefba7b90ee2a297bcbab21834128235c8e22cf41d3b054f170e2493283c2b4b	dbdc9ce635db99bbe8fd765a987bd8632fb3a73dbe016e3da791499fa552bddb	524e7b2dfcdbd277ee3283c5d687d92a5c45945b1b9398b6d1a0b794755de082	9c0dbf425c95d909ed7ce0c0e7013230be12071a59d51c26eee6594a2379c5bc	42b6bff4d0a5d00a7f18513f6cbf557655fdc683101c9ad8557c3f404b8279fc	ccb0c5f35665fae0df3708accda6f7352d7a60309859edb1c97a8a953b8c2672
694	a73031cf330c6ffd98a278b8baa0e4e3a0c92013fa2bd13601c3b198ab1599cb	345b12e89d2d5eeba0c3cc60459391f0e9262da66892f4e16830958d91d0c424	b6ea08adc53ec99f649ba884dfde4c1ec50d42590509906ceb107bcd23c64865	0d2471edb97fc1a9c73685a07ea4035ea2108ed86cbadfe70f3f84665c266444	e4bc55a464adf6d7b7de7910eb25124bf09a047351b5e2e5888aa18909efa5df	21858ba7838b5bb1a4f4fb77ccbf89c5af297d6e1923974ccdc6615806c4e396	cfc7f1f6e468ae2583a93d5b5f2138e86f9bc51753a3f4eba6f2978c5f045c85
695	c49be994d7b1673e842e5a44988baf1c3bd99417a79043753d7b3c3c270bef32	d7d6511832be790975075210b1db00265d74763e7c518414c39a167060c59447	55ac65edbfb4c4892b0a20a89cff321157b2a450b24a7119a77e2e7fdfb4dd33	89797a5041a8079dc0f7868ecdf90a9d56a7111c3a072b1e8ae312730c99e35c	0b93cd57d93101cf1099a9723559ce85ec80ada0b568da7510ff51f1c62bcaa4	4470e8bfb52be03afd9c7380658f6f99e354878e069d4b0073152dbfeb4960cf	9bfa1560be119ce2bedcf14ad7fff179214095410950d741d23f00662b04af15
696	d38c134d5d4d538d2efb106848091dace4c133130a640ef17b10f2addf060797	85b752c100f9321ff038426e0b9abbf240bb5c145dedcc0326a5c3dfce7f8fde	d900545ed20eec3f47700e1347ae2842a6cdfa694f19bb12eeb0c97f62dd8da1	23a5808cf5c1ab1df06c3fb51119f16f117371c8b71426ef6d07198bdfbe26a2	9be5ba77dae6c5bd3567e4e91d33f7cca13b14ee81be5db4912806e50abcfb40	8754f01b4a64fcf8541e8a6d267d05df656cad1856e19bde7199fb01aaa766af	d4ccd3c32a00fa8c2883639cd552a57f42ad2b84f8408d0c4ed2842958160626
697	61f033b7ed53d6ef7189bd8b3569289d370c5529bb2e3d713e052c3153f636d9	f6ba2d327e40a1696518bf519bf9a22ae65d3a445355ebfd90e892d01fb3f177	e9c24619ae117bcafda882bd37762817c60458a2ba4cbce9e3859af105bdbb6c	c6ad05cf9392560bb80c1f37f87a191636ec73895adde4e07309215811949674	f1797973bfecca27291341873c3133b4721be5403d305fd4891841291b1fdf94	c72f735813f11da7ecca1bcebb7cfd7b4a23483a882d9858536a5b3e6bd74fcb	73eeabf9407cd6d33d6d44501202e004e978df0982ecf6ee11ef36a6ce599149
698	60da03ed7d881b83aa5c587b3ffac22bcbd108a8e3165b3c33b16094fe75f084	91513af798bb68b1f27c2b5c4432f547a51b81c378e9248b2787e6f961d6afbb	4076bb6cb35feba40fa5ae49157ccb73c24142c62e2b312debf30ecf762a21c9	f52bceb83af37ec567d3eb17b0614b2315d3b530b6843ce72a155002ca06b56a	866d073cf977dcafa91d6c6f80b15dadd9404e860529c37a130b32fe61a0f305	6a8f61cd4547b1e8da05f730013c5ddaa9f640907f5d08076f5ee969ed3a47bc	fe91323dac0bd0ce40db1d4cd0498464bf83333fd1aa955365d01d4cad62bd0b
699	167e6e8feb6bf4ff0bfdb86c840105834dfd62bc157bd5b277b87780586cf9e5	23b1d62b9519fe29d5e55dd502943567ab45d2a1b714dcd3f0d68f8852a3c55f	d86ea63f79674dda3adab98a26a51840d8b51e641554383d6d8649488bd238e0	a6352e54c93d3388a21644a67b0daf4bd93a8113471d5c3a6bb2c4905194992c	4c9d454be0c6feae396d214e42c9b16de1d03d7fff9232695a5cf4081ef536f7	851de6dc9a67bf94012ed3e13c1145f9c2fd61b35a65069351aa98029e7d0aaf	d896758a10c51faa2b527cb477899dd336f3868dd86f7841bc42f680976951e0
700	e8ed0d0479260d7baceb4d82faf32c661a1c9c46aaaf07ef1a219c1e9154285a	db235f047673b9ccd5c2333ffe9562bdbe9f834a4c5ddcf481ab38898104ed16	26acfcc134438efdb310a6d997631c7bc6af9dd1b367b6bba9d2f81cf6a27109	322920255be79a2b505e44f59a7a8a06539627c0956e5e903bb2e1ad3c591516	3c73d34b4bf9f466070019b3dd257ec9f3710d55340ba5a5d9e11b0fdbbe3359	33688e5941ccef690f2ba1ae9926287e8da43c8d4608c93c72d1db096cc540b9	67061049d0617e8dcae4ff4ff99a20bd6cd0b5c4c7e933918abe4c069d55f5af
701	9a80824ec24c403d7461070be05a81cdc1932f80759dc9b90b8bb90e6e3dcd91	09fd19ae6d83458f0da3f0de664826c64ec302e3ca488b76ddea5e58e1d603e8	73487664b2a57251e7f4e08296f13dbbb7d9a8cf46d8b9c71d51edf3c026b6ed	dfbadb8634730dc230905898a7afd589b89d32b6845017842edf4649d1dec85c	6646ab8737e3e7a57ba7a6e5d4bf595ea00a6a85e99509c3c86978b1df692aed	43bb5e0bdf22e87e34f4ad920cdfb91d6d67097f05d727a3a8e9372722ae9517	730f8f0ee1cbc03a75ec0d503b045801f0a9ea329d3d081075b95b298c881702
702	3d4df0f13e469acec5af0c11b0a3ea1f63d5086c2ca527f887fcaed979edc8ab	4127860fdbfffecc5dc25924df405aff668210c2cfe5b0541ea52800b48a98bc	ad2f525c12b93f4e2fffe47a00d6e3d79514c63135e8f25ec542bc9bcd8d6631	195138ba4b418f9e25f9e759b0241eb423262023abc48d4af57131f3482baa06	f7a8c8cb645cae4b7af7eda0be81d7dcc0222b4d730680a1f0644d767bc27e86	6d740e40b4875474ff4375c64f382f605e0b19502e21ede22ccb8b87984b9844	a5ea389283613596006e3a87c375757721d804f1a52c31c138c207ac2678de1d
703	4f47607e7edd1353df50caaac3619178d5657e71f086d544c13ae923b383db9b	c281ab32d7651a41d9a6aef4816cf85e103e89e21acebbba5cfcf4db801b20e0	472a02efce0c3ae4e34f9b0731097fa1605428eb752d84947d01b8b6e073fa26	14629890115e2c27244dd8ee382d9934be282896293985146ef4bcd6ca04cb31	a3ab366b46c08c109a1529039a7f37982f54ea3e287d94dd8ab5631e419e00dd	9481736ad6faa76dc1d7f0182e0a456280a7624cd5193262cde3c3b06bf12d6f	585924bbb51b43d71b780b820309dda193c076f4968d15d5f6148018a98621b3
704	480c7633ead043d5215e8afe6d3fdaeb7e98ca4dfeecc60214d8e7bca23c063f	00632eeb4dc67dd75b601379519e4247d96e6fd50ff4ceef8a2dc861a8008eda	9c27ffa011b4a08ec5de54682a48f42cb84e74656b5083cb27c02474cea502ae	f5e1f24ebcc746d163788ed67eb8ef772d62f68e3deb0d9e8e02f96f4862b0c4	739b0d30c587a41828f2ed1f086a88f340bd1864c4ee42a35225772a64c13ddd	210b9b0531b5d5edbe77385d11809668054284b5fc21a77c08f86a4a586f3984	d9a228623fc5df36415e1091ee42eaadb7f74f4ede5776b40564f1b20ca757f7
705	da5f53b9864d6ff2b3277b476b9f32429c34eabe7a4661a1e2127391cbed2fb6	714d17b370eed02af5335866d00987b5c6f2ae1d4ef8d94c189fcce4f688b1d7	80a2ad1bd1b595ba477fbde0226347a8daa991d034d8bc5484b9f6397f85b3e0	8b12eeca50701ef8e019425d1b0900132d5da7c70b061543158ea0195d98d3b1	5a48dba8aac27a16ecb77203fc74d5f3248288b6911095374c2dd62da7c90e43	ffcac9dbfabbe4f8d73b99bbc1b0359828f597cf5f43ade04d550653cc58df8a	8f5ebc9a5a1c55514547d909bc3cc95e76621e6cb0f0763f1cf34ffb23a32ecb
706	5879721a07868d73727a78904de552068c52f1ffa1de5d315116b4199fa4db5c	f788cc24d260b1271116a4d4ec8cfb1025311718f61055e484caf5773538b451	a6db02a26e4f360260c1a760bb87bc0df8db89ea5efa80263c116d28c372d3e0	e1361008b8485b964591df9803fa92940262109499771250a334461ec69913e3	453cd7d08816152cf3fcdf240b39f2aa0cd16286e141c1e7419a34775685f4bc	eef24e4e3637d9338adce49c96109723e39eb1e384fbc1025b27f406e8102cca	1e242df9bb89302fb1bb3c4b90397858cbfc106767c25e18aa2b283578cf83e5
707	03929846f3975ef3b4037d2a49e483d702154014df6d7b10fd35db3b71ec749d	afbf359b3355995e6867c085513df780ea1a1e5b34ecfcc617df4226e7fa7564	05d69c9829b52881993ebdf160c7e31107fb5a8e7675df338194f2d132a84603	ccd07d2db686e457946715afc7577dae4c2e8a0cdc6dd93e029e5645d0910490	5deebb981e162699bf3ce5f5c903512161751f87fa4833dcfb9c4ddd571c653b	2af4d945117e0fd5e3a703b2fbe889b29f71c45b6f288bfd0bb3f004cd0624df	4ed24715f16595bf605fde2286057a2f32059e4224eea19496c36c112dec7f54
708	00dd2726237b5ebf25c78ac17c73cb7f30f013b531cc443f1ed75921798dc2c8	85a33da75472b97d4f98ae8d0b8b96693eb578f16d788e3b119c87396f02ae46	43be778a005c77ff1691a5206f0d7c901c03533be837d64032bc7993bb0e39b7	5978ac3073d749ed401d3f9866fa4a4a82df3f554b1c297cf6390b111c8ca8b7	82047cf135eb9b3f9367a7999c7c3e576c262182b85957623729d074800dcd5f	2903e795d293907c5f546226755e2a6f4ea55da2167e159d41a77f93633bbc73	1be76a1f9d4de6bf7992885ab06e0fc438264a3f05654bc5c4ef85ee9fb520a6
709	d7d433ad20296dad6bbdb512643b6d3322b6856c14cb6ea4fb8bb5a5c13ce4b2	4386d7bb7890a48952d2ac6640904e63e478977c62f812fb53060dd0e113f39d	9728430351407ba043a8d89cff81a49747174bbe9c7adb99fb58214233932d82	8ad9142c202336d335e59a175192fe2f4b1c40ce99a12f5dc247aea20cddba33	6180d343e5cd6251a4318a3e392f8a3c0915681b4467582368dcf09303060234	a7917ee840b7013f04cb5c7df56873a5a7e74550721b7127b9b86e45e6c664c7	513c2f8410483df94140e2d794e19be8415e61f371e9a5f8901c50e06d9fd835
710	d1ec09c09aa84039ab9861544b0cd65d7650179964a71689206cb8973cddced9	d1fbd3af43bcce939f07f6d48c8c73036d4828d826954759e9c15906f6cbae8e	f85075adf04d6a5b31a3abd589fd575645bcb8bc681768d3920329669d11faf8	04609eb6c48f3be50c844243e027ec17d71737685c1d744a29ae6dbb9c1e7446	016d2aaca0c0cbc6f35947f3edd6df458ae1e715d6a2ec44692d0403fdef7cc7	0391e8f0202ec0baa8b74756729d9567c94879ef09ee2f22023898cbe14be710	c01cd2d5a365939db6f6d294574b18e584aa0479dc7a58e63a30b84995a7f8d4
711	05bbd8a9fe3dcd936a9bd710b72df2bbfefb116e040eed7203421c2f635f329a	599d46defab44e7c3e8ad0df49596b63827fd2d84d57461044bdbd62806c51ad	c4b24990acf8cbff79a859ea29c659e246245e4107ed9582e56f2a8448cbedfd	f4e24abd936efd9ba2a50af7ce90696018c1f0e9695635f74bbae5dc1439e2b9	b06845bde1b4bfb81a368f088cd73a2d78da6be5b48e6126cbf6666f6886c933	36d4523611f6f24836221ddc13f8442d079f53ea94bcd86096734f47da9f1baf	672e60aaa4b6dd02f6dc667da8a880e50b3439e41fac75955ce84bb83252822c
712	6e25579ae3d43338c22c24d15019cdc9583fa582ee3e1bcc38c22ebb5f10115f	8e2aebf013fb068a56b2d446b3f63da36e8e9e981c8a2cd6a7b6b51e74c8135e	204aed8369a4e2366ce71ce8332db0d97290032f20b51cf716594ded9101f511	56f60f575dfca3ba8f68dd9ad6d29e6c0f9497d308ada04a4efa7e3d32268615	b545b5a599b3ff7cc2b61dfaabcf49eafb588c6afcf4ca4594b9bfbc833b7eef	058fc171309c73d09230ef72541a52706c6ada1abca7cff6e093d5119cd8c603	add8c1ec25b5b581fc912f3d526f3a31ba505c890679eacf13ee8666b600b792
713	5974034a6ababa5feac4dd1267cc6c83fd3f1f66c068662866cab7e60465620a	ed901ecdd708b0a37a556559727e1b824f4cdd22d4949bc3dc3178fd14be33e9	8c9ed5529ca94fd40f688b12c73122cc25cb12689ee497029da6b9c6365795b4	c6e64664c71a7630dd6c1a3c6f19da1e8be491720ef541e0215194d94f57f529	40c62fd4750943ba54e9c61c7eb55c6f9547c6dc5f90867a466a77d1d7ebfb01	6562bd2ef993d2825a8d79dfaf32f2c8fd090520ce274151fb48aba88779da12	786462e3549b43333eafa74a31e5c529a427f3861772a50ef9d42d0934da8658
714	8b546cd6f495b4c501321edfb830891f3b881dd6da59c4eaf2c15f948b17fbee	e9b4ce68c02e32017b2ad5a8958069cdfdc6c208ff34d357c2dead87b1e037cf	ed1da97b809ccff04b2894912bf887daa0a474d92f26e4dc708c1408fac2f50b	2512703535cdb0121c95dec49f5973284dd2fbd0f6a0a3b782ac654117e4a338	b3052b8ec23221b79b328d15aab91fd28bdd1a8aa32fef40ee81abf555557e49	7f183ca666906b14f694e9d3caa5dc9cc409eaa2b267cb81f9468469b18fe738	8fa2cf474bb89d0260a55b9ced88873b9aae76803c86c92e46e6a9d5827a0a54
715	751b93979e564a99c3e7d325d8db0231787c522b4fd3779fd425d38a1d9bc783	fb45445daad71e643021521a9d1628995b75461af6c8a4b7a3ff39cf6fdd3363	c8c651b37ffab140af62a45511a8eeb9bc457f9e5304ef589148cf4e240fc2a7	809a958b53fd5fc7164b740515a154d5a07f49aadd948ac8b2e87b31144864a6	6db3ee4641016d81fa070416aa4862277b4e324657dd0121387ad315948621f3	6ef83fbe0314fcc638343c6914a0ed9fca04e4a9e195b01ce1183d8d5cc6e2cf	eeec27b45e6ceb347320e2f37b1fd7b831e51be77b83b1e6c36c8c8d110565c0
716	8419de54ac4c790c6dd6261e09ebd461c51f959c272df5032e0b1ea06f7a7ff6	41ccbed6ceb3fd73f7d45573fadf531370aac157e9320c9909c478b1c116fc29	0995805c4a2817d59d476833c6144beb532dc8511ef67db0bc32f5a64f00dad3	14d0138a7f31d8d83fd23e3335c96b5d9c17ea063673ac7d3066173dee204a4d	2e9f27d68ee5a30459089bc17ecd3387eb6fb4b0e6ac7c7f54698855c4d75da1	3de37bc055b2980d6f551e1463a97dfd5cf3726a8002edaeefc780637f515e1c	22776bb4edeb455a53add641fba7da8529f6822291dbaaf77a3b8d9bb04c5086
717	b71ffa978c5710607f830a75016616b6ac15b07e6dad68f67a45b2fa307cd6cc	ca090bdd18940dac1f8d7a4ec2f39acb7ea92c2b63dcf364ca0a62ac339f36e6	cbef37bf6ea6b8d45b4625c2c8e2d7a6f6a459ecd06337a0915f1eb213ea1a25	348603d4b1fb4afebc2c5342aaf65225141cbc19065f5c61895b1a14da76d43e	74ae9ff685c76d73c61f3333640173b53151a7de972e9a0280a8a45de7af16b7	9cc863fe140c8489f239d696196825d2350660eb010d7a5e268b8ddc60cd15c2	592cf42e58cb19204392be4b1813188f0bed5798223721730d910b7d44b80193
718	9500b9e49ee356eda4d743858c2314a2ebd78b8f5ac1539ed687ce772d10832f	0431655900b6b6990c714c6b56da8e87bd599d7f86790d56d6b35a2261c72583	314735399736683d1caa5e4fb345a3fd09c29b2e08d8ebb23b9a3157c7dcd628	d79ff254977ea915b79e26ba501db4adb344026837e076996c04153644545d5a	cc3ab60f63f85fab27e68d0627b02ac5ced50c9e4861d5c9b54386d49a7f99a6	557c28e192a4d55f776097677d19566db215e4d157cbcb424d059dd3e4ffb5c2	017899bad4812443c7719baa272c061589833ec5d1609cbfc3dafcc041c1af84
719	af58d6814858711d3d0611c2d700c24d056a8888895e24b2a0fa3aa87e43078f	0a1648a7bc7b7dfdf57e7f8d5beec6848617b6857c747fe535af8976bdcd2938	95844400a7bdd163f3fd41717748bca822fe364040282bbfa360705a1e46165f	ebbb87e2158bf26066383c6787b55fccc1f63a66c796a18d2e8a40e6dbb3b267	0dec5a3c9b904f6cd6239bba7c7f49d45fdae596ff57468e46d7ed7ce34279a1	afeabcc9bacb8767c37929236d13367da80a0e1be777036f7d036e7cfd631f12	6d7e72940a39a22de77634cfa9cba3d2215abb8266b66b1002430aea8d372798
720	01a56ecbca22b8e807aa70108d1bf07f9b5cba1868c7c0d9b1cc5d771c887d40	95721d2c03a3dbfc30c2d1e7e1274be78d18893305dbc2f94d040f92017ad7a9	a68d3e6e6cda39c872be62b2982cb79be2298b3c06e9b95d41e3c3a3175fd4c4	e5cf07e0f52d3e2a4aee9c41e67712607308e98c2e0fadcaaf1b37c878202213	689aa2c3d4bd2f0aa16cbbb3be09b5345b8ac6220e2863dc9277aab9f7e22c2c	222552253cf9ab2d0d0b49bc7205a534bc599c12beae1c9e142b6613f4e80936	7c351f62502cea52751ac656c32320a05c2820c6090d1f78029c965b62aa9120
721	9080ebf40132874e0efaaa623b43e09bfcb21792f86263f9a729a326340114ce	7821b1b6a864eb3eb6e6755458645092a0ae44b6f663cbe010dffeb3f664ac31	11d4efc9335cf49fd9e2f27d76efa8aed56cd292f7e81b1dcdd3bbf6c1f470b9	4a679994020ffde7b2ddf5b9769f2d3a45d4bc2b07d7e690ec369b995dc5db7f	2ac97ce525ffebefbd3f8206675f83e13d205861b2d2b9b44d1884050631e0a3	f6fd307bea9d7a61ff54a1527c9f91c7663c97ba0b33081415f5400e075626e2	8768fc412cccad57d951e92ffd61990a1bb26b24db02aa2d07c04528a1bb326c
722	6891503f084f2991e356f00165d5d32b59e8afa5b22155a3c50044c8ae471b92	5c097473b6d436db0f84b1eada082aa0c9acaedf666cfafdcc4ac673b2316d12	0f3947665ec0dbf448099a86b0d40418d2e105e8f84cd71bc18b88169643b7c0	2a997226f78d54a17fff06a612723b8be828bda3398f0ec352b4c81e8a5d52da	e853969c66d7d25a6eed804c6b67509c934b8f62efeed41714da3e943e2ebe31	28b64940e6767fa6bf4fd3b2fb9cffa85717fa71c7366ec570e2909c75ad77b8	cf526b28beaa06a73dd6889abe3ea8b233b53769bc0052a58aa1007a23560a0f
723	ce67a259f3e4ab9b0827dcff9bc99ed47fda0166ce75e725d0b7657243b68d28	ce53dde936031af660ce555cf892ad62c4d47e1628d87742f1f628b10affe5df	857f32292ea607c365009fda682dbe5a3ebca2b7868362579ae92af26af06e03	60bb7f3c9cb2902b408752381917c5bb0823f1323ebc516c884972918659ad0d	f79f8c028c853d9329e182f18dc1d795c701d5d8ca9dae29e6f5f1f2f815d0bf	964830512b2500c4378501f8c1d65a63c00111331829e12f6845d67621bb5cb5	91f70c433e9143cd30a0635ad990fc4680158d4a5a76f8ad726b85acc898a2cb
724	9a626bf1e5ed2be1f0e2053af6acb590f666345caf35a36ffb16aa78abc58ab4	7bf78657f859ec98b55a3e3e8b08d71465ae74a1401582c9c0d726f0610ce7be	7adc9d2d7ae676cd3cd79d4fc24065676465ec60093b6b025c79c1bfb19addbf	61995ce1b2875d6978042448956bcc4aec0685fea7a9c730d28a71add4393b69	6ecfdcfe28172011f2f20e3291dadc6f059c553cc7e9b7974b848c18fd390872	79af1176aa6762ee311e4bf208db43b9b141d65acea46f475c4a4b874b78bef7	2858f54a71e0fff1ab8dfbb1d1954a1ca732f8ac5b05ada4e70c56f196c3e7ea
725	4a560bcdbd137db892756d1db4b047af0315468c035f8c55cc0841d4711c56e5	6f72bfb9ed75e86be4b85a593dd972cb1fdd6896722c58b58ba2134e127a1477	161f7170b5d7d93fa1f423423f6db2945fcfac069a01ef9d45205684e725f765	2b00382eda72f60f8110a7df1b861e9e72a459c6dbb8df3db777f6a3a828030c	d1deda478568ac33b6d607b67dc759ef48d954a35f2eec98af477d7718c4df58	5561c9d9d49b679ab47ad75b16bd64134f8f5778030df58376fe7195df69492e	e1c5dc94b7d6cafbed9d7649e3460f389dc7b0563aaf7507f67faeef0b38c094
726	b256ed4e692b808088b9f4acc42706bb7fac96caa61e95a878a22437f4823d29	cf9caa330e71b1cb1b31c366c6ed5dcdbf9467a4cee35d5c6ba56c35f2a849db	59f6c593659b72c6c58daae3275b28c03d04a76492816164dd91a9fafb3e0587	aaafbd45db1f9928aba59a9237fbbebb496f3e1369ad0c51b78a0b08f2f045c4	e760bb12a0c3be24b1a372890208a32c64a3f4a3a4becf3e7bfc390011f964af	a2fe7a0bb288358a879b4d5b2314b24f3b40f86e412dd3ca33071080824bef34	99e92e807141d11f8e4b7d2b22d978854ae649e0115c718219e4d481bb6298ca
727	74aaa0b6da64cfbb095320774174d0e6be5b92d8368e7230769b6f3bb653fcd1	09468a0b593b07bb3e4c391417547ce9d792835ae749d05e33ca66844e89ceb5	388cbe6e793615d15321c3250f31f92276e736a02fc6ecda22317f131a82afed	0c218496c94d870a6c97e56479846308f268260c01d7ea5daec8e1dc2d27a3dd	7ee9c15ef7fe1348dfd1c0192095b9c8fd8fd24acb0714be26bc09e1906812f5	cfd99b9dd61ca43783a1d5d207d19806048a4f75818f3a69a73fed968e740635	9dd598a1cfdfbeb1759fd486bee74536d0c6b3cb8102f765b02395fb55d9546b
728	b3d5d7ec8a32653ff4837889811c955a8cb1c076f39a6e27e0c0fefd5e01e957	a524bf7560e070403c4c15a6a2447a21c9833cb559864ee2d32e479b68189e11	b8b7bdf1c29d2803d1dad2e7c99c0e558d2851711bcddfdbe6f35ade8823f1ed	4bfba27a20be0339f4c057c581a5784da643fd64b435fb6f322d255948558a55	1e997fbf9a30c3235d764fbd02ea88214d027d06309edadb28813469311c5e0c	91187cddbd43c8d9877690c07c4074954d8c91bdc1f8718dfc496c6461d3c896	10ab98255e5afd233c9985fd978539e4d647a50af7d69f9286b96fafa04e9574
729	3990cf50e4287b892a7f51bd7a67a2910124fa1ea5cab5235c476dbd1661a7ae	56ab1af653750a4480558be4eb84c04adfbd15ea5145636da8ceecfe52a87ae1	dea0a9ba858cb015f5dfcb2d6fd7af5398a4cd09232aaa3c07e05436a5b1eb01	ae77d67699788a58d80e01bcce91f93f3264f932839fe0c472388b6d3fba9f8a	0895571d4eaa79a5e02a39ba0bb1c43cc38522c0788c5e961bf73ff35518f684	84ed3bdafb008fd1c9618d5b019eefb3fab8ca03b927cf61012eca944946f13c	fa0f29ad53280a2eadd5958bc7b5c40df071e5acb155dbc90a33fe3fdf195560
730	6a25e805b68e20a29bac724da30ddd19ccbb35e499c3d92b922fc17baf473d0e	2892c58a82dffc9c1dd6c7495044ed712507252ffe71ee27c01aca193cdf3611	4b8a4550d6566d99a1eb9b7663fab2f4d1db89c241b22ca03baec8ea203dc5e5	20dae60e5f8ade6e70cffd78029d7d658f45abba8769eccd88d4874f82cf8aac	7ed3c95ba3c84d0b465d5d5b273d2cf33c415726a398eee870fa02e8b09cb939	ae473b16c77aa14422e87561deac827c3edcf41935dbe516b01e1077df0aea4b	1d91dde1fb641da711d344a4c1731827dd31b6fca1cf9dea3331d85bbb16e450
731	61b946dffd2f2248760404722a75ee247570d4d9f80ef579025e9270feca7297	abb19bda8b54816136f116710fe26335bd7c316ccd7fecacd394932fcd94eba0	b786217eb72fa0b2f843e296415aef3181ed78b987853a41ac2611b3d2a86a28	d1db6c9099034086c55003bf50daaa770b8f0085482012ec04cc501d030a8f76	6a45a7d0ac25c30f80496faf26d7e818e8b87ad6473a5456b966dfb1e24b38d9	92a67b39a03363bd36e5a1430ea96dae420f58a4c03ada449fed8b2e3ec08947	6c3212dca18edccaebdaeafce27d93dfa7b966955bc2018f1b86415b2d5692d5
732	4bfb92ea33228b0fb57af3afab5b0ea4d1b2d3c47731297a9ae5afbea762a205	9d8a782a34f477ee349f0f38e01e60ea72f5759a5b2fec402ffaa0cb6e39acb9	d0d1b231acb577e97a30e0f206ceb90692ca89b5f25133db7504a058fddf658c	91ee1cc74cbaf424fc723fed86063678b9dc8cdb75eb1a93dbdc0d3757d55c05	be5434a708a188e3143ec3ec31d530b5f566378acb79cd50bccd6f564e134877	c079f456bbc85ea9eed629e2d8800a429632b08e27033dc425d56c06c38ea528	f8e6c4fb1a4c7a9ba516577584518bc9994853332d9c299305dc05f86eff31d1
733	3ef3f6f03c0e279e3b7c2cbb87e1a505bfbb4b90ea702cc2094ca2bb12c4cc38	519c23d1ae2f032d7edca679b9c2e19782663ce22a7f81fe63baa98d2137d6f3	ffbab98bcdd1144a9e53f6e521243d8252a8a8e7fb2c37ac5fd1d8b347bc3bfc	0ed9ef30d2937ffc8cb75ba78b01658e279f88e9e10c514e6e9c28d8bdd1f907	48c4e993823c3a1cb79a8d2ea88dd2dfba6946510e19a08f7347b9324cebeaa1	46eb98f77db3ca524334c5c7fc5e10a36b783d9e1f8a637eb32ee693c23bacc4	264174fd96d07a1a2f384cbdb0d5add531bfcb4174ba8496e7f936c274272f3a
734	c825d303e88e94c076f6f07a12b9c8b61e5223567775114fb86b09acf7cdaaee	f92169097fc938ab68e1236464c2cfc98541056cc0710d0ad015523aede3eff6	5badc66da5154c84911e6da41f9739ae7d0b2b296c0b5f60ad64256f883a71bd	805967df97e9de9867ee60b8b35a194623e0f9a6382ae494ff34136892cda1e2	8138b39207b5c9d6578546c87b408a8ef3b03d5c55d1f426a7202f98ff918250	6953c418bd6eee20377d8f5e9ae84f34c317bafa95fef32a7ba375b7a7a205b8	0aba28d745deab08024a2e6b43c2519b5f1222ba2d1d7b62aed480214ed94c76
735	5a614869bf6afd393d7ea4f0b219b0343407df74bfcc6f838b653d23acbc3b47	e96449f0cf8ce92bfcba1f0eb51de7c7421b3c33fda90b794a15dd9cdc29b8c6	a3602fb60022b1052d467ed7b9fc61dfc2cba3dce24a547a0fdaec7b03057877	64010c91b9c76ef13e73ddc0fbd8cce1fe9a097b2082198bfa5146134b7979e1	aa8b07968fc1496ed92385d6e841e8424a092c63aa97a2baeb1dff0f89e6b639	95c362a01045c9a57eb2b516565467c9a21e4b7483d453bcd517e8983ba12b5d	c54ca203e4fa9af88a53e2d8389af63106ee304ba9d7f57dd1d0d8870e3d6220
736	b5a355251e1775e020b18189d89c435b8f9725acb4dea58039a4a25ebc2e183c	a1ac1e4094db448b70de28037a7c01ced6e65be33056406901b98c1b0645655d	c1861f25aaf29d33d9fcea9f5443b668d827cbe49820cb0ef2d9867998bddad9	1a94afaf6d5393e7edb5c2284a366eae49d1d632e81868d98a407dc8004e517f	34b5b7c43f22664dc597bd810ef7d5cdf6b6df181dc08137cd1074f33dc574df	9657f4ca4f1bd6aedac68fc4c141b41abfe5ed3055ffa9b663ccfed348a065c7	0599fe60db1a9cf34d9987295baa7c542f51a31535c5bc05b5a48e544329fd57
737	77bcd93ac122fba0a95828514383c0f761bda6e0146217c7d333eaf9985db321	1677670fec8e9c02c512f4a58da2ffef7a5bccdb2e0954c6663e4080920a6976	1393dc0e0c438ffbe1d1753aebe95e956acf5f478cd5ee6d0a90283d414da675	eb9124ebd5ddce318991d2414bb4b0b03d7e7ee48b2f4d86c9b785f05861d654	386c796f9f63f96f18c49bf075641e99111eb3fcbd420d888666325486dc040c	adea4865f9cf10a1fd92dfa6944a9983618811d5106f57a231926c692d34718e	04d6e92d7b352bdcaf1e604029b027f1596225819a5fb3d0c80973d62fe8fac2
738	e6cb97dc24e1009aae82b36e99e5a4812616e43c5f3598fabad6a99e25961328	18fde4187c9c5fa38cf876c157e5e8b6928d930740de75d7fe59b1f7e5eb99ac	638327ffb74f4f13b6f7ad9c1c0d47eeff5c4a5b010c1f0e29b37e6c4b18b45e	b2f522ad04d456e442d1cfe217e49b4f8700851d1d317644c17293df1caac75f	753605480e93cb10738c7fd8d44a1e8259abe8fbc6662b60c2282e4afeadcaba	20eb0ed0cfb624e66e64f3c8216ab5f45aefb982ddb0008b63beec88b7b5cf0c	d769b821605193e5331709e606b5039b8882535dd03932e84741d602ab57a0d1
739	a5359186f146617585a1c1179ceaa2a5ed1aa896e55e027b414b2fc17bef0e09	7d9f42f24c7af002a7499d801db32d7a94b705ba9c6d9e65c6afb1a946f9a746	a722ca87f2a92b483238ee3b64ec87f8f6dc2de86eec9528c3a9ca2ea9d19273	f36d9b8f82f89c3588273c40479af32a9f09abc9e1d05378c8b074fef6847dbb	4ed598f0777b1b961194155c83f2a8e29098cb32071187e246e6bfa1c61c0296	8369b32c48d2c644bf1e4a51a857c9ccbd17db45da44a1dc8c80e79b8fced39a	d00ff77c0931fc472dd4b80159de47ea76012bfaeb668138c28da9b8e5abd2b9
740	f0d5c9862bb21b138235c51b40b654f2d6f2eb00dd6b79fc8f01cde9b1486f29	84193c76ab365a5dd12019ff7dffe9069945fd09c2d5756e9f170a4ebd26d946	1376e79af688fee4e4fdc8404708e708a3cb92aab58d19f7f589afa7dc75aa64	16fadbff2d9f49589cc40b46a0d840965ee2ee9c60e1136aced0780f7b3e7177	b2a199cb29fb8694ae2a415b412ac546d9b6d4a51f1abf756f115d43e32deb95	244a64f0614788dbc68e4f70cea9bafa968b875202a3a8acca4894854342165f	8fc418265d031f178a852b8fc9407067a1b4c1ee4c1bce705a64506885c98b85
741	bceddea86d1c74738111b18406c9cc81aa72efd0d13bd39ea8ca020ebb61a5dc	430c1c63a0281908dea0c84ee764fc402d36ead7a177e335b6469b78ae6ed609	29291d974e4694a0d0fc34902f1328748dc912927e04f7172578d6d0c97bbe1f	9c9fddf7efc7c2b677a07ecf9ba00da692fe477af7d3c77206e330ede88086f9	f674ba7d726db11dd661075344a9565dc48d83efae907b5f3a3f334b2bbe9fcf	df43542c4208d177a876c03ecafcbcaa53d34de7a07de6ead6dcf3f637bafc71	afa31d936d8fb2c0d5f9b6fc618f63126800d46fe46ce0ea79f003628da019a7
742	360561708589615fe4b4ad36e83df61e3eaa99db1ca6be2ef183471964fda748	3161e511a5956b63e3262b69e9dce2cb53cdf9348d15730d4f570196fc863ad1	4d4ba7365601e22d743db44ff1f5db981e65560e9b49ad0fd19452781ce7311d	5158724d5c176cdf50523596eb5226f4b27e82fe4aa4c36478ec3d8cdb5d29e9	33429a2b9bfdf2ff975b324c0fc96df086944570f3b248cda643fd85a5f9aee1	4010bcb0f5e7115390b36940223c777b1a2b74f53c5850f4d3eed31d93f288b3	e0a3bb0c1038517a8ccb91013afb064c7deaf352d9c05dd092f0f9e2ec75dfc9
743	f1be74d56e33307eacbd94fce5568fc1f5023e3105eec86b134ca6b83afd2e70	13e59f1fb8d3d25c4b3b46c5fec6e7f4238868998e5c39fd38e010cb8b6c0869	2e8963aaeee79400cf3f4ea12f915851fe7ec12206c944a340835a06fda80969	0939298590f66988744a9b4b16ccc2484b14e20710c8fa4b3302ebe5fd5608ab	e5a48d7a12782947ceecc389a8a314e8e86f679645c0b975c2496455d215a4af	b5c39a6053a23458f438bf55a4832e7a001e7d578a82e20158d17b657f6a2a73	dd13c067ec7d2459f3da47c9e140c3d60ab2396ff47e3bc38c6cfbe8a66b8ddf
744	a4964f493c165b438eaf275ec47b850de0e7b2c5af23a0b3934880e865d503cf	d00a5dc3127ab839f79eb264caf2198368883f60d7e65ce0e33530884b4ccb73	161669c8a15ad84e5138a38b7c920680253b667ea1b1fc3cd1817893e1f08aad	6f0826e13655f231534e32f540fe9eff1de8d903faa95f511fd7033f79100fab	15170074a1416f5c83852b03f927a8ed45914c705602e69056693feb98735266	d53972b147f62b643f3056794ee3883e2f01a3babef28060a8583ae1a72dd751	9ce0b9f93ff2faeb3a6fbe5f62a05e69bf9db8185b3ee53fcae08f281f85b30c
745	09f3d508b2f1929e7f9e2c8255b7f6b0a530279f5ae93299d8495e5250d48b28	328cbb86ee91d2e11d836a43cf530d2237bd0e1208612c5e0b7c0df3cd1e6289	377a80694c755ca938114db10f0a516d782696a40e5eddc20007148764d16efb	6a5ac8637d61d9eede283d82ceb3ecfb57eee33c22028e327b4904adb3898c0e	1df7ec332b9c05b191408c20d7106c638310b77bdd8c727a21f46e443feca0bc	57492412a0fd0c123150a30c0ad49952d752d6856fd171c079323f2089d18df8	ddc712b4f389878f8ea727a1bcf8963336fca65a514070edc47e61b2bff0253c
746	17fe1a2d2416986273911fe1ba6216da56abb9e1868c14017dbaf5f7c7c0a7d0	e3106046106f56a4d98794609f4630f212d358bdf924eb59c6c1b62df5f448d5	c9b6a91cddbfb3f058eb4e1c5bc5c9296a393c455b46e230ebc22ca5e1d17f6e	3efc2970768c9e818e269fa03db2fde14436fbab8aac5efcdf199492d2539606	11390d793a3bd2a3e5bcd98789a29755b427283d121517d96487e45d71a9de0f	511c9e3cf65ceb6e67db080e056cf0a65566a16df071224133df0ad69c6ba512	95a2f774e0a992f90ecaed61c43bccefd7048a3f389e03b6bf3d6169bf461734
747	794762e6938424b5b4fbd52c7a5d0d1ea829e459e880f5f27d65670d478d987d	124757e8f85f2e6f56490f28dac1a29dba2f08f0f2e0b0a889046e9d5f72255e	a2ca20b41a739be2ce360cfa7b04484283a5ca8ee2badf494a7bbec0224298da	af6b08658c52c4349436f77895b627e5e66cadc17b91be8be4be77168e7367c8	ac479fd600eb4897d58bf4347bc3ce1af2674e4408346805e70d93e68bde5f4a	b7a32c22d721df881b1a1eecb425bfae41baacf853a2a019c9028e99a072b1df	f169977c03de2c1e2d10b870af8899e9fcdf62df4bf79817b6e154598e81e574
748	02c0127e60bc5c8a219220f8ead0d17c5dadef0588aabd031c52c35becba0be1	956defd3d2647ef233b544f06132074300776f2ec2a61c301c590384638a27ac	b6576138761445c162db74e9d6965d0cbad552f443d6fdbb385775a4ab394b44	791c8c110903512b3400a0facae57e70be908d352757a9666f76cf2c94dcb17c	be7eea6eda8c520bb968716eb3734a398e6198b4fbbdad97cb7da10b8f024d53	03868ac86d6da12c568ae17715d3e8b2ee1ab0442438aaeb9002e6e42feed531	d03785daddb2e87c13b0e6706d25aceaaded8a81297729090a11e81aef5efc6d
749	580b37423e4365ab8e47217b706743cd52d205d791bfdd99eef72fe445885fb4	d2189093b6bf1ac314307ec88664b91087b6d4e359ed59d3a74a6126fbd16abd	262b8106f4028c57a898ecab931242f2499ad6ea827dddadb7f98dec549a926a	f18d8d76d9d5ed9982df5a2297594d3cbdfbabd58f528861110ae29379b0502a	a7b0ba267e4f66f607a80f0df9f0ab43e9397902b77fdc7acfb773cea5964f47	2c0301f8b3eac0cf43152c0b48d9abfc43c7c49a9ee6b3c25c279822ad41d478	253b3ae97cf9b1ad21f4db38aeff497099b216bab48930bddfcd3da16a8b1a02
750	56205c2b8ab0ad61360f78e8720a2501e6c3d8a80910e8fc6c664a6e071b5a81	df5cd8329441435de541e1784f28b2e02f2e9035e8ff1db4c21633224900957c	6537439fb6062b0d4e49bf1a330e232afb182ac1d00527ee8787c85aad1b576f	dddfcca30e08e7e072d77724d83052bff9a8bad28541a3123c4afdc81f4d25e3	bc5950d92f6aa9a30ba9967bb30af95af8c51aa8a0b95c2f1858d0633a83b3b0	cc0979d66df84b568b50e91009478d48b9e4106330302525c880a5697e027e20	9268092a28c2c0d20a2c08dc24c9d0c74d127a400ae97674098af47021f20eab
751	bbf2a62afdbd405c9b909efec36898e06f40afd11a47132b2cd3104d61389c67	9317c75918381bd67ce7e6d7caf574979f6730bf23cbe9c284c19b365d6b7331	d31ee9d08ccc1abc1c9f23380e2e40b2b354b0395eab0ad8497be97877843798	52797ffdbe9ab41f1b5de84caef61dbc208efa5a237ebea43a659ac3531d6540	e4189503b964f744f57631570dea282717bb3752fa9b39c8a3fb1afd9ac7475c	780bbcc6a23db391682b44dcb11648aa2ec92761c996137b152abecd92a42829	4b899047ed9a6dc535604e6806657365c1140af31e342f75eb282e85e4d5aad8
752	e91e0642f4f825481cd33f88497fbc535b24516dc6be6b7cfbaa43bc33bfa124	360e3d9a750603647e8d397d31c81e3be4e57f6064021534eec2b00308a9370b	e9a36257169ebac4251ba3f16cf19bef2ef96ea9f2043d5b53bfd5cccb6e50b6	79bd78ea566d07428818a8c6c953516a9a0e3494f922d5d78cbb9a531d19c241	4cf4264ffe575722267b7b9fab6e7708839d96a5ba81a1285efdf7cdec78d4f6	f09ac6c1811e4413e6d6f8a259c7e47a57355bff7e6127f666db41b73bcbe4bd	ef54a1018c68a86ee8549bdc52c2fcd2ab3a24d22994c33289cf8aeaa9d5324f
753	ae399694fbb5d24a02ffeec39fbdb2dffff370f22a463e069339dc6e956ba49b	f4765eb9985fc0b83ed2386ae7451e28049e157946d0f7ca666b3dc0da1948ca	f04b934b46e95258cdb3deef470aaed3c84b1e66ba17360e68ce1ba37c3a97e8	d36cd29876b504d2e8b1ac3352beb9a28a45d26f27c030fd6cb65e009c0c5897	de552a9c0d8cd767bfcebb1148e1b3fc4735bf8dd19a537f936f7c407f81b2b4	23629ad1d209bceda975da44f31ec887a6e4b6f40475bc560bd63868ae0906ef	37b0e63b72374096c347f84b97919f66be9f8a32356429106eac76179295ac6b
754	2be55df6c1801b48cece83f365edebc6f6eb9a871b1917c2308f770d11d3e2f7	19589238d9fe4d6351ca14f04763275cca23cc603f28202f50fd89574aca64e0	acc9584d340546706c050defcd43a2597456c6e8f14cac3c9e79da9ab7905225	e8492cb4dd6153a04ad08cdac4b4bf30225fc05c734cbe406669a366c6fe2085	a385daf2c2d5ecf2e86c022602c6755b03306cf01beb2c1f25096fb00f8814c4	8f0d8a94f0e73278665019bae871f02ef176ad2515eff64dd46900351dcee9c6	845a75d1771b7c450213708cca9434b06d54c53dcce04981b3e9625d2fc8b7f0
755	9f1b46b6ba41ea9ae5d947c6ee3e54fe964e44eaa22dedbb0375c15f85ebc222	ef9d67bad9eb69218eea10ab4db4a541fb32bbe0a5e56fe5ac170c8345256d0f	3370b8cdcff92cb68cd3aea0384867e059bcdd47a2584e9b94c886de16dee5bc	020bb29e3a0dd761f525e735b3d5d5c2701ef38d748b587e15aaa0c37033746b	11338e67352c855d704e36e3d20eb20ea751c4e5419069161f6ec94eea3f1532	f807126ed16c87e1d9fb1e733f68cbf389f21b4d691a8cc7bd595313805766be	4818a3e2528183c920f156ef7715dc8475e2f8533fbc5fd40e8449270ac1c0b6
756	265ef0f4215cda82373f1524a3bdc91ed5f7e13763698750a413d6f57a304d75	99ea6521ade840d4937a5e82e34563d36e838b3df27b1cc1f539ed8f3a5e4fac	3f193d912684710ee4730a34a516419e99e37ce8f4b269221160c9c17f829b7f	3ee993f63e8bf836e01b4da822d4968b9a3c5d34a2edbfc0748a5667324f55f8	b75dd73ff839091e4891fd988226b15694a7168a7db001e35e06305ffe7fad14	88f3c5ede04ea35137c96a50b8bda64299a29e39eaf0a04fdfdc33044959a0df	c3150871623b8861cb2ebe8ac719b1d8be68eb2125c049415ed1b753594b318c
757	dca30e89d8328952b9426041a0bef6585c1f27c98c0e73f812a243762e4bece3	6d500346d4e3f92f595516906bb8904174a878308b7ac4e4a09cb14613944234	bd1dabf28633961617406c242135faeee8457f65eec47cf64864c5de7740fe26	3fa9e095b5d4877511356b6cc332971296169ba0275eba6191394d5b68b7069f	68158699f5ab4cbda01c3fd3907247fa4bd501b3799e3e52242255ee8af06d03	2a99fc43f1a6e2d154eee4e4211b792b8d4257eb0fcc89c4f55ea0bed42a3067	e1a96ebe3d14627da991cc5092e67669e79f852fb0e57f1ecb596c7b70e1d1b2
758	62f0ff26bc182c8673d6f5e7a00d0b43ecc06ab0766923b914c087fe5bd96844	aa104a6ec6642607a1f26f3af151f04a9eb976ff9df4e83b3cdd98568a57bd71	d765b0bccf65e7afd46f4d5da63a2d0044dad6c5161b7029743c8077de59fe2c	95753fe642ae3581f7f4e4a822783ab36bfac46002a56467b6a2c6ab1b52d565	7cc8ac8103b384fb395218c55812f4f9ada19f0eedfa24461ba60b539b791b2f	4c69a6763f1c638493d559653a2e92d7d8fb97565f6f6863ff85d1b5ce84a671	1c74eb36eda1c7cbd7006098b8f3b14d48611f10a43cb9aded6aa4527101f1d6
759	991fc64aeffac73fdc48bb398d9da3ae9af0ecc5375b7442a4a5ff1e9e06117d	f65770389b4a586b993a6388d96008ad54cb41d7b8314bd828d49ae1440f91fc	6e26e6b3966a7f8d74a672b030109891c6833f8d11db5529d1d70a43195f1630	4c77c5ded8fa985ffe1806024419b652f07fc4c96175061b795d5c130156e63b	73077b256f59def27acbe0251cad307f34e093297d22ffd18d000a768d5d9fc8	2d525a6bd5ce5cf735090f830978b108b92c60fd94ed34cbf98a25c751707c52	3b070c08ecc8900282ad5f5080c62da2c76f5ec2d20f8403d6b2fcb02d5aaaf3
760	46f5219d11d418dbd3d555ac90e22d56107b7d538be6d7b77560ba213225cde6	150681423a7005e7bf81fb33089d663fec346af2118ed57e81e60a0b9b16ccf4	5e4ad9494ba4c65b1148c5ab352714de980cc93116410ac871b22ab745b6885f	f6207e3fc02ca12de284ea66cb227eddd064ee573a13606692a108da9d581712	6c50d427c1bfff46a17abad6b493102e1a61fd160b50ccd6aaecb08fd0e4d649	e0a458d0b6f12806b9a8f8c91f0817fb497b28b2555230609f7c56df5e40021a	9f98e5d2e482a90fe0a1bc1024366308dc028193f355db6430d945bcfc6282cb
761	ec8c4a2e5a280aaa0ec888738082823aa960284ddc0029dd7f7ac8b075459708	a3325d1504a849b34ac90706d8fb891dbc6f29e1e01037c5b38779f25e32df20	4ffb43b622006ff1e38886d6c1d25eec03a691f7b3a6de77a2afa98d584ecf3e	57a96b6401a806ddc40425b3931147bc407be9a121bf1fdb69e817fd583a1b65	b4c192f9a11a168a76235e7327b6972137481af2a22c8b2584cd30d0390c21d4	ba4ca318c1ad5b8bf06967660f5da964289a0c6c1793b4ac8f7af63d3ec6f2bc	922c5ec026c98e351b331a5dc76c9b295ee6334b44f92b6bc74222904cce55c0
762	f408e07e8a99ce27b6adeaf6bd5faf1ef901af08158c732b54845893126f1bd7	daeed07cb35fe94cac7224b2f0dbf8d40b2b14053113ec5e801cf286a72c0379	88ff7474db5fbf3e7d6e908b007c5b9c08bde7059a100b579639d534f533c556	b313a12219d5012d95da750829789fe575e16b5c7f1948a86c9852381593884f	8eb66923dbdc9cd16f0a33449c02f5e4415fde8c47847dcfb11c3177a65c32c9	3399b7d0ba800015bee1e78b745fb9a823e5df0cd4661dfe1fe2e87e9bf2e00a	5fca331755a59f5f513200e2cc2320aecc869ed654951ae30e400649a3d3d48c
763	5af254c18f84820dd4676d7a3a969cc6283b4df5d75f28ba86643ec46f765217	29c37a419be03a97df2502e2477c8ec81189a2fe9e6b460818c946591c672fe6	04468665086f30cbd33d332fafecdd6ed0ecbcd9350a82d24162b661dc975499	0a9a094ad2a21bf9d9c7b83eca6ca0f90ab192ae1bef91f11a7e08a480487c42	fec1e249a7af751fee4bc5931ef054b520baada27c71ab477fcb0b245d97559b	b0b1ccf84d799c7ff20370c12a1371698be0807c2d0f673c89d4c4d0e33f319b	e69dbe24b5755272e673a17ef6a028601f4dcd4526d5bfc8171b2fce168355dd
764	aba6ca72dcb1918844fedc0652947def33dff58ed964c7ce3731edb20340ca65	4aa51b170867f9f1a84ff8da1a2cda557d0768b1dd17e6c907d77e3c519d9997	64f184c62e64dc7373b92a7e01649df9c08d3a2f897f8c9c18a1fef56502334a	2d1691dbbcbad384e497301385e6b711ae9bb330e9c3f8467195b059f07f5566	13ecde289a04f7628a3b1708ce586ad9234d6deda3791bbbd30eb0369ea9e8cd	9e2f411a86c152a46a0c8168e452a346ce99d623c3f9d7b0c7974d036117b194	43884ba5cd14684ecec7a4f5d15352c310d984fc9580ba07cb1f7e4e5478e3f0
765	8368141f74aabb79c328ec74e906200d27934ccc6923ff1194e65cf1d54ee162	70d375ca06ffa2b79177f57cc52b32d2764f87626bc92f9827b72d8d18efdda9	648c6be591d93f5adaec20adfc940c132995d512ba4fcb1f9f0edfcb060e526b	18aee84a80e08d5c2f4dc2c3cd40b042e9e7eae5031543d7c0a9075cc80dc0f0	b4210e387911f112554d83fcdba07f9a65e634368f569740f60f5ae867ac6f36	29da75ca1b53396ff65ee68ee82442c132fab82d5575ec69abf2f16fcf4b38bb	d1dc3b5c682d205ee30af3b945f0ac97969d9f4d5d8a158d8a6d9b3cdb91db96
766	ba528a453d7a9804beb4dd6b8582ed161969e8f01cc7c086ff0db452bf2270f6	d16a10f04e0a2d1e8aa1a7179f737918ed0d88d0a3686b2e309b53212c722465	08f674ca7e968ae8be17d382ad7500eaaca576270cfb4eaf27a31308d0b958ad	c3f8162f068f4b6390f5d233ca51b108d45efc6d4eb881a8098e8b8a44e26ad3	6c26397b7b755748899c4d88f942983f7739fea66e0c32d038e954cb2010a401	c626caca0a69669d615283aac574b22519bf5b5c54e6e97b246d38747befd285	7156a91bd3b73195051da8984a4b6eb2873eb38ee6b4a8c0c00d7c060684b267
767	b936a961c88f2d92598da592a3896403a94275a1f188adbe4f0f6764842e9e39	e89cc97f7ebc01903a791edfece4a4bbcf6551a419d2181a421477cf20bf482e	e46d1fbbae22b720bf6cab01a7bac809e2b77ccdac834de089eaac40a9b79292	8c5997036af2187b08d2f1e831227ada31d9fd5de177c02679c42ae4b4e16329	d534a15e0852e96642628ea7f201066b9807244e8743cf697f74c3f74cecd0c6	26c5caa19b0d27231e41b7ca85edca276875ef78f930af1cc9042f1bb43e2a87	197772cff5dbb03135ee2714658512921ac4ae687f6bd3606a2be1c978246317
768	bedfa7cc550b2b67066c523497604377f238b602fce20c5f9052af2fc0301e82	8b5cd155e824f15e47c06c15f1301908a13c4eaa3b0da731a4494536136cc5f5	cdeefd2a0a7739520950eabd27c73c559522ae4d87ebeb49e5df19f3c8af5cc9	2393292d721b8bccc7c92d82f8ef653e4a7590c9fa9cfde9896212fb0797e781	7ffa45fd12847d8efbeb794c23cc372c2818a511903d9b1402a9e0c0d66a3760	6d9f646599bdcc7ba2d64771074dfa63558dfcfb59a235a078411de7b6c2a952	be67362a962f060229900585bfbf07c4bfc7144d85957c19ba9cea9fbc5b562e
769	c2f73ff081f81497d662722f41fb811df4a8f9603d745aef6a955d37ccac895c	cba79bde0218551f7ba88eaa3a50ac1d3d8ce0023489f0ae2bfcae16e14b46d8	161d7f4f4b374bdfeb0b177f563da52356e90ddc5b66541a5ba7287ac5f8146c	817be98cc9a1d48f127f640b0303760232dbb0769e284bb1858aef38241adcdf	b0c4995acfe3e270cb1b0f9ae8ba2bb16adaeb330582d038b2b80c57076b05b6	4e020fd3636c9050b56dedc9b3bb2796101d548b263256cf24d7922406b0fab3	8408612b2e88cf62d7b001cb6227fd52193543b788add8786fb87ace78c941d9
770	d8b06a5ce7020d7e38cfcafc16284bb8eee50972c42d10054ae309a8fc93d217	1bfd3e432e30205484336f429c7758c4880fb9556f6f42c0003b1de8162d1ed2	8d3fea0cc8be744e349ffa8434f37352c3ab42aff47fb5f26e7e3033c92b2618	2365e11c34bcb9a9e2531e9b4762e96406125f2e6d96cbf58f3773ca87654296	afd5f4644f1586105128c0affbd36ba0a28481b47c5002ef5e19dcf1e8d3189d	84504892cfd2b5fe3f1fa0ff337194095b9a9bbdef22b8c7a77a6d8c571a20e7	0b5a6e77ba69af39701fcd1b17a63efcff5974fdd1a143732bc4aa6f977b810b
771	ed656f44cdfd99afb2ce24ccc816e1f68ea42572a2ffc6a88a915d312fd4effc	e0799bbbbc941e91c416961e3e226c1df625e45b8b101543b0757bc6e2e21787	9f4f7602bb54c8c256c3f2b99c4c015bcb4981b5f2629c15ef9ff35cb9595178	252d74896380d1b2a0f79a40475cb17ba65e12b703425cd31bda031c1ba406ae	c34ae3535520192296d235a17f25b7bb307eca72b29722792929804fb58329c3	ce8b09773db7b4fce4a0f439b9d8e1208cc26661f14924d063dec58a3155abb3	591e91c6e08247022be0b83de8075d65ec567f3edeab4d384e271a14205d1cfd
772	b714c66ed95a38a207b9508bbf1f797fd7b4ce42dc00484a274ddc8966db11e5	c548107c1f6fc3e820bbb9e0fca46f33744e8db0dd461c2a1c195c7c72c50efc	1f8f53ca140b8662a52655eecbde2a0fb2986396e0c57341d4e68c818725eee8	d67381fe855fafa661a5e528ce939ac510f7909e1ac575b973d0596ccc0c3179	2765fbf6be3d47b9b3dbb2f5666d4f161424f10f959ed8993285758346f26542	481db7364e150b887b4a1edcbfb76b39637bc88cff54dc4cfe0249d1e97c1657	72528ddf31b75fe3a96d13ad7b7e8461ee5830eef2942e6bce79d692f6bd4b18
773	7358566fc35c6a023725b4d92b2899d20a8615c755255f2f5c3061951e444075	68aa4dd5b3d53827b0cd71ece84119035b636befb1d0fc7f8daaee6a48e2ec20	29c7b64abd1fd363f8abca2d0c8ef7ca71c0f56817944f86017bd4459c14c558	0219d433742d8053557c3d2f48edf3156ee7fdd6964f7f90f0e74884cb0477bd	6f372477bff77d651d48dc8fc9cecfe713c272dabe6ae5fd1c8ab26664296885	293e2a1ea213d9edd85850f35feed043a285c1b079430d6106e271c7938d4c63	5924b897982d268a040e2debb8c503113a76af2e82c21b6ceb11115331a73cfb
774	83abbe747031c1a91795e367bce85887f8d5319c1dd72bc6f7e05bf6f9599204	4c55fbd25a519f1fec6d8a99c2bd2aab981f42e0be15f3da4ccc1a5b116fb8a0	f6b41b2a4fdc1a9ed885d4527d10fab7411ae8cb239fbef0eac8d650ca3ec045	6c56272a623cf98eaea1762736aa10914afc01afb0a6406b4adf4512ba5d38f7	0a652c7ec91bedf55d4746bc0c41365ca9c11d7f88fb9b2f16805912d06f7543	710b4ec94526a5e48f8e232968271171055a02d687c2b773075d14b04b4c706e	72544560d445a95c71731f2d2910149b9f84f1db41ef7acc6fc137f50496b443
775	d1f9258f050f6df706a5a3524ae496928ae0219e2cb0316beec6474a61973e03	5a15c78863342bfd2a660bff19103287044b5da384778e2d25755daf338743eb	d652b96b825dcaa1fd2cd89ad2ad78614b4d848067420f04862ff7d91abe29ef	0a110f7a16b8c195c3af19664e4a2432cb820458a20ee9a3a2c9e1fa24bde32b	e92ddc88a4dc932764cef51bd46e930130545e73d7caf27a0444fe5d9e4827d3	d64c69d8ab7073d6ea79da555b40c22148cc8926bbd3663fbbfea0bd9f90c76e	d107f8cab7a4461af5507c2f8549379a3134ed36a090e38d7dba5738dc67751b
776	a47ab04b3b7122a7170d56cb99c84be92f5b39cf7948c8c5b9adb223c176d6f8	16e09aa543d0dc48382eaed54236ee125558705a004266f2254a9426298a6a06	5d2c7cdb256265b92baa207f96606a0545fbf3814a0e49c9002677f39d83493c	ac0500c7ecc7643652f607606c5a5190a5fb5c17e7ec07326472ea48a804f99d	efee355acab2afd2f651e7ca8f34266652325995ad375756626377a246ad40ef	7c12048f92cd3c4da5bc37ad5ecae2dcd29a1a37804aea640557fce65df75092	a4ec4ae927e581b890708fc8e3c128a0ebd3b6143ef85492b62de15af3bff739
777	20545ffa11e75632a60956b3d4de1168373c0749517b3cf8ea3fb2498d95c9ed	7578079acdabeefe3e2853ceb2cedb36275d1efdf841e9f046771a8bfa83acaf	850d8f98c82fc9f6819b037ff8d4f46fd293b58d9b3887448a1d820c6ec1bda3	664eda8955bc17795ee21df2a1698e9efc0530c1f6dde2bd11b7ccd56ca74d11	e8d5b63351f91ce3980f99e28d3dd3e82ad4e9e1d89dcef71022a308c41052db	82519015328c4dbdaf6aa389a24e21d7b14c54317a0e66468461ef6410f43bd5	62faea0ca0eb35629cabc6f86b40ca911178e4441587dce51aa7b780ae621ee3
778	380cca1f1c27e748a8892e200ae0e786dcaa8c9975c5f19c4def57e072f2aafd	15d1ca52b4d3b9c025da60eadc14a63ebe6abfeff8d6dbfbe6de8d1ca49c59f5	c1deed490e64284462023d088bd51dfe29f28fea7a5bdf74ec6c726fcac36f6b	59aa5aae8fb2a33d115dbeeaea14d5a697c579dfdefd6e4334a45490e940598e	9eaade2be7e351d18d2d152b06308792b2d981a73828297dec745919c5ee0af8	253f02a1b13ee11715fd8fe812e19d69ff5cafa996555e0dcf6aa207c5f14822	c95eca20564eb164ec8d3c16eabebedc4dcd0dce3171ff66855358d9e0037828
779	fb160daf57af2d395001aa5b0356b5fa2406f4206084e037ec6ddf345cdbc938	1ef64825c87e54329167396fd3f2ab00e8100e58f33d5333c41f29b8ca08da31	343ae6ec52ed8d25f79e672c316be307599f444293cc186fd211dcb5f5b3f8d3	56ff6d6add3b418d954f432e3d9f1a419ca1cfa6da57612ce89ca95b552e99fd	6ace5c7648ec6f30cd8a6d2a6b0c74b8a9dcc6fa07d79192f2650287be71f285	17017025655e1e180e8754bba98d58a163fd56265f8668649ea79f63e1c3ebe4	4e6fae6b68f909ad6b955189521d15f51c1527ea86c73e2b70db2bf6c67e4340
780	0fb320684e540a7f5cd7b2804c4dbac2ec59f6781006d42588fa39e3c6064a66	651e57c22ea9de71fc90624f9c27ef35203af352079cb9a7f5f41fab0aac21a3	3245977ebb71b20089c06c9b85074424df6c542292628cd55c9426fb4cee858b	47f25bb434b70f8ad17d08a9ba41d47f90d2d102d03a52f6a3fb1f1cd91d540e	bc1373c6d7b0a67482000e25518c0f56ab59b4b9b8c4b1e112f52f512f64ff9c	3892c3fe778ffea2d1e832f725c3af37ae767d2e470bf0ba307bc4f6323b4ad5	6a21a27f1955419172e657bce6a775b85069212f6ddc9a289f2a0fd3a351d932
781	cb64802215ee911021d0617329af887b006df471ec74144ef47f4a23a68d78ed	ff0b9bb4acc7e37cdb0793a6dbe7186e7096b549c71497dd42e3883268adb6ad	75f538ec8256a88b84abdfcef7060a213a94469eb91ea2581dfb44be249ed2d8	3e686650efcfa2eaafb94907a11f2513a3246845520420b016451693dadc47fc	c9ba1f3458c77721d934948f7112c152b5b384b1d42da87ca04945b992056b5c	e8367599e840dade5694ccd31531a81ed40a4e5a42b36d93b345d8827e0d531d	b169630c38a4e6492caceffacc0db66e568fca23cc822a38416475b1a45b1b1c
782	b0c1eefe5a0e9d9fe5ffd77b0be489ebba4575d5cc40692816e9ade293d8d051	d54b614492fe173230e07421c6c93d68080920860925b0eadf3e40526f619896	3067301c8ec993862eb81067222ea72f9ce1b6fed3afeff2c9727d47f59d691a	6025726505dd316e4cbedb7bf6ee447527e8b0f4e23a593a845ccad43a927b0d	b2f7643c962811136d3a72f697eccbcd82c6092f5c04ed4754988c90270e686a	ded27fb93ef31ac7f6c51d058653325ff62df1915b26f4516e83d2f5c839d4f9	40efb43b4cdb3c3e64bb267cef1405502bc8d783f80afe2b7017329b9c65b2bb
783	a9330d9721edf7148f7f76175e57ecf0722d37790c573eeb58092e198910b294	1d932e51fb23af19f83e3352d8653fcea4982d921249b847f38886b5be465205	c31ec722759a0e4e4ddadc5a5637028ef144edbdb27537c7327fe72a10cd8970	e5561dd55dd3b19197a9e4e01a5b0bf93a06931392e1f1faa6283c13b16afcf4	a38413d8eb9c4ccb9d126619473795e60f2694d692c62852ea56510c063a66e0	b93209efdc4ea11a9f0c00769b26a6c6c6623ebae230a3c20ce2419dd7d0e5c8	71b796ef11f92901d2ecafd62edbedaeff00913481e28e0edb5f4f997f31c8e9
784	77e9d0f9459441c1d97222da230ab650533c955ac6190fe84e1705459d45b58c	8f6e0dd79422915d6c13afbfe8ba9398e892583331a32f92459c0724ff347fd6	53080a096445f02f9ac16539a81126d32027c45f3afb461a46ab1055171dc0d0	5d9a92d8df2167d4a63ee31220946bf53c429eaf37a95314053b8764c4cf65a7	ad20273cfc5e98055705c85338f8a2ee32946e44e89a8a2bc549495b5a05c627	d204d98dc84bfe2f59e9eca3d989f9e58c5d14a2e202e15f7f3ef80dd8d5e054	d74bd7830a06439fa6984fef7264c58e19e97e1194d501aaee3351caaea3151b
785	a0d4dd58026509e218e19ffb465fdd6f2444bdfd9aeffc8c69c9afbaf61d0896	fc692b917cc0182d6361d745b77b26550a52babd31325ad94c33a6c8ab2ededf	5298fad3fc6019ea869a1cfbcf43d2d807bb08b1f7c8b990d92215cd343abc2e	377eed4aa46aababf6dd7384b5216167a0d86353838c3fce1ea8c5f0fe16c8e7	828b38c86e0762dcd08d79df70940eb3306711bcb818319f19cd06df27902abc	121fe5c1cfe3264382485f200f5eec0e02c54a71a11ef9f0c681ad82743ba895	fdd1b877f2c658bc129dda2b64f812a4a3777765813f3712eb7980332126c1bf
786	7360a904e3387e5ebc084ce3f57c9d777e6f9ee24ffb6adf9b7e2a09b1f25d11	7d08c6a21f4f5aab0281d85fe6478cf8e06cee437bfdef77c296ae2379b3640d	8f07ddaa35d12b93880047a6d8d087965d7e7a51eab991a754673fb62633e1d3	27dd5d6d3592cce4b067e1fc3b9468c237a8149a6be9b47fd4a5068e372182cc	cb0afc3145b65bc5c55fde8e261f2c722e393b394736c3ddd3202f81030db66b	0f23456099f2ffce7ca56f8957f83570e365ebe209aeb059ce19fed73b55810d	68c1007198c179a8a9a799d80294b018d6b6469919390d99250e15be54dc84f2
787	f8e8f783b4cf155d2632384abf8f32eb392d91103c84bd8320cecd59fb277e64	adae29e6b71946c8b2d2c7c8db7aa60f6bf13cae7402ea925301462109470cb1	e3cd65c96a500affe0559125475ddeb6f2d2b820ed1865aa0335b7c1ad7414e8	095067568328a48332d2f3ab9fda95dbc1e28491fa0bcf3bfd59d4fbed9e0fe3	5f33adcef6c2a57df12df59267235f6e1f099cd7f2eb05c6c215af1d5bd43120	b1f1b1dd3a543fe0c166c4151d549280da4684f38a5435ea54cf678f2839d00e	4250761cbc016791d385673898e60da10df95e5c61d349ac57346db5941e4cb3
788	dda914e567cab9dabd1284bfb2248ccb382f8941ae9304b232254f925ca6c934	f927fdbb031356dc8f75537beae5f0b184499810efdd5c60c16b48c97ecf5aed	f4a5d3749d6cd9456936272258e1ce6d2f9f56a315fba467c09b2e56d5006e3a	b643f98d3e010625b4561fa051822faf92a2b093fd5b746ed6db82cc77936b40	408790b17a1e8d6a6bd9c3480a0c9478a5197e904ad77d6df4dd5420c82b8712	ce15224305fdb45a5e1ddb5ef763c10845980157f4309d3cb0219b0d5114fb81	59d3aedb50bef5bce043ab9c3cf254d98cd3d714233ce93ca106b3f3456ef04e
789	ecc4b3d0842da19139a58e3802b5034921d6616efe2e542ee44fd643df6001a5	48925bc8ed4f8740aab5aff3d23591994f88f8deb68e8a5e52361c1c161b59cf	d177fc0b2d40cbc596253c2ed507ecc31d9343b5045f7182f1561562c2542794	98e6030fbdc26cf1feb6fb80b6d623a15cd8bb8bf0035a740e9c1200841f971b	951823d1f9e43abc65d57f40b244608e13e6b0291ac26e64eab103bec2dc4b6e	8294d582095d1b26d8900dbe0787aa5836b135d43e35e025ce366e3a1560aebd	3f8674d6680d933daf70de6efd5a1b69328d656fbaaf2509367358640f87328a
790	29b30b2f2f2f8dc8adbc0739c1975ac768d1f34c795fb7da365b5b89c7b89d19	b68d9be95104b439efa8bf433b1a4ce22f9980b6281fee96408cf70b7a9cba62	19768a8fa7abdc241f4e234ebec62d14632730b0436cfc8a7ebb1f16e45d2bc1	9c8d9e7cba27c752d14ae4746cf88dd31375c888e6b2d382217a2cd54401c3dc	4940e55f10133e8d2ef6c9b6a572212c934745e7b530cd6f851e65c3c654bcda	2197070739c578f5f8841ff0d7a38b49e2b9f1062db44e086ef694d79ad1a144	e028e9c6e5e5ae100cacccbde3a1a68095c7b314ef5fd6b3aa1d4930fc4230a7
791	1e50aaef3566101f37092d631e7347fbf1c6bed0213abf3de714c95ca2d429af	a3d9f21f87ef695ed0b3548fc4661cea84cb22eed9cac5e0106dc4301f1576bf	9fb411c3a8476415c4c5902f8bcc784e2559e331d9fa1c9bd99043821d8768a3	305c13dc974c545ad7c9bd3a7203f38a9b89ff2137e00bf18e440956bb329d01	9d147cb470ebe6e669b56a754a4c46b0c8fd410cbceef2ff47b2df8835a37770	b59203d2773a65e9039a0874efbe20eab3f4cc62d3d4ae5bdc156a6ab4064723	f708ec911f59a22ea05969774be60498c341f796370a6eae0c3f947e38314bf9
792	e6a2396120f252fe9c96d7ad5ec1f4b54690e2374dcf7586c12585c8169eb20d	04a438c4f9d992890fec5f99925895d1632266a6e9133e7e6326283eb1652458	5ec7007471511c089ab9c933e7054c4d2412d5d079a6af33e95a9cb77edf4e04	253219e2dab74ffd68ba4997220557f25688c69b7643657985590319c51c07f7	ff403fd992e2d78971cf6a490b9591d69f7c2b2762546032402f90cce7206e28	27b57acf849f08f80eb435b8591a76397a511b922d2af5bce75c9d10ef150934	5d3ecba9040bac290fbbe6bc0bac42ee130920c58e0993076d4df21e4f4d7086
793	8437dd8f6e8cf126d460a5bbbd01977649b02ddcde4f1a6ce49e1b3315928611	02ca1f52318850d556dbec04a5cf025ed5643d4303325ddbfdb68d12f902b62b	e71236490bbb2b16c0404b68993c79cf6b4d954b044026dea3668ce0a67d6eb7	70778529d8b0ca034755727e62a8c3b67bc3c57b708ff22a1fd900b0dcd27d84	258c3bc3904a22c3355e08e3f635eeced58ccf887549575dafca737780778d2a	1340fb899a5a04074758d5e8f2913bfb4ba1f872903f8790a5ab52400010eec9	b995ad2cf5bcacc8095b9ebf351507484784c50f3323a8293fc6c47a3c7f86f0
794	6220113ff32ff782310d64ae7a7bb7d5d32de6e9e12ae0d94a84ac3505612593	ae800e53123a8c0375c8cae2ebdb13a838d3243162aacdb30f2e594486340a0a	2eda8913f6b113487b2111e8ea0f5ddeab9d9c3aecdefe123a2995cabc2f53cf	f705fdb01ea497fa2145a8ddc96a3c04a907ce89f45945c5d83ee4dc7ef090b0	d666171e203d05e2686c2f382957649e9c4063b8272c6e5b06a3344783d22425	ae79c37f19ee37ecacf52bc5425f055caaaa364cfc0511533d6e015e359e92b7	f6d70eddc849fa374f56fce3cf261d8e2490130c44b3a5fbe53cda5e6ebc2836
795	19371d4a5126ae5b6e4ba0cf831cc08e1a32950b3979098599a956930847439e	c4ae32e80dd852289dafbf75cbca6e4cc192ceeacdfd75a06731e484d49a4c6e	961a842fd20af8f6521469dfff04204d7eb9f31da07cb8037b4a636c17ed7028	c234169a49e7a6e6bc236ca34b013376af9d641259de6e50f04dad27a2939092	56633d3f318f7bbc31a52adfad9cb88c31d5320898c16f1f6eb0d835ff690086	7636df1259106999e53ceb3e681a2d8d403ed4ee7870296d6013b9caaf33e0a5	7f6e2a9623a42f92d703a3f24e9edeb134216961335c6cd40305dda9c2c9a465
796	591d4ce84c68e6b5639a90a876b463fd79559f3401bc81f03cd954a2599a6ac6	e64ceb55dae3e2e8fdf16cd76f5326601a765adf33d32db2fdae92703137a317	888727615e719ab6403e089f574a25f2b91c6343e1306d8ad4c74bbbf6aa4766	28528c2831e867d44bbe45921eeb9bef393f7832b1c86adffe2bf76cf76a73f9	673989d8f4b3b4085e3cfd4f4f4d671dd4234246428d3614b3a02e4f13547d11	97edb446a8314c4488feb52f1680a60e95f3dce260383cbbc099e0b159a93fe0	a1312f95408ab4bcdd647dce569c75d3dffa47fff6ecf240ac87ae55bda322c5
797	d0d28519cce7477098eed3d96c3dc8e8d13947a6094edf2cfd6dcccd8545631c	89155e593f84677e63c7063faa8ab159489bef074950674ee776ebc8a6e2f3c9	82811792c1b659d4558c67d03978d43bc71a2cd8afe335268b7625b396724393	2159c033cbf26d0b2348c268f73bb3ef9b519dca81ccfa600dbf3c3dd3287dfc	5798a68586ea063d15e9ed844cf71bec016deae6aa1b9837e40f9977fd37ee4c	74ccdf37429de6aafe71bf836be3e3b211d9587729d83383a8d5fb0356781bb0	2afdc5a3d02674bc1d0d82ff29eed642df36c6da9273b3bb1f26dcf10ea787b2
798	151fa814ce64253868735dcb9520f8325de5a0d318aef5b025ece87472cba9b7	020042834ccc7165512430c0cc033c08426f947945935aab387f3fe1a571f14c	f528bd5763778e07b3394b39b32d86f66b863234e9f1bded3c65ed83b0fd431b	87ce69b508267303f9baa7ad16694f9a479e0b1611549392000c26f0330132d1	02b0afa850b89a3e4bfec063477de1821d30f3cf88e257d0d84030bd28d5f9ac	0cb5f0f03b7d55a1ff03deb90274080323f9bc84dde8c07ac03260c11778ba70	bf934fb2b120c58ae93c34a3d1a79eef560a60396afe98b63529d9795843d14f
799	fac5d4124bd97d53e95b1196ce11e6200d92c668d73cb15ef190bfb3d3f2c202	0e60017b125fef93958b7bc9709c2d242e5d505ed22d6d183b05376a5250871a	da4e4c7172ca176606434ce03917683ccdcb3e94b81a5595f106b83a96b3a70c	785f38dbb175e27b5901c03932894013629dd17a65518b0c0fbef01fd221b162	4c77b463a12ad2250dd6607953eb4019def0721cbe744bbc17a34572282204e5	19940a5e7730c97725acdd2dbc0fdb10758e121e2c573d4fcce1451189943543	d075258c1864dd22c4fa639fa50fc335593c202b6987a697b661370ecb2b6bac
800	062ad8148fff326b262f9e2ebef282177ed8e2d22a523a213160135ea1ff5a31	74fa2930d59edc60c3e26bb525328f325e3c5fff7837ff474ff53370dc825166	3142b1771ce1699cc58655038d1540cacb0f10f4dc96c179f79e60d1c5283574	8d13cfcab4fd25aa0061c8574352ba885acbeb1925218915121248fd9626a4df	aa21586749e622f022c72bae71ddfc83f1c58d9b8dafbd93705346d90db607b3	8fe03a53cd2af8bc69fb02298020d8f3561ef31f3fa3404dae7431fdc8c9fa76	e877112e026ee041706714d506b916bb20f2f034852beb7dca3ed57cc15e143c
801	5074459a1e441e13a588be5c306de4ba65a456c20dcfcade91a7a0950f5e0414	b3bb21e959b9f547dd7de6fe4d442845c435076d909b3bc72a493bc5859664d1	7d2afb9b8abea24564622c9addfadc72671fe162cab31c151dfac31a336eb8ec	2c36cdb1d55f4f4391ab643f768cf7cb36e9e46076442bc3964a4eeb185ad10e	cde02a5be3946fe85f4cc93bb4bafd53241103d02b9416e397f346f9d07c1b02	78566b2054610b683025d59effaff8d483fd0a05d2c244bf0d763518143b5131	e33ff156e97fc5fdc80ef2f7297a96590fb057989d705a3edd54f4623e1d93ec
802	dc0e045ea923126a2035aea8af2f6f0a814e52a522c4df450685cd44100f10d3	bb4989e596252f185d8b00bbfc2becfd4745b7c1df37b46add7b21675ec11aa4	103bf1d80f6286f7e384c2be266bab0e0ce6d7e3ecea7cb558a9f58abf09c10f	d439885575246c6a4c66b71ef6a6264e7daed9d913c7eba046cb95e6b11ab60e	9a99ef0036e7586a0fe439b2b80de53c1bce64566e62fc6a0a2b7838e8e5d1bd	a17be8659208da01693f2c73bf89df774a2e91e60bf85719805cc2b35756784c	d5182896fbc1d54c53c694fa0caf168da6293521ad687405f97d451c81bf2dcb
803	6bd2db4571ca490b8e5d6f9aeccf0f2aa458afa546ed282f21e8c95466ea6c71	f1d68bb2eef4f52229df0c2debf058b823bac8e4ecba711c9f76ebb6eda1dffb	59404c2c3e9c99cfaa67cd21263d37c762ea6a52f900a52d360c8fb53a53f373	608d5de499d94cfdd8669ad890061187ae260c9f3f68c581a3a391f29712a91a	28bb725fd210584cecf87048f78c77949e5cf90ba29b1822aa374373bd6bda70	89ebfac6c264f5972ba068e0328fa82a8e8f751df16079ec69b5ea116c591d0f	ccd5f1541db9bc67a0f7323a2f9c7bb918b57500555aabb3a2332f4be31f4430
804	deea36cd553aa844234ba5e5c90b8916f0aa440f95e2e2ee42e6386618f6eb29	e1af4d4026286c384c6e8e83e42161938993958cdb638e3e5d3c1938c9546b74	60115798b2907d2120d1f28eca17d40a90fd505e84779d13e18daa50de79cb09	9ee399213da09aab5cde6b0de5b3ca5a92122f906a8813f3e1d39093eae989ac	4be03335155d67825fbeb311c459189a97429e796fb5bb4cedb97ef7de0a39b9	812b9a39c59bb709bb0c8772b12f42f32e6ab0581407813338d40dbd47bcee71	a5111b5f832506c559dfb9380ad698056378d2565843bda8c87e57f27d2d41dc
805	a2046a07d9393fd7637cb47d2a9426a744bf5cee6b4b0501c36b89b35df11b1c	b8f72582d274c6eb6e10f20b1153c90809eaeb72ec8631e77baf21eb7e429d88	bdf42f5131aa2847bc9c8f89d7ad1db3ad034cb54df501aa5cea46099a40654f	73736ad07fe83c8a08d3ffab02b9d92a449cceb6a7c7055bfa56a60a51251a98	f3f3f07e9dc9b494873f40d9dfd95163f4000a42151aae365a80775e8f9867c8	e085f06de2cdfeb57fd308d58cedbf663ff4106f05453f79f7ca92e593a6ca90	b1649d51e838986e7ad2841fa2268a573d69a8106842e62ad557fca69d4583d6
806	cba602fe9d0dd135904bcc7bd5aed29efeb775f586287994679c43eb792c3b10	80cbd282ccc1e116f821cd077699e7c5d63cc7d18e74fc1237bc473e71d213b9	974effc9d4a5b56eb3e6ac36a3404043ed62c34a4fa3e167867c0a019978267e	3c28357e9b7e32f8fadedccd9985525c01e4925caaa41879bbaf98edfa8264f2	029f672fc06c4abcd140a224544dc642b2581b36534499039056fae0221cee0a	16f904828e540422ab8ad996573c1d5aa2877815c09400419174c9d9e98fcf09	4d123170081eeaf18bb04c66273ae965caccb4065881fa68887988acf837f936
807	d95dc3a011b0d50c9baed6a68a7046257a2db85e86fa4ee5890ee56ff6f1de41	ae5a7267b05a1083f22c1a8533944158be0c2d367770b5b51a6c5278e1db46dc	4f2c189fd1365f5d362e2d6f0e37655ccda32089df3af74661cfcc894b761734	d89e45a3c3c8b5f5e6d51c5c9196c35dd0f801343023c72b9aa9f34dd5bb2208	8f7cfc4f5a1680ba666f2963ca1db7c072fed88a0dff328a8c46681b8d774bf7	12bc7e6e58151bb9aaaa5eee65ff651cb9dac66d2fe9c20aad420595ec20ff39	050698b0ab767dc9160fa510cfc8ee0797c53f50b102a3ebfbc4789c96ef573a
808	2c6aaad563ca2c25b71770a904af75c8e7b07fc817f0581e1b6923728cbad5a4	ea91307fd17914adde893d93e71ade06355c42a73816b1ee8d18ff894c483c34	c338e3d6ffa36ea5be78e2644c60eaed69016d5681f53369d65e950d8e1a77f5	8c7e9f7381aacae55a703e21ceb75dc4aa145f250ac08ff6e67c06001683e0fa	58f104656793bd13497f4e616624550c35807a3d1cc6f61190c13f1ca4d52b08	cffbae9e5d4933108cf403e0176848b604d31567b5f9d4e3324c9d6121fba87c	59a5f700801aa3671529a2943a7524871ead9582a66b3c44cd39016f35131db8
809	199c9fa9558e655ea7c1156fdf9dcc98584785a64caf43feaab3c14d7257a6a2	88a09ea79b5cf914f74f551f3eb4cfa121802350c55d824e5bac86baaeef17bd	30b5e4b1b547aadde12ab4c759f130b0ec4d5dae46738c140959ef23828e0800	8c146f3255c6086c739e0709c5096d3b93d978fe87255d628f83a33439465ae7	33832fa73a330710523b34e663f31b12c7db6726f1f4d1b6d6e16ee25dfae63b	e677be7fde4ed224a49210352bbab9e9db6b4878ff2c77eddba47d352a09c5ef	b8a776390e9e86b2899dcc83e0fa4f1f6469013b3885194a357c747eeabad79c
810	eabfd8d7e787471e7b673f147d0cd6dcf58c566f94d15d08f3bd69405ae698ca	939d3651a01bf9f2e152f3710d9498d8189c539760a7ed920934b527029f9552	3a5e39b1af6542f2fa10f4c30b0fc115651ab7450c4bef78a7364aea08b15f43	51f38b75e81f1fd1b4ee8735fc53d50f434dd9aa0288a9ac144b439583fd2525	84c28dc4b1c88358a568809d90dd2ca15dbd7e04b7bd2994634e4de91ac768d6	2e92dd38f1def694c6c6c24f1b20ab130e8570c61ee6371e9b656f5dd576209e	8821309aaa4e8916c0527dfb4ca1d420f4e05f14fbe8edcd500dadca489f4c6e
811	c2e9221d8b76226b102e7593d3acc2ba9f8a3aa07921fafea72e496c40615083	baf5719283b7d6da99a04e46a1730554918f3b73378341d3a8c3f2c5f475352d	3e8abb334789f749b89a1f4749de06015c95cee9e17bbe3d1e2ad3345e167394	ccfc4359455e50c1d1afba93e2d039a6da94d8d55f038c1f46e91507a605bb41	fd64cc81ca716b288b5c1729a8a22e46fd3790553a20e63a8bb6699d4eff1ede	686535ab702649eb57fb2f07142c94a74ba21ebf5a45d9c603752f688ecfbc5f	93f0598a57f0923260cd3bdbf4ae788b47c9fedc8ec56349708aa039107f0b1a
812	c68ce996d9a766d8975766d6a00dfcff3ddb99a1d4161729813041a78021dbd0	05d0b1f72e9804567d1a1515145cad7cc164fb633ab65a86925ff58148571d72	c4f7eb204e12005df0455b41a22a73e85683c73f25837631cddee3f1efe34dbe	d14905a13cf6ea92a8efd8c2cb927c0ad6b35118cbed4bb640531d57c8183724	d7b9e89838e2c1390354d89caec81d88d89b3100af612eb44eec243a2e37110e	c4477a1f904a87a500c1056f15eaacb7c3c3afaeb8ef6e0d2960d11a7b6961fe	01566dbaee890540736b9c04febb73ac133d3502ba277f4b01149c863c1ab21c
813	0de567bf6ff4c0b8fbd6775ecd419f21e2535183864deff69af5bad99ac3a4d0	fccd0c5cdde4d535c8eb0f86d50460caa266175e1403da0d7a5f9d64592cd92e	3b6d39c397df736cfd387a771b1abb4f2d7b473c19576e2b4bf64d2caeea339d	37a874aec6f46abae6d5675a1f9eb1c21ac04e54927cc1262ad574b8ffdc6987	083e935b6fb5009fa0472aa412cd4bf45bef82dec8ad51d47b302695c05ab852	1f19f4ce40804ba6feefafdc69986ff7d1f6f57254700ab534e9b2c4fc991e3f	b1365032a66e7db4ca2e69385a696f0a92156d2c499ab50f203b393f267cbc54
814	17d3179c8279485c192d2ce7461b21c36954138da7c8b5b63fd704ec3e229f42	288a882548f9e73bac1532b9bff9a70090e17cf52242a4350aad701a4cd49ec8	df6d64efec61c5f698a5cb98e8198162e2c500fd624f9903386302cf568d0106	3f5e23bae3fbd295321640776544258b1300de1274460904c073a1b6c9b1bba9	c916fde7256b1fbed300d68d72285ecdc269f7773051c0b81ebaf2bdafe72dcd	a89170324de086aa7a1a3a10681fe3a9e85639f901aae8fd11c35c32b2fbf4a7	8d527ff3ef8bbd5da49a1b43e853ae8f28210b9003b8b1fd36ec6a2cdcd7fbf4
815	becec36b00fab65a0dcaee1db0d6c40922b27564a83f480fa9c377ed67afdb06	985e44ec94e43d416d3b1a8ce5a34c5931931a82a4e3226a252823ca2c6c8970	ae182917a0aeef267c5953ef78942afc64bc4ccf34d7d1296dd3ce5811e7d80d	00c20cb2f92a00d1bd16209c9d7abfb3912dcc213e11774d43d934aa2bfed5ff	77097044390b961a1c591757d140dd59ac34356b44196a5578cd5f9417e18a7c	d43910b8185d26f6a5449794dd711bea2193190aae6d497b3bb64a313e127dd0	f168a74866a78d662e003f5e5b6d2f4890d45c0e0ad82ba9cb775a1973ad8fb8
816	a76576eb243428c2fe93076ac2ec4289a07e6449e8deaa490196a07fbf193792	07f01f4a99cc08ec187af226203725f7a8c93d825b7a3a09171f0fa662895181	6aadf2e9fa545b61d1b79070769055da1e474f78c56d66e2e45fa81aef71f9d5	38cf3a8249f7cf6ecacf7b56dd20a2a81515266c4f872bcc23712deb23012942	dceb9ee41c1c7e958627c8741b6372cdaf6cb013d7ec319197b54a521bec4c5b	ffd6362c182391f3ab03b9cc42f8ae45ebdc7d8972bee900a1b25f1cb2ae8f84	fee1b7f761d2f97a599bc1459eadc20eaae903908d11741f59d56e4990c6a4a0
817	717c469a66999da5936199027a9016e7cf4699f95ac9ea222edb83f453136578	2eccc6ab57d301d8558f6f37291a2934d73d7a04df109cf2e840e8a1a2a58a03	00ecc5c8bc15ea927448c3fd109b9b424e2db48bb12c5afc0fe6531a117a29c3	4c68c22ee0ba7de31da5d5b6757d5771248abe50a0f0e27b707d62dd118b2799	8ad2772b15371229acdb2deea8030af9dc8e2d066bf0a0adf5cb96fc66bbe704	61c03202722b6967c8813ea479a51e14269f697109331499227dffcc2f11982b	9ff8b49d02ca2c06432e2cf8317dd1e25b0c24add1a1b01ea3eb9445b3eff9d6
818	074d1a19ce36b13f9403c3267466552342fde258516dc2c33064c5057ec5abb3	d3d5980986ea2473fe8625f852500a8e72ef06231c0b3d72c5da5f40f064973c	d7012e32b37f682705bac758f0945e7bbc68d4f74255aaddcba76629be192de1	5ed0ec2d4fd357759d6d84a0e508785747c0f951b087dceb48e0a5ff4c41f922	bacc0e1ca1dcc625ffcb7c4b9771b4d9099b116c36a25c2c17ea891ffe18a59e	78e585e3ac84db8c7fd995a02d8f116de260e4f9213e905ac8c1717c270da65c	9401bf548928730c88c64d24581227569caa96ffa03f8a290686f678f5d52474
819	417105f69d076423a44c3a6e7688027769132429c952c1ee795781adf2f24d0c	bced026dc528a8051dcd2a51b2375e14715912db0e335a21178fcf4c519e46f7	1a3207f417a6833e5e72eb1d9bbd274b8c2ef2a51b4624be1ad7e92075ef34f4	1512877d5c66175129b2417089fa19c22ea465a921da742b1f0308676b6e45c8	4231b466098d3821244080e6e494017f7e695c35a35be097059cc6bd84faec5f	0fdaccb8daa367b4abc13089cfb4f913e2f9b1d1574e13541ac57844a0cbec5a	9b41021643051ac86a591c95c7ab347447ea2dafeeec9797e5507f757ce67582
820	bc2cd9867cae97a599c56439e25711d3df36fee169ca75e8ff8a0aa52446eae3	4e7fc70521b37d8d17ee4a5c11278dd93a3a201fe283f60b8d8a7cfa47f32312	30f3c4b38e4f40d1556da26095c0e26492884d5595e082ee65ee1b1e81a56097	e7a9e6592033bd1cea5883a73f1ad7421abd00f6c013d0e962b76624355cb3c3	9756845f377982b0257eeb16b68c3fcc0645cd3f9c6ddc01eb17808d74db25b6	7003ea45feef6e2d05f12c800a18cf001cfcea7bdf4d9b7e3724bc624dda3cd5	1d6582c172e342df2c216fc8f69bf138919e0a50c947d72d7e9777f974fdfc32
821	af3638e910da26640a05083676656780533d2bef6feda357689a667de48f562b	6632413f029ef1f937c6b0390df2ca93f0cd7b64df5ec119f85fc1068a309a44	dac071678cdc8523d54c0adc19fd5994ece9fe2c47ed777e9b8e5c0e4ecf727f	5bee2ff3954323e48aaca75114622eb046157828f6bc6e0a7984b446366742df	3b5d7630b64e8ad4f4c79e01da56a962f98fc9b2926bb9924dbe073e1e72913b	dbc47d5c864790fe38d53da23da6f9463362066e9e3165f58d3e57eb38d86a0b	c82390533a7f03f72584fc8980b6ad3e5ed43f0f54211c0f3c190516ce01fed2
822	e0e69a54d87f73195a6e9250dfe9d007b88cb67d57a6fb1116f78d33ae7d4036	730d076cdb1f50a4492b8b1def503ec45d50ca302211927436a5bfa2deeee1ad	0932f3a895803112ebaf9ddad4eaa41ecfd72150ce1658d952768eea447236c7	fa67fa7507efc3f871d254700253faafb8da455d0f6fdc5d1f3172e463f3c30e	72ec9b4c22c8813c7d1dd709dd517ad40e6ec45c9854154665af81ebb9fa3f40	c3bf676cafb4ddba292323c7afdd41db6801020f972c0d332957f168dc574f4d	f2bd339ed0434a4a49fd3d20438b1127f9ce8079b6cbbd63e100ef63c5225164
823	6c13e90800ec44f5c25312ac466d5b7d45e8c22c32637d782f3123d90eb86aa4	4647efe1c35e8a2c9423f99fcbf0581751e9f07829225510f8a2ac37a7504cec	c527b43b14cb29b5d0f261ba557cb073267ad51299a1e79416cda2868dec12b4	43ae2d3e8b0ffc5a09066dca0fbefded6d9c1f07d146dc11cf989cfd0095e809	74dd471b8c34a306be9d9a3aae8120619cbc8cab90be470bfec528824140c2e8	4c53e09a57725b7677378272823fe4d55b9f114075d291a8211d7858a1bae818	9c399ecdee8a4ec22c91280488898cfd8c2b2c225675fd92a60018a55331ee37
824	e15d18d90651e3b4f3a2c1b9bd999a740c7e44cccfc09d2a5d87b52fd8e55d97	c6f550aee1b88d4b81be9f0e604d9aefa9ed07f1268ccf02bc88a0dc0fac6e8c	b596ba4a49373ce07427611296ec563ae58685fed62b932a331932d29ac03508	010690686005ae67c81209cf9dceb9d0f20b6d39e12ffb3604f05a04234d63c8	7cde38d34b069ea4eb7e8c3c7eb5c684f05508a3e07f4c51cc2f5dea76859a44	480aa7ace37b80c55ff9fc30ff74a27d4376e030632df4a71c984e3706ee51b8	bf194402f89cb6a76166057c35bf1ece5f78fadccd117e3b1a3080517dee085b
825	6188c60fc5dc1aa62d999f4ae833f4e161a41f63d5a68217bbc1d6bdcfa544d8	6a3217f24eeb7c2689a30db3fc3637ace9968a2045917670428dd58c9487f469	da17ebb6de6903d1cd9cc7eee01d4eba353dd20c875aa021a9d73b49cca5a2a9	8cd52ab960d03c94d387ac0944821f4095d9c39ebc359e8dc9f6513241f1aaac	73b8cb22d0a7bb3e9b5f81db6ad865602382d01cb02109194873959aca323595	7472d5df0799828b54629bf7b860754afa0664b980d318c11dcaa160ebece003	ec16c0eb7a944657fb6fe0011d630a93a00db8d4c9ea16e352eb42772e8b16be
826	250bf61073e61b4a8a30f594cd77285bc128e0a3d17a5b7555ab4de7198d1290	73ae27b4ec8125945cb2dccf345e03945cd1b05a3ed2627f53562bf8babc30e1	752f6750581a3ec01b58aa3633b5bae83c23b405089c3bf2ec13bcfc13ac18cb	4d3a518a3d83419a4cff2b57601ef765cfd3091f402517d631be02df617759d2	5998027a4c55ba56d9d09ad1192d81d639983334da0993a7a5bc2e570d2e3f3f	bea7cf8a26e2fddb1b53cd073f0e96b5e093153d3d5f058d8c5910460fc5668e	6d7f1f24810941606cad5402f4f99bd5a8cc6cb6919a44bfa27ee16c2c50356d
827	8a0e14f24eec7048c7d070760ac07d04ddb1b0d538058caf3f43c4caa759b825	4e402645db8869614c60465828ba385eb205f1a4bb78ef9690a79b93ad20545e	3a1412e80602ce8ebb45c38115d345c248946347996b2e39a562d3562846b87b	7ecd12e3c54bc91ef30281890c8f940ac64fb6177825e845eca843a6aa2b110d	d2b8b07f626b3cdf3a5541a462983737ad8f90e3715f68eddae3c10352b3e373	c9763a9a33c108475c9d6ad58f5d13ea9536ceef5e4691304f6c00d6c6c7aca8	e21eed676d818e8f4828ce3731cb45cdd59c97ca6671bdf63de6a71a2848a402
828	2e6e4f048fdcc564b502a4bdbb616b4c26241f6de969e0e5cd4c287845fdb1d4	500baccb9ea88c49ff7b7cbefc5377e380f425d26ac49f5c6d66e31e9cd0b26c	1d10eb1552db4ed87be72dbbc1ef813a9e2b9c47785763d648f858257fd04c54	76949287882c085a012fe7a1719907db582ce69e76cfc288db33e9e4bed8a23a	cea627231b17154ba92ff15996ca12bbea0145cccf6a27700133b7ff9d6df5f2	92110d9b0a4ccc89c00574ba806c2b2c033a3257e064259ea9c64bf8990e1247	2dbd0562d6e67aae4caeb7a44cb6a3d1e0adcb0acd32fd3d6e161040715952bf
829	bc932eb1f9a36146ad7aa5a1ecc1faa5decbf3722ea9945e2dd8eebc2f449a6e	8058c8503867585d2e129c0b87386e1c57f570a6b29e4a0e71789729da8ab23c	f256ea956eb538c66843d645270a9dd792c9959d46e6164ee1fe7a19feda197a	82b1e37dea81aab72fcd05cdfac5fb4b2f952c8b536d9acfb05ddb0bc0f7b61a	2ac756dfe0f9b885bf524f81819589a9aa037b2ed6565637065a866e4c1abaf6	dd4f38c8a2268fad4777b0627892c0d3f32451686efb96a5bac14f9ee2732ff0	67662d1cae4f8029b54085cd8d7d01ae3073cae741a8c42ebd440f9b14068983
830	8edef3faa4333a5cee168999562cd42a0f96f7847779ba47534d6e22afc8012f	1d853d077bc1da1bf8f6ca05a84716fb26e24a85d6b9cf3770eb5cf8ebaf3bff	0ba97959071864f783132280a3ba3258f83c3b65a50bc893cd6f68671043ad5c	b3a81150644649df2dde34139e2acdb7220cb17471a61ea209cff1cf0a8db3e0	46515a748d63ddbd431b0783db365c3e50f7ee9cc7e2f7c73f6e58769e85543e	b36aebaa7283f7611bc7840fad6d84cfd041e828cda8eb4615eeb8448b5209a6	f54cfcdc63ac5fde41180ce7f527925900ea245bfde7a2cee7a4180cc6c50204
831	d91ef13efc67fed2a00b6e82912fec07ade02aef0926f2dfaeaea53be1c41127	e5231cc7f38a3ab9aed2dc346652eebc4f3a6ced89f64b8af2b607e2badec058	67cb3565abc9eea4d2d86d4766c8872bf49b174e1f50b4d19b5ab8b0f4266381	87d24ab6b61c0bf9606b300fd7c35c7c464853e6cd28464b1deb06bb481840b1	0a290de831b31ce6f7e7bb03fddd6742fae1c882065ece532db00dbef5576966	539170999c922b8dbea1054e70fe3c88ea29c1d923901105af059a55d6b3b1be	aaff05d72b03076bf448b4bd00c10e6f9a3c3598614a68c178e77c3f623085c3
832	012c24a1be40c1a25881e4aaa9adc964d291d98a05bd7fe4889e9aaf10e7d171	9b900b0b48f5e91f8367a0a62352defb1205063242b095d13d7d65dc150f50d8	e0ec24ccd8f667d351a9fb50cf1ea129bb7fd0f2871d16bee858eeace45008e1	e0ccc94dbba6999d458dc51d7c0e018a13ad9b37555067c80f0ac577fbb7076e	7df394788e63d595b188d4c211097254ed61356fd5b3351bd0448793eb8283e9	e42164541e4f6a3eb24d441730d09e6f7c3d863f3bca8ecdda0d210b64d65d89	50f6898ace7ee50acffd5455d36fa5a08aa31058a0a8e924d47f14975fa4cb81
833	20a3c644209858113efb4a6140a2ad18a14e15dc1b376d3e9091b09543afa337	510b394ff5ff5af62b8524d24fe7578a0f97bbd055f731707b3ca23b18c9ccc4	0ab3869904318793a5c79b18302110fc7e72e7c4bf18c31e88d0730f07287a20	d85a7635b3bbbc9b8f3bcf5e83b2907d51eac388b17fc75a64e1bf98b4e554c3	8e7f612691bb4daeae63d2185e1e06eacb5772fbc45f92d3796a0a486539e52a	9e4401a2f9595ce6c063bb44c2ea16865bf3b01ff6376699456d23951ffb64be	51fd0394f07bfabdd05e356f515d55c77842bdcffdfc64037a2e1dabf16b7fcd
834	20b0d14c75cbd8c6bca2490e2953fa039d2f58e93adfc59e7d0b166eb7254ab2	d83d282ec2c9586ce1ee0119ab50304a8a8a6109907d24d2a56956f4bb7fc674	d5899007824b1e3027a4fc8512e682815248443f037aa0232d74a46060b5b529	3f00361c2e11b0d1637e8fd0b44878e98ea530c6eefc5ae8d6fde34834b12d91	453169fdf77572c638a458762c1ea621d88222ae88498d151804ff28fe94d7f5	2c3f7025eabef64e4605ed4b0692ed8015f3b9404baff1cdff2c3aa0922dcb77	9f9c5a293cf7b7d639f654b093e0670b4bd25f275d4de5744673584cdd58f326
835	51b4f5fe771978ed0f3d2953e1f8ca3a4efef9d8ba30af424a167ae0800454e5	fdcf325253a5bb74c72cd98ea3e6057c18450d6941f668a7dc1d79862987731b	697014de0ce7cbb11494dec97e48238680d384c8e5ce82b4d305b5ad2e452edc	ff9f43a67b1025a9bf06712667322f73a168b69269eff1dfd580b34205067eb6	9c01d4a05508683837232dead9f0f1f77e862ecd41246c03598f6d6279f5376d	f12797880bf48b774c339807e77e9e8f73819ecba2db78076d52b5aabe71de6d	cc2f1e81347fdb8670840e7daf2853e883e84f789635156b162d3da0c93f5101
836	f0f367755a4b24f1e067e3a673ac357c568b217d1b8cdad6e2d2bd2cf0fd39e9	b8c8d67d140ad3c69d5f1c65852db08f5f9b25ff34aef4727bbfce8762bf12a4	6834a65b1aefefbb60e72e961d3058d722a7c56c64f032ec89fb4282305dbe6d	daa08bab6bcae72293360f2fa67a978cfd2a5d6edeb345bb9850bf64505b3515	0d98e7d7537bbe85de73f22eb07e8a48df81d38c73e329716088c40a1d5bf2e3	345b361a7f2ccf50d50f405d603f8d1abbd5eb90c45e9ad475d368e36f5479c6	086ca226a40caeaf859b71cedb2e550e672a50b829d2c6874c996e32bd59871e
837	93d025499b31c312856ad65498c2bea2d05b048b26069ae44898bec8a37552bd	4302d86a5dd6306f14b5d8f1ce920fa7f28a9f31f03e61cdb7f0153852cb8004	70d0c8748473a208f6607959fa3d38e6c0f4644931b8ddd5354c52572ec1ad38	57ccd1be9404021cf8a796d2dddd3683a2ee2611adfa46fcbd87b278f13e5b3d	2c22854597c0ddb08d343d3d0232a6e146952335542d8d1bcc3783704d85cea7	7d31d94c08509b3ee72faf490e337bdebcc3759dac19dcd64c8b3c8fac4cd6d5	5d6f1a19bf3becc26b4d13d1b9c84a5debb7695a6c732cefc9ff8bb987e73237
838	743f714c1bee69141553df6fffdd9e6b9d2c10b2eb31837e6f52ba1646d95f5a	101ba4e50070a09f9b2fc025e01e78524477086336c4a89c5c3c285213873b26	bf6d8a9084de40ae1f1a652fb2fc5f770b7e6e50dbe48fad3100d6480fa24f84	3f9bc3408bec7cf543d92d5ed8c9ac2e279a7e86b0246674642c0e061870f4f4	73e71930812201efcbef32234d88fc053cf14dc5294de60c55b094d817a899f9	1164764708c73d631613e824ddbdb8fba4b0c76e1289c0e5108f8086b09d865a	43138d43de3fdcd5cba4ac77375971ddf4915c559f5743d7c03d10ab6eb3afd9
839	f3bbd38f91ebac28bb3b6f0522bcd6b5081551f99b7df218fd01b7cb73fed4db	5f4e2f86c7b8b0ceb83c4e6640526b33d447d38049114a99465d44d24ca0639b	8d2dd329a4adab4ac766918a74c01a930c663530efa115c3b668469fa023759c	68c0316d68688a74e79e2575e00ff1f47101a45eb8d2504ed102b0987a1c1b96	f94cac7d1c3ae51101f39e9be41d758888045009f26d0d8145a188d676f01ddf	d51a5fd7839d51e8e22b4eccff46504becd4e5a6dd9b9d1697a5671672248709	a01e200d435aaea006b55b1930915c7bfa4f32913e265d9efe28cc98a8ea6753
840	065e1172aecaa73db77e42400f20e2e8e22d5ad2ac63860c6ab471edcc65ef4d	4d983848c6e37fa56a6a31c830eac9bd3aebeaba63adfa4e7837648efe730eb6	b324aa0dd430bd501c2ee000e19f2eafd90eeeb15b7ec7d1a55daa004c323b47	fc019e269647b9398fdbec799faf2abfe64be139ecddf2a016ed4f629f9b4351	ad07408f7413f1eb63b3755002b14d3a8a2c2a58adaf85688669d26e07ecff79	e5060139501ed11ab16d0208f89b8eb202bc85103fe72302d5a5327a94fcb77a	d52666947bed3ab2677fd0a3617fe496852c6c6f325dddff8ab3c877136395b3
841	ddb2ff951b3851c9919523ae52902c8886b9a0730900f1483b25ed27e9091f14	0574bebb4483c41a1e416eb0d25522a9f73c6567eb76aea1fc5e657865fa07a0	cf95420617fb85954398cc2eb2e3dc977e26be4d4401e6bb4b49e32940932f50	8661498491bed37c39d28ac4e812e8d4726537578e9cbd7086388c849b8b1741	5f0fcfd61540f64dd7083f32ebd83a2df38ecac459420896dd395d47dbf856df	02bfff984ccee3f6b2414fc5c7f496415da07f484cdae5ca9d6665778bee536a	60c54f07c2951cc555a84581e5d586aaccd4e313d766cac37c0f0590b3aab1f5
842	a4b82e9fc5477144d3915020f61589359acd68376d4b9d6ad530827f50255c9b	cc3098230c482171abe8b5fc46cdd52935ea969fa2520c98093bbdbfcf2b0150	5279b74339f897529f9894f58d525a6a09682094fb1471633f5839c96a91c2bc	5ab9f5e525fc6ffc03cbe4cce9575537ed041d3cf69a7ebbf6d943b7820e0ee1	5e667aa342d43108308c06d354168bdb2c8facf0d56c268010211027e456db29	df8aa47635adaf8e76734e6a296c4a7fec96f14fe27f13ea59d7865300fb8654	646e33e14e01032848f4ec1c440cfa87c00561f3153efdd8b4014331822623f4
843	3f9b118b9826be32e883814a45b2b1d5a51a7519f1612bdc571abb832e698bae	e8bf1c1a8764f39912ce791dd6a8e5cca7f015d7fe1219d4dc910a1f8c059719	d042faadc13900237034142072563880863d21500a76aa7a1339294fbb8c45da	7010c981882e9eb8160ca12b54b61615402a76ba5837e592a69f295feb99aec6	e034e3f7fbbd62ec46ed74d8a47ef43b41a4a42bfe0015d7a60fdeee8d013d78	ebe0e7bb17aed49ff687068407fc63e8432ee2078a5921d6efc4ea38f71d288c	216b2f7cb51aa6413f610721a72952abd8cab4a4223c18bf4c663663b856aa25
844	74875afcae51dfe5f64318e142d919189775a04c77fa4ad924e99bc3d0acdb28	8acb5b25e06f201ecfed61d32d31f6188125b9b2aad30825b3a931bedcfd2079	93ea5dcb1d14217cfd762c15ef7adbb29fc8e824cdd0ae02a4b47a722112b83c	41041babdceaa93d106c100f41f1abc07f2f98496b08c48b3de8eb21f06677d5	2c521e730b58b1fffac336807ce308cbb744e2eac3357c7da308f024413d852c	42990fdfd2ff1918138d3287e7b160cb6728748bcbfb1a2795ae9d0114bc0a89	9296e380f6b92796a3345b6e96e648f7d6fb10969392accaf34381ab291d9d8a
845	c7e787d363973d47e70aba7415fcd820cd2b12aa8d4ccd7ef500ff55b8de642b	22bfed2c39b7f3d821ceee925bfbbda4fc9cf50a445fd883f65fb6695ee85cfe	e93a1bc2d06290e76e2bf55123a520a40d334b5189155f49c014f78925ac267e	1093502756765f5af3277df04d12fe76bc25970cc8a97e1d804e7780ab5463fc	254643eec2d13bbeab905551fc186e31143f1b50196c4d554b1606d8e6fd9ff0	0665de3bc933a0890d1242dc5d38bca80cc6ce2d230ab39f38f7aa6c98237ccf	ce39439e1c27eedec5e9feedcca3fc0d297665ae5a45099f4df63a04d31b740c
846	a1fb03ba5d954ab13c57146cb0e2724459201bdacd636d224a756d6a30171c9a	5a8a3ad72bfdec50bf98dfc99c542132dd464ac5c3f11f60b328ec7c5a96fe39	968190fea94db20ac562e6b3acf82fcf77ed3b4f332153e8e0c527d50eab8b4c	837b0578ba3bf72eff28ef0f41cc5c9990efce30896edc2d27d9099ef3a34d96	5daaea974c967007fcad5ec171b2b95d5be7080f08ccf9b6629fdabab70d3886	1eba8c7330eaa1870486677670ec267fd3e8360ef87dcf236e463bae8f08863c	6d2bedb40b74a538343493df282d3f877f4b29dfd84be22c0118c10cd27177fd
847	e6590ae07ab9c8abefedce508f9a30331d80212631f376b554c01e07eab49d28	4829856ca43120175192bfbf037bd719d9fafa78e961958b90cacc8adbf53a63	d37043d7582a235c4a10cdaff76d31ed31f04d5101c2fb9dd102e2dd13c49d3b	d6acde04c2b146d0a707e2e8138a0654118fa7e3e0c1cf513f6c3d11cabe9874	d762662768cd10433b3526ab8dc8b863d26c762606696318606d441f345a4481	949e155f58e49c84942fabeeb985c8f3d4fb62e5f6bbeea9bf04f8a809a8337f	6f7b9c94fa5445e832ae01890275ee9c2325bb62f2ebbd25268d0c43dc7c10f0
848	7731af58239ce70da3fcdacbea46f24f1fd4516d9cd52b937dd0574c70bd2c19	244a38ebc1ee6c8a0b0ec9fc5fa0a4916b06385e9ecf7a0a7075817ef412e779	8220981192bb78e7ade9ef9d1466b794c312a0a59e3daf657ca15ed1ca37c4ae	f2ab80e55e2773d7757575d5a2455de686f26140c9742abed38df02114fb4b13	ea83bb360802c98200cce1495077a86701ff5d4028ee8a986ece1395cab7338c	e62d2eee7a394175e4d991e70dfcc9079e3923a1e9fbc2327da4f994be75096f	3a860267b2529d4f0aaa7f3e55fe258f27e8beb53f9af5a47cae8adc09b526b9
849	2c124dc12618c81cb17290a2909766439cf54ad1d20c364ff9de483d37115282	da00caf5ad399b6b9aa9fc7a20a3f497a9b404b18bceede1526647aa165fe7dc	6b08ed91745581f971965759d8012f1efb58fe5e7459384d4b754cefb5690f38	3304e808b5def39d112c85a6a0d83d633c48d60dfb4db05cdba2c891ef04e687	54efd883a3925a8fe4942171a5b79dfd94d4a880846b25fb9bcd5af17f3ca89b	84e4d8d4e578b7c6176624ac42d324eb6ab7a9bca65d28226e778cf927185ef8	267743be05756be4ebf1baef7eb0f04b9e4b586fca23697a83a5037307f48d28
850	8667a7a09c99cc0f4d772b4ce785be456f73e14f7fb0c30c55aaf42a66a9bca1	975960f712065c2ff6e0cceed22f8bd0f2135dedad0345535dca3c00c5235255	70924a990115b89b8feac1d87d8b9cee827dc0d6fdfa8a815e57e837c69a0365	6b38f3ca1748514aaca892a4a7140c63dcaa658ec094ee15c23b74f1ec0b4909	ff28653268c9126cd780909936ab7aa94d5b15eb58c844b7ddbfb25601d652f5	4f1864c40b66924549fc1d5413c5d24497b6a89673c2c476758300c175d51246	c46ecb77bdcfc2dad5265f9f04b4c1497c522452fc67f163c0d2c5ecce7fab06
851	502f704f5b7cf61c8a58bceb6a8801d202d69b4ca628676d73dcdb10f043fba6	8b09820dad88ba5c8378ac5edf90c8c47c57c53742254bbe41cb8abb538c71a8	565b265c9eee0aa1551a3dddc75ffc0d18a9ca35e9ced8ac088f079b3651cdd7	7178cc36abadc7448189e27fab53f35675cb5e7eaeb71ca735b113399782e637	52066ca940bbd16a3f70982c27203ff307a8bccbe8a2ca6e6d9f2fa666938183	983bc87be3ab67c78859005faa46ed93d5a4f49f880dc89afcdd51238c5dd0b5	6171c910fa636c27780cb38c2475da0ce6e984f848ca5563b64f6666e2f7e90e
852	cd9746cb2c384c7e9dd923db3374b5e20d2834c9e1a3e31738d8532cd02037b5	2a07fa3b0abe0cba518f4d2b74aba7cbe892e9ea05e7238bcd43781514447b7a	9d4b839f0e6cc1ab60a2610cb57284f9f71a521c2464f9bae542a77d76dd9fbd	bcdeef4c4ca2e4303c570b094cdb221582995937d5015cf817f8ecedd003fe4e	870d38a92f4aee4316c03e3b6c42241ded60dc3422ce605670709661dabbe23f	6776efd5687f70dec6f9763f4acd2e34021d800e2dfc1acf97070c1c2abc74fa	852843f5baf6137c15714b2ab6f3a48c929fd2bc9b87ae0fe7d2d6a2150adcce
853	0adaf2aa6fcd1959962bbec6f39dbeaf2af9df38f234560d0c2ebab7ebc1bded	a52fc362f9c0ea950a738d22db1c8f93673ae64cfffc89d21f89b8e4cd8d57e3	2771ee9ba9ca4b100b76b20c7013f166e6299eccc16c338b71d470a9c6862777	b0c9e9f0d924f1637c3181d4b4ab1d45ac874b483c909bc9870767052d4b502e	cc92de98f73743009c55f8a5e956680aba5645a4a2dd94b2be73eba6fc80eae8	f372595d7584524c72fb953948ae7fe3cad7b535e41819d96a7b99c2edbfb2eb	2cf118b0ac463fdbf0320325c48719271cbf698d00fa7b0a5ec78c11e7a1cc53
854	bef3d3c78cc839629834b6f467a7cc4b641df8afe027dc0ac1b19842c01034a9	4be7ca2b92ab5946d54ba3ecfac7fb88c0b7a9d8b91a005397151928fc56874c	da620bcf03419a9a3e940e6bf58114919a919a9a4725560724efcb43aca4f463	70333234de700ed16531ab20e05b5042df31b6ef8cb97da75df13d95acfcc1b6	5d409b4146620643775d14f9af86bb59fef11c4df6667bb4a4a73d326e13e82f	dd2241e7e9aa80973a75234d41d66b6064fb1ee4ccfb8fd0eacda11e238a156e	1341b50e6f4611cc6baf85d5440d252497e00ea83c930bd98c867eb8b9aaef11
855	13cac6858384174d3025fca8537d16b1fcc3072302886aaaa6fea30a1ad9f09b	10709915402bb043f81c58914364e059fb72f227d5227a4c105fb5149ef113cd	c6a0055b2d8b4755396cc6d461f3ecf4d2d01e1ff56ef9ac571ef336bbf43147	ca81906df9a6d9f686628f0a29b9f4008f5b424186e6189963710c96f87d4176	f98181bdcd121021cb960c171f1df7fc9e5dad4338cdb1f8d42a1ff25388d35d	3405573bf7a29adbe841efeb5efcc891001bdb092812cff9f8b90d325431105f	d6ed12d15650a82a16317c92862d1e398482a44ac34d840460f766802130cbe4
856	82917847280092c48b2ce6ed36c1def5b58a807ebd93b58e27208af25e8c057e	6f9341be91f6182bcb2c4eeb2bea1b0ca8f2a4ac4e84ab0f082776edbd4f5362	e104cd53e8c2a48eed317c1bd3332723e325d08b4411cc8fdde5ce072ce2c67b	01db100a3997d846e209da5889209db2fde4d170d1376d1b5064563d2b0d5f4a	d18bca70c89d41c47ff9c8c3df7ad74a01baa03bb9e3a6f29a706e1b45a0a197	d90b2ecd3ba1e56fe1cd88e177fbc74b9a5328169005baed42675a614700ba55	bd430162ab8cffceabcc67884a7af719214eafd3318412b5b3af6f4ae8916b1a
857	fc031c764a063829bc541234e651fc11d40410de36102c24580e51f61d7d4367	c7b73df5f8ede218704146b4e5b142e662ae5bc272d787764de0088c2a3c2ccf	d840e3ee20e96de7885f8048ce59290eecd06950eb1260a5e0de6113c70cf69c	0e6e5300f5a1243abfc745bc620d3fa1173e77791300afc85cdf8755717c8e4a	242a74e8ebc1d39a523094adf38920b21c15a4c22ed164cc95fbc3e58cb4e192	02ecc4ef6cfc694b4e89fe397d4694fa14aaf930c008eb43b0fb1c2ebc672312	333a1ae0fd290d7303cba75f292d1550d6592305638dca99b877fef594feba6e
858	1751b387318abb506e51a67ad598ec4d2993d5a8f5ba8666846db42e4c7f2208	ce40249ce10e0bba0c66e7627b868a16a0bfd195c6e33a03f08ffc9f0c58858a	086ed7669477d239b1a8a3371cb9e24832c04cc3cead1e74cce75d19afaa9372	be42633fd5305536586f99fa6cdd96cdfb320d6e28185eadba146b08737e2a83	e57885685fc10d7751fd50a6f441f538c82d483700f346ce84ba0cb70f8f17af	a4565764680f188b47c3b8a9e4c771e2b88aa6b8489cc2ed308dc5da92d1a91f	f47b8261f82381da1a6edfd048f09ada0f1750dd9b40c3ab49d8e7b0aefed424
859	0916296a5ec2ac996dec643fd2e8a1d3c5fe5294cd85dfb0f509e15a342b37a4	be388058bfac1041ebe5fb077b5959ed1cf31f3fdf6ac628b219eadbed43a283	35fc87483b581e46215d2a41ee22c10521ff5f3c34e5996bbff8228d02d7ef78	fa8fb6002b78d42e0fbd100c2d187fc58fdc1fecaa86fb05a990c6acc1f86823	ceb239a3f7b15d249829e08ac5cfecdfabf5423ad7a3224d7535396aa5e5d583	28e713049fa4d25d13631e13c15ccebf7c81d92377fda5e773f7d78429479b30	acba7aa9cdce0154a335e8b4c0acbef136c260076df1e8e150a4eee727914b64
860	c375d85555ffe7b7ea8c4cbea9c49ae8460002fca28ad772fc8657f70e9e9639	b1639a5d3ab1f02f5041a986ad76d135a5022b96b634be6daacd8bb8f25195f5	f5affc202256c7859cd4357a9817dd02d8affd26c6b91192ce52499cc7ec7c98	8f0380af001d97413811a30aaedf147f4553a4617febc8a5095e9c2e9f357b07	d3d67bda273af22f401eabf3ab92c7f05e11af82947c427cefc2ff367d4e5ff7	51909458c30372e032b30fcc0acbaee476beb0c89a4a1ee498ad0d6ed52c165e	4856c03ba01d6302305fa1a608bfc1e1a2878ba5e05be6fc87a35c8517b00d8e
861	fffb4a19ecd074d03da1660f091481039f24da284f923eae2d5a488b20c45dca	2d7d2802e420d1f0e217170034da2a7fa0cb1e49db46c696e4806ff6b46e5442	5a40fd54c31e278e32573f87f9da750792a7cc0007619ced80c3953b7cff8fc3	7172e569887560d074d09063d03780849cda01fe02bc6d455cd6d75956dc252d	ee7d4c8b0d2636a477f6edf6c3c9950da4d030f9d36ca23f6cac3df2e27f68dd	86aa564af0195ae9d002458c54f93a47735b7e8e944e4b8a96a83023b5653369	45fa3dc84b55398029371aa8b6645c0e8f306a8ffb0c14f2c71fa421c16b984c
862	e20f5b24ea136ff6435b108b5c37b2c3797538b36647831f975012edb52dba38	248efd7fd7c7632ca62d0bf44753d3f311c409217dc7b27796d43d0bd64a4dd1	d1efb2df4d05b140acfe06fd486d62833b81e6a380bf394dbd7f8bfd59c672c8	7b53e430d59ef01dacd0ce12d9cc6e97bf26c964739037c954f53be6ffbb5734	a8468f4b781109e06973fdda6f09627a73c6de285c4b752c0a058395a80df00c	e6e1efb5d5de22753a1e84755b9225795dedffdaff4bf7aa37ba4377b5a3e908	aeca0f6e7b67443e72cc8aa13b8b0e0217b0a6ce1a8afc0788a57735f909a51b
863	f3eaea4e7f0c50a339cd2cdf8a62cf9c1ac0f1679b03b2ca6bd826596206be9c	650bd47d0b55a1e55ce51848dcdd5cb24867563be4c8bb0acdf66896751b9560	75fbb11d7798680899e8a51bd102ae6640bd8820f5a75a7b8167a6e27e147e4d	c0c742a81c80da0550e0d21fd6b136b9121301f4d8267b9aba69b3f35ea2f749	ab57bbef52d6eee77fb265563c1cb43472f7713e491227eb9cf95d5eeafab0a0	346726f153d084f4082ef5fa64fceeea10ff7ca1ea110fd5dccb075ab50d5186	5b867dc559eaa49013ea64f95e8e3295d71a53042fe20ec5f31e0b3b0b13d924
864	c72034903a6d09be357534ab3bca35986199c3075a2a8a90cc9a2b79a8d29c19	f4504652bc00d766171b7f6ee69336686b2e51ee8748654812cfb6911a361428	5811a8d76fe176cc175f5a4f97dcd6b59703bdd3f87af0a0f4c392f5cef2e5c3	20505ea4bbcf81bdbe4a4f0b0d066433ec071dc2864dc100b44a28c877bf8045	10a988b523019066f6db813afc659bad72408f38c76207b937ffea9d878b0565	76c8e5f404ead636be71cb1d14585d765750b17447d9af3f6875b70e5899a33e	37b1bd17f80db9e44b01b56903bc8daf4f90d8a41b584fd9439d1d240b4d4bea
865	3102ebf67b20c9d454689a91a79a1c54c9ae64e4ab198a1671002df29bf6235e	425252f8c2ad7151afaae5fbf384e357a8465e89638a950715acc3a427b4da47	eb35f3275916f05ce3fcc97a1fdd8a933cb8096ab63a69532df4c9e4b284a9b9	cbac39e06773feecdf6dabdd80377743b93064be1131de85645ac0d9c259825f	7fb97c99ae617f6beaa73e3871f4bd105df662fefd9f6ae1c43467914b7b45b5	3d52bdeb815702fde66f54cea9b6ae9168e59c79f702716e7019e4ea4a3b6ac5	d97a56ac85c37e182e5e74fe520128fd1bce6505325b801dd79492c38cbafe09
866	9ee854215addc216ab92425845adedfe0934564fd9b87ce89b91aa78654617dc	24c227623e6d37a976719db6515b241403ceb11233f6261cc1c192dbbdb9bbdb	d1a6fa4e7101867f64e52a78ea0f1853e1e8a2f3acda94bec305b49d297595da	678fc3863bd7d07c7aa719a4f2f2f3b51a7edbd795254e89c9a56b98dac42591	7194ea8213d50860fcac63e6d2f3ccad90bcf3a8b7cd5e92b752d20226b3bd2f	72642a4ab820580619f3d1c8f389d8ecedc79f27d4f7324ca152450433542807	a586229d28d47b5a41adb7c02cec9ef6bfc6d6ebf30815fed7395df0464b0c26
867	1a2642849e3c8708f146b605d4153c1eff14cde01eacca78bfa63643601acc05	60fef36b95bb0ac9801c4d8977d3938b843c5f0e5b1830a44d8f7819f3bd4a59	8efc2e49084cb3ce1c2ed6052ceceb4f064a95cd3f718e739c10660b8ecf42d7	a6d37bb6a67928d2cdeb8ebe0103244026bcb3ee137a8444b52f68eac1787061	76606b262f36d7c1262c8d8e36bee4530b6e4aa67f2cdd35873c167945850293	85774f418ac5285b4dc87c10453363f444be437e5160896cf4011b88fcc84029	76462eb5a3bb86d5dc0628d5704c654a37071407e2be8ee0aeb3944338a50ec2
868	d75868769dd10c33870152f87654e7b16babc84adafabb51d9334f23aad79a9e	7a91d58080b467b43197eddcf3fb6d980f3572a5cc84f69e3de627c4b261dd90	1de32ae3f545e216e716c306181474a10ed92389fe34201bdf97605db5388a3e	4c29f3aec2da4bab05b598068bbb2a672b8704871c8c6c2fe3e85edbf3424b1f	d3d26642b5dca40577501021256d364fb2302b8bcb4689268133c87396c84a3b	0b8bd5cce6c7276cb48d45dfa3ec895a2d58628cf850a7dc63c533d5589067e6	0b90de878bd1e7cddd4f1fb8c649699aeecd0e00146f05c13db1f1b4846e14c6
869	fa5a788c3058b02417691462d34f6619a44f8f2714f4a8792c4c660c654f6e7a	7b8f82ee84df74bda6151ea08cf1dda542138e1b486a3fbaa925f438c7765487	36c4e41d6a7b0ea39ebc9c4136329e0d5899caec499b62484a477daf4edc000a	bbacaac943554d884224c25d70c5d5901b259b9726c2f9a7c8a711771ce742bb	b026cfa037144607f054c7f6ff136812bf4fe3ec5c34a156c4eed5cdefbb127f	9e24b2d2ed3cdc99220502472e850c0c1beeb95dc1f4eebdc9fd2af4da99365f	45f85c098c4597c1da2e7c581520f1f1463f07e09f3b25c32c823dde1ee9fd90
870	cbaba31e07c28fd53d0a8a4b9db813f409582090b957985b170beadbd20d3e2d	688e35494e54fe768c04e34db88e388aa9f19782f14598316ec0b9fb785de771	20e0ca20d1d0c9054f9ed241335eced2e9fde6588d1164890a5e59c2b95f5b85	6daefc627ceee26a95e9fe10a27707d0eacb9d29c2be14277722b0df643bdce5	80c6a4433061c7dc5cc8d847cb1b288216f90681a38acd2c1bce3cb4a2b6b033	019407f8df440aac8ecb858226ee35d55993b17d91a47a84f27e5016e5ab5afe	1b5265dc2186a0028a057f01e0b1260f6b00a2f594139dc91ca8609d01e5c4e6
871	d131ef12880edb02e387f962ffac771735ac69d225e439fd5a43d509d7976712	043a22a5e83e81fa31b321de59a528b574dbf207fde7d15a71a542b3cbfa2be1	052fa3d129e14e1d0ba33f81d1217753e382f5735c3c34d70967244cfe17f515	8964e821b9b10421765130771528cff96da18406f09ea0e65396fd94315457e4	8d2826582e55786caf4160ef6fed2cae2087486f32dbc6b13a677664cfb96ad2	0f69d7a5167c7f5bbefd205a62bc9b06e84ac7aaec95b56ceeca48a1854cbfec	f86a750ce3dafb2845c7d3cf98391377f4c8e1711ec1e3d613383322994f1ca0
872	ede4f6e42774d55bff83c12be1a3c2d1b67d47920faef17699f6d7abab04cf02	4186d41ff0b98594da074bb459528c3da314a69866ba67da04049ea2917abc3e	20d84e8f40cfba1fe4d5c30a3af4a4d198c1d0e935395d1135232b567247c63a	9dd1458f3447f06937dacd0668e4f2c1adc804335fbd370beb38ec330674ac3a	a1c84cdc443d13a545f4138866fa7459df94a5b0dfac7eb36b5dee9c2e6f7669	4a080ca3f7499921f520df7d3406f5f7460bbba408d1d2cbf6bfc5e11de4ee31	7a8c3334f4d8bbcf0d07482c31a898b023ee351ffccca4ac26b7afa9bbf2ab16
873	1a5ff9a3e41ad7bce7d1236c3897a431f74f6a144ebf2f5351330c5237cd7be7	ac8b22dfd6c4ed570ed04e6182f35ac68123c40467530adbce60d92555cada80	4ea2d269f053b22eec6aff92f3a121abe161ab073cd24496ef899937dc219aff	a778facca308ae9238c7c81e1a5711e33deb7b01b31958193abe25efdd65a8cc	f4e92afa0adf6e917e310efbe74c8a215ccc6ba073919ada407405437f74c7e3	f9074b001423b333e230bcca59d20a05b5827a97e46cbc735fccb1c71bb3c9f5	a2a08f996864ff919181e8fd04711cc881cefa29d34d72baaf4d2020f41feb80
874	a0e92bcf4bb0ac655592243f283666f89bea233b82c95dc9887d5d3997182bfe	75ff75ecc15834436731767ebfc3d1e9e2582cb3cca4e0132bf873fc31603000	5e5585da9dee1ef3cf9e5f6848a6e3298983934d4de8e422705bc2fa235770bb	3aaa71c0125d8cb87f4e961b80c58fac568f971ec3372af4b1129661ac8dc59c	81df68b9fcdd07ca00c1d6f3a7c1993553b969d8f933c748ceb4f5bab4c13178	64302b09cf9f282cbf0d960bed0eb6ee851d42642c582cfc60b4080a0cef1397	7a0d126320da8a52bdd9b90300a477cb8683a28dd728ab6977615da316a2c16f
875	e20b71ada0abc2ae2f0809f024e5e6fb377793cf1838869734fa1892da1e6213	e5fa592835e329aac9b87b7aac45273d69e28b8c9826f4f7f81443ebff981661	ce58a07713b262e809b21b7a258a3645001c7047212c51a95e2a9691c6ed4c9c	9ed9c80941d1105d30c72abf8da4de5d1e9990be7fcfc86f955a39f956bdc1ca	86bf8e9360eca45b1a9f95e640b4207f854bb9162e5206c7dd91596a105823b8	da429ff8d0c79c2e4d12cf221216188dad7c354c0f617beea94082e24e39eb63	376489e4a2e949759ad11f1d4c35599e97327ca98325cb444d831fb2baa1c69c
876	8d72c1ff8ba32678c67c1b8a6c2da10b4dd3109bc73e5f4d93c5d2d942d00abd	30a67c88620c20d61cf97dc7d91638253c50395654bb0d029e5033cf5e95d7d6	dcc8c06c90c2da200401ce82d732dde993d0b018cebcc992dbd8a525462e7d31	dc442723dbe89e7b178686749d2bccd1e1eda45d1f620e54cd93449d68f69a9a	3afc29c2cb548c5884065cb564dfc021544b949aed0e7be36c54b2f6fe1a665f	7197475453562533a61d3bff2f5e3982cf6c4c9990d1dc5fdd7d784dd0fcf7c5	d17b9de3ae83a74aac9c68f395aeb4c12a7f77a6c83e46663d925d472075276a
877	bfecd44d93e767aed20144b7fd3fb19a18810dcf9f632e21bd7cccf2614ba5c7	5f09830d133fdfce75ee14e292e582ed0eb7f8396759c72c915b78da9a6e5220	cb65af7a1fb83ece0ec4e024bfec53fbea2b96e8cceeb665da43b0cc7a1f56d7	7e06baaff8d30c6bc055b6e645f6adc53c9510889ea1dc589c899795b094b265	d5b4910de02b40f87619813460f56e7fd4538c57b2fabeb7bff908a536a84f66	c3809bb1aea51b4fab92592371eab6168264c0001b010798a7c67b2fd5e917fb	df28952040547eab4e63078295043c8da9609ed2463aac0e9ef91374de5ab61b
878	2acbf8bddd013a6336d8241977842d939984c9416bf6ef777febeee8501af734	d9c97600f433c634f666386dcb4e8a1a435be107634f0968e49825b1493f1fb5	14edf03a6685f3dc54d0630813f98e507e699318c1cede45ea724441c870f672	f0faed26b4cb234e4e5622451e42e007d148ad13b10b41c1cbad402c2d9f9baa	d8556a1417b361f7581402d0c93bbfde3b4b9d72f1fbfb5fcce00ee2b71769f3	e91f67ab12e2322c7b852f49bb9909738df190ed33c5c4878625c460e46cdc38	83d2c7e1740a32a07f290cb9a94ed519439c623700d4103b4124eaf7486f5eb0
879	d622925e13e69677aac99d34aa6816b27f4037a15e1c9638067f43e1120753b6	85631ce4775cfb9f093eea836991f2fe7accb7c5ce560fbec14e9fb32ae810d8	fd510e2674c66eb3df6cb69ca0184496216d5c3966511cdeb957342f60c52a23	d626611d43286e7ef304678c99bcb00c5e277af53cb6a53b768114349429dfb6	fe8d21bd7655a5a66323dadb6fdb9d41fab73a6b5b3854d57fe70d834b282514	43f294b753b899a3a3154f73177152889da54552f489efb70e25d7f954721022	f1d14b4ded8a196db71b04db4a5a64f6c6436e82f149eea7b18d89d6ee201d7a
880	349491cca899d0c43c9768b252470018b39e5a9217e841a88b6cb3e5ae0d17e4	c568b62ce9367c30b0952afa9c1820d3e8f2210120950b8e9c34bc3d8b63033f	bd294e736126bf39fd8b197e0f5583f529e9d3d699975c422e4cbe6c6125b3c7	78b942870b29ae948fc4637416a12e0fcf9408e2f691d08a87884af7df4d13b4	4d0a24e0fa41dbf7a497ab6b2315164278c1039d9a39d816d4cfc08591dd5d48	592d8498f5279536e4770e805ff2c4939044992d3dbae9d80c33cf576249c817	423fcbfb12080d66d6a94cc634b299be0b26cebe4e459a09f62b3a656e4fc582
881	b002359ad1d013d60881485ac4d367a2dc9432c3be002e7f44c4773685ecc159	34bf73ff14257ba495155be40a0164f321d925ad8489f6ab91480d7586105f85	3c19bf55bd9e65225e1766235b1eab7cdf3170532e43f5e35c381a703e4d4524	a2d3f6e60a4dca3c7a644698919d9be6c0b3a18c8f67576d12aa5311d04d2c44	e575253912cb963f68baf77622aeea6d44f90799f156204220052074835b7d95	1301863dfaadda9b375eeeda32042674a182918ede0810fb7eeccf0fc9222e3e	8e9ad7fc0017eb37d7c0002ddb8da76d77f1ec6b99cf922550e909c74216ebea
882	d06d9b1a408e970bb684c8c0c684457934c0ac8b2ec3df43e12c93035be2d52c	3d0a419629acabad0d43b145501f51e9d1356dd8e96b1e8cb73bbb48bc646c45	46c518a5f4eb61d6bfff91ece68808ac9d5aca444ccef347182fe1f41f284512	a0fce1132c0963b8d1339ce874e7afe1655a69444201fb57728a937c66c0fb0f	938b0f77de1b05ea6732af54fe893d5d42eba28c88f5a913629ed9c055a46585	c83bd02cdcea4bcf5d0b9738db3f790eb234119c92551127123a9a23fd374e4a	84a449a3a61093e3f13237d7228a2d73c988f04ddb674e2d762516c80c80262a
883	ced4ada131245c0ec4b1a270d0f8a07aae28ebb950e59889b4c78b5e28a77182	5c29633630460246dd8116d6f4bce55236fa2741320134eaabc0230b00598900	aef3ba403df0e34db009f6424beaa70982d4a09920c762b0f30efc789653d4a1	b8a7878c1c74db090e3c1b960c5c42266f996a23b5fb173c1e4dafada3945c71	85eebb2b0bb2ed5ef59da895a5134b6cc5f9e9af9158a807edc7a0f2d8952f50	ad4b3c55d2f34759b70f7591abbee759600099d7304487072ed94cb1aa6591bc	c1804eb14251c32f5e8d266d92aa54440130c3029c1a9236c79590effd3657b2
884	0a3891ddd1e0beea44b7d2cb20b5acf4edc697a9e2734deb400e24492e28e0e5	b611dc8a929dba13f3a4c3433a56125d6118e1579e40869014f9cfabee3d4528	808d6599804b5d10bdba6895289bfe552f8e1f685b70ddf9d41433df0c7eaa9e	80722edd15387e738d6e8bcff0a7d58e4afaf16cf87f3e479a2d548354c5fccd	9d4bcf373f77a4a78f9fe21bea740902b293955d8e887861c1eb156cf56787c7	c995a3c0fa67e32cd25ec7f07d404ca41c3c04301e775d04736eefc10996d6c0	41ca963734111427a6448a4fee08e355d53b4ada2749c3b630ac00c7eb9f4289
885	5b2462970bfed4310847d073496d7b8951da078963368cc04cbef46b95759756	8f2aead6a43e37514f903947a711c47d1c9c3e230d7b7be93b1962052150cf5b	0d97a1bfa042c891b1dc2057cf6d1c080db1df14e3e7b919656cca8eec75e651	865c715f09dd1f6f8d6394854f9faf6dbfb5f4f3d1de5b05e37e886d0bd61f97	94343b158028384fe0ac5e757afb89d7da2551ee60d2e9af3f8fcbf72efa4cfa	cae050e9c4c1bac35bf9a2ba12b79b13adbcf80f53c3efb455032ae354b0f932	a8197e8b13ef2d624c87dde04fb6cffc1afe4dca22968da6f67e69f867057f86
886	4af4952c4a8a2eac62839047b3979ed42551394ab3169c38d1978fbfdd59460f	9e8a388cc9cf45daebdccb69dda7776d9099339e91295266d7e328130d2c1e0e	aa4eaf9c50cab0783d90c9f6e5cafd40c5c19c1fc3977f5f173d90bb55d9175c	5ba6341002452cd82baafd14b53eb659752a3f041858ac77e14e88aa13999364	c89cba8e4cb0867ec6750d7956bb649f1082941885a157dec14628cea0f62c09	da81f3a3a03d51d7b593101429c6e605420d115442def3b10a41776c150bb72b	de15ffab859872c7d87c37acd595308892f405b1cb02a528b8fabc89b8bf820c
887	421f4e5b2ac382c95b9bfd8ac36c48b0101dd17648d5b8c42ef3cccd7bc77279	789452bb26301d7b0a84f194a021b54b3a4cbe906ef7215140cb6407467a6bcf	df8294f98e80407f4632c7d5e2e162b12ff1fabcd7343fcd02f753bc0eaacfff	49f4b77fd6c3311368371ed7f200e38a511a019d5f768cd47609038335db43bd	92dc3bccb5f78c0068282ce2da0fd118e53bcd79121884b37379487020ea0948	f5213e12b228c9ec0209d4bf64058bcdcacfda11c4cb58f5a9ad0daa639bbf89	d13f3f55da1b4303127e23285b678876128976923c1437ead235344c4d94e610
888	3955143a23cda669354d12de57e1bf2b0c0d2c13c700a333326c96b0cc1e33ba	86c59bece05a96314a9ff7c218b06a914746b83fbc96cafc8d5859340a530c85	ed3e3100df75a1ec5ac8833575e5e3f81bfd41146a4ab75747e7c212894aa3bc	b217f472fe0056b61b6fc66a8e34b5df6203833b8b77ac58462257a8d029c95e	6eb3ad001574cf7690b8b0818ce7b828d786c95202f7dad9be71cf0d982b5d75	272102a5fe9f94c5e2e5d611036300899b1d887cb5fe88efa782d3a7e9f9884a	ac12536f2ca2d1b9e5982fbe5993757ec710ca4e57673970e35907e4d723aee0
889	213ef44ee8dcd8ab26287475bca669dca490603d9aa117bc0bc2ec484578cc6e	c7ced14b1bbfb7e1aec854553e33922cebfc8df9ef4e703909d11692caeacdf4	631b75081cd361cd00e48183a5c26f52bc029a79fc2e32bf1366fc23df9d0f2f	61506f635885a49fc070430470f6760d2f9bdf221ad1a667ef79a69c81d8cc11	d13437d31590e5ecded2a51bced9a7b136412b93f4c5017ff36ca9da3edf478e	b513ae433487c4c52d12641e27dfab51c1604426a540058af9e6d52a9bd5e193	b5c9d7925aeafec926116acb410ffa2d288d11ef8c6c69ad5ecabeccb2db5b49
890	8cb7cb4f18b7e0f01ab79a1ceb538930bb5cf06a7abdc3d3484af0ce9a3cd047	cf77f3ae36bde897b9682b4f2ee86ca98dc884080574f8ca33de0eecb513830c	b4970356f8a1464451ee9b96e0e10896febd809580dd5eb210d2f5df7af4ee1e	9350a8eb7472d8a735aa1d32d34672f2da25db74247c55a07d88cc3f6458525e	ec3e4134e0580541d2c274536e688a7a96fb3d369c43ab064669cb1e6bc0fc9f	a6d781318ae60320b0457578184627641717a23786d316ddd5a4ba62e5972eba	7312c0948e18c414f2b05b28392fdd99239f5df88d4e07bde77dbe63340cce30
891	8b06b61991cde49cf684ee4f9c091e712051454b8a00cf7cbe40652b7a26df17	ea27478e6b50e4c393eb244c1460ccd6b9cc47d2955a3138098f372678d513cc	47a8cf8dde0520689c114b91cf9e630b2ba5c2e6cb6e306399f11b9c35d6376f	0598337cf3fa8b30c7bc074abbfb9387ce56d160ba7ace1db62ae3c0a6fea8a6	0bcc5872a6ed8948fba3a670cd376a4bcb23b47f79b59f824e2bd8e96d87883b	a942137feaa288ed360c3e987054096dc7847e330e18dfcdc6e8e2869f531bdb	91821488fa2d97ad999ac82e6299384df86f9a5345dae2dff18c1726e97d7f30
892	0bdc5b4170b1ee4bd75161c641b1fed9896aa49b2a59ee5fa9bd91b400907a7d	715a30c41f82662584ede09b55cd44aaa359a46321f1ae4769c915ded2854219	3d9db00cffb9924731e58ada9281b83ad792cd4b68619939d3034b6932029485	80128680383148ffbf1cec848849646f07caa1c3c3461fda8dec9d76d2d03078	5da3337db662beba35d84ee302467c4684aa303b3f11892d21071af518628ceb	985462703b990f47095eb8a912870129d2e69174ee2db3c368b9763356e7189e	d62bd44876c5226a10880e19b7526120a39904b785cf3740684ed1c5ac61f479
893	f0391f7ae6107ef1ebc98ae1e0444a1d5b53162026a7448d57c03368fc7f9292	a5803df104c175466cf8ee2c51c8907a201bede10fea1cc00e30bbaa17f34ff0	aa175e4f6b7cdbfdae78d2177e518ecde4b27721a32348bff6e5a667c49c7cfd	2dc6b48a614689bdc7b5d3bee547920bdb3f14a1f55d719eb34e8cad740fee06	216e92241ef3b12bdffa9ea4ec65a8dd0971b5155944db2c566bf8af4e3f7173	3b64fcbff8354487b9bc86f75fa52b24e03f0d77c1d17d3705a53f4549bc36a2	be7a5dab717fdcf515773f09ea79ce9cf366316f16b6a8bf0a4d2c50352ea61d
894	e3661d92881439fa35847f723b147e5b41f31dc13908d48786b1b98713c56bc4	b85affa2bb1c1d93fbff455dd3dea9d712994a24c169e26e309f939c05c59b55	98b79a9ebbf006c26dfdb67a8c29160a572b2b0abd5af5c9a4f8bde0b0cabeff	1daff94150b174c3f81d692ab7a6541e310a5d52d6a797c0493a1167fed67ad4	57b0dfd95bebf69db93925f61db34eafb98a35c9c2720d2c859058d7ed9fcc08	37508ef79b82ae63f9e4b481779110deff9c787c38fee4e2de5a7989e609414d	627236409677fb3c3a21537da3561216f787555bdc0cbe4e72f7b0e5c05691a5
895	8e693f3c734bf6913efb80d5e8e468903ec027f2e2720ad4fa2651faa9f5f561	b79742c2550d02eb2b93cc3afcaa2da737b87fc93766052793aa9f2e794526b8	12297c7a4528d525c036b2d493b93d311f17c3a90ebcf26f5f1088bf4b4685a6	96033622d38e616ab3f133c1035721cf82804577cee331e155451548e6b15761	dca95b86d38b3dc51fcb4e805dbaba4af5e012c07dd2d2aa187da030d6c177a6	b7c1f8d393fe62f5e5843fc72e39c957f224fa2d5b7e01fde31a664f3438cc78	aa9936015d4850bd4a8648dd2c94b5bce2d0c22bec32879c9297e8ed577f2c0c
896	62ea17d8ddbeba3b83d0dce775aef977a97dd2da6a208c8525115753869aca72	fac6375b3473bcc05dd5aab50efd174faa0a0869dfb645cf6605e1fb9d8dfc7a	c41ccba535885defd99c5d5bb96c17947d5dd48afbe2f189e98bca9970df748a	02ecd9ecd8d842d659832742877b612255be71f23760742ccb4cf9418ad24c1e	bd178eb95a589b1a131c25dca67f8f06b29e75cd6aaa174bc0378ba111d1da62	26b956c2621768b92fdbbb57646d049e620072ee80b102d76c3d64102f72a849	8871027dfaada9742dc7e7aa26ed7053fea581ec4eb4841ceac4e6d0d8f75483
897	426421894b6e72b175e334917fae28f7870c15232a4f2ea5e8eaa9bf32722ed1	23a0fa0ace455c0534d60e00731359e671e088c16fdcffa8be62133afa928da9	3b77f83b8fcff3a1dba568e3b9e6d27d92994ab49e8dd995c3fcd77f55f81d87	6028da312178ecb67ca111e9c66c84caf20b3a3ab81c814a747e22e4a268187d	0203aa43cbd49fdf0e237f19556114a2383e1729ef9824077e6cff8f892b5e74	d02fbd187243ef0e03ef321f4c1302ed501f40cbb5facfb4b708cb5b90f5625d	c142f5d939b2375e37db686104fd14de4b8f20c0e4644bc9e80cdb03328a6b18
898	1f8cbb97da0b449105e94ba1dc45cdf766dd6b44dda9c21bc34cd8a24f1364f8	436540c089c70668cfb82c1c78e9550ca0955c872ad77278fdcb80e375035f24	c3679fbb6a320b68f3a3aa5ed951e23644b8b42ee2af9e46edf09411e6470b47	f718bdefe56d105b4d5cdd1ea20e15f3739b8d3f981368811938710cb9e35700	38b610f3dd512ed70c8755fecd6fbc9a8a878378c7b39e90a9c026f1afdd4756	e2580196284be14fc51ac556cfdd1e57d64186239557f1b6a98ac3d48114a54f	988b89232d0d5b8dab5aad5674abb578adc171a004aa37346ad0b109d98178ea
899	0bcbd5c93f090e782f10a9cb4b00fca0a2927458444c216abcb376477ac9ff5c	81002d694b04d154047b85d6b8e6df4aed59c3c4859546918a069f1671ad1a5a	565b12ff31e7e4c25c21c60ad846def0caa36eb7207c45a9fa2614d50216fa6f	ae1c73dea40c1a29c700ed49f24f3c4d0592e70ca34c4dfd7939eb4791a2e89a	1450a56fbb2df29b541343d1c84fbe4269789f70f95a5cf6e2a2eba699be6c7f	9ffe50035274ed53ef0dafe046e52f91faa40408e1ad4c3ed96f8970f069f9f4	d2cea917766acdff4338f5f92dbba8f4f35a19691e708f304b33f9e2d26d8006
900	1ce1e77dac762f5b361989189accb6e4676943a9e544e9a2c9e996271d4f8f5f	136e572e7a42c39cb63abe7308b34351013a8133c07289aa75843d191d86320a	84b4047cecd4573b13cf96724b63810e2e978092b0ff38d948c68760c4eb0555	07fd409f644786c8e4a0251f5279d3f7cf382fe1623ee7a2b75e4a84c8c3e7cf	7a8cb23017ff2d911f7db8aea5e5dfacaefacbb3b64bf18b73fa38b05abbc5f5	24d0d87eabeda073ca9f2859bbbe94c3004bbbcdcbd03f666382b87f402d55c7	81ad0aa0d5ee214ad826071616554a005cde953ad93ac6c42484f01895cfe730
901	2aba9a6c22292799be85af5a6f1f911eaafead60c6d79592ad7ad2dc63bfe81d	3b28b24b612dc6cad6326394b1386e80fcc730d6290949c1ee81dc562f58a9c4	a8143da6c51613150122bb273b407675df4e6cd7f877b4bbf88401c7264820f2	2dfb4cba28e990b3a3534dc683a7063affd66474a7265e002a56c4a5eab1353c	6f5273ce10d50ba0ca8e55820e76a5039c7c45dc13d8136305b000182a9959a2	ec6e07857dedbdd7fabb36086943ef29ddd22b0b1bbadd12fcd8265126b30618	51d55feb30e0feb9884ae736db0b551b26bbafa1233c29b4573f59e718936d1b
902	09514993968646494b9d1bc2ec0c7356166a14147838df42d2e69087662f3596	d9715878995e17077675d761ad39eb6178902d9bb5c537325a64a35f23080453	ee2df60a527d96e7e4d6075ac51dc1d69251f874f78a932d466e9e17866adfed	c651d0b098773f0126ed9ed38daf2c655d6d80d986c4dfaa5be236bc18033f05	527c94c89eb8ead74564f5d05e946f196068e980d95072c6374a552c4cbd1e4b	d8c204e2e1312bf3dc2c195a50e961c376b5129a73efc1bb6654979ae28dead3	6e1a67ff15cef6a1b602db2a8b9b3e6307725eeae99d49248f156e0988689929
903	5667c80c7915328faa6d2c80ca7ed09efa7933166e26f4059778fe4819352f22	516fb43ac869d414bd589beea560046af491bf6973081eb6592c62e6915b517d	18eb77262214db5d0115c5297c12aa43714ee9e1323c1a3b77e2ffe6d63a52eb	9e2e4af267407ac5d6ded7fa0b6abff837442104c2779f2157631ba7c4007049	c701d4bd74365fc6a190fd2aba9e2ede3cab63bdaec09172dc02f11a54784f48	e53261d48bae42b1e35ea1d7cee8053db6fc69d9a34c9797186cbeb5df5f67a0	8581624deb81d0f025b0cb666f42bbec2d9ac3291e8c43d09f6533ea1ebfdf04
904	1b9ecf20e21c1b38fce8a0a8cca19a6a601c87c2c688515240a5154c40b35af7	0ac25e8b197435d87e7baf32a65ebdf9182cfba9d77fec70176812f9027b2799	41e46c9087afc4b780370344ff8dc32c6fd46cbc39aadbf7c871923a07753c65	7fe4528d52f3b79d8bd98cb786fcfb170fd817b9591829f31e2aad47891ae8fc	dae8511e0b41f2cfb38b48f68c8b14a55723ce27328ebb3784e2b762ac5c19ac	6ffdc5c3660349e9fb662496b955fbf5fb49e7f6f29e94a19da8ca5a55d91deb	e4538714f4892f4491e777161826294644fe75440f90470dfc3d88cf2b22509e
905	8c6b47c9cb5f3c54e09afcd15b5def3865c83e2f32247055d8239d81b87c2619	c9be33e5c7828f72a5030724df604674dfcf8b0dc0fdcd31c849bfcf725bebe5	808a8ceef52dc1a61644eec13faf7a3dce05699e2eba209fd2b40272d831b2d8	5fccadb66df782d57e506960b01cdcb395e875bb92add11a810590b7dc9931b9	85c647eefc53a2549f53bbbd5afc7e45dcc7b544ffc79a2e39be8b95d9566bbb	95fbcf23881d80d08d188e4911171b033d4885896592f19bd9202b48d0147cbd	826848d4e1d0e8c9b6ab16c8bef22d8d420728da72cbf938599f6c02bec115e9
906	3181c307490551f74baf2ea374016078f1e0153ec0e7278bc3618f397cfa69b4	f9256327e1becbbe55a96f6bdcb5a8f934a7bcd6b01d8966e4adca3dcae23300	8ca02a1c3c82f181fe1ba88883fd848257b5cc0304107078317661c024774093	98d8a3e56ce97a4a739f732ecdee9ba16518b3f6a8b50559c710e931f6d25e88	9518c12cf5a1c8d1f7c131c293aafcd4b18fe57b539a1294ae1cd846451d4089	e784bc1265baed008bddd49b5bbb7fb9833fc5d6f1422da606519bd05ab58b79	b09570fedbf8fd55674da1da296799f5ef20bea2715873ac1594d06b14898822
907	fb181fb6b9a4b0f8c887204597eb2267afaf1e6a0514f99a234e8a89b7b10fa6	ce2fc97c24b1e127959218aabb5a68a3903a77cae41a50d4210727ad7bf4c71e	4b64dd5fa3998ceb7021fcfaeb4e33c931253134a87762ee86b1cb19a1152dd9	9f7a264687b008cae98ea0049b9a9924e7670cad6058b0e4c16832fb9adcfc0c	dee47073e5fbaacb62341605c9ed551d5ded864cdbabba4a9d31804de5a09550	bf5eee34d4359d68bfead19f75b4ec1411231e19989793d3e9154c50456ecbd4	e1052681723f6fdbf33b9f639939a85bd7671a96c55615b25212ec4f05909363
908	14ce770fa942e9275423c4f6b5a807bf71612525f3aa11fbdc8b5055e2d32a89	891a391ef1599df2fa4cddcf880cc702d01e29ed138f472dbb5c9243ce58bc9c	e30577b6f3e7b752fa222076c1e93f7ea144e314cb70e709653417644fdbe962	61263de7a15225baca893b1dcca0416b7f430ebe9d168b2e0c5822fa10e15b8e	ca89f6af03f472b4f97db883410af6a2f2c9bba8a4251c9a690b206223f4c138	d85d07dbc9c232720d85ab276cf4ae4a7ca06f150949f545c1cea68955bf960d	cb4c0ee849649805df2333045e1bb4ffcb9638beecc52d52d4cc31872807b722
909	a7ebf71d52ec6b976beb8151887601018652f139ee2550e1b80814056bb565f9	b036e66bc4ab36bed60981a80b3aabe9403e6f4c9a194954f2ddefd7d1bc071d	5e61841c00699ff91564a34bfc154573c8d86fcdee1eb3bb7d91cb00bc3d1e1d	225eca020f547a8658310e4317e5819a41ffe2a6a6ef45fc709e32773fe460ca	96d58e0b40435004f288ee219fbbf5e0797adf2a1fe7b1a26f2625b4e8ebe70b	b29086baacdb036d4298dccb1e6a799b0fb3aa4c9de94ebf464bcbd82707b0d0	140cbba2fbc9a5f6435ae047da873de02759b923e58a74619c5dcd794ac84323
910	e3e1246b89acde74b8e62bf7de781d0f435e3455df30e9c2671c6426c4b8ce31	d3b362460c683be6aac9ee96e265f5912f0719a877020e8f86a912a28db755bf	49714ab4b1dd2d228c6d28f7fc6a1ff12278bd483366170148586281d2fecf04	746e02b8c8c7779c4642d81d085cc93c94b01884b9dab6f35c4deff687666ad2	52e6bc39dab7601498c89271bdf89da9cd8fe8efda90487914bdba8fa4bd531b	b3b48a32fd10b67249ad27589b91c873415f785283e232f8c7ac506755d56740	83010c4acc18b76114a6fc982379020ff3a0293ea9bf390e5fb9cab193cac6b8
911	b9ac9622435ecbd3a942927f64d920564cb547bd5329c6a3c452169841b8ca65	cb96f5bef3292ff800b794561708fe428048ba8ee1bd2f64952a4b14dd0c37d0	ad0b53c5a150f9bd64361d06aabfd75ec66153bdcf16b37c90f3550d696b4e67	e53d8edd8da9f70b03dc98a0e12c327e8cc4f01b6c1218d6ac0bdb21e0d2ba51	caacc71ec84ee6c05449e7383ce0ca5a134923e7c49d3d60fcf50ed271b0e664	604e9a347468c60d36fd799adc05b1059a34922587a96c932b6399dd475cc758	9ec62b34a81c619041fce28c6f1ca0c15d46482cc44940937b6f2bd853e8a62c
912	f4ae15ae7947bbd7f0d411014d9049356cc4ae710eb6c1a6f725eba6e3bea8d7	cbeac7bf5452f0b8611b01702eda870c33d8211f3bd9fcff8ecab4bac76561c8	18521d32d549c6f0b1c0215e0cd871aeb76326a61caaa8f7ea91bf03f01e2fe1	4eb4fa30cafed044ceac40fa0d94e92600074a26ea0b9d859ffe412c943186ce	0bf8643eae15e6732c1f7237a1a7cda0417fdbb5c59f372eac2df658169cb1ee	aac583b515280543333a93b002f8d66c905d50ea7138c6a565964dc6656b4966	b55940002ad76ee9033c4ea25b751a959e51216abe465eb094418c7d7ce74311
913	09f7b5571557996763cf78a4626a067b80a1461f9bc5b5ae3e3ccfce169eacf5	e391b5583b1860963830e561a1305b50fa13c219bda563f911c86fc736db856e	467e9b907bcc717941c7b4fd17008bb5d01867c2ae9ad056b5ada0d584b18143	446b538af33decd705ea72acddef08a19e36639831e0a2320eb904b2327326d5	c1d797455fb4db42216545ff8b05beb15a5055e79af48b90a3062fdd7e91e635	5f3c9d975472fc8fb0c62b414faec09cc22908888f05822d3034d385001123c7	e25c97dc32d85299b1146cbd942c2b0fb0edd9b4f8fc2f3bd9fac27185f09d51
914	204fc80410f8cc99792f1a0c1a1950c0a003887c83ff56665e06543ea56b6674	be1192136771618b58f4b9a6c1e74701b10d8fe2300bc727c99af6dc383e09b0	ab34846c31c470b0b75353647f17ad2899a61d5e1924f7fafaa1862fc6df8c30	d6c70633ab1f9360d5b339fa17dbee3928a4fb008f7be4b1691a2a84f0459c32	3ef8d67fd49a2f7849517a5804db6778d6d649bb1bc697ea31fd46bc4b8430e3	028a447af0f63339844e279e7debb7ce56039117bc8074785fb259bbe1dd0d85	cf2b0b62eb6c6249a04dbee6c327634853a26f9fe83cc77ead83d3d538e21ab0
915	7a9ea3f7f4204128f8b48a1c1e40ae566af3fdb4ec31becfe2aac6d4c1803e3f	c175d331cecc5162693d67e7dc75324e0fb4815b44cb8a097f1d92cc5f2fb3de	9d06bbc53934a97101fe2a2677704177dcd8b55f6151edcb2d65886e3d3d9b77	19f16cede9d1fe6ff7b8ca1130c84aaf40dd890bc4c33ecf73e1715209ee71ce	8831cd55b561d887340a65c6c9f64a60d83d7d38464158d37bdcaf6c16a8f7e1	3055f452446dbb92010df9cac69624d475c124a7b73073c20b0760c17977a2e3	30f6f114b77d35e4830465288b710cf3cafcebeed81002a557611f92c749a850
916	5138416a52ce00368e9bf1be34d775010a991844b1c82fc504e88b47290c364a	f575c9be2f488d8b0f6bda9ba4d9c4a04693ae5edb05e753c500e3b05c660b00	09fdd8daa3940da75cf855eba1e64ae6a8a0ec5d2a3ae1483788649fe41606fc	918f1fc25ef65370738504a6469effef29da8ce5c6cf01e404afb2a681e23f59	35771c4ff0583855703f81ce00728e3a45f8c7ceb81b6e959e236a9399f9a2d5	c370eeb9c3ff0ce70f497335bab918c12d3d386d7cac87804774549892aa83ad	949e22d56fb336a3778a3b876d6d787bc06e6dd801ba498e31efd680f781e4ec
917	3655d43eb9a9049c7affab029f8acb8b0cd888a89ffd84f1b94afec2c93bab70	d0312d1f676bd71e46aad08242315a45731250988b271a1fd2c254bd9c61b955	d868939c5abfe0ab81cb24543efff3cc178729a7be36b9d3065644cdeb1acb0c	3a2c3d664173073808ac6106de0dd1a94d6cf957bbae7d06aa068ec01891a557	330d213e7a9fd722f07bf177df9ed5726af1f9e16dd174ccb4243e69c5abd112	91c54f094923a725b11e2c9bfc8add8ccc2b08e305afbaf0b9308f5bf5c0a91b	74efda051a4b819d9f426a22445772643bf459e0d9b429407c14839e9d38a0b6
918	071c620860611e0178fb3daf6b4477dc28990c99ede7ed190adbd5935d7fd4a8	ed7b05942a76867671d38d428b92222497e613ae131fc6838d82c1c8070a6d09	c1e61b831db3e27665823d6e57c6cf5b382e06dfd115facb5283c2fb3c61245c	46e6f1d3f7a72f7e72759f3d3bd4a949ed4c7a198c06ef6bcfb91085bb520a3f	93e1f624cf730275d135f76c63cefcc37360dfe403682b421255a02c7562e36b	38a5b1c0f185d15fd2511d642277deb1075c746e83ed19968e0cb7ba66666945	f52b2c9124188c995086a383388ce80817a30780d55f19dfe8aa9a68d380053d
919	3b217b3a31578d7394dbc566dbf88245b28f504c2bb6b6bcecb1c0d58beb121c	445f78413cd1a59d2aa7a4573f8ecafc31ecc579fcd63b1b8ccfbc5f5b803633	526f3370e65c05b42b05585f396a3e692c0d18fed98dd39e6c611438ab8b3528	59d7766a5da012c9ed2a9ea72f33dcfcd98ae3b4906f0fad3e4d9768d641050d	8b2feaa9eea198e6b3b7b858044c9d4e0eb0a6e6de04143d04b969583d3ab3e7	e9c8ed8fbe0623d44318c8a41238df9ec85b709bbde0f15da0920c6fb7d51d13	7eeb0f792a2ea11ae08f708d455298db8f0437a4bfd6d91b96024d6647dd0be2
920	d62377bf2efb9c739f145fceb8338e8575d540add82d4440681f10da518399bf	9a2a1b4b61cb90cb9f6a997bc732e576824305af2128cc36cf72eb9a98247dba	18258f34fcb0805e91b3825da2bab102803f29a869c9aad11acba78f52822574	911ce2ad507751a20dccbb09adc585e2f0f46731b94149ef98637435010d6a56	7a84e2712138e5850b0e01bfe27e6f256349d0a39522418aad8d0836092897b8	857aa284a98f3028265b8de215b9fb28412eb2bda21766bc442ad5f66d2d881a	0a2a89d81b9c4fb3392531864b6fa3bb823bf0e6243abc5716ed708e3ca1ec65
921	f3d739f2049859a174683c3ec9ee1f127ffd5eb4b41d00ceb95dcda19ddefe33	7700dd0da4305506b38a210e2c0bbe5f57a8c8cf206e49f436e7212053ec1ba5	f8e5a0251175c167a9f368c7d9117f9daa7fd3bfe824edb2623fbe83ae175f52	03dfff70c1ff8a638b5264fcdfd03c0d052118ff89e8ec6dec7a7d00c32ea7fe	dfd9353c3532a257ea9a8a5484778e7f3bb8cd6c3ee2958787e35bc32afa6e26	c26d2b3da8bfa38682823f0fc5719526542aae62836aa94997c69aaccae38817	10d320ba3b11d578f21306628103c78e85f2539278dfb1db0896efac3b0eb82e
922	9769ee7dd5761c895f2e0981adf9855066ba6c02cccd14fc3b468b785c063084	790988c453c3ea3c5571e97905422f0f0be1fe3f285ad6ab5c6e1e4ae6930e79	f0a2e49735c0721fe0451005453e7649ece6b55293a21dd27ba8342c8382053c	3692c8c6e17c4786f4a614b39aaf4a9f9c6a6231d12c1dbe12f9aabe393efa38	be8f2d1ff11dbd5668e6e6905aade9e410885305debdab1686c8e1aec5098780	6abb0dd9fe8e41bc3d693f704039f18641ce96b005b975ca459d8d5e9678b8d0	f64fa6fa203ba3872b2ea74f3f76d57e74e05498c34c199d3527df3a29fe380a
923	393238dcb0b2bec37485e5571d9ec69b79a5fb531ecb2975321261ef756002b7	1fe0bf5e365d04bce35ce637f6e4f39e987574a95e53811324c7e3e9d65782cc	a8fb16aa9de098d1df522928d77b61b639d561e16632ed4ad668da7dc9d1b849	8443571c0ffd647c152acc28011db405919ec5e72e481aa47d890201fc5337f2	d1d38cc206c0a267f4187fa8ed3200882047705aa1944edd712e28ad19dff6a8	58bd249d0d62a3dce976ac257c3d84e1b09a4b37e8fae0b909138c508060101e	b8ae01e6ef37cee39599187b3ed96942be486b701b83c291990c7edae176ab57
924	61dcc52204200ed0c9f2f9192ca1fe8f0c90fb63c41bd9e41815f6c724342ca0	85579b2837502b8d34221d10b61ad53bb231740176bf1b60c690ea27e8a1e84d	fac68d3ecf284c764f41d74694b32e3306ba43d3a51909b2592ff86f86de3040	772282aad495422c704054ecf11806402bd293442d14e1f3387c0a857b493059	546f9b56f5b37d634ae67297c20d1f0e59dcea4b79c52f43ab3a3af032cdc1dc	cdaf134cb93fd37bdd272066e459b527dc6db0d96613b0631290db3a9ffe235d	5b36b48b473e884fc6c0716e7c426b2a180d1650648636d6625c4fa081297688
925	17a40e0b058bc98c4ad823d93640eb397f0c3d0f0db057e715a81eb07136253d	10d5d5d5166e0458e6c01d81976a11dbab572d17b82183f53b0185b45ed31b5a	68a28138210c88fb7b0b00fda185d2846ca82ed32c11753bf0fe1a742b914c05	4af51d416fe8dde483d854137d90a3814abc9701fa309836f6adab4a9c61a157	e84156bd8bca5e38a42abc7fbf319172797eb66b1001312fc3b320a23e8c381a	3ab379531ca9e150cea0ca224690d7d703678828b41f627b06e13563231835ae	8d535b2048bc38a92c3b25d5b26cc272bc06be02aff13399c312b0db612545db
926	febba9aec7d3d670215a630c46a4912afa1973f30076bd1062b6b0d3afdc9376	8fc4cf3b95c323795cb409473b1d4df0a86931291458a6a8a9ba491f8439a184	16bd0800f43b769db54c8c1afa09ec5aa37f3ec1b94e9faf57a967bcd2268cc6	1d862289acef14a3588ebd840b3e68c0c21296a71863417deb75c99e687e9856	5237ab37347e949c1b6706c1ba5269439ae8e74a2d4297350c1111c12178e016	fea4e0bb62cd07a5bda7007906fe517e93c9f9668cc4ad6eedc2e9e100da66d6	b2c6a58093e66c6f456b7a31c8cbe886a5ddfa169a01e3d9949cafe8b6eab2f0
927	f6801336d4b2f05a339c079de91e7d285ff0b41664c8361135efd5172e29bbc7	74f4f0bd9577b607f3e46543fb04d873a9ec58cff2436d9d001d371cf2dc625b	2dfbafde767ddfb87bf7fa8b3e5bd7ba346f33b35bcdb9cfb9abbb4090b6d708	5e8fef8a1c172238f0dab3acc1536e295e78507666681959efbfd3dc69710693	9f5edf9d70c860728d9b561cf29437cf9bd95cc9606667bd613f175764ac122e	19de4d9f69a6128902cae72c04ef56495c55b72cd651481879d5e72060ffa772	61b68dcddbd14066f40ac9ed3d41a94c77615d64363caea1559aaadc0a3278d9
928	fa930c6f8fbd5e29edc63063689b6388976848b95b31e53a42756e28afcaab7d	3c0dd1f26b52eb44fda0d5db1e7e82361352bf14594847a9df31bb8afebc658c	c95c4e784cfc84d42ee20b3c1668f17b4dbd2ef25bda70804b6fa4274dd2024d	726f3d3788ab7cdbadd5ea579c0370300d76915a3e72d73fbdc57e885aceb0a6	2f0ff8760d84ab7125c69bec79a873e605d50c576a9668621268fc6fa0847634	3c1f3a0b77620d33352d5c49477234b8cfbe5702e77b62e78e2f143f3dfcdeba	6520fe2750bd37a5ccd2c8f148fcfd873557f94bbe86176c307b27f15a189b26
929	3ce0054196e30a045fb5428223bef3fd714c059d9d0e8fbca199c4f43921502f	96127259775bcf1381115d19b07582b6c4a61ad5aa9c2427cfda6d892617d83f	130aba033db88541ce7ab7522b89e7ab629b10180baa4318bee95ca0443be1dd	5d3636c6cf7beddd21ba4f21cfa36f4cecdaef4c231546899b36d959719bc1af	f4a1af901c4a6bfbb955d8fc8db53ecb99d38dfae7eacc4977f94b4a61f36ea3	416d56cfb179c2fbb11820fd4596f3bb0d15b0ed3adb6e1943177192a3304d45	dd4144cbb7fd92a6f6d35f608182f203fac7b8913daef691f4f7686ca2ef9bd1
930	614a2bc89f024fe7da1700c685cf587fa593bea3abcf9c01c95a787ad62c4f5b	874deb0f50c1ddd3b5e32d5c74b9b4e718bf94f15df94a3022f27e81484ef7cf	6ffaec804fa6b9b9c750d72bab65abafe81fe9ff30a175bb2bb6c2f473cfef58	1ee95c9de0d55227bf2abc46f6b7777972436eac2910b6d4bb02fa9fc8689d57	62c182adc9770a280ff509399bd93e59c6b3e5e8c936ecb1c085ff8f7c91166c	cabddb88fdf6beeebb80ff9c9a764769629a610081460e86bb56ee745f1b63d6	ecbe9ca13bfaec181f0fb2207ff91204de35d485470c73511ae1307393324d59
931	804a9f6fafb4321738deb9c52dc2a895e6cef9ff2c6424f56014c1f1acfb3a19	1aa1525269714052c780645ddef9faf464ec195d620fc5d77f09a618a04c377e	7973a65e0ab6f03d8ac2f21d244e9b976ba346d5a4639a27101f94710a155fc3	c97513347df0808cb291a07f5e328527c1759662eb9ff46a4d4a08176f8f84ab	a62e0f052ba0cc9de6f0539b094f3ef99031127bd110f98bc612c87139a54d7a	68ecb6c9f5f4e5d8e217e5e04fa1764cd76b636e875e877ece0391036ebc4bbd	3159bdd63079c7bdb1598cd377afc6ab1a1e9379350a0f787a78b795c5872793
932	37015ed9f3d349bbed09f5348f2565d0d96cf368f53151d1c79f41aa2b59db11	caec5dd94e399fb1dc05d7296f52593d114ab9845b31dc3ccaf15c532196da40	aacce0a50c1c161c14d026219428a072d0681b97a972a9eb3fccf52674174440	5196688a6e6a19014738fd8262f8a3f90ac8865dc1f728e6e32154b83993cc5e	d3b37194d6e87de9692bec1870369ab1b1649a8777762c482e8cc891f5664a6e	5b08d74f6ac6c94ff98899a5e5dcf3150f9caae84a98e96c6d6a0c3be5e3b5f9	1a6f3d36177141a0b6f7e8b758d943e98bc07fa6cabc030aa37e010e23542a29
933	b0853af3414ac4e78761e409b431a4fc05097e37848fc1570c7c11d9d1d1dc44	5377640064514d5046144715c890543e8d46ab98cfa56f68bdfa521b08b1b1dd	40a9d57893b9287559d9ea1533f17312434e302b28bf4a8f9c50b575c0421fb9	1ab3020c2c3f635a0248b071d46315726bcb8aa2231f7a02f03faaa6079db5b9	ab1d65fd1c6e6d2d44354b0f8601153f8df3cb7502e0646358c24eeec788dcc9	631ada87d3deba343439cc5cf283bf6f90eb54b3c237166758ba7cee3dcae99a	e4cc13603ddb44c63cc41b010873c1008fe3713f22e78bb26f2057c85d622419
934	284a7c3ef3878a9feb840c74136593f1385a1bdff1011c2ce38bbdb16c1e47c9	d2e129706c38429708e5015443b3bb6a2cbbdc97040aef923f6fe31c373e0771	ffc777d867c83d48736ecb4113e3b2d48b0655289f74a673e19eaace06b618fc	02b3920d654393694ca67da03a061e55ad1b3d1f0b82499a3bc60a941f854a8d	a872dfc288c043ab6a05326c1f425464202449834c43b0f84e38a006b7ed5d28	9bfb87b088d542c561d9e6a3597a72c8c30f1666085ec51835696753f2778d53	f4a9051e5c4f0ecbb8d501e8e68dde62ef35289b4e7d1db68447a62fd05f0a30
935	113b7ec17ad6b7e8a090f75de8553481b12a1bae7718aec51dbf266ed43daa14	4211e4623cc4c569c5a27173a55004c00e2b89682ba825b00149c489212549bf	b645459cbee74cf1ccf1d58dd67de924f2d8859672d0e3ce04a65a5e00cfafe5	5bd687ae38593417f2c5ae965a73d922db8505eca3d077431070ba223ef33aac	deb32c6b72a2bf60fba1bb12c110e07284af6985aeb2a417279d1d3d75892578	95f0fca36f5b1d353bc4d7985ff8218d938974eab7e44c4f33d779c06e9002b7	36f1abfebe136b8cdb32765bae2b3a8e19e3387a5b0f77ba071aaa08bcb0b864
936	63879fe29415ce0c41b5e65001e206cea2b5a72aad4ef41e538e388b7fe51d8b	a70d1ba38f381ed58f952aad77841d3200f13cca567d5f6c4abd3fe58e00d04d	e700eb73cc51a63128f8d9908dae6619ebf976c1d9abe3a93330b53acff8d449	180de3c0e7b3e3980199c0b429c96791846017eb0ab99ea6670477bee48eb8eb	d8e569fdff7e011715f409e223905d4ef46ac25ebb3c8392ed75e29303e1a439	ac0e1a378004ea7e0ad8bcbbafb0f3a8e77b39cc3508c684475e584ae45f546b	abf0c26b43632e5b62fbb1bec091ad16bea3694ac0cbc707ef47108105ab0f7a
937	6f119dba40218be0bf677645f4597c233839f4b4f2860d7cca73aa140e6ad42f	474e6fb5c819e866f696be7b15bd03f6bf3e2678533cfae094b79d67dd62413b	0cf5ad8b345c08156258b7f7b19268fc937cf542f066fbc98d42191d28904523	f59203a604bc527c5c585e80da29304a2dd2bd9fbcfea78270232bffcb0562bc	8dfbb7c0796a2e62645d80bbe0241e64b42463be52cde0661ed553f452496f10	9a0313da0a6691aa9d50442b89cdf971f746763e827fc17fa3c94ddf6b925416	54d91c9325a9229e86e50b28f3c74b3882153967ecb65064f12922b185609266
938	fe77bb2ff0adee9e5c9fb0f33e6878a237238acefef1c5557919a879d2eae5c0	7ad385659f63e9a7caa5a3b12df623344ffe573a4ee022a03830cada4c91a9fc	fcde78e1be63349b085203d0b06656a37d84aa53a89600ad62e238e788759437	6d2f8e1f5d8d42e5fafc19cb871031d9b39a1ce1145093d4740c20cc97d09b1a	e2fe7f0ab2106d9450449091a134c1567d5e792f8709d928545081ace686d844	9c33f6e3897c38301dad73c8a19b9439a6824491a44ca85b6d8be39b475ef2cd	b2ad35aff39a70ff2cbc11965b6f458d4b39b7f0b3b101785f12c60a4e16627f
939	df51444a3e63c7c7bcf8caa2ab3e6426724d76e8a70ebd14a2e5cf15f63d703c	2ef0ae646d9359591648316365f9bde324b48e31ad773d15bc4d7eb0d97e93d7	f7e592d8bf5dbda727ea512b7a500658b247d8949ddd71f50e1a9ecf4f50c79c	e44140ad949030ba22cce129f229b7133209d1aa36bdfb0ae1ae45d833bcb524	4a2ea52126e3a31a17cb0f0ec47ebc23badb10787632982c71f872dc22d2819f	858473abf7b8a90aacc1b2a15ebfe4f1ebd6e90b93d8401b8bc83ee65261045e	3725c0a9c8ea09618df8fd7420b33e38732734195f4c8b5b41428c1fc5440b45
940	3fc0b6b118620108078471f517e7da01a3d17f2af66ebbdb3df3aec886fe3d2c	efabb18317714b2abaff1f063219b4c2ec809fff401116c4b8d08017b59a91cf	15fe70a74bafb3295602549ad8e98b758b7eb45555af378db3900c83d073a26e	9471dd421301cb0600b0e64938d2d891b7dc9ec0a5430cc3e640ac0371d9acef	67fe14e90735da7d651dd5a83d47b41eb64145bcbe78c80a040f082cfdab54bd	a6f1177cb1098c99a1ad2be04ec4d5db36fb379e1c79e2fe3fb528bbd8c134ac	81de887b324bb86e99b2d39d611167bdd4dd38e3d236684283a5dc902258b788
941	d3caf72f0acc7447c0cadf7e4d1157b47eb15f221d6eccfb7140563c2e68acff	33c8a4c1eaf8874d4d54ad8282b42128e668748f3376f1b0aafa92f6432479ec	f9e8db6cee4d324a6733fadc6f64fc178d7637d22f293b7bafa05c97a440f40b	f4089c6d0b5780a811bc13c1b6dc984bf9132c6b5ed5a00051f7cd77510f2579	32c84c7201163d0a8fa9d0b926c425c2e0ed53dec183de9c3f9341c1a613b64c	761a4734f39bca9975af2eccf14e025e7b75a1cda34acd7f795b2dd1ce9bdd53	dea8dc5347450a26edd6e654e604b26b1d34ca196aa708ebe662c293ece2f257
942	ef0110f63ca574b062ac93a888102096981a01ce19874e6704ec3e41c96cd857	3c118f439eb73f635c147c19225514f4779ca742539506705c77e467fba87bbc	554b27134b07a0a651db9931c01b1a98272afca30ab84cd779c3031a861beba0	897d4437cb3cb76ad4f2a4bad25a24d481d1b652d012b063c289dc4ecc83f6d8	02c4b352d1110429d28694d24806130c2a61946bd8183da48af39e8221faeabe	2e114bf849db09e9542efbcad29f31fe418896b07407ffdb310bd8e9a7377eab	2d49c67978de8f88253518217982c4eedb818bc656b247362b686c55110c460e
943	63be1aa5629642b9e10091116c432453e69945f5ed93a57cc1937711d0837ade	186d3fe6e1f790f708a9a7157a65a576b97fffe14f08ab15d9ad64072c35ab67	13070a60373bbdafeecd6c77bb4ca0c7c70ea1bd1c18ca8860d3681bd4555ded	0cdfd2787d4ddbafcae1f276bee4fd035ff28cf45939413b7ec40a83c5658048	9021ad8d18a2234916784c294f4ee94b9b2c8875a942b5ef4543131dc6f4bd33	afb8b1eb5697753c7baf743723f384eb31865513ba7e53f20a1e3c18fd45e219	2f3f5582441d0d22d0f40fe3322a6384123d46a547d7687f8ef0e575c080fa87
944	68ee14a4a5e19cef38d650327778f39e225a3719c62019d8b359fee0b5e7ee2b	9a50092f4034d1f04a8d3813b88f939533e0e4fd894b5ef774f41751931e8863	202159baedf4a869c9b13696dcd622532d22f89ee128ab95201c782f6d75c427	d560c0d6ab7e934e824360a13364bdce73ad2d589353bbfa355792397c0b0167	ebfb8d8d09862452e113fea61f2350991d554532139098827337cdcb59c50fad	8706954ed06eb062286a00fc005ff91a9bb7e5ebf467a146e1f84ba79df799ae	1952ef1bbe51a62c452009ca2dc4df01e454ff47b7c99cf9d051369d2cbd3fe6
945	43a05a4d9eaf3eec40473204fb0c4e6e38f123842735b5352b79c589ca9fe6dd	d61f489775db40559d9ba894b22c0a9545ba4c3a6eda5146326d03a08c292ce4	deb5adfce3fc18533eda6d7103bac030cdbb7f7b7048afb6e423e2f1a4e63c26	8770ba79268569266720bac18faba8160d4f793d28f8d4a24a37e91f683a1dca	4e66a0503ac003420c4205ddd4d990020e1b3559af82676b0ec306ea396bd8dd	2a1a82124404c5ea8cac450dfbf88cd62ee35ff75608d7f50583e21b60981ff3	1d03e3472dfb1d93b00e0d330c77bcd424c2d190b4d5193c1ee5f80a23fcbcb3
946	dacce950fa681c1c5d34cb8f5146c665aeb61ff544983c30b5f6b05f8e3c94a3	4425aa9cc0e6d3126d01ab2e19b3842874a66fa2e33f4f469567499464694e80	9abe46c2210f1cf69a6f6775701b33ef026dcfbcf0fc6e248c4cce715e452fd1	5a02ef5e267fbae17fe8e6f71c6ed8a70df60c3c3e090cbe80a9d216558030ee	955e35fc52b969b9bfe8b88dc30f8651538d9beddf83ef183bda0b8d6f1557fc	0e42021f2439fa1a76fd1e1bb5811d450f1c858e6df9b5b4359a66785b505c7a	7376d33b40de9bc3be32b35b6639cd65ad50bce53fc08b3b827874342dff2457
947	cefc1bde959c163e28a8d76d3ea91213530ec47fdd14504e6996bf88ea37a624	387ef8607a91210a5115d3273c7fe51cb363e723b538d4b8e9ee3706065e1fab	79a8a709a4314a7ba2a2f06008c40df265183a1da14e9dbae84f1447eb7d2e53	581113a9cf65649286d6194b78c61c69f747669f77b9cf16f01fba04f6b6eb41	82adb5631e859e980d6482cdd6f8501de419c541170529fb5298713d2737be4f	f4a9655bf8dc2e6b565a891bc3a308331a415c03d77e7f13fbb0efb2d6b4181c	71bd4c49e725d50d11b0d288161cde2905d421839e5db0829ce7527b46f4b930
948	915f0f6bee778c026d4414e0b0bf3cc93d1c9c5905e1fa31bf5ae07e1841bcbd	fc50658e00b3debbcb236c417fb310b36a689a7ad24d2e7066851e61cc69de50	0505feaa215389ab5e8c3b55d109a4a785cbd21fb681f1b9b5292241133949da	a5b0c9e6e2cc884ec5d79b54b2c9de8cc18db16e563588c9bab8f5e4ab1bb63b	f22c3f770809bc37428291983335d9e1951ff320657167b3e6445c63d93c7188	bdaed9d706a117d4cab5300773c595a3ca57f24d735a9cb31d3c9c0ddde5c94a	e13437962b53bf058463c3d1c83287cdc8403dd552cd34651e95ea9243dc7769
949	e1e0064907c4b170f3595100523241d7a502d119a21f3b471763b8223235778d	fa5a56bec3b6a388884ab33ec5e14257974daf6babf149510363d06327ebacb2	0df837423f6c823a1a9d2bc6f46ea5dfe707dc4b18e73d9503a701ad8748e619	77b62b506a3f1f6b80b00fd9d7bf57466712345d5f60b667a4934ee32a87dbe9	fc76eb15c6dc46130c21f07765889f8e03ea65efe6f1d9a500637e5cf62caabd	20e7c9c39077a18f41e4654b81731dbc3af9313cfc0e3d9d7a22bfcf26a2f76c	6e5d543f00d36378d99cfd42b97bd4be21587d6dfd39260ea6b6276808fd826e
950	3357f2c6b039193729b0e6f78e65d5c835a4bbab09aeff7a720e5a9ae351944d	cfe5740fc98dc8110285c4a34f60f3324a1485ea02a5bcbdffc4759ab3d1d251	862b21aab2462e2d691f0c3112f5c2105b078f6aacc09e306068e4594dd99b3d	0e73dd5321cab7d90b8a102ad7bc4eb38be1d64464cc025eab4d3d40058db4be	a04c3ca133cdb65631d99695d5245126850b89eeb97c5f62b435b31da8e88444	1c6217ad3dae5f24be3a162a01ee10ea7af8ff3c24f79a326ec1b4d534b0cffd	c7b777e27a32848ddbc3fd0825b7c7d17c5ca0709756f6903c124b74b552f8e9
951	47e9b4c00324afbe1c38e6e3d50b457c97e854d53b2ae50efe11225f7a010114	c5257efa10903894816d2d071958f3ce2bdbe4e23f8ebea2e938ecfa51f30f26	5f6bd0eef984f261e6b7db62ac5081c25277534678f8a8abea5e206d8990f0c7	ae8a0a724e6754e045d21ad05280785f34c0409b33bbc0cd78dbebc4d3efc84e	1d569fe426531910e1581337cd08f67df20edbd96881eb468a657da5ce504d40	76c77249f91226b93299f8930e67048b35b7fbabb223a24fdbe6a83998ba3841	f093d5db4af25b1a721b3f2788a184024b0437ff0a40531a823b4fe7bff31a11
952	685d03f1ef793dae37e22b3741675df0880e8bc09e23277e6814886f35ec4845	1c8e6fba407d6934846b1d0c7a32bc57b247587299e1674fe0e8baec8bc65a48	db8af9c91645d4bb5615da05eccf67d9d7013f74e838572c9757734d3ca3533d	6f0e59e9fd2dd4a1f2489df23e5faf41695b6657684f5fdb0cf2c935eeac05cd	ca3ec7c918a9bb8907f28174e1e335ea53a645eb9c9791432ed5964e40a6da61	ee185fac59adbe9501d14a9c1f44b5b475a327f60e92ad8cc9f46bd8cad3d7e2	20ed500db3afc8894d5f5dd2c7165cdfb2483cea79fc366d9c502953eb6b3025
953	01b2786386b2fef955f3a2c9a94761268319dca79e5d180650228302d9a3f5fb	1dfd2d9e8ab3f55475379de848608046355984994dae7e2e48447dce24fc0535	570d3d9d8722aa1cd174e513972c6fde69f38719a9e303e8e6c901ec65befed6	6909fdf7ca7acc58ceae376cba7b5b15e9d337d41b66077af2657e4a60bf7f8b	de445b1bd061039863e3aeade525b8f35da87eb594db4e8797e6dab1559a02e3	9f6942ad0706cdbb902408aa56311fecc07b8f63ec5a79f199722859ec0bae91	934a4b2f23402e37423b02f8389ca9088297f476f016dea5e16bb7a190eaf6f6
954	4821999c142ae81e35f4eefba74bc82e3e96b1f9e7c07f704ed302678383d675	b86a53fd6d03352e328c85d6034765b983ce229a2c80094babdb20034815c3b7	03bf83e894e373e7780d836a8639c4dec2922ca4806f87e117f43e3a92f04041	096701ae2c775854f48cdd84097b653cba1c74c999bdbf477d569e1c1599910c	1da1ebe5c756b843823d14edbf10b0e761be338f64b8ed2d7ecef5d9b8ab17df	76493f9e6ed357412024bc874479cd6dcb1fb93e4b1e583404e97d97015a252c	79c878087abd479d2c685df334600fde42b251b0fa6ad450006fa6186b1217d7
955	fa3b08fa62454ea636fbf4006656191819d86f967261b8e038246c1da15a7301	971a61642c39bf75679bd6d78498a7708f0ddf6223f9406b1eace661be8b15a7	9f601857f9b00b9ccfabc535889fa5f0ed5be485088a1c0cfac6b039395bc83b	c823ab6f127aa37d2562691d7985ec047f4de5e66b8b827d88316c578970abc8	def9200fd70bf1838d6f7970c9b50bea23002b5235e79c364a5dbe455a05e548	af45fa860ca228e2e3a7afc955118e516be97729ff93926274134d63fae23722	43c954a8c21e6d05d68ba19ade76e669da0d4f6dbfbf18060092a8a5e5b37200
956	3078655bbed7a20b32f5c6188847c6f75a89496a45f44fbbe4499377cb3e3873	1a6784ab3f53f75b21c0107c050fc28aebd6adf91ef6eedc81ca972943b91f48	e445169255dd71d6666e877d92533ae82eda26c247de4029ce048dbd5eaaead2	4db7cc1e4b326b7dd3d736a9189ffb6f99dd7159305b9eea541e37f1e8492c6b	61b134f0399e361d482f5768f244e7662f26dbb6cd49336ff5437ffe3c050e68	e0ad79f44128749c1ba6d6a870d7a2f614883c823cdb8b38c29b9e835b48f70f	2d8b53f0cb71ee91f6d834d8111c0be3ff9b9c3165654d55c9c6e1a7d04d91a8
957	d0f1e480a925d1aaffc8f01eb1b8f9bcd834c4d7a55d06562a6ffff34513109a	a3affb8ec22dbfed58211ebec80f41c5bd4f87d5ebb8889e84b240967d904065	0aade53e78bbad0ddc520bb7d50bd32dbb40669db5a4dd8eb2c33a7df6dbaac3	88af95bcec7954ecaffc4aeea0301bd033154d7caaa517379ba439e086ccf2e7	5aac2cd7674cb5f89225d2eb04a1e6ead019d3008cb370cdbea30ec4ad64fa42	b87b1b83de7e616b4edb7970de491485d6b2846e1c7b3c89dc5ac3e1b544a443	f2ee20a227883bfb39e841c18babdcbc7d65ad08a26cf7dcf1462c591ff82924
958	f4cb6db5c386aa3b266be29fcb376482df0b9c1e1883fa675d93bec37b2b1f2e	91eb6c2fa0b51a9bac077f4bb3777c4b976bdd72c7b7244bec2f65dcd72e02b6	64cb7dfb8f2af498dbda3d6ad844c4d4595e1ce785a2d7c791e40844c9c1af25	1c9fe8c08b53f5138c1f51aee3b02f88a3a71a79900539cb3d92db7427c982b4	6a4ffe8d1a242a5306d23c50cf4dbe63c66ff762a6c3b549f0a7070d790cfdf4	443b445d405fdfb6cfc38d7a11f251a2098ef5b9c3bacfe7dd57ed087eff47a6	9e5e0d0c1f6a7f1a61cc4cca113a24f41d60310c35fbab99c827d23a8c5a8838
959	482ee19a0e4646d5739c871acd251fd17a9c6af61a6013c105b7369ff6b6065b	0f4e404b59b4209afe6a88168c3f24a9c41293639ce3d7692a0528d8d857be26	0ac3a1f1613abb30bf3a9629391f4578cea190d1bbf697b0ba3f580b323d3bf3	f14ea61157331c64e05bf72e46fec42797590b06d992f20d5d1bfe0cf19e3f84	8f353421229ffa9b94e409a07e620136998a129fabb80f6cbd90dc39238096f8	38c4e77928beab932a69c1d6461a8b86951f7a9a20c53622c0dac97f07e137c2	41e8ab2ab784fde0ff5a97e8ede98f095fb432e02823a7a389af67182bed19ea
960	d55485fa2218b065e3f5b7ca871e1b6c4d8c4b009a7f318f140ab7ead2761efd	bf8d752042dcf9521395fde2a638705cad38dd1401bf53d569583683cdfa2c67	c299f4e608f56f0d1887ec4834249898c57fd9a5360fe4cfcf6ca474a8e4c38e	000ae371b5997f342962a664447930d648c45c8cbed697e9dae3f6905ef1cf82	b160852e456835b22fcdadf20c514e3af30574227976a1e298f18c5bbb561731	943a4cbeccd53c980284c4b405d20aa3aa6d5d3c8ee865efd4d648d3b1dc66b3	e9d7bfd7929ca9548900b3133b124da1b50fa2920521bcd7f9f7ced507c6824f
961	527d2ee517e4ffb0aa4d2ede3d8fe01d5a51340960d93135b093238119614fe1	1299dad68c776a0eb4ce0bd44387cb4c5424cada64a943a455c0e19262b500d8	9a8dba54fd9473427cff59bf5e074a96498f3f23ca9c235997e647168110278b	624ff89a95ddbce4f68962d54587a6a0313987cd4261aa3fc3dddf12b381e925	150c5f3fbb3e6b70e8268a9bf22b6412843d2df1d366093f1365879e107fbda2	86b2e1e6aeab139088e97e960f4b1a6b7fb7b72fd20d6f9ca4b09e9d6e03ec18	cab04003714f0b2d9f0ad12217ebf4ab388b5b1c84e38d7d5e48dc2953ab8a22
962	58b094be48e2502012ea6cdbef7b2a4b420f2574b7e921d7cc57847e413717a9	5c1e0a8ce3a6306857189ea222b30061eeb25790ff8701d14ebde018d867113f	f83c985d6f535b73d3df958cffbefb2f4dd3eca2165cc851818707c20d798c60	12564d9e382773e0402e43efa45bc82dd69a45e1e835f6b902f36db81869ef7c	4fc3f00b6f656b630de2234f579dacaa73e4d6fe0efce288c87d70f939bfd96a	1ed2652d8e550496ffb09c774755c66a742d66b78facb3084622f038d01e012b	6eb9c3ff9ef5f7699dc63dc1605203d61495702a1ebbafd2caafd34a5d619440
963	60e3154c08586d56b2b0f258b106db34907ef23d65221efff4d9af8d665f7093	384e194cf31265d87ec54495f224c6e7ab253bef5650e63ac3e59c3712496b14	34f147a6cf724767893c1f56aadcd5baec2cc142ef6d1a00606d87c76a158130	674681d763156a7152e7b43a1295e81df65212afe1d76490a1a72a24723e86e9	975b5dc4b6d954a7ebbae343328181fd4025bcce58707e3e42d21345680440d4	eaec7b4dd281bbc2ba14f3a2e5a8eb2c72ddd41497740402d7edd7a35502bf5c	dd0b34c3ed96b3be4539f654a8491ddb32f68139a228677284a751a23cefe055
964	e6cdaa7d020c343e5c26b170a7419c956baa10f90e1d445f704673c0739837b7	318d614e702dd6c6cb3e1af459eec84e5307073decb36a6fe96af73d33c3f61e	bdb6f36c402c90fe0c4a5bba7ad82a32250c5de9b288b0cdaa89d1cd59e3960b	4d0862d898f7c9befc87261da268c2e390290adf22c486e099e8716279c3d910	5aab6f1423e043d7fa3d6f66139c058d8dc90dc929ce9d5480d5b3f6d7071884	b7e62f3abc01e5aff5812eb935b4e9df02f8e70e2dbdccffe3375c5839fb8747	b7668bb15565b59e8b4788cd1b46746b42dfeebfb8a08d7506b3488946980df3
965	b705b24357522b0ec04eda19221cf38414c80db7bf58421727bc47b99da63f61	c676161189585c329cd736b6272c483cb6afd4d162941e721072040cdade6c1b	281f96594c5f7618db3464112dfeab547a2393f0563ab95c208f3dd9daf11407	aafb9fc8e40ea1541ccfc3fb948c2c6f1cd5a945c0a64aa4ebfc0a75fdcbe0aa	f37710ca9fab7cc8bc3feb2a801caaad9962b33ed303f8c5aec27e03bca2b805	fd13b904769a0ec7174861da235419e1a02d2006150bf5abce1096a85120da56	c3ad5adb99dfc12e60a1b41f0bf401c9faad6824ffe7ea0fa0589ff9b9c33481
966	0d93dcba57649c4b1bad15ecad7da1b2d0267ffaf1a8231bf6ae17823f6ae714	cc83a2899c40bb231afe7894ef95c49533886578a5ce3fa6bc14900fe6c29761	2b2e4922e4d066fc9f1ace9841503c0d60b9c8797bbbfecdd94073e1d9e09593	61e4026db9478d0f8005e5b2dd621af606f0a06b00413fc144d217a1280c1b15	d334c9a8bce709c106de3a192da414fcc7fa1954ba64fa9d7ecbb8faba79d3d4	a67bc5f920b493ac26a4932e459fdd6a98365939df5ded07efdc6a0454024580	200513519d76c4db2f0d074f246472fd9a4f53e791200a74ae85e5a30a3a0020
967	83363a6c651105534d6f121d0cc1535ec2d396f91b4936686e12ce26b103a9e6	372feff70f924ef5310c659551bbaa8b24e3463190e07545ea6fbad56760c022	63a23317fa1621d4470211e12e7dd48080f6a4da141a1f35f50f24673f7d7848	66e42a929c43de3cad0cd46f0fd14350ae51b075b05a9e3b4e24d3bb8f049108	2bbc2b38630c80322cc4909e6cd9ba1814a27e1df670b1504aed0574c6f0814d	e662d1dd7eacb1dc83ce8c9ee27cd30e0ca6b4a819d126056d6484c94ede1f0c	a3abbe173f9453cc199d8f4f847a9da96af029f9de921f200df0a0749b7b7cb2
968	8902d46800896f2b642009f8d12a3eb4853d153f82a9d04adf43f589f5f4ecf3	04af5a350365219b81b9eef967e2c5f5100aa9359e3e566b5aad6aaf873ec2a5	6a22923aa1976c7fe918102aa3778b010d0c772a7aefc0b051def3400cb9a35e	c2ea5491774eda7d3b3bf08b90990398ca1ec2a38d39b5e892b9b6c7b2ea73bb	8584f2d56504530e411a974f5ec1ba74a8dbffe56ac261c2934169d36fb259ec	dc0e10224967d056a3ceb3186a5a84f845562dca73d87aef904a91b02ca798ae	c6b3e05158b60ebc7f7a74d42cc66ec6d562b4f2f08b83104ccc2cfb953a2816
969	04de36f86fe9aa5969813c2c967b52cca5da036d140e69ee40859887bc6d9f25	0bcb3621d700b8274a4b8e914990b56f275c83bd8dd87feafd80b11f8f81814b	c9e7e7bc843377b24d471905c5e4ec77c9d4cdab611623096c40a802b46f99fb	34f5591fa6d0b1f78698a1e15e7d90cc1c0fd55eeb508285abb1a4a4ce1d39fd	f57b92de924f61ba47216674d2b46fdc5fa894dbce4a53e3d482ce419da65fb0	40bcd15f94f2a2bf06f315dfe5136fd05ba976a516e74752b3c88d80dd4e2b81	64fdb954505cb82c2713465a3accbac8953aa1e25580a283daa26454990dcf01
970	7e2db990ac9af6adefdf8b6424444ac39f424831d22b949912822aa8db06c711	8e76bd2ba5f820e7352d475e553278466db9bffba2cc2cf0fb79cdf142d09181	7bb15247229d780bcdcb4f1230fc1496e3e10979402c46b8d92a32814c856285	165adf90e33e561eaa27cd3271a346364fa306df879e07f1a4c1bae1e7d1e954	1a47d71c4adbc0df4ff240b166e898b2e5407fbee82dbaad3178d16a0f4b434a	d2968569a6ec925c82739d5d200561b73b8124d7652ebbc4c27614ae2d80fc1d	e8b9d43b0ebe94bd339a6e2c1385d51353872567ce93dc4637013d52c3de6d03
971	57ba19dfa1d9e308cec3906e3cef96e4673bb7cc60b3d0db32d17a463b106ca0	acebdc25d7884b912dae52305bb0054a3d2e370c7467085d56eae152eb716711	dab47a6f1421e153181dfbd55df0d431b535d3eaba987469f61b697239720570	b91ee767c7aeea5dff32bf25005977de1212d7a2eb0218e61a4c566237ca5d5d	3f052ed8d14ed70e0d3f9c765d8426a563f5a2337ed8a42f78417cdfc2625eaf	56e1197498291329c293609362855fa1d3fc7402020d10226f4ff31e753e317b	8e308e0fae3f7b14bce9de9c3b5cb5f433d2c05e2c8279d380e9289e2347d7e5
972	57b7b3cb9a0227e234058e120d4938d5c8b0f2b2f0f86b37174b3296f0f02620	f5dca7564550b936e7e498bdbe1fff4927f1de66bcab81b1b96c31301c35c1b8	ddf398292b78a4c1c79220236a46dfc026047777c41c69b167d44f8306a10773	6e62bc07fc491901dd2a0ffacb9c1d8327442d4358983637b50b3090b215cff3	2966b7bd8debe3177a15ba289634f45306981510b128071b60e1dd7b88536441	02c9101768a7f95eed7f96df110f657f06803bc51cc6efd73a376dafaa755308	a4436984752e8f5eccc97b9cf1adedb4691453600d322ad2701a6d705ca83e97
973	50b99b00e6a87460ebfd917f3ed4bf8f13327ad5f47cce5166de52c4a7868afd	0d288c31015248b9c14a4b065d2bc09a28b13a69232432ef9aada3052f3bf7de	141edfbb901358def382c189caf16dbcbe924a146a7260ce3d19e296158ebdcb	c9c1a95d13f87b86a47d8e1fdfb1595e6e86164c2bd4b2c4ea05d52ed6fec8a0	2aa7039b2da968408bd22b515c8c7a318decd9ba1b810b103e6b217be5af3b9d	74eee1c590b561b4a76530b0e9d7211e4558a0d38c7fd4424e17d030276b65e1	23f46bb31a3831d64d67a296c885f4551dd11392ed6abea50af503472b8b98d5
974	0a389f1e901cc15b84dee2a649277f498063251b3ee45bfcc3c5858332ef2b7b	fc301b00c69d85e13035f147ba59d0718addbf63f3fc8b90f4332df2e2470824	66c45e1703d987cfb3d3ea3f399e16f53fd2ba7ceceb518d8b99c42d15869a70	a87ab3cbe534b24b0b5b2ef1ab2a4248387df861d8c08b1ca91e0d019cab0ac6	becfd4553cedd99a30c0da602be3efe7d6c5112de29fe342bc505f3ada496ee6	9d2ed98a1579d190634c08204229e201c1d0539bfdb884d81b5d6070e7334e8a	fec5be17cdf7e06aa7691df1627406618e825af6ff49c8439adb16b146ee70a1
975	e404f31dd57c4c5a390e1e22ba5f5e5150216dde02e082a66498adf7a115aa80	8d58ff1d951325238d10bc75c971bb97ad1022bf6a19ed56242bd5049e45f361	51f52246e92aa37efe4b129f6210ad832f26ab1f2ceb871988ecc9da40c50c78	44bee06921cac411a28ef31af056fd382a6121ae528419f0bd89e69a9ddc85cc	5cae80534809ca09310b28e9d53f497902f9e55e8bf5ba39a5c7eaadd25befe9	ca614720d4a857f64164f54c4b610a915f7b38cc4717809d6fa8f97033ad162d	4a7787617d84632e30cbb4f3324479bf00cbc21bc401d0d8d76be3aa9bd6a670
976	77b969564e2318f8b1c467a72b23862e20789828045a9429ddf959ac265ec913	f3036cf0b7d5da19ca28c081b46377be8d2132b84d78f57eccc68a00fb7bebaa	bb0dde8bd521182510f4b2a2558de62526dfdf5cdc1b5adad354a4db64a1d19a	57ef16d9f8ca806dd555393b32085238647a9f91e04e6d8ae3239b5e0545d7d1	f31035b52a95bfc5a0596be97b297d14a43e7572a2cfb1ad30639992fb9a0965	9cab92fcfba85a385487c002865ad9f337e5baad92bcb029c743a360e858a2bb	42b43d649a2f358bfd2ed63eb2be8cf8e65d123f7a327d2ad58145aa6b643d6e
977	13d17d9d0cf247eae431fe276615a35d26fe3be7fedf38bf8e668c6e69e67b11	5570b826c44852f217f2aa23c67ac50aea054251de515f6dd626c0c731333db9	f4605d001e652f1753c7b44f7c4d5535493fc4abf85b1d18f1bbd8a81975b523	ec90683d2b61498576e7a439a8a1e27be68c896f116afc269631ee05d61a60ae	0ac5de37a5a9779f1551bd99e8afaac7a4531050409c76bded6bdbcd37c74ab8	f4a1de4f87af14af8aee903efad7a8b97c15af0b771f4848b85c4ae349550c90	5603e8f4df95667e137f4b491c5a9b284d403a57fa6ffb27375e908b98d2d04d
978	a2290feb3e38c610f5c9217ec8ee67bb9caae07655efcaa16c410c28854eec29	3157ac89b351249dde804d51710fb176fc5946f1653c5c64462f21e085ce5960	c105a25f07c437f8a83eefbe626020fda574d1b8f6b5bda792691a2748125abe	254292507c346be3d11b96f8999b3279e0246ebcf397eff5fa8fbffeb1f0ead2	42397a37a75de1dfc966c7ea6f980fca1657fccda9943367c8025644cd5672db	807a0de22ba266aa73d51109f78ae11c2a93812f966f622e0ec3c506fe418917	8df3540c8636b50f49b259b2dc2bf2eadf4eed54c29940d6009e046f38292b7f
979	537564541480ae3de1a62e10109b78d004115fc128785de09fa70e83fefed569	48f2649e891f272171cb59892beab31943380139e8ae7fed2756a8f2e7ec1ebc	e0686aafafa719c16479015141a928d5fcb5a59176533a9554f4e266d5cc2081	12b8d1efed96f2978c1a2999689d6035e4742fb5bd2ed004e88244d6bc61f022	d34bb500bcc91112e8028c239ba11a227311aded7151475bb05108c71ce04b82	6a339f29fd2967f7d0b2033955e70d8d0e57d7296899e76a4d3649831d351ded	79c3e6dec00c177e384d458f9e5ad2596b6ad28b30e85897aa09e40811514d05
980	f26688c96e1f30f93e74b19a995beaf5f1c4e34db9830c5e37c16802859376d4	a4fb537187d1bc6de73dad95a4f273dfaa9794e03151c41db9c229892d7935da	0a03aff2ef9ba3c565ef1677b019fd097954cff1e31fff4c07958d5ca4a3d32b	ddaf85c987f2b0adbeab527a91289d0328fa632ced2af578005a6d3fd70d7deb	9bf797fd3904536349da70784f7f2cde60ccbc446bcd5b30e6384f7b3b2430ac	86f6692819fddca294dc1cf8eebbb2a82dc765a80594778d804ac2cf1ac8e6eb	3e3c8dfb47955572066452f420bafdfbfa8467bd0a025ff125e426aa99b8c05f
981	b33fff6283af9ae7e667b00ebcd1205067e06b5348d6539b5c6c9c93da629ab2	853a995be5c16b3d650305d6f8c949c6162023feaa00bc288a8423e4e37b54a3	13d324451e0b2b7ccfd35d99cab6b223b7df06ea467718dd942eed767259b2ae	70fe9aeea40d1670724abfebaf5f91a6095558795f73ccda51fa0b7cf8436bcd	27fe8fa1d759cdd33ec94e9238d482c5008b730e207c2cf82522938f7d7ef3de	a54c6002417e40ae933a7109817aabf14d408eb9ed06de83a3b98deb013e53fd	1036a540e14d1727f7522e55855958a8fc30c1540ae3ffa253f82c1eb0dd0390
982	17ac5e3af1cf13e2af99ef5df7ceb9b2aa426a1aea61f31383a4507c867b3141	9ef5095abee67e163d849dd36be6b16630a9603cec47af5980dd3a30114ec8e4	1a90793e3723870a574f9774236db9107bcff31b352cad35d45637a17171599a	ceb4a8538a4f2d16ffb8ccb1d9bb8b2eb2941653a29168371b8637336717366c	e512343327e90b6dabf0668a2941eea3979e85b97fb2feb76adf9a22515a50ac	dfb124c03bb970e4358b995058680ac0f54b63e21190974510059725524d72c1	4e1830dbae1530f9d580ef7db2bb27b5f952545c8f8fdad19f93976989823215
983	2dfca4243f0e5bd748398fb9b3c308fdab9b0f3aa1aa7c31c4dc9c8002eacf59	5d39bafa3085132446ccebb638d305e87a05798179fa744584f58278e8461578	d1ca92b2858681084853abe882de2ca81859338a4befd3c8a97c4e6bc8d4c298	5ba2ef9e4bfaad45592a3406510d64d26190c8bb4c6b288e65ede5e37cafd116	60ee36581ce62563f7d0401f235a0e9104e748f560937ad7a8a04e4e4e045b63	c44e88b36edb7ba88fd918c5a638051ff66470690551044ce428a0bb84cac616	d1a6f0f32640816c302a4535893d3018d50f56d724ffd08ea92d6606950ccaaf
984	5a2ad9bdb3229f631bd03d8d9180de2ec559b589f8c06f80c9e938a3782a9b71	7d561888d8080a85988cfb6ccdc538cdba60f96d74887db480a0617a4d063666	674b00878e5c05f2a6355062f2b9cd93dd0a35fa4736f8f9004d275cb67ec853	0e29ced5b47e0c8d341a22aaa87118e632a9bfbaf1ddf5d49c9f1fc29c6a0c0e	ffad2094f5dde59a69f1cbb0ea491d42fc5ef44a9664098ae1774ea22a143b00	fc861648e68d4c1dced61941cbc26d0b17739d8776f8cc2c20a842e64a265b3f	0642394ca42e141e15cda24305452eb3f528e02c1406c6713e1c4703ffe01893
985	18b711e558a7f466675758980e827da8520ffa9600f48413d8cbc68963d2b328	15eff19c342a92125b47931afff472552762c688402742a78e4dcbd8d3e2d5a5	0b02ca5df02ce7eea4062197c7573ff6336599b5073a1e8bf87411663c18a8ac	b5107ec91eb5121624be2723acf19c0e17a122d4b8ffdae77578db812b527609	a3dd71b32f39b27668f3a5d9774784b5705f5db79e661d5ffbe1763402cece4e	e8d8e7daebfcdde92479e67ad58e8a212b62b695dead304e9df2022bcad3e903	71a703b6b94de61a260f74d7c86d09b7eb7349536190e8ce573965a9ebca8f9b
986	0cc247bd69ebbec5191e18bf9487298ddc1a8b69dea4a97d79e2c34484d0699f	2b3902a7d11816ce348e953f35084fff1df06e54ff807ead8b82958f96f273ad	c249003bbdb97988aef9485a9f592bfd8d121ffbe8e55b8f92dd12d8c29664ff	343e637fe9897ccc8f0222935f8b52eed7bd5874fc1d4f8a1384818ae965044e	703cf91e2e4df73854bdfc0d92fe6eee48f7d03b1a2225b5c836213c28f1500f	58e83db9c4b275e8b826e9b5ee46a97095cfec147ecf5ba3df8bfa3d7348cff7	c55cd27a442db6b7e055ea50f99b520cbef2f058e4f1acb83a920c4133648983
987	d11f9738d58e3d7c8f105283ef3c638d8f71f85b9e55197fa6429107a892caa4	98a2720f69360e0788bba7773e7b483b392ef914fa4f1654323146a08ace0d67	6b97d41208f647c9d179e81c409cd098872e325b4f44bc7b1f4507b29c13b97a	377d4b00a1f85bd7ef1e0e8d9fc66ad6f57672c3ac991c915465d0eafdacae45	131179ca4c90f39362c6d9d4d18ea159cd041f9da8528918a7ff39d9902c169d	6ef14ea7f5e52a1fa9772c7481afdbdd1afe2652a06b43dcec4d39a2272d5348	71a6e60f330292c8d3cb0641c23321c9c6f027c945a06ff1da8111d2df90ec52
988	8556d22a92e1899289fb24639719d8297c9f8d4c8acea6e359440a31f32a4049	661b5e55b76f256a6c65f29b75aad6f05df9787bb5ac30e172bed2dcdb9279fa	79c61d63afb3a13a185c6cfd65ad58bbe5a388f1091ec4fcd9301cdced591759	5accfb4a5fbeb2284952f76339b768b0a409fafdf004fec46769965b18d4eadd	c69f892ba21ac6d19015c828dca3828826c994f4bf1caf047e894c4c99b716ab	76874e3c001e16a0ce8a0112f8f7c122ee90a150907c9d5f23fe9eeee908fc27	e89052b1b1e33494080a72536a15d681445d0328d434f9e46f881fbea92c4180
989	188dad72588487e758b31c85e382eda14a6c7512c6fc4ad09e834a0b40771559	2dfd52c3e1bc349735004313dcb120242346aa43cc2bf85eb808c9841edf545d	2800a5ca45616438c9a8af27b1f732fe57166233e3eb5cac20e19410fe24640c	2446126cc8115cc4082c532872337d214ce2bfb4ed74b51eb20086c0a2b5fde9	040f9062a442084009f085d7ca39b98f621681d9fa3d31c9481c83422c6fb41a	b11f53956877fe572c35c00381dbc959e41525e4b893b6e79ced44458f995dbc	fc6cc11d4862c2e8b444d09ce7176d4d96057228710ad98638beafa4daad8ebc
990	609b4ad5accaec13b1547658b1f35ffa7d41ee8c677ffac9b9bb6a3b9a519f62	4396c617651ac488b079c1e8a6b17617585d82e0bbfffd977d1459a5bba94422	b13a866c8147d489808e5ff2c471ec509c441d8c3d807e06cf245c4715d78e4d	d76bb95f4c10fd9539cdb42fcb52dfb34be3c7445f962937ed83db666f9a8435	ab469861afe3aa7fa46c837c098ad81b0c5fef7f13cf3c4bb8dc1fcb101d85ac	acc9d4919ed293deeb587fa8446e1991fb4a733682d881ae792fa35ac82f7b71	c9cdabc3fa765cb857727e9f9db0c39b6a0fdc3eb4b0df24a93c02138de852c7
991	10477d735eb9bd7b416f5ad01d5374e1be2a46f0d0f40db99aabf1a581a6b3ec	4e265b9d5ce80b9d7184bc11cfd16c0bc04e99930f1962139133f7b5b46db44c	d23c4a083e6909487ac66f6bf41a70147560d153e69f03ecad62195e0c869579	1017e3c5c14177d78ae9072fd0e7631e2312e5ce409d1123a729f3a8a97170fb	e64c3de4d94728d7167f21a86f560d70add3578b70c6675d33bc33ecbc56e154	5a2d5a4526e10774781f03e6e2f37f1084094f2e9accf7113dd3ccbbfdc476a6	1e01cc204ce4994f7ab39e5d6f41f0116274d6a964d870471655de4e3568eab3
992	ab598a45e1e42284867b7c0922d186f5290ddf5a6f1b27a81e309af565bc407c	a09b1e1cb5a868eca9cf3d8cd0c101fb16425ec3b8f0810b82211838728dc912	458500aa178b83772ffe5c0bf611186ced1926624e1f0e960da6f4bbdb8d68e6	266455114bf935b1adaa94b78db44f99b71efa2b1d6046d15d42e8d2aab841d9	cbe23fae2a0fd022aa9c9d1dd6562aa3c76a2878c62fb8f45ed793726b131b31	1a0f22352407281b97c54be88e20b6d5a928e8692bc82d5b3e83d102aec504cc	cf41979c4eaad50b4f29b8d47facbd62264d249db82e76d2a48cd9951ccc3d9e
993	4cd46562f1bc8b6c20cbd539cf059159297f32281b938489f9d74efc3b55ee5e	e1ff51f2eaa19e905016c21720f3c44fde388609102dc7eb03e2804d7ed33407	12ef8ff16cfa20e20abf55dd0b95cdb1c0ae1f41ebebdeaba059bb711be0efc7	368f9c83f1c0f04f9518e4c382345adcb6f938f583f291165ae2b9dad7b9dc90	4bb4372ee9cd8b2139a71a7d248a7515a7384262a5307a114f9e920a6c749266	d1b10412b8790395065eff13bda007ec559814ad58ebf5546b897b3669b1f1ee	c9923de973a495f85f91a8c4e7f80563fcee6624cba340d0c9c10de47512e9c1
994	5f30bd47c72b870bcf447da8a100024debd0bb4b3ff91120cf36303da1851f0e	3c439a0d583b334bfb80e1ea1b11f8c8efc109314d32ea26b8fa0bc21fa13206	8ab7802809a62f00387935b23c915125839ad5bf04fb244cc051e1ed4b8ea1b8	9e3c5ea043f1594c9a9331c18890a830579836ec59b80f159720c7a4a2d15a60	5a2858953c3c1c38ccbbfb9af1f49b0e06478c6fbf5519646007ed18a364c433	0538a5dde4afbfca873abeec9c7c35caef741492c0930fb46db60dad613a0687	6b788a6592ec6c200d5515f66b56a09c4ee78541f9f2333886289e8c27ef34c4
995	46871c5e7f300edc7e0104a2c5cad5e7a606f12cb402035ff7aa43412c91da5e	741c7c9612d51efb3559b35d41c087fef9323b056d48af1f249508737c26aa5c	a99f7de61d01db9680b88300597b37446da39efbc6af90455246dc3498283cf1	cb96d5305acaf9175115305d108e2d321ef0c5a0060d48d5900df9d98afab149	6314987f06a81e47e6372f897fdcb504405d9a20739b3c6e11beeb6b871c1cd4	b9748c1e967de4a97723c79995b26a13004f348610378faea1d46656b7296dfb	c7b4880ba5d74d0e31a7d417e003e21a3d6ee0992133653a82b1d817566cac78
996	1ac20aa76d5ca057b767688f88fafab4280180397c8d03b781da6147d477aaca	93d3f307491184ed15afea6751f47fc5c6a916017405e8f11cd2d7ac79768ece	3d1f2073b7929f8a6bcffb1bf19283885a4f6ed88ead487649b7a1df271183a3	c26ef8bbdcbfca0a9d54b02f761a4d6a4719b2e94ac61226ea5e723415259dc4	ad9efcbe86ba497fa2b0bc40a4103f164264429a135c81546184008e90a2dec2	f15041787cc38a7454c9eebd641ffde31c8bf676a1db8a14f83d6dbaeefeee19	bf41beb516f7f81145e649f7b11739805090e23dbe9f23794ccfd53dc1f05607
997	7bed9e0d58e6986c8269e624d5530a9b6483375322476bf2c79b58e4663f8742	e8ca592a594005a56a75efbb2c0cf2c4454a3680748edc9b7365c1049fca5858	17f0dfc9880f2c4e99313be4498882d68dd70e3c5a9707271ba18a2149018de9	b77a158562b9a20076bf4cb283bb411b7a5eda34566836c4213bfed342593aa8	60f1781832102fc3d49f6f80142af75eef64846bdbd48187f917b1d183521d4d	c3d8bc671fd56eae932069fd471b3f2126ef7672db630cc19aef0a998211d269	57e4bc6fbca9459a9a4a1ef06bd01a402056e5c2fd56ffe6aa0030847ba069e4
998	8000842efc52819e90fa592cb755b5587692d56bd1488935505346e60d6071da	2c08ba88956d1d88ad706aaa7e864f2923c30973ff2e9867a4a5fe1079e55037	1f052695819697c6825b565682025a98d0b325eb3b397bccd3bd3b513cd4e922	8ecfcb408a4b96705670ec9700a85c4e1753ddd786317210b4526ce388382380	7fdac6d7957be5d99826caaaff2f00cef1a971b70a039d3cb58b9411b322ad15	d9362d18feba9fd0ea776815984173539e56b21b64007def666ac918e77b31c4	80336c221f3338ab7f6db70797c123db8a1010dc17a491b7f30e33dd690059ee
999	813450d3a13112431c1a1d0552edea620aafdce1c384e58c4c8f92fd6be20421	1ae7e21b2f7c088ce2affad3cc626a2045b584c0f31d18fbe6cec6dd03653e3a	ea3500c490b08015def9e31126112fcd018cfe148f36ad040ad7fc483952ebc6	03182a816bc97a60bf9341eba88e87481e050c9685bb15bac1cb52b9f8223bea	0e50e3206c1385a2a19bca44949fc3bb82836051be0685812fa54aa60ac48486	a7c623381194b8f0296a67706507f091c12c12ed6cb5a22d754f6aa9d0553f6f	0d653a0ed88d16e6f8f78425b9f4ca74e8f001a9476439f7bc1cf3696f15bccb
1000	c52e4a95d3d80abb3249bd754f90f36b8f54cc3238cb2f70a5e19da0f2fa01cd	42534d875bdfe8103bde09b36e6be95056576849a5aa7e84b8228f47bbed4bd3	87d1c503ec09259e68c7bcece7085c9a778311e26d3a11ac9bd9bd6cc5b5c988	1feb9c966e5bb045d8838ce79ed6b1882d018a5a64028502f95b51490f35ba58	cb3fea0f858db44ccb0304dc72ddf18dc9358a954353bdf90f55c7f8a44b1cfa	07026d164b57e8e4aa3cac8dbb88094746a9af5cf57c3036911f7b295dde4648	844ce1f32d4456b253ebc4839217d8f0a102f7f19450f77575dc3f515a80aba8
1001	d6d54aa587da15a3560b1db7601ba7e851e8924bd69ea5e7b8906bc7147680f7	79de8ba0f90a820b2a16be00b924a9bdb12f9775688172324520de54f27f7c22	2819500ac58c0711f433324c6723c508a3fdf427ea94afd4197a02e61f759567	3d48d3f841eac3077cd24907eef7f5a00e257925c26949dacc67dad035f3fc47	f07c3b7cdb0a0892892499af799f9c5c265cf21c0e5cf749d2f212ecab96850c	46f2bd1f24441daabd75e59ea78f1e9f2da270ba97a2cded27367795ba7c17e2	2a18feb9c5c148a4d0282dec11fd54293b0042b42313627078ddfbd22a8a3573
