HISTORY_ENGINE_WORK {"state":1,"stage":"acquisition","available":true,"values":[0, 0, 0, 0, 0, 0, 0, 0, 0, 0, 0, 0, 0, 0, 0, 0, 0, 0, 0]}
HISTORY_ENGINE_WORK {"state":1,"stage":"construction","available":true,"values":[0, 0, 0, 0, 0, 0, 0, 0, 0, 0, 0, 0, 0, 0, 0, 0, 0, 0, 0]}
HISTORY_PROVIDER_WORK state=1 stage=construction cumulative=Diagnostics { policy: 1, locate: 0, read_packs: 0, value_groups: 0, signatures: 0, reserve: 0, publish: 0, payload_reads: 0, payload_read_bytes: 0, pack_read_bytes: 0, pack_write_bytes: 0, pooled_packs: 0, pooled_groups: 0, reserved_directory_bytes: 0, ordinal_reservations: 0, locator_hits: 0, locator_misses: 0, pack_hits: 0, pack_misses: 0, forced_seals: 0 }
HISTORY_POOLED_WORK state=1 stage=construction scope=operation-reader-only cumulative=PoolReadCounters { leaf_requests: 0, chain_edges: 0, physical_record_calls: 0, physical_group_decodes: 0, physical_group_decoded_bytes: 0, physical_group_cache_hits: 0, value_group_decodes: 0, pack_fetches: 0, pack_bytes: 0 }
HISTORY_ENGINE_WORK {"state":1,"stage":"filesystem","available":true,"values":[0, 0, 0, 0, 0, 0, 0, 0, 0, 0, 0, 0, 0, 0, 0, 0, 0, 0, 0]}
HISTORY_PROVIDER_WORK state=1 stage=filesystem cumulative=Diagnostics { policy: 1, locate: 0, read_packs: 0, value_groups: 0, signatures: 0, reserve: 0, publish: 0, payload_reads: 0, payload_read_bytes: 0, pack_read_bytes: 0, pack_write_bytes: 0, pooled_packs: 0, pooled_groups: 0, reserved_directory_bytes: 0, ordinal_reservations: 0, locator_hits: 0, locator_misses: 0, pack_hits: 0, pack_misses: 0, forced_seals: 0 }
HISTORY_POOLED_WORK state=1 stage=filesystem scope=operation-reader-only cumulative=PoolReadCounters { leaf_requests: 0, chain_edges: 0, physical_record_calls: 0, physical_group_decodes: 0, physical_group_decoded_bytes: 0, physical_group_cache_hits: 0, value_group_decodes: 0, pack_fetches: 0, pack_bytes: 0 }
HISTORY_ENGINE_WORK {"state":1,"stage":"save_custody","available":true,"values":[403, 37969, 4779000, 0, 0, 1, 2, 54, 1304083, 403, 153788, 1592962, 1011712, 0, 0, 41, 15, 0, 71]}
HISTORY_PROVIDER_WORK state=1 stage=save_custody cumulative=Diagnostics { policy: 1, locate: 27, read_packs: 0, value_groups: 2, signatures: 1, reserve: 3, publish: 16, payload_reads: 41, payload_read_bytes: 1664616, pack_read_bytes: 0, pack_write_bytes: 529410, pooled_packs: 1, pooled_groups: 7, reserved_directory_bytes: 4096, ordinal_reservations: 2, locator_hits: 1043, locator_misses: 390, pack_hits: 366, pack_misses: 41, forced_seals: 0 }
HISTORY_POOLED_WORK state=1 stage=save_custody scope=operation-reader-only cumulative=PoolReadCounters { leaf_requests: 0, chain_edges: 0, physical_record_calls: 0, physical_group_decodes: 0, physical_group_decoded_bytes: 0, physical_group_cache_hits: 0, value_group_decodes: 0, pack_fetches: 0, pack_bytes: 0 }
HISTORY_STATE_WORK {"state":1,"full157":1,"changed_paths":276,"offered_objects":364,"acquire_ns":40244375,"construct_ns":6778792,"filesystem_ns":1527459,"save_custody_ns":29581000}
DIAGNOSTIC state=1 full157=1 root=ObjectId("7383dcd6e75ad784518dbdb95b3a7d3cce5a5b3f264ceaa05d9957ef9096e066")
HISTORY_COLD_BOUNDARY {"before_state":2,"wall_ns":3934417,"attestation":{"files":1,"length_bytes":716800,"total_pages":44,"resident_first":44,"resident_after":0,"invalidated_files":1,"page_size_bytes":16384,"first_pass_ns":408000,"attestation_ns":43000,"opens":3,"fstats":3,"mmap_calls":2,"mincore_calls":3,"munmap_calls":2,"msync_calls":1,"inventory_entries":2,"vector_peak_bytes":44}}
HISTORY_ENGINE_WORK {"state":2,"stage":"acquisition","available":true,"values":[0, 0, 0, 0, 0, 0, 0, 0, 0, 0, 0, 0, 0, 0, 0, 0, 0, 0, 0]}
HISTORY_ENGINE_WORK {"state":2,"stage":"construction","available":true,"values":[0, 0, 0, 0, 0, 0, 0, 0, 0, 0, 0, 0, 0, 0, 0, 0, 0, 0, 0]}
HISTORY_PROVIDER_WORK state=2 stage=construction cumulative=Diagnostics { policy: 1, locate: 27, read_packs: 0, value_groups: 2, signatures: 1, reserve: 3, publish: 16, payload_reads: 41, payload_read_bytes: 1664616, pack_read_bytes: 0, pack_write_bytes: 529410, pooled_packs: 1, pooled_groups: 7, reserved_directory_bytes: 4096, ordinal_reservations: 2, locator_hits: 1043, locator_misses: 390, pack_hits: 366, pack_misses: 41, forced_seals: 0 }
HISTORY_POOLED_WORK state=2 stage=construction scope=operation-reader-only cumulative=PoolReadCounters { leaf_requests: 0, chain_edges: 0, physical_record_calls: 0, physical_group_decodes: 0, physical_group_decoded_bytes: 0, physical_group_cache_hits: 0, value_group_decodes: 0, pack_fetches: 0, pack_bytes: 0 }
HISTORY_ENGINE_WORK {"state":2,"stage":"filesystem","available":true,"values":[238, 14241, 1293000, 0, 0, 7, 0, 11, 414083, 238, 96293, 25792, 0, 0, 0, 3, 2, 0, 76]}
HISTORY_PROVIDER_WORK state=2 stage=filesystem cumulative=Diagnostics { policy: 1, locate: 93, read_packs: 3, value_groups: 9, signatures: 1, reserve: 3, publish: 16, payload_reads: 41, payload_read_bytes: 1664616, pack_read_bytes: 30220, pack_write_bytes: 529410, pooled_packs: 1, pooled_groups: 7, reserved_directory_bytes: 4096, ordinal_reservations: 2, locator_hits: 1485, locator_misses: 462, pack_hits: 2048, pack_misses: 44, forced_seals: 0 }
HISTORY_POOLED_WORK state=2 stage=filesystem scope=operation-reader-only cumulative=PoolReadCounters { leaf_requests: 110, chain_edges: 0, physical_record_calls: 220, physical_group_decodes: 0, physical_group_decoded_bytes: 0, physical_group_cache_hits: 220, value_group_decodes: 7, pack_fetches: 2, pack_bytes: 24072 }
HISTORY_ENGINE_WORK {"state":2,"stage":"save_custody","available":true,"values":[769, 51438, 8613000, 0, 0, 0, 2, 55, 1375248, 769, 321371, 3045753, 1429504, 0, 0, 77, 14, 0, 168]}
HISTORY_PROVIDER_WORK state=2 stage=save_custody cumulative=Diagnostics { policy: 1, locate: 193, read_packs: 11, value_groups: 11, signatures: 1, reserve: 8, publish: 30, payload_reads: 98, payload_read_bytes: 4306265, pack_read_bytes: 537091, pack_write_bytes: 1171278, pooled_packs: 2, pooled_groups: 19, reserved_directory_bytes: 8192, ordinal_reservations: 7, locator_hits: 3727, locator_misses: 1119, pack_hits: 3711, pack_misses: 121, forced_seals: 0 }
HISTORY_POOLED_WORK state=2 stage=save_custody scope=operation-reader-only cumulative=PoolReadCounters { leaf_requests: 110, chain_edges: 0, physical_record_calls: 220, physical_group_decodes: 0, physical_group_decoded_bytes: 0, physical_group_cache_hits: 220, value_group_decodes: 7, pack_fetches: 2, pack_bytes: 24072 }
HISTORY_STATE_WORK {"state":2,"full157":4,"changed_paths":530,"offered_objects":520,"acquire_ns":62059250,"construct_ns":10527542,"filesystem_ns":11264250,"save_custody_ns":52570792}
DIAGNOSTIC state=2 full157=4 root=ObjectId("c093ac7033eefabca4b73d841202d404cbf4277a444c7aa334753731a7a83fdf")
HISTORY_COLD_BOUNDARY {"before_state":3,"wall_ns":3754166,"attestation":{"files":1,"length_bytes":1425408,"total_pages":87,"resident_first":85,"resident_after":0,"invalidated_files":1,"page_size_bytes":16384,"first_pass_ns":498000,"attestation_ns":69000,"opens":3,"fstats":3,"mmap_calls":2,"mincore_calls":3,"munmap_calls":2,"msync_calls":1,"inventory_entries":2,"vector_peak_bytes":87}}
HISTORY_ENGINE_WORK {"state":3,"stage":"acquisition","available":true,"values":[0, 0, 0, 0, 0, 0, 0, 0, 0, 0, 0, 0, 0, 0, 0, 0, 0, 0, 0]}
HISTORY_ENGINE_WORK {"state":3,"stage":"construction","available":true,"values":[10, 88, 192000, 0, 0, 0, 0, 4, 79458, 10, 5958, 8240, 0, 0, 0, 1, 1, 0, 3]}
HISTORY_PROVIDER_WORK state=3 stage=construction cumulative=Diagnostics { policy: 1, locate: 195, read_packs: 12, value_groups: 11, signatures: 1, reserve: 8, publish: 30, payload_reads: 98, payload_read_bytes: 4306265, pack_read_bytes: 546584, pack_write_bytes: 1171278, pooled_packs: 2, pooled_groups: 19, reserved_directory_bytes: 8192, ordinal_reservations: 7, locator_hits: 3729, locator_misses: 1121, pack_hits: 3726, pack_misses: 122, forced_seals: 0 }
HISTORY_POOLED_WORK state=3 stage=construction scope=operation-reader-only cumulative=PoolReadCounters { leaf_requests: 0, chain_edges: 0, physical_record_calls: 0, physical_group_decodes: 0, physical_group_decoded_bytes: 0, physical_group_cache_hits: 0, value_group_decodes: 0, pack_fetches: 0, pack_bytes: 0 }
HISTORY_ENGINE_WORK {"state":3,"stage":"filesystem","available":true,"values":[370, 20318, 1898000, 0, 0, 12, 0, 11, 453707, 370, 164336, 51040, 0, 0, 0, 4, 1, 0, 118]}
HISTORY_PROVIDER_WORK state=3 stage=filesystem cumulative=Diagnostics { policy: 1, locate: 297, read_packs: 16, value_groups: 23, signatures: 1, reserve: 8, publish: 30, payload_reads: 98, payload_read_bytes: 4306265, pack_read_bytes: 603729, pack_write_bytes: 1171278, pooled_packs: 2, pooled_groups: 19, reserved_directory_bytes: 8192, ordinal_reservations: 7, locator_hits: 4072, locator_misses: 1234, pack_hits: 5271, pack_misses: 126, forced_seals: 0 }
HISTORY_POOLED_WORK state=3 stage=filesystem scope=operation-reader-only cumulative=PoolReadCounters { leaf_requests: 81, chain_edges: 0, physical_record_calls: 162, physical_group_decodes: 0, physical_group_decoded_bytes: 0, physical_group_cache_hits: 162, value_group_decodes: 19, pack_fetches: 3, pack_bytes: 50997 }
HISTORY_ENGINE_WORK {"state":3,"stage":"save_custody","available":true,"values":[739, 55397, 10091000, 0, 0, 0, 2, 55, 1594833, 739, 351156, 4776879, 1503232, 0, 0, 138, 13, 0, 138]}
HISTORY_PROVIDER_WORK state=3 stage=save_custody cumulative=Diagnostics { policy: 1, locate: 323, read_packs: 43, value_groups: 25, signatures: 1, reserve: 14, publish: 42, payload_reads: 180, payload_read_bytes: 7844740, pack_read_bytes: 2077718, pack_write_bytes: 1735850, pooled_packs: 3, pooled_groups: 35, reserved_directory_bytes: 12288, ordinal_reservations: 13, locator_hits: 7488, locator_misses: 1990, pack_hits: 8735, pack_misses: 264, forced_seals: 0 }
HISTORY_POOLED_WORK state=3 stage=save_custody scope=operation-reader-only cumulative=PoolReadCounters { leaf_requests: 81, chain_edges: 0, physical_record_calls: 162, physical_group_decodes: 0, physical_group_decoded_bytes: 0, physical_group_cache_hits: 162, value_group_decodes: 19, pack_fetches: 3, pack_bytes: 50997 }
HISTORY_STATE_WORK {"state":3,"full157":7,"changed_paths":426,"offered_objects":535,"acquire_ns":73588709,"construct_ns":15085167,"filesystem_ns":12994291,"save_custody_ns":67175208}
DIAGNOSTIC state=3 full157=7 root=ObjectId("e8486c211f0fb5e35287c2cc851215332426dbefb224795400828b3dcfe8dbec")
HISTORY_COLD_BOUNDARY {"before_state":4,"wall_ns":3968416,"attestation":{"files":1,"length_bytes":2015232,"total_pages":123,"resident_first":121,"resident_after":0,"invalidated_files":1,"page_size_bytes":16384,"first_pass_ns":573000,"attestation_ns":79000,"opens":3,"fstats":3,"mmap_calls":2,"mincore_calls":3,"munmap_calls":2,"msync_calls":1,"inventory_entries":2,"vector_peak_bytes":123}}
HISTORY_ENGINE_WORK {"state":4,"stage":"acquisition","available":true,"values":[0, 0, 0, 0, 0, 0, 0, 0, 0, 0, 0, 0, 0, 0, 0, 0, 0, 0, 0]}
HISTORY_ENGINE_WORK {"state":4,"stage":"construction","available":true,"values":[10, 88, 377000, 0, 0, 0, 0, 4, 91333, 10, 9874, 8240, 0, 0, 0, 1, 1, 0, 3]}
HISTORY_PROVIDER_WORK state=4 stage=construction cumulative=Diagnostics { policy: 1, locate: 325, read_packs: 44, value_groups: 25, signatures: 1, reserve: 14, publish: 42, payload_reads: 180, payload_read_bytes: 7844740, pack_read_bytes: 2087305, pack_write_bytes: 1735850, pooled_packs: 3, pooled_groups: 35, reserved_directory_bytes: 12288, ordinal_reservations: 13, locator_hits: 7490, locator_misses: 1992, pack_hits: 8750, pack_misses: 265, forced_seals: 0 }
HISTORY_POOLED_WORK state=4 stage=construction scope=operation-reader-only cumulative=PoolReadCounters { leaf_requests: 0, chain_edges: 0, physical_record_calls: 0, physical_group_decodes: 0, physical_group_decoded_bytes: 0, physical_group_cache_hits: 0, value_group_decodes: 0, pack_fetches: 0, pack_bytes: 0 }
HISTORY_ENGINE_WORK {"state":4,"stage":"filesystem","available":true,"values":[344, 20924, 2716000, 0, 0, 16, 0, 19, 707251, 344, 156172, 91590, 0, 0, 0, 7, 1, 0, 107]}
HISTORY_PROVIDER_WORK state=4 stage=filesystem cumulative=Diagnostics { policy: 1, locate: 409, read_packs: 51, value_groups: 41, signatures: 1, reserve: 14, publish: 42, payload_reads: 180, payload_read_bytes: 7844740, pack_read_bytes: 2188295, pack_write_bytes: 1735850, pooled_packs: 3, pooled_groups: 35, reserved_directory_bytes: 12288, ordinal_reservations: 13, locator_hits: 8180, locator_misses: 2090, pack_hits: 11085, pack_misses: 272, forced_seals: 0 }
HISTORY_POOLED_WORK state=4 stage=filesystem scope=operation-reader-only cumulative=PoolReadCounters { leaf_requests: 113, chain_edges: 58, physical_record_calls: 342, physical_group_decodes: 1, physical_group_decoded_bytes: 27761, physical_group_cache_hits: 341, value_group_decodes: 34, pack_fetches: 5, pack_bytes: 85349 }
HISTORY_ENGINE_WORK {"state":4,"stage":"save_custody","available":true,"values":[689, 60445, 12697000, 0, 0, 0, 2, 53, 1489129, 689, 335531, 6118164, 1208320, 0, 0, 150, 6, 0, 131]}
HISTORY_PROVIDER_WORK state=4 stage=save_custody cumulative=Diagnostics { policy: 1, locate: 427, read_packs: 102, value_groups: 43, signatures: 1, reserve: 20, publish: 47, payload_reads: 239, payload_read_bytes: 11140964, pack_read_bytes: 4890639, pack_write_bytes: 2312534, pooled_packs: 4, pooled_groups: 54, reserved_directory_bytes: 16384, ordinal_reservations: 19, locator_hits: 13030, locator_misses: 2994, pack_hits: 16745, pack_misses: 422, forced_seals: 0 }
HISTORY_POOLED_WORK state=4 stage=save_custody scope=operation-reader-only cumulative=PoolReadCounters { leaf_requests: 113, chain_edges: 58, physical_record_calls: 342, physical_group_decodes: 1, physical_group_decoded_bytes: 27761, physical_group_cache_hits: 341, value_group_decodes: 34, pack_fetches: 5, pack_bytes: 85349 }
HISTORY_STATE_WORK {"state":4,"full157":10,"changed_paths":502,"offered_objects":589,"acquire_ns":93000041,"construct_ns":18936792,"filesystem_ns":18420583,"save_custody_ns":91365541}
DIAGNOSTIC state=4 full157=10 root=ObjectId("710084829aa7f830727fdba6af694c70a75c35b38b20c8655c04796ce98a144e")
HISTORY_COLD_BOUNDARY {"before_state":5,"wall_ns":4272750,"attestation":{"files":1,"length_bytes":2641920,"total_pages":162,"resident_first":160,"resident_after":0,"invalidated_files":1,"page_size_bytes":16384,"first_pass_ns":785000,"attestation_ns":107000,"opens":3,"fstats":3,"mmap_calls":2,"mincore_calls":3,"munmap_calls":2,"msync_calls":1,"inventory_entries":2,"vector_peak_bytes":162}}
HISTORY_ENGINE_WORK {"state":5,"stage":"acquisition","available":true,"values":[0, 0, 0, 0, 0, 0, 0, 0, 0, 0, 0, 0, 0, 0, 0, 0, 0, 0, 0]}
HISTORY_ENGINE_WORK {"state":5,"stage":"construction","available":true,"values":[21, 177, 1265000, 0, 0, 0, 0, 4, 70709, 21, 14126, 335968, 0, 0, 0, 3, 1, 0, 6]}
HISTORY_PROVIDER_WORK state=5 stage=construction cumulative=Diagnostics { policy: 1, locate: 430, read_packs: 105, value_groups: 43, signatures: 1, reserve: 20, publish: 47, payload_reads: 239, payload_read_bytes: 11140964, pack_read_bytes: 5231388, pack_write_bytes: 2312534, pooled_packs: 4, pooled_groups: 54, reserved_directory_bytes: 16384, ordinal_reservations: 19, locator_hits: 13036, locator_misses: 2997, pack_hits: 16774, pack_misses: 425, forced_seals: 0 }
HISTORY_POOLED_WORK state=5 stage=construction scope=operation-reader-only cumulative=PoolReadCounters { leaf_requests: 0, chain_edges: 0, physical_record_calls: 0, physical_group_decodes: 0, physical_group_decoded_bytes: 0, physical_group_cache_hits: 0, value_group_decodes: 0, pack_fetches: 0, pack_bytes: 0 }
HISTORY_ENGINE_WORK {"state":5,"stage":"filesystem","available":true,"values":[349, 22766, 3412000, 0, 0, 19, 0, 19, 802540, 349, 210630, 128454, 0, 0, 0, 9, 1, 0, 107]}
HISTORY_PROVIDER_WORK state=5 stage=filesystem cumulative=Diagnostics { policy: 1, locate: 509, read_packs: 114, value_groups: 62, signatures: 1, reserve: 20, publish: 47, payload_reads: 239, payload_read_bytes: 11140964, pack_read_bytes: 5374279, pack_write_bytes: 2312534, pooled_packs: 4, pooled_groups: 54, reserved_directory_bytes: 16384, ordinal_reservations: 19, locator_hits: 13951, locator_misses: 3094, pack_hits: 19501, pack_misses: 434, forced_seals: 0 }
HISTORY_POOLED_WORK state=5 stage=filesystem scope=operation-reader-only cumulative=PoolReadCounters { leaf_requests: 128, chain_edges: 118, physical_record_calls: 492, physical_group_decodes: 2, physical_group_decoded_bytes: 53223, physical_group_cache_hits: 490, value_group_decodes: 51, pack_fetches: 7, pack_bytes: 123811 }
HISTORY_ENGINE_WORK {"state":5,"stage":"save_custody","available":true,"values":[943, 69048, 19138000, 0, 0, 0, 2, 67, 1926791, 943, 487837, 9414678, 1966080, 0, 0, 209, 12, 0, 183]}
HISTORY_PROVIDER_WORK state=5 stage=save_custody cumulative=Diagnostics { policy: 1, locate: 533, read_packs: 182, value_groups: 64, signatures: 1, reserve: 26, publish: 57, payload_reads: 327, payload_read_bytes: 16716007, pack_read_bytes: 9549770, pack_write_bytes: 3089850, pooled_packs: 5, pooled_groups: 75, reserved_directory_bytes: 20480, ordinal_reservations: 25, locator_hits: 19344, locator_misses: 4059, pack_hits: 26210, pack_misses: 643, forced_seals: 0 }
HISTORY_POOLED_WORK state=5 stage=save_custody scope=operation-reader-only cumulative=PoolReadCounters { leaf_requests: 128, chain_edges: 118, physical_record_calls: 492, physical_group_decodes: 2, physical_group_decoded_bytes: 53223, physical_group_cache_hits: 490, value_group_decodes: 51, pack_fetches: 7, pack_bytes: 123811 }
HISTORY_STATE_WORK {"state":5,"full157":13,"changed_paths":533,"offered_objects":660,"acquire_ns":101980833,"construct_ns":25200000,"filesystem_ns":22528167,"save_custody_ns":114541917}
DIAGNOSTIC state=5 full157=13 root=ObjectId("ca128f6a9d16d35827c857782ab338b8a48721915d714f82c47d7d1714acb080")
HISTORY_COLD_BOUNDARY {"before_state":6,"wall_ns":4398458,"attestation":{"files":1,"length_bytes":3481600,"total_pages":213,"resident_first":209,"resident_after":0,"invalidated_files":1,"page_size_bytes":16384,"first_pass_ns":1028000,"attestation_ns":116000,"opens":3,"fstats":3,"mmap_calls":2,"mincore_calls":3,"munmap_calls":2,"msync_calls":1,"inventory_entries":2,"vector_peak_bytes":213}}
HISTORY_ENGINE_WORK {"state":6,"stage":"acquisition","available":true,"values":[0, 0, 0, 0, 0, 0, 0, 0, 0, 0, 0, 0, 0, 0, 0, 0, 0, 0, 0]}
HISTORY_ENGINE_WORK {"state":6,"stage":"construction","available":true,"values":[10, 88, 466000, 0, 0, 0, 0, 4, 121833, 10, 12251, 12336, 0, 0, 0, 1, 1, 0, 3]}
HISTORY_PROVIDER_WORK state=6 stage=construction cumulative=Diagnostics { policy: 1, locate: 535, read_packs: 183, value_groups: 64, signatures: 1, reserve: 26, publish: 57, payload_reads: 327, payload_read_bytes: 16716007, pack_read_bytes: 9564451, pack_write_bytes: 3089850, pooled_packs: 5, pooled_groups: 75, reserved_directory_bytes: 20480, ordinal_reservations: 25, locator_hits: 19346, locator_misses: 4061, pack_hits: 26225, pack_misses: 644, forced_seals: 0 }
HISTORY_POOLED_WORK state=6 stage=construction scope=operation-reader-only cumulative=PoolReadCounters { leaf_requests: 0, chain_edges: 0, physical_record_calls: 0, physical_group_decodes: 0, physical_group_decoded_bytes: 0, physical_group_cache_hits: 0, value_group_decodes: 0, pack_fetches: 0, pack_bytes: 0 }
HISTORY_ENGINE_WORK {"state":6,"stage":"filesystem","available":true,"values":[373, 25010, 3550000, 0, 0, 21, 0, 20, 845459, 373, 214952, 181798, 0, 0, 0, 13, 1, 0, 113]}
HISTORY_PROVIDER_WORK state=6 stage=filesystem cumulative=Diagnostics { policy: 1, locate: 614, read_packs: 196, value_groups: 85, signatures: 1, reserve: 26, publish: 57, payload_reads: 327, payload_read_bytes: 16716007, pack_read_bytes: 9769073, pack_write_bytes: 3089850, pooled_packs: 5, pooled_groups: 75, reserved_directory_bytes: 20480, ordinal_reservations: 25, locator_hits: 20382, locator_misses: 4159, pack_hits: 29296, pack_misses: 657, forced_seals: 0 }
HISTORY_POOLED_WORK state=6 stage=filesystem scope=operation-reader-only cumulative=PoolReadCounters { leaf_requests: 142, chain_edges: 134, physical_record_calls: 552, physical_group_decodes: 3, physical_group_decoded_bytes: 81859, physical_group_cache_hits: 549, value_group_decodes: 70, pack_fetches: 9, pack_bytes: 167914 }
HISTORY_ENGINE_WORK {"state":6,"stage":"save_custody","available":true,"values":[1098, 72042, 23033000, 0, 0, 0, 2, 66, 2188081, 1098, 556620, 12584823, 2002944, 0, 0, 267, 8, 0, 217]}
HISTORY_PROVIDER_WORK state=6 stage=save_custody cumulative=Diagnostics { policy: 1, locate: 625, read_packs: 299, value_groups: 87, signatures: 1, reserve: 32, publish: 64, payload_reads: 427, payload_read_bytes: 23550232, pack_read_bytes: 15742003, pack_write_bytes: 3928125, pooled_packs: 6, pooled_groups: 100, reserved_directory_bytes: 24576, ordinal_reservations: 31, locator_hits: 26863, locator_misses: 5170, pack_hits: 38162, pack_misses: 924, forced_seals: 0 }
HISTORY_POOLED_WORK state=6 stage=save_custody scope=operation-reader-only cumulative=PoolReadCounters { leaf_requests: 142, chain_edges: 134, physical_record_calls: 552, physical_group_decodes: 3, physical_group_decoded_bytes: 81859, physical_group_cache_hits: 549, value_group_decodes: 70, pack_fetches: 9, pack_bytes: 167914 }
HISTORY_STATE_WORK {"state":6,"full157":16,"changed_paths":538,"offered_objects":668,"acquire_ns":114786875,"construct_ns":24304958,"filesystem_ns":27639625,"save_custody_ns":139364250}
DIAGNOSTIC state=6 full157=16 root=ObjectId("885fe2f496f536721448a9365a778085d787ccda0a90a5b4ee5ad737afa55b78")
HISTORY_COLD_BOUNDARY {"before_state":7,"wall_ns":5067292,"attestation":{"files":1,"length_bytes":4370432,"total_pages":267,"resident_first":264,"resident_after":0,"invalidated_files":1,"page_size_bytes":16384,"first_pass_ns":1368000,"attestation_ns":134000,"opens":3,"fstats":3,"mmap_calls":2,"mincore_calls":3,"munmap_calls":2,"msync_calls":1,"inventory_entries":2,"vector_peak_bytes":267}}
HISTORY_ENGINE_WORK {"state":7,"stage":"acquisition","available":true,"values":[0, 0, 0, 0, 0, 0, 0, 0, 0, 0, 0, 0, 0, 0, 0, 0, 0, 0, 0]}
HISTORY_ENGINE_WORK {"state":7,"stage":"construction","available":true,"values":[10, 88, 492000, 0, 0, 0, 0, 4, 84249, 10, 7958, 12336, 0, 0, 0, 1, 1, 0, 3]}
HISTORY_PROVIDER_WORK state=7 stage=construction cumulative=Diagnostics { policy: 1, locate: 627, read_packs: 300, value_groups: 87, signatures: 1, reserve: 32, publish: 64, payload_reads: 427, payload_read_bytes: 23550232, pack_read_bytes: 15756523, pack_write_bytes: 3928125, pooled_packs: 6, pooled_groups: 100, reserved_directory_bytes: 24576, ordinal_reservations: 31, locator_hits: 26865, locator_misses: 5172, pack_hits: 38177, pack_misses: 925, forced_seals: 0 }
HISTORY_POOLED_WORK state=7 stage=construction scope=operation-reader-only cumulative=PoolReadCounters { leaf_requests: 0, chain_edges: 0, physical_record_calls: 0, physical_group_decodes: 0, physical_group_decoded_bytes: 0, physical_group_cache_hits: 0, value_group_decodes: 0, pack_fetches: 0, pack_bytes: 0 }
HISTORY_ENGINE_WORK {"state":7,"stage":"filesystem","available":true,"values":[467, 26370, 5235000, 0, 0, 25, 0, 28, 933832, 467, 271620, 239606, 0, 0, 0, 16, 1, 0, 142]}
HISTORY_PROVIDER_WORK state=7 stage=filesystem cumulative=Diagnostics { policy: 1, locate: 730, read_packs: 314, value_groups: 112, signatures: 1, reserve: 32, publish: 64, payload_reads: 427, payload_read_bytes: 23550232, pack_read_bytes: 16020408, pack_write_bytes: 3928125, pooled_packs: 6, pooled_groups: 100, reserved_directory_bytes: 24576, ordinal_reservations: 31, locator_hits: 29124, locator_misses: 5299, pack_hits: 44280, pack_misses: 941, forced_seals: 0 }
HISTORY_POOLED_WORK state=7 stage=filesystem scope=operation-reader-only cumulative=PoolReadCounters { leaf_requests: 250, chain_edges: 352, physical_record_calls: 1204, physical_group_decodes: 4, physical_group_decoded_bytes: 118962, physical_group_cache_hits: 1200, value_group_decodes: 91, pack_fetches: 11, pack_bytes: 212496 }
HISTORY_ENGINE_WORK {"state":7,"stage":"save_custody","available":true,"values":[1331, 104160, 29202000, 0, 0, 0, 2, 65, 2171499, 1331, 648001, 16480705, 1912832, 0, 0, 329, 8, 0, 276]}
HISTORY_PROVIDER_WORK state=7 stage=save_custody cumulative=Diagnostics { policy: 1, locate: 760, read_packs: 424, value_groups: 114, signatures: 1, reserve: 38, publish: 70, payload_reads: 560, payload_read_bytes: 32651532, pack_read_bytes: 23835963, pack_write_bytes: 4619331, pooled_packs: 7, pooled_groups: 127, reserved_directory_bytes: 28672, ordinal_reservations: 37, locator_hits: 40911, locator_misses: 7031, pack_hits: 61411, pack_misses: 1270, forced_seals: 0 }
HISTORY_POOLED_WORK state=7 stage=save_custody scope=operation-reader-only cumulative=PoolReadCounters { leaf_requests: 250, chain_edges: 352, physical_record_calls: 1204, physical_group_decodes: 4, physical_group_decoded_bytes: 118962, physical_group_cache_hits: 1200, value_group_decodes: 91, pack_fetches: 11, pack_bytes: 212496 }
HISTORY_STATE_WORK {"state":7,"full157":19,"changed_paths":941,"offered_objects":1006,"acquire_ns":172039750,"construct_ns":33090000,"filesystem_ns":48898750,"save_custody_ns":192470583}
DIAGNOSTIC state=7 full157=19 root=ObjectId("b787da97d70637f1f475257e9ee45f3f7abd8c94add452787396eca1ccdb122e")
HISTORY_COLD_BOUNDARY {"before_state":8,"wall_ns":4296083,"attestation":{"files":1,"length_bytes":5128192,"total_pages":313,"resident_first":311,"resident_after":0,"invalidated_files":1,"page_size_bytes":16384,"first_pass_ns":1263000,"attestation_ns":147000,"opens":3,"fstats":3,"mmap_calls":2,"mincore_calls":3,"munmap_calls":2,"msync_calls":1,"inventory_entries":2,"vector_peak_bytes":313}}
HISTORY_ENGINE_WORK {"state":8,"stage":"acquisition","available":true,"values":[0, 0, 0, 0, 0, 0, 0, 0, 0, 0, 0, 0, 0, 0, 0, 0, 0, 0, 0]}
HISTORY_ENGINE_WORK {"state":8,"stage":"construction","available":true,"values":[20, 176, 653000, 0, 0, 0, 0, 4, 83292, 20, 18793, 28768, 0, 0, 0, 2, 1, 0, 6]}
HISTORY_PROVIDER_WORK state=8 stage=construction cumulative=Diagnostics { policy: 1, locate: 764, read_packs: 426, value_groups: 114, signatures: 1, reserve: 38, publish: 70, payload_reads: 560, payload_read_bytes: 32651532, pack_read_bytes: 23867704, pack_write_bytes: 4619331, pooled_packs: 7, pooled_groups: 127, reserved_directory_bytes: 28672, ordinal_reservations: 37, locator_hits: 40915, locator_misses: 7035, pack_hits: 61441, pack_misses: 1272, forced_seals: 0 }
HISTORY_POOLED_WORK state=8 stage=construction scope=operation-reader-only cumulative=PoolReadCounters { leaf_requests: 0, chain_edges: 0, physical_record_calls: 0, physical_group_decodes: 0, physical_group_decoded_bytes: 0, physical_group_cache_hits: 0, value_group_decodes: 0, pack_fetches: 0, pack_bytes: 0 }
HISTORY_ENGINE_WORK {"state":8,"stage":"filesystem","available":true,"values":[381, 36820, 4498000, 0, 0, 27, 0, 29, 1211834, 381, 203915, 292374, 0, 0, 0, 18, 1, 0, 112]}
HISTORY_PROVIDER_WORK state=8 stage=filesystem cumulative=Diagnostics { policy: 1, locate: 831, read_packs: 444, value_groups: 141, signatures: 1, reserve: 38, publish: 70, payload_reads: 560, payload_read_bytes: 32651532, pack_read_bytes: 24191525, pack_write_bytes: 4619331, pooled_packs: 7, pooled_groups: 127, reserved_directory_bytes: 28672, ordinal_reservations: 37, locator_hits: 42449, locator_misses: 7127, pack_hits: 65804, pack_misses: 1290, forced_seals: 0 }
HISTORY_POOLED_WORK state=8 stage=filesystem scope=operation-reader-only cumulative=PoolReadCounters { leaf_requests: 194, chain_edges: 204, physical_record_calls: 796, physical_group_decodes: 4, physical_group_decoded_bytes: 117259, physical_group_cache_hits: 792, value_group_decodes: 110, pack_fetches: 13, pack_bytes: 272593 }
HISTORY_ENGINE_WORK {"state":8,"stage":"save_custody","available":true,"values":[1680, 106035, 36272000, 0, 0, 0, 2, 78, 2626049, 1680, 839994, 20189454, 3395584, 0, 0, 401, 18, 0, 344]}
HISTORY_PROVIDER_WORK state=8 stage=save_custody cumulative=Diagnostics { policy: 1, locate: 864, read_packs: 582, value_groups: 143, signatures: 1, reserve: 44, publish: 87, payload_reads: 730, payload_read_bytes: 43817128, pack_read_bytes: 33694104, pack_write_bytes: 5516914, pooled_packs: 8, pooled_groups: 158, reserved_directory_bytes: 32768, ordinal_reservations: 43, locator_hits: 53006, locator_misses: 8639, pack_hits: 81353, pack_misses: 1691, forced_seals: 0 }
HISTORY_POOLED_WORK state=8 stage=save_custody scope=operation-reader-only cumulative=PoolReadCounters { leaf_requests: 194, chain_edges: 204, physical_record_calls: 796, physical_group_decodes: 4, physical_group_decoded_bytes: 117259, physical_group_cache_hits: 792, value_group_decodes: 110, pack_fetches: 13, pack_bytes: 272593 }
HISTORY_STATE_WORK {"state":8,"full157":22,"changed_paths":818,"offered_objects":980,"acquire_ns":161228208,"construct_ns":34509167,"filesystem_ns":41633458,"save_custody_ns":206977375}
DIAGNOSTIC state=8 full157=22 root=ObjectId("0a49337f1afcbf6894de280b78b422615b3d711560ebd62861cbca30909da808")
HISTORY_COLD_BOUNDARY {"before_state":9,"wall_ns":5046416,"attestation":{"files":1,"length_bytes":6098944,"total_pages":373,"resident_first":369,"resident_after":0,"invalidated_files":1,"page_size_bytes":16384,"first_pass_ns":1534000,"attestation_ns":176000,"opens":3,"fstats":3,"mmap_calls":2,"mincore_calls":3,"munmap_calls":2,"msync_calls":1,"inventory_entries":2,"vector_peak_bytes":373}}
HISTORY_ENGINE_WORK {"state":9,"stage":"acquisition","available":true,"values":[0, 0, 0, 0, 0, 0, 0, 0, 0, 0, 0, 0, 0, 0, 0, 0, 0, 0, 0]}
HISTORY_ENGINE_WORK {"state":9,"stage":"construction","available":true,"values":[10, 88, 316000, 0, 0, 0, 0, 4, 100625, 10, 9706, 16432, 0, 0, 0, 1, 1, 0, 3]}
HISTORY_PROVIDER_WORK state=9 stage=construction cumulative=Diagnostics { policy: 1, locate: 866, read_packs: 583, value_groups: 143, signatures: 1, reserve: 44, publish: 87, payload_reads: 730, payload_read_bytes: 43817128, pack_read_bytes: 33713858, pack_write_bytes: 5516914, pooled_packs: 8, pooled_groups: 158, reserved_directory_bytes: 32768, ordinal_reservations: 43, locator_hits: 53008, locator_misses: 8641, pack_hits: 81368, pack_misses: 1692, forced_seals: 0 }
HISTORY_POOLED_WORK state=9 stage=construction scope=operation-reader-only cumulative=PoolReadCounters { leaf_requests: 0, chain_edges: 0, physical_record_calls: 0, physical_group_decodes: 0, physical_group_decoded_bytes: 0, physical_group_cache_hits: 0, value_group_decodes: 0, pack_fetches: 0, pack_bytes: 0 }
HISTORY_ENGINE_WORK {"state":9,"stage":"filesystem","available":true,"values":[608, 37779, 6849000, 0, 0, 31, 0, 31, 1378956, 608, 367580, 416422, 0, 0, 0, 22, 1, 0, 185]}
HISTORY_PROVIDER_WORK state=9 stage=filesystem cumulative=Diagnostics { policy: 1, locate: 998, read_packs: 605, value_groups: 174, signatures: 1, reserve: 44, publish: 87, payload_reads: 730, payload_read_bytes: 43817128, pack_read_bytes: 34130937, pack_write_bytes: 5516914, pooled_packs: 8, pooled_groups: 158, reserved_directory_bytes: 32768, ordinal_reservations: 43, locator_hits: 55479, locator_misses: 8800, pack_hits: 88483, pack_misses: 1714, forced_seals: 0 }
HISTORY_POOLED_WORK state=9 stage=filesystem scope=operation-reader-only cumulative=PoolReadCounters { leaf_requests: 356, chain_edges: 302, physical_record_calls: 1316, physical_group_decodes: 6, physical_group_decoded_bytes: 197044, physical_group_cache_hits: 1310, value_group_decodes: 134, pack_fetches: 15, pack_bytes: 334110 }
HISTORY_ENGINE_WORK {"state":9,"stage":"save_custody","available":true,"values":[918, 40288, 24634000, 0, 0, 0, 2, 45, 1211794, 918, 415970, 10873529, 630784, 0, 0, 268, 1, 0, 176]}
HISTORY_PROVIDER_WORK state=9 stage=save_custody cumulative=Diagnostics { policy: 1, locate: 1001, read_packs: 775, value_groups: 176, signatures: 1, reserve: 49, publish: 88, payload_reads: 730, payload_read_bytes: 43817128, pack_read_bytes: 45189148, pack_write_bytes: 5700923, pooled_packs: 9, pooled_groups: 181, reserved_directory_bytes: 36864, ordinal_reservations: 48, locator_hits: 64704, locator_misses: 9606, pack_hits: 105333, pack_misses: 1982, forced_seals: 0 }
HISTORY_POOLED_WORK state=9 stage=save_custody scope=operation-reader-only cumulative=PoolReadCounters { leaf_requests: 356, chain_edges: 302, physical_record_calls: 1316, physical_group_decodes: 6, physical_group_decoded_bytes: 197044, physical_group_cache_hits: 1310, value_group_decodes: 134, pack_fetches: 15, pack_bytes: 334110 }
HISTORY_STATE_WORK {"state":9,"full157":25,"changed_paths":897,"offered_objects":644,"acquire_ns":129128541,"construct_ns":26678750,"filesystem_ns":71440125,"save_custody_ns":135738125}
DIAGNOSTIC state=9 full157=25 root=ObjectId("4bc399e441187222283259966d78355be9af5606406147578a19a4b03366af70")
HISTORY_COLD_BOUNDARY {"before_state":10,"wall_ns":5258833,"attestation":{"files":1,"length_bytes":6303744,"total_pages":385,"resident_first":380,"resident_after":0,"invalidated_files":1,"page_size_bytes":16384,"first_pass_ns":1935000,"attestation_ns":186000,"opens":3,"fstats":3,"mmap_calls":2,"mincore_calls":3,"munmap_calls":2,"msync_calls":1,"inventory_entries":2,"vector_peak_bytes":385}}
HISTORY_ENGINE_WORK {"state":10,"stage":"acquisition","available":true,"values":[0, 0, 0, 0, 0, 0, 0, 0, 0, 0, 0, 0, 0, 0, 0, 0, 0, 0, 0]}
HISTORY_ENGINE_WORK {"state":10,"stage":"construction","available":true,"values":[10, 88, 437000, 0, 0, 0, 0, 4, 101542, 10, 8334, 8240, 0, 0, 0, 1, 1, 0, 3]}
HISTORY_PROVIDER_WORK state=10 stage=construction cumulative=Diagnostics { policy: 1, locate: 1003, read_packs: 776, value_groups: 176, signatures: 1, reserve: 49, publish: 88, payload_reads: 730, payload_read_bytes: 43817128, pack_read_bytes: 45198977, pack_write_bytes: 5700923, pooled_packs: 9, pooled_groups: 181, reserved_directory_bytes: 36864, ordinal_reservations: 48, locator_hits: 64706, locator_misses: 9608, pack_hits: 105348, pack_misses: 1983, forced_seals: 0 }
HISTORY_POOLED_WORK state=10 stage=construction scope=operation-reader-only cumulative=PoolReadCounters { leaf_requests: 0, chain_edges: 0, physical_record_calls: 0, physical_group_decodes: 0, physical_group_decoded_bytes: 0, physical_group_cache_hits: 0, value_group_decodes: 0, pack_fetches: 0, pack_bytes: 0 }
HISTORY_ENGINE_WORK {"state":10,"stage":"filesystem","available":true,"values":[945, 17914, 8244000, 0, 0, 23, 0, 24, 590667, 945, 537967, 418246, 0, 0, 0, 25, 1, 0, 299]}
HISTORY_PROVIDER_WORK state=10 stage=filesystem cumulative=Diagnostics { policy: 1, locate: 1255, read_packs: 800, value_groups: 199, signatures: 1, reserve: 49, publish: 88, payload_reads: 730, payload_read_bytes: 43817128, pack_read_bytes: 45659737, pack_write_bytes: 5700923, pooled_packs: 9, pooled_groups: 181, reserved_directory_bytes: 36864, ordinal_reservations: 48, locator_hits: 66869, locator_misses: 9937, pack_hits: 111208, pack_misses: 2008, forced_seals: 0 }
HISTORY_POOLED_WORK state=10 stage=filesystem scope=operation-reader-only cumulative=PoolReadCounters { leaf_requests: 222, chain_edges: 458, physical_record_calls: 1360, physical_group_decodes: 7, physical_group_decoded_bytes: 245584, physical_group_cache_hits: 1353, value_group_decodes: 143, pack_fetches: 17, pack_bytes: 358037 }
HISTORY_ENGINE_WORK {"state":10,"stage":"save_custody","available":true,"values":[1576, 79733, 37575000, 0, 0, 0, 2, 65, 1930418, 1576, 780959, 18723454, 1081344, 0, 0, 409, 2, 0, 347]}
HISTORY_PROVIDER_WORK state=10 stage=save_custody cumulative=Diagnostics { policy: 1, locate: 1291, read_packs: 994, value_groups: 201, signatures: 1, reserve: 54, publish: 90, payload_reads: 844, payload_read_bytes: 52601699, pack_read_bytes: 56327165, pack_write_bytes: 6024096, pooled_packs: 10, pooled_groups: 203, reserved_directory_bytes: 40960, ordinal_reservations: 53, locator_hits: 74467, locator_misses: 12095, pack_hits: 126355, pack_misses: 2417, forced_seals: 0 }
HISTORY_POOLED_WORK state=10 stage=save_custody scope=operation-reader-only cumulative=PoolReadCounters { leaf_requests: 222, chain_edges: 458, physical_record_calls: 1360, physical_group_decodes: 7, physical_group_decoded_bytes: 245584, physical_group_cache_hits: 1353, value_group_decodes: 143, pack_fetches: 17, pack_bytes: 358037 }
HISTORY_STATE_WORK {"state":10,"full157":28,"changed_paths":575,"offered_objects":544,"acquire_ns":101509291,"construct_ns":20925166,"filesystem_ns":50659750,"save_custody_ns":171205458}
DIAGNOSTIC state=10 full157=28 root=ObjectId("5b8a867353b31973c91056f085223c538014e9b053adf14bd3c9a714cd1c51d7")
HISTORY_COLD_BOUNDARY {"before_state":11,"wall_ns":5317000,"attestation":{"files":1,"length_bytes":6664192,"total_pages":407,"resident_first":404,"resident_after":0,"invalidated_files":1,"page_size_bytes":16384,"first_pass_ns":1824000,"attestation_ns":181000,"opens":3,"fstats":3,"mmap_calls":2,"mincore_calls":3,"munmap_calls":2,"msync_calls":1,"inventory_entries":2,"vector_peak_bytes":407}}
HISTORY_ENGINE_WORK {"state":11,"stage":"acquisition","available":true,"values":[0, 0, 0, 0, 0, 0, 0, 0, 0, 0, 0, 0, 0, 0, 0, 0, 0, 0, 0]}
HISTORY_ENGINE_WORK {"state":11,"stage":"construction","available":true,"values":[21, 177, 1734000, 0, 0, 0, 0, 4, 83751, 21, 17459, 303200, 0, 0, 0, 3, 1, 0, 6]}
HISTORY_PROVIDER_WORK state=11 stage=construction cumulative=Diagnostics { policy: 1, locate: 1294, read_packs: 997, value_groups: 201, signatures: 1, reserve: 54, publish: 90, payload_reads: 844, payload_read_bytes: 52601699, pack_read_bytes: 56635603, pack_write_bytes: 6024096, pooled_packs: 10, pooled_groups: 203, reserved_directory_bytes: 40960, ordinal_reservations: 53, locator_hits: 74473, locator_misses: 12098, pack_hits: 126384, pack_misses: 2420, forced_seals: 0 }
HISTORY_POOLED_WORK state=11 stage=construction scope=operation-reader-only cumulative=PoolReadCounters { leaf_requests: 0, chain_edges: 0, physical_record_calls: 0, physical_group_decodes: 0, physical_group_decoded_bytes: 0, physical_group_cache_hits: 0, value_group_decodes: 0, pack_fetches: 0, pack_bytes: 0 }
HISTORY_ENGINE_WORK {"state":11,"stage":"filesystem","available":true,"values":[479, 17290, 6640000, 0, 0, 22, 0, 27, 935751, 479, 275165, 448518, 0, 0, 0, 28, 1, 0, 143]}
HISTORY_PROVIDER_WORK state=11 stage=filesystem cumulative=Diagnostics { policy: 1, locate: 1389, read_packs: 1023, value_groups: 223, signatures: 1, reserve: 54, publish: 90, payload_reads: 844, payload_read_bytes: 52601699, pack_read_bytes: 57135839, pack_write_bytes: 6024096, pooled_packs: 10, pooled_groups: 203, reserved_directory_bytes: 40960, ordinal_reservations: 53, locator_hits: 77514, locator_misses: 12215, pack_hits: 133689, pack_misses: 2448, forced_seals: 0 }
HISTORY_POOLED_WORK state=11 stage=filesystem scope=operation-reader-only cumulative=PoolReadCounters { leaf_requests: 209, chain_edges: 634, physical_record_calls: 1686, physical_group_decodes: 8, physical_group_decoded_bytes: 265347, physical_group_cache_hits: 1678, value_group_decodes: 159, pack_fetches: 19, pack_bytes: 387684 }
HISTORY_ENGINE_WORK {"state":11,"stage":"save_custody","available":true,"values":[1423, 78767, 41953000, 0, 0, 0, 2, 70, 2470120, 1423, 1436541, 19192353, 565248, 0, 0, 416, 4, 0, 293]}
HISTORY_PROVIDER_WORK state=11 stage=save_custody cumulative=Diagnostics { policy: 1, locate: 1414, read_packs: 1208, value_groups: 225, signatures: 1, reserve: 60, publish: 91, payload_reads: 924, payload_read_bytes: 58067820, pack_read_bytes: 71596726, pack_write_bytes: 6116063, pooled_packs: 11, pooled_groups: 227, reserved_directory_bytes: 45056, ordinal_reservations: 59, locator_hits: 89208, locator_misses: 14730, pack_hits: 159725, pack_misses: 2864, forced_seals: 0 }
HISTORY_POOLED_WORK state=11 stage=save_custody scope=operation-reader-only cumulative=PoolReadCounters { leaf_requests: 209, chain_edges: 634, physical_record_calls: 1686, physical_group_decodes: 8, physical_group_decoded_bytes: 265347, physical_group_cache_hits: 1678, value_group_decodes: 159, pack_fetches: 19, pack_bytes: 387684 }
HISTORY_STATE_WORK {"state":11,"full157":31,"changed_paths":1175,"offered_objects":1346,"acquire_ns":220331041,"construct_ns":43794000,"filesystem_ns":57598541,"save_custody_ns":191117958}
DIAGNOSTIC state=11 full157=31 root=ObjectId("3df1cb0389a365f45252e202de74f1dfc290a462aeff05f93796ef0ec53509e3")
HISTORY_COLD_BOUNDARY {"before_state":12,"wall_ns":5034250,"attestation":{"files":1,"length_bytes":6770688,"total_pages":414,"resident_first":412,"resident_after":0,"invalidated_files":1,"page_size_bytes":16384,"first_pass_ns":1790000,"attestation_ns":205000,"opens":3,"fstats":3,"mmap_calls":2,"mincore_calls":3,"munmap_calls":2,"msync_calls":1,"inventory_entries":2,"vector_peak_bytes":414}}
HISTORY_ENGINE_WORK {"state":12,"stage":"acquisition","available":true,"values":[0, 0, 0, 0, 0, 0, 0, 0, 0, 0, 0, 0, 0, 0, 0, 0, 0, 0, 0]}
HISTORY_ENGINE_WORK {"state":12,"stage":"construction","available":true,"values":[42, 354, 3942000, 0, 0, 0, 0, 4, 110500, 42, 36583, 565152, 0, 0, 0, 6, 1, 0, 12]}
HISTORY_PROVIDER_WORK state=12 stage=construction cumulative=Diagnostics { policy: 1, locate: 1420, read_packs: 1214, value_groups: 225, signatures: 1, reserve: 60, publish: 91, payload_reads: 924, payload_read_bytes: 58067820, pack_read_bytes: 72175791, pack_write_bytes: 6116063, pooled_packs: 11, pooled_groups: 227, reserved_directory_bytes: 45056, ordinal_reservations: 59, locator_hits: 89220, locator_misses: 14736, pack_hits: 159775, pack_misses: 2870, forced_seals: 0 }
HISTORY_POOLED_WORK state=12 stage=construction scope=operation-reader-only cumulative=PoolReadCounters { leaf_requests: 0, chain_edges: 0, physical_record_calls: 0, physical_group_decodes: 0, physical_group_decoded_bytes: 0, physical_group_cache_hits: 0, value_group_decodes: 0, pack_fetches: 0, pack_bytes: 0 }
HISTORY_ENGINE_WORK {"state":12,"stage":"filesystem","available":true,"values":[1189, 18865, 9722000, 0, 0, 24, 0, 17, 553336, 1189, 606086, 456102, 0, 0, 0, 28, 1, 0, 379]}
HISTORY_PROVIDER_WORK state=12 stage=filesystem cumulative=Diagnostics { policy: 1, locate: 1749, read_packs: 1240, value_groups: 249, signatures: 1, reserve: 60, publish: 91, payload_reads: 924, payload_read_bytes: 58067820, pack_read_bytes: 72674796, pack_write_bytes: 6116063, pooled_packs: 11, pooled_groups: 227, reserved_directory_bytes: 45056, ordinal_reservations: 59, locator_hits: 92721, locator_misses: 15093, pack_hits: 168593, pack_misses: 2898, forced_seals: 0 }
HISTORY_POOLED_WORK state=12 stage=filesystem scope=operation-reader-only cumulative=PoolReadCounters { leaf_requests: 328, chain_edges: 750, physical_record_calls: 2156, physical_group_decodes: 6, physical_group_decoded_bytes: 203137, physical_group_cache_hits: 2150, value_group_decodes: 154, pack_fetches: 18, pack_bytes: 376581 }
HISTORY_ENGINE_WORK {"state":12,"stage":"save_custody","available":true,"values":[2769, 154138, 50520000, 0, 0, 0, 2, 111, 3460670, 2769, 1355487, 31183775, 3448832, 0, 0, 550, 15, 0, 657]}
HISTORY_PROVIDER_WORK state=12 stage=save_custody cumulative=Diagnostics { policy: 1, locate: 1995, read_packs: 1399, value_groups: 251, signatures: 1, reserve: 66, publish: 105, payload_reads: 1173, payload_read_bytes: 75655685, pack_read_bytes: 86834179, pack_write_bytes: 7151766, pooled_packs: 12, pooled_groups: 266, reserved_directory_bytes: 49152, ordinal_reservations: 65, locator_hits: 104950, locator_misses: 18090, pack_hits: 187613, pack_misses: 3448, forced_seals: 0 }
HISTORY_POOLED_WORK state=12 stage=save_custody scope=operation-reader-only cumulative=PoolReadCounters { leaf_requests: 328, chain_edges: 750, physical_record_calls: 2156, physical_group_decodes: 6, physical_group_decoded_bytes: 203137, physical_group_cache_hits: 2150, value_group_decodes: 154, pack_fetches: 18, pack_bytes: 376581 }
HISTORY_STATE_WORK {"state":12,"full157":34,"changed_paths":1375,"offered_objects":1301,"acquire_ns":226276833,"construct_ns":45176750,"filesystem_ns":76260459,"save_custody_ns":264612917}
DIAGNOSTIC state=12 full157=34 root=ObjectId("d7117407e7545b85ddb435ee24aae9d87c9618f808d94ec18e65a65ea60c8e36")
HISTORY_COLD_BOUNDARY {"before_state":13,"wall_ns":5913625,"attestation":{"files":1,"length_bytes":7905280,"total_pages":483,"resident_first":480,"resident_after":0,"invalidated_files":1,"page_size_bytes":16384,"first_pass_ns":2170000,"attestation_ns":211000,"opens":3,"fstats":3,"mmap_calls":2,"mincore_calls":3,"munmap_calls":2,"msync_calls":1,"inventory_entries":2,"vector_peak_bytes":483}}
HISTORY_ENGINE_WORK {"state":13,"stage":"acquisition","available":true,"values":[0, 0, 0, 0, 0, 0, 0, 0, 0, 0, 0, 0, 0, 0, 0, 0, 0, 0, 0]}
HISTORY_ENGINE_WORK {"state":13,"stage":"construction","available":true,"values":[16, 146, 375000, 0, 0, 0, 0, 4, 109875, 16, 10294, 24656, 0, 0, 0, 1, 1, 0, 5]}
HISTORY_PROVIDER_WORK state=13 stage=construction cumulative=Diagnostics { policy: 1, locate: 1999, read_packs: 1400, value_groups: 251, signatures: 1, reserve: 66, publish: 105, payload_reads: 1173, payload_read_bytes: 75655685, pack_read_bytes: 86860601, pack_write_bytes: 7151766, pooled_packs: 12, pooled_groups: 266, reserved_directory_bytes: 49152, ordinal_reservations: 65, locator_hits: 104954, locator_misses: 18094, pack_hits: 187644, pack_misses: 3449, forced_seals: 0 }
HISTORY_POOLED_WORK state=13 stage=construction scope=operation-reader-only cumulative=PoolReadCounters { leaf_requests: 0, chain_edges: 0, physical_record_calls: 0, physical_group_decodes: 0, physical_group_decoded_bytes: 0, physical_group_cache_hits: 0, value_group_decodes: 0, pack_fetches: 0, pack_bytes: 0 }
HISTORY_ENGINE_WORK {"state":13,"stage":"filesystem","available":true,"values":[812, 48455, 8278000, 0, 0, 39, 0, 36, 1359211, 812, 493298, 576582, 0, 0, 0, 32, 1, 0, 247]}
HISTORY_PROVIDER_WORK state=13 stage=filesystem cumulative=Diagnostics { policy: 1, locate: 2176, read_packs: 1431, value_groups: 290, signatures: 1, reserve: 66, publish: 105, payload_reads: 1173, payload_read_bytes: 75655685, pack_read_bytes: 87486491, pack_write_bytes: 7151766, pooled_packs: 12, pooled_groups: 266, reserved_directory_bytes: 49152, ordinal_reservations: 65, locator_hits: 106994, locator_misses: 18309, pack_hits: 193755, pack_misses: 3481, forced_seals: 0 }
HISTORY_POOLED_WORK state=13 stage=filesystem scope=operation-reader-only cumulative=PoolReadCounters { leaf_requests: 326, chain_edges: 253, physical_record_calls: 1158, physical_group_decodes: 8, physical_group_decoded_bytes: 257597, physical_group_cache_hits: 1150, value_group_decodes: 172, pack_fetches: 22, pack_bytes: 488995 }
HISTORY_ENGINE_WORK {"state":13,"stage":"save_custody","available":true,"values":[2130, 98744, 50099000, 0, 0, 0, 2, 82, 2591876, 2130, 1122812, 32794490, 2555904, 0, 0, 561, 10, 0, 452]}
HISTORY_PROVIDER_WORK state=13 stage=save_custody cumulative=Diagnostics { policy: 1, locate: 2205, read_packs: 1623, value_groups: 292, signatures: 1, reserve: 73, publish: 113, payload_reads: 1401, payload_read_bytes: 93235003, pack_read_bytes: 103432612, pack_write_bytes: 7798580, pooled_packs: 13, pooled_groups: 306, reserved_directory_bytes: 53248, ordinal_reservations: 72, locator_hits: 117876, locator_misses: 19866, pack_hits: 210762, pack_misses: 4042, forced_seals: 0 }
HISTORY_POOLED_WORK state=13 stage=save_custody scope=operation-reader-only cumulative=PoolReadCounters { leaf_requests: 326, chain_edges: 253, physical_record_calls: 1158, physical_group_decodes: 8, physical_group_decoded_bytes: 257597, physical_group_cache_hits: 1150, value_group_decodes: 172, pack_fetches: 22, pack_bytes: 488995 }
HISTORY_STATE_WORK {"state":13,"full157":37,"changed_paths":835,"offered_objects":828,"acquire_ns":152366000,"construct_ns":33379958,"filesystem_ns":61639458,"save_custody_ns":234718791}
DIAGNOSTIC state=13 full157=37 root=ObjectId("e8f7a623e693b73a1c758f01dc0d84cb9d1bfdd09f1b6d56a9731f7377549a3a")
HISTORY_COLD_BOUNDARY {"before_state":14,"wall_ns":5620750,"attestation":{"files":1,"length_bytes":8613888,"total_pages":526,"resident_first":522,"resident_after":0,"invalidated_files":1,"page_size_bytes":16384,"first_pass_ns":1983000,"attestation_ns":204000,"opens":3,"fstats":3,"mmap_calls":2,"mincore_calls":3,"munmap_calls":2,"msync_calls":1,"inventory_entries":2,"vector_peak_bytes":526}}
HISTORY_ENGINE_WORK {"state":14,"stage":"acquisition","available":true,"values":[0, 0, 0, 0, 0, 0, 0, 0, 0, 0, 0, 0, 0, 0, 0, 0, 0, 0, 0]}
HISTORY_ENGINE_WORK {"state":14,"stage":"construction","available":true,"values":[16, 146, 509000, 0, 0, 0, 0, 4, 175043, 16, 26209, 20560, 0, 0, 0, 1, 1, 0, 5]}
HISTORY_PROVIDER_WORK state=14 stage=construction cumulative=Diagnostics { policy: 1, locate: 2209, read_packs: 1624, value_groups: 292, signatures: 1, reserve: 73, publish: 113, payload_reads: 1401, payload_read_bytes: 93235003, pack_read_bytes: 103454960, pack_write_bytes: 7798580, pooled_packs: 13, pooled_groups: 306, reserved_directory_bytes: 53248, ordinal_reservations: 72, locator_hits: 117880, locator_misses: 19870, pack_hits: 210793, pack_misses: 4043, forced_seals: 0 }
HISTORY_POOLED_WORK state=14 stage=construction scope=operation-reader-only cumulative=PoolReadCounters { leaf_requests: 0, chain_edges: 0, physical_record_calls: 0, physical_group_decodes: 0, physical_group_decoded_bytes: 0, physical_group_cache_hits: 0, value_group_decodes: 0, pack_fetches: 0, pack_bytes: 0 }
HISTORY_ENGINE_WORK {"state":14,"stage":"filesystem","available":true,"values":[564, 31094, 8501000, 0, 0, 40, 0, 33, 1225122, 564, 358373, 620310, 0, 0, 0, 32, 1, 0, 164]}
HISTORY_PROVIDER_WORK state=14 stage=filesystem cumulative=Diagnostics { policy: 1, locate: 2302, read_packs: 1655, value_groups: 332, signatures: 1, reserve: 73, publish: 113, payload_reads: 1401, payload_read_bytes: 93235003, pack_read_bytes: 104122906, pack_write_bytes: 7798580, pooled_packs: 13, pooled_groups: 306, reserved_directory_bytes: 53248, ordinal_reservations: 72, locator_hits: 119939, locator_misses: 20002, pack_hits: 216812, pack_misses: 4075, forced_seals: 0 }
HISTORY_POOLED_WORK state=14 stage=filesystem scope=operation-reader-only cumulative=PoolReadCounters { leaf_requests: 271, chain_edges: 259, physical_record_calls: 1060, physical_group_decodes: 8, physical_group_decoded_bytes: 260267, physical_group_cache_hits: 1052, value_group_decodes: 201, pack_fetches: 20, pack_bytes: 498481 }
HISTORY_ENGINE_WORK {"state":14,"stage":"save_custody","available":true,"values":[2939, 147731, 59309000, 0, 0, 0, 2, 97, 3300579, 2939, 1688395, 45743036, 3887104, 0, 0, 762, 11, 0, 644]}
HISTORY_PROVIDER_WORK state=14 stage=save_custody cumulative=Diagnostics { policy: 1, locate: 2362, read_packs: 1898, value_groups: 334, signatures: 1, reserve: 81, publish: 123, payload_reads: 1739, payload_read_bytes: 119199719, pack_read_bytes: 125087113, pack_write_bytes: 8475570, pooled_packs: 14, pooled_groups: 353, reserved_directory_bytes: 57344, ordinal_reservations: 80, locator_hits: 130400, locator_misses: 22912, pack_hits: 233474, pack_misses: 4837, forced_seals: 0 }
HISTORY_POOLED_WORK state=14 stage=save_custody scope=operation-reader-only cumulative=PoolReadCounters { leaf_requests: 271, chain_edges: 259, physical_record_calls: 1060, physical_group_decodes: 8, physical_group_decoded_bytes: 260267, physical_group_cache_hits: 1052, value_group_decodes: 201, pack_fetches: 20, pack_bytes: 498481 }
HISTORY_STATE_WORK {"state":14,"full157":40,"changed_paths":861,"offered_objects":1094,"acquire_ns":169489125,"construct_ns":29596584,"filesystem_ns":57853959,"save_custody_ns":258964625}
DIAGNOSTIC state=14 full157=40 root=ObjectId("e6b6a4d3d6353b7f907373329700cec1f8ea448649bf13ad14a8b08282ad992d")
HISTORY_COLD_BOUNDARY {"before_state":15,"wall_ns":6213625,"attestation":{"files":1,"length_bytes":9375744,"total_pages":573,"resident_first":570,"resident_after":0,"invalidated_files":1,"page_size_bytes":16384,"first_pass_ns":2267000,"attestation_ns":226000,"opens":3,"fstats":3,"mmap_calls":2,"mincore_calls":3,"munmap_calls":2,"msync_calls":1,"inventory_entries":2,"vector_peak_bytes":573}}
HISTORY_ENGINE_WORK {"state":15,"stage":"acquisition","available":true,"values":[0, 0, 0, 0, 0, 0, 0, 0, 0, 0, 0, 0, 0, 0, 0, 0, 0, 0, 0]}
HISTORY_ENGINE_WORK {"state":15,"stage":"construction","available":true,"values":[16, 146, 607000, 0, 0, 0, 0, 4, 135960, 16, 23167, 20560, 0, 0, 0, 1, 1, 0, 5]}
HISTORY_PROVIDER_WORK state=15 stage=construction cumulative=Diagnostics { policy: 1, locate: 2366, read_packs: 1899, value_groups: 334, signatures: 1, reserve: 81, publish: 123, payload_reads: 1739, payload_read_bytes: 119199719, pack_read_bytes: 125111172, pack_write_bytes: 8475570, pooled_packs: 14, pooled_groups: 353, reserved_directory_bytes: 57344, ordinal_reservations: 80, locator_hits: 130404, locator_misses: 22916, pack_hits: 233505, pack_misses: 4838, forced_seals: 0 }
HISTORY_POOLED_WORK state=15 stage=construction scope=operation-reader-only cumulative=PoolReadCounters { leaf_requests: 0, chain_edges: 0, physical_record_calls: 0, physical_group_decodes: 0, physical_group_decoded_bytes: 0, physical_group_cache_hits: 0, value_group_decodes: 0, pack_fetches: 0, pack_bytes: 0 }
HISTORY_ENGINE_WORK {"state":15,"stage":"filesystem","available":true,"values":[1371, 46998, 12025000, 0, 0, 46, 0, 36, 1411544, 1371, 889622, 710582, 0, 0, 0, 35, 1, 0, 430]}
HISTORY_PROVIDER_WORK state=15 stage=filesystem cumulative=Diagnostics { policy: 1, locate: 2717, read_packs: 1932, value_groups: 380, signatures: 1, reserve: 81, publish: 123, payload_reads: 1739, payload_read_bytes: 119199719, pack_read_bytes: 125872043, pack_write_bytes: 8475570, pooled_packs: 14, pooled_groups: 353, reserved_directory_bytes: 57344, ordinal_reservations: 80, locator_hits: 133068, locator_misses: 23311, pack_hits: 241089, pack_misses: 4873, forced_seals: 0 }
HISTORY_POOLED_WORK state=15 stage=filesystem scope=operation-reader-only cumulative=PoolReadCounters { leaf_requests: 351, chain_edges: 473, physical_record_calls: 1648, physical_group_decodes: 19, physical_group_decoded_bytes: 577684, physical_group_cache_hits: 1629, value_group_decodes: 226, pack_fetches: 22, pack_bytes: 569058 }
HISTORY_ENGINE_WORK {"state":15,"stage":"save_custody","available":true,"values":[2925, 78921, 57934000, 0, 0, 0, 2, 72, 2342957, 2925, 1510649, 47025182, 1331200, 0, 0, 833, 4, 0, 644]}
HISTORY_PROVIDER_WORK state=15 stage=save_custody cumulative=Diagnostics { policy: 1, locate: 2740, read_packs: 2226, value_groups: 382, signatures: 1, reserve: 87, publish: 125, payload_reads: 2063, payload_read_bytes: 143017539, pack_read_bytes: 150548879, pack_write_bytes: 8785773, pooled_packs: 15, pooled_groups: 389, reserved_directory_bytes: 61440, ordinal_reservations: 86, locator_hits: 143853, locator_misses: 24756, pack_hits: 260262, pack_misses: 5706, forced_seals: 0 }
HISTORY_POOLED_WORK state=15 stage=save_custody scope=operation-reader-only cumulative=PoolReadCounters { leaf_requests: 351, chain_edges: 473, physical_record_calls: 1648, physical_group_decodes: 19, physical_group_decoded_bytes: 577684, physical_group_cache_hits: 1629, value_group_decodes: 226, pack_fetches: 22, pack_bytes: 569058 }
HISTORY_STATE_WORK {"state":15,"full157":43,"changed_paths":903,"offered_objects":858,"acquire_ns":136278958,"construct_ns":29834958,"filesystem_ns":74246959,"save_custody_ns":247061459}
DIAGNOSTIC state=15 full157=43 root=ObjectId("088f835ed412c64be6cd9e473424f0bc97b9c3fa3f3b4888133331413ec27544")
HISTORY_COLD_BOUNDARY {"before_state":16,"wall_ns":6059500,"attestation":{"files":1,"length_bytes":9711616,"total_pages":593,"resident_first":590,"resident_after":0,"invalidated_files":1,"page_size_bytes":16384,"first_pass_ns":2536000,"attestation_ns":248000,"opens":3,"fstats":3,"mmap_calls":2,"mincore_calls":3,"munmap_calls":2,"msync_calls":1,"inventory_entries":2,"vector_peak_bytes":593}}
HISTORY_ENGINE_WORK {"state":16,"stage":"acquisition","available":true,"values":[0, 0, 0, 0, 0, 0, 0, 0, 0, 0, 0, 0, 0, 0, 0, 0, 0, 0, 0]}
HISTORY_ENGINE_WORK {"state":16,"stage":"construction","available":true,"values":[27, 235, 1593000, 0, 0, 0, 0, 4, 82333, 27, 24627, 225408, 0, 0, 0, 3, 1, 0, 8]}
HISTORY_PROVIDER_WORK state=16 stage=construction cumulative=Diagnostics { policy: 1, locate: 2745, read_packs: 2229, value_groups: 382, signatures: 1, reserve: 87, publish: 125, payload_reads: 2063, payload_read_bytes: 143017539, pack_read_bytes: 150783053, pack_write_bytes: 8785773, pooled_packs: 15, pooled_groups: 389, reserved_directory_bytes: 61440, ordinal_reservations: 86, locator_hits: 143861, locator_misses: 24761, pack_hits: 260307, pack_misses: 5709, forced_seals: 0 }
HISTORY_POOLED_WORK state=16 stage=construction scope=operation-reader-only cumulative=PoolReadCounters { leaf_requests: 0, chain_edges: 0, physical_record_calls: 0, physical_group_decodes: 0, physical_group_decoded_bytes: 0, physical_group_cache_hits: 0, value_group_decodes: 0, pack_fetches: 0, pack_bytes: 0 }
HISTORY_ENGINE_WORK {"state":16,"stage":"filesystem","available":true,"values":[632, 18206, 9270000, 0, 0, 36, 0, 25, 873458, 632, 415868, 747638, 0, 0, 0, 38, 1, 0, 186]}
HISTORY_PROVIDER_WORK state=16 stage=filesystem cumulative=Diagnostics { policy: 1, locate: 2859, read_packs: 2265, value_groups: 418, signatures: 1, reserve: 87, publish: 125, payload_reads: 2063, payload_read_bytes: 143017539, pack_read_bytes: 151603707, pack_write_bytes: 8785773, pooled_packs: 15, pooled_groups: 389, reserved_directory_bytes: 61440, ordinal_reservations: 86, locator_hits: 147449, locator_misses: 24913, pack_hits: 269516, pack_misses: 5747, forced_seals: 0 }
HISTORY_POOLED_WORK state=16 stage=filesystem scope=operation-reader-only cumulative=PoolReadCounters { leaf_requests: 310, chain_edges: 650, physical_record_calls: 1920, physical_group_decodes: 29, physical_group_decoded_bytes: 871832, physical_group_cache_hits: 1891, value_group_decodes: 264, pack_fetches: 24, pack_bytes: 604782 }
HISTORY_ENGINE_WORK {"state":16,"stage":"save_custody","available":true,"values":[4334, 259938, 88565000, 0, 0, 0, 2, 158, 5490089, 4334, 2641497, 65200889, 7766016, 0, 0, 1077, 19, 0, 968]}
HISTORY_PROVIDER_WORK state=16 stage=save_custody cumulative=Diagnostics { policy: 1, locate: 2979, read_packs: 2609, value_groups: 420, signatures: 1, reserve: 95, publish: 146, payload_reads: 2564, payload_read_bytes: 182281249, pack_read_bytes: 178742225, pack_write_bytes: 10872966, pooled_packs: 17, pooled_groups: 449, reserved_directory_bytes: 69632, ordinal_reservations: 94, locator_hits: 166833, locator_misses: 30277, pack_hits: 303356, pack_misses: 6824, forced_seals: 0 }
HISTORY_POOLED_WORK state=16 stage=save_custody scope=operation-reader-only cumulative=PoolReadCounters { leaf_requests: 310, chain_edges: 650, physical_record_calls: 1920, physical_group_decodes: 29, physical_group_decoded_bytes: 871832, physical_group_cache_hits: 1891, value_group_decodes: 264, pack_fetches: 24, pack_bytes: 604782 }
HISTORY_STATE_WORK {"state":16,"full157":46,"changed_paths":1888,"offered_objects":2263,"acquire_ns":402947792,"construct_ns":65658459,"filesystem_ns":89010417,"save_custody_ns":445197750}
DIAGNOSTIC state=16 full157=46 root=ObjectId("1dd1138f7b97de955f3a5be590fc030566177854813045fb49955e2eee2184d7")
HISTORY_COLD_BOUNDARY {"before_state":17,"wall_ns":7003208,"attestation":{"files":1,"length_bytes":11943936,"total_pages":729,"resident_first":725,"resident_after":0,"invalidated_files":1,"page_size_bytes":16384,"first_pass_ns":3441000,"attestation_ns":283000,"opens":3,"fstats":3,"mmap_calls":2,"mincore_calls":3,"munmap_calls":2,"msync_calls":1,"inventory_entries":2,"vector_peak_bytes":729}}
HISTORY_ENGINE_WORK {"state":17,"stage":"acquisition","available":true,"values":[0, 0, 0, 0, 0, 0, 0, 0, 0, 0, 0, 0, 0, 0, 0, 0, 0, 0, 0]}
HISTORY_ENGINE_WORK {"state":17,"stage":"construction","available":true,"values":[66, 560, 4189000, 0, 0, 0, 0, 4, 92417, 66, 43917, 663544, 0, 0, 0, 9, 3, 0, 19]}
HISTORY_PROVIDER_WORK state=17 stage=construction cumulative=Diagnostics { policy: 1, locate: 2989, read_packs: 2618, value_groups: 420, signatures: 1, reserve: 95, publish: 146, payload_reads: 2564, payload_read_bytes: 182281249, pack_read_bytes: 179417912, pack_write_bytes: 10872966, pooled_packs: 17, pooled_groups: 449, reserved_directory_bytes: 69632, ordinal_reservations: 94, locator_hits: 166867, locator_misses: 30287, pack_hits: 303491, pack_misses: 6833, forced_seals: 0 }
HISTORY_POOLED_WORK state=17 stage=construction scope=operation-reader-only cumulative=PoolReadCounters { leaf_requests: 0, chain_edges: 0, physical_record_calls: 0, physical_group_decodes: 0, physical_group_decoded_bytes: 0, physical_group_cache_hits: 0, value_group_decodes: 0, pack_fetches: 0, pack_bytes: 0 }
HISTORY_ENGINE_WORK {"state":17,"stage":"filesystem","available":true,"values":[1118, 71056, 13447000, 0, 0, 60, 0, 48, 1829957, 1118, 731170, 819295, 0, 0, 0, 35, 2, 0, 341]}
HISTORY_PROVIDER_WORK state=17 stage=filesystem cumulative=Diagnostics { policy: 1, locate: 3237, read_packs: 2651, value_groups: 480, signatures: 1, reserve: 95, publish: 146, payload_reads: 2564, payload_read_bytes: 182281249, pack_read_bytes: 180289778, pack_write_bytes: 10872966, pooled_packs: 17, pooled_groups: 449, reserved_directory_bytes: 69632, ordinal_reservations: 94, locator_hits: 169637, locator_misses: 30592, pack_hits: 311066, pack_misses: 6868, forced_seals: 0 }
HISTORY_POOLED_WORK state=17 stage=filesystem scope=operation-reader-only cumulative=PoolReadCounters { leaf_requests: 338, chain_edges: 591, physical_record_calls: 1858, physical_group_decodes: 31, physical_group_decoded_bytes: 1045718, physical_group_cache_hits: 1827, value_group_decodes: 1151, pack_fetches: 24, pack_bytes: 688291 }
HISTORY_ENGINE_WORK {"state":17,"stage":"save_custody","available":true,"values":[3346, 116146, 61582000, 0, 0, 0, 2, 83, 2573214, 3346, 1649407, 54900126, 2326528, 0, 0, 888, 7, 0, 743]}
HISTORY_PROVIDER_WORK state=17 stage=save_custody cumulative=Diagnostics { policy: 1, locate: 3266, read_packs: 3033, value_groups: 482, signatures: 1, reserve: 102, publish: 153, payload_reads: 2893, payload_read_bytes: 210495412, pack_read_bytes: 208405327, pack_write_bytes: 11439518, pooled_packs: 18, pooled_groups: 502, reserved_directory_bytes: 73728, ordinal_reservations: 101, locator_hits: 178126, locator_misses: 32879, pack_hits: 325115, pack_misses: 7756, forced_seals: 0 }
HISTORY_POOLED_WORK state=17 stage=save_custody scope=operation-reader-only cumulative=PoolReadCounters { leaf_requests: 338, chain_edges: 591, physical_record_calls: 1858, physical_group_decodes: 31, physical_group_decoded_bytes: 1045718, physical_group_cache_hits: 1827, value_group_decodes: 1151, pack_fetches: 24, pack_bytes: 688291 }
HISTORY_STATE_WORK {"state":17,"full157":49,"changed_paths":539,"offered_objects":706,"acquire_ns":141290708,"construct_ns":37808167,"filesystem_ns":75497084,"save_custody_ns":274172917}
DIAGNOSTIC state=17 full157=49 root=ObjectId("01ba1f0292e5de7fac80645c95ce241204f5632f5f491a3af41384c816c6a4af")
HISTORY_COLD_BOUNDARY {"before_state":18,"wall_ns":6169416,"attestation":{"files":1,"length_bytes":12578816,"total_pages":768,"resident_first":748,"resident_after":0,"invalidated_files":1,"page_size_bytes":16384,"first_pass_ns":2955000,"attestation_ns":296000,"opens":3,"fstats":3,"mmap_calls":2,"mincore_calls":3,"munmap_calls":2,"msync_calls":1,"inventory_entries":2,"vector_peak_bytes":768}}
HISTORY_ENGINE_WORK {"state":18,"stage":"acquisition","available":true,"values":[0, 0, 0, 0, 0, 0, 0, 0, 0, 0, 0, 0, 0, 0, 0, 0, 0, 0, 0]}
HISTORY_ENGINE_WORK {"state":18,"stage":"construction","available":true,"values":[22, 204, 479000, 0, 0, 0, 0, 4, 96709, 22, 20958, 20592, 0, 0, 0, 1, 1, 0, 7]}
HISTORY_PROVIDER_WORK state=18 stage=construction cumulative=Diagnostics { policy: 1, locate: 3272, read_packs: 3034, value_groups: 482, signatures: 1, reserve: 102, publish: 153, payload_reads: 2893, payload_read_bytes: 210495412, pack_read_bytes: 208428993, pack_write_bytes: 11439518, pooled_packs: 18, pooled_groups: 502, reserved_directory_bytes: 73728, ordinal_reservations: 101, locator_hits: 178132, locator_misses: 32885, pack_hits: 325162, pack_misses: 7757, forced_seals: 0 }
HISTORY_POOLED_WORK state=18 stage=construction scope=operation-reader-only cumulative=PoolReadCounters { leaf_requests: 0, chain_edges: 0, physical_record_calls: 0, physical_group_decodes: 0, physical_group_decoded_bytes: 0, physical_group_cache_hits: 0, value_group_decodes: 0, pack_fetches: 0, pack_bytes: 0 }
HISTORY_ENGINE_WORK {"state":18,"stage":"filesystem","available":true,"values":[1676, 37017, 15643000, 0, 0, 53, 0, 33, 1062625, 1676, 1101058, 945167, 0, 0, 0, 39, 1, 0, 528]}
HISTORY_PROVIDER_WORK state=18 stage=filesystem cumulative=Diagnostics { policy: 1, locate: 3711, read_packs: 3070, value_groups: 535, signatures: 1, reserve: 102, publish: 153, payload_reads: 2893, payload_read_bytes: 210495412, pack_read_bytes: 209417986, pack_write_bytes: 11439518, pooled_packs: 18, pooled_groups: 502, reserved_directory_bytes: 73728, ordinal_reservations: 101, locator_hits: 183153, locator_misses: 33379, pack_hits: 338618, pack_misses: 7796, forced_seals: 0 }
HISTORY_POOLED_WORK state=18 stage=filesystem scope=operation-reader-only cumulative=PoolReadCounters { leaf_requests: 451, chain_edges: 1113, physical_record_calls: 3128, physical_group_decodes: 39, physical_group_decoded_bytes: 1287843, physical_group_cache_hits: 3089, value_group_decodes: 1435, pack_fetches: 26, pack_bytes: 742425 }
HISTORY_ENGINE_WORK {"state":18,"stage":"save_custody","available":true,"values":[4677, 292826, 111531000, 0, 0, 0, 2, 163, 6118456, 4677, 2710956, 85445258, 9641984, 0, 0, 1173, 24, 0, 1037]}
HISTORY_PROVIDER_WORK state=18 stage=save_custody cumulative=Diagnostics { policy: 1, locate: 3819, read_packs: 3483, value_groups: 537, signatures: 1, reserve: 110, publish: 175, payload_reads: 3406, payload_read_bytes: 259952763, pack_read_bytes: 245895602, pack_write_bytes: 13850496, pooled_packs: 20, pooled_groups: 579, reserved_directory_bytes: 81920, ordinal_reservations: 109, locator_hits: 204139, locator_misses: 38426, pack_hits: 368670, pack_misses: 8969, forced_seals: 0 }
HISTORY_POOLED_WORK state=18 stage=save_custody scope=operation-reader-only cumulative=PoolReadCounters { leaf_requests: 451, chain_edges: 1113, physical_record_calls: 3128, physical_group_decodes: 39, physical_group_decoded_bytes: 1287843, physical_group_cache_hits: 3089, value_group_decodes: 1435, pack_fetches: 26, pack_bytes: 742425 }
HISTORY_STATE_WORK {"state":18,"full157":52,"changed_paths":2236,"offered_objects":2491,"acquire_ns":451777625,"construct_ns":60048208,"filesystem_ns":123400667,"save_custody_ns":507054334}
DIAGNOSTIC state=18 full157=52 root=ObjectId("12721e2deb19ca5a1107168a6bcfaab0e8101dba2063590ad57741eaa10c2aef")
HISTORY_COLD_BOUNDARY {"before_state":19,"wall_ns":7759917,"attestation":{"files":1,"length_bytes":15175680,"total_pages":927,"resident_first":915,"resident_after":0,"invalidated_files":1,"page_size_bytes":16384,"first_pass_ns":4153000,"attestation_ns":339000,"opens":3,"fstats":3,"mmap_calls":2,"mincore_calls":3,"munmap_calls":2,"msync_calls":1,"inventory_entries":2,"vector_peak_bytes":927}}
HISTORY_ENGINE_WORK {"state":19,"stage":"acquisition","available":true,"values":[0, 0, 0, 0, 0, 0, 0, 0, 0, 0, 0, 0, 0, 0, 0, 0, 0, 0, 0]}
HISTORY_ENGINE_WORK {"state":19,"stage":"construction","available":true,"values":[32, 292, 985000, 0, 0, 0, 0, 4, 101333, 32, 25790, 69667, 0, 0, 0, 2, 1, 0, 10]}
HISTORY_PROVIDER_WORK state=19 stage=construction cumulative=Diagnostics { policy: 1, locate: 3827, read_packs: 3485, value_groups: 537, signatures: 1, reserve: 110, publish: 175, payload_reads: 3406, payload_read_bytes: 259952763, pack_read_bytes: 245968693, pack_write_bytes: 13850496, pooled_packs: 20, pooled_groups: 579, reserved_directory_bytes: 81920, ordinal_reservations: 109, locator_hits: 204147, locator_misses: 38434, pack_hits: 368732, pack_misses: 8971, forced_seals: 0 }
HISTORY_POOLED_WORK state=19 stage=construction scope=operation-reader-only cumulative=PoolReadCounters { leaf_requests: 0, chain_edges: 0, physical_record_calls: 0, physical_group_decodes: 0, physical_group_decoded_bytes: 0, physical_group_cache_hits: 0, value_group_decodes: 0, pack_fetches: 0, pack_bytes: 0 }
HISTORY_ENGINE_WORK {"state":19,"stage":"filesystem","available":true,"values":[1147, 93070, 15313000, 0, 0, 77, 0, 55, 2204172, 1147, 664354, 1077250, 0, 0, 0, 41, 2, 0, 343]}
HISTORY_PROVIDER_WORK state=19 stage=filesystem cumulative=Diagnostics { policy: 1, locate: 4055, read_packs: 3523, value_groups: 614, signatures: 1, reserve: 110, publish: 175, payload_reads: 3406, payload_read_bytes: 259952763, pack_read_bytes: 247093623, pack_write_bytes: 13850496, pooled_packs: 20, pooled_groups: 579, reserved_directory_bytes: 81920, ordinal_reservations: 109, locator_hits: 207386, locator_misses: 38739, pack_hits: 377838, pack_misses: 9012, forced_seals: 0 }
HISTORY_POOLED_WORK state=19 stage=filesystem scope=operation-reader-only cumulative=PoolReadCounters { leaf_requests: 434, chain_edges: 668, physical_record_calls: 2204, physical_group_decodes: 59, physical_group_decoded_bytes: 2146012, physical_group_cache_hits: 2145, value_group_decodes: 1675, pack_fetches: 29, pack_bytes: 896482 }
HISTORY_ENGINE_WORK {"state":19,"stage":"save_custody","available":true,"values":[4833, 176656, 107520000, 0, 0, 0, 2, 110, 3967417, 4833, 2519882, 81393973, 5181440, 0, 0, 1153, 12, 0, 1117]}
HISTORY_PROVIDER_WORK state=19 stage=save_custody cumulative=Diagnostics { policy: 1, locate: 4221, read_packs: 3991, value_groups: 616, signatures: 1, reserve: 119, publish: 187, payload_reads: 3886, payload_read_bytes: 305599498, pack_read_bytes: 284059169, pack_write_bytes: 14826843, pooled_packs: 21, pooled_groups: 654, reserved_directory_bytes: 86016, ordinal_reservations: 118, locator_hits: 220077, locator_misses: 41827, pack_hits: 396808, pack_misses: 10165, forced_seals: 0 }
HISTORY_POOLED_WORK state=19 stage=save_custody scope=operation-reader-only cumulative=PoolReadCounters { leaf_requests: 434, chain_edges: 668, physical_record_calls: 2204, physical_group_decodes: 59, physical_group_decoded_bytes: 2146012, physical_group_cache_hits: 2145, value_group_decodes: 1675, pack_fetches: 29, pack_bytes: 896482 }
HISTORY_STATE_WORK {"state":19,"full157":55,"changed_paths":1198,"offered_objects":1247,"acquire_ns":262409208,"construct_ns":39455041,"filesystem_ns":94553917,"save_custody_ns":414352250}
DIAGNOSTIC state=19 full157=55 root=ObjectId("f967a756cebc0ca75aabef2d53e04d3abe4292c1029f01a93b0fdb95695704ad")
HISTORY_COLD_BOUNDARY {"before_state":20,"wall_ns":7778833,"attestation":{"files":1,"length_bytes":16244736,"total_pages":992,"resident_first":969,"resident_after":0,"invalidated_files":1,"page_size_bytes":16384,"first_pass_ns":4250000,"attestation_ns":379000,"opens":3,"fstats":3,"mmap_calls":2,"mincore_calls":3,"munmap_calls":2,"msync_calls":1,"inventory_entries":2,"vector_peak_bytes":992}}
HISTORY_ENGINE_WORK {"state":20,"stage":"acquisition","available":true,"values":[0, 0, 0, 0, 0, 0, 0, 0, 0, 0, 0, 0, 0, 0, 0, 0, 0, 0, 0]}
HISTORY_ENGINE_WORK {"state":20,"stage":"construction","available":true,"values":[38, 350, 946000, 0, 0, 0, 0, 4, 97667, 38, 31373, 57536, 0, 0, 0, 2, 1, 0, 12]}
HISTORY_PROVIDER_WORK state=20 stage=construction cumulative=Diagnostics { policy: 1, locate: 4231, read_packs: 3993, value_groups: 616, signatures: 1, reserve: 119, publish: 187, payload_reads: 3886, payload_read_bytes: 305599498, pack_read_bytes: 284121822, pack_write_bytes: 14826843, pooled_packs: 21, pooled_groups: 654, reserved_directory_bytes: 86016, ordinal_reservations: 118, locator_hits: 220087, locator_misses: 41837, pack_hits: 396886, pack_misses: 10167, forced_seals: 0 }
HISTORY_POOLED_WORK state=20 stage=construction scope=operation-reader-only cumulative=PoolReadCounters { leaf_requests: 0, chain_edges: 0, physical_record_calls: 0, physical_group_decodes: 0, physical_group_decoded_bytes: 0, physical_group_cache_hits: 0, value_group_decodes: 0, pack_fetches: 0, pack_bytes: 0 }
HISTORY_ENGINE_WORK {"state":20,"stage":"filesystem","available":true,"values":[961, 48920, 14265000, 0, 0, 75, 0, 52, 1839046, 961, 563156, 1203109, 0, 0, 0, 43, 1, 0, 281]}
HISTORY_PROVIDER_WORK state=20 stage=filesystem cumulative=Diagnostics { policy: 1, locate: 4396, read_packs: 4034, value_groups: 691, signatures: 1, reserve: 119, publish: 187, payload_reads: 3886, payload_read_bytes: 305599498, pack_read_bytes: 285377549, pack_write_bytes: 14826843, pooled_packs: 21, pooled_groups: 654, reserved_directory_bytes: 86016, ordinal_reservations: 118, locator_hits: 224260, locator_misses: 42078, pack_hits: 407587, pack_misses: 10210, forced_seals: 0 }
HISTORY_POOLED_WORK state=20 stage=filesystem scope=operation-reader-only cumulative=PoolReadCounters { leaf_requests: 438, chain_edges: 958, physical_record_calls: 2792, physical_group_decodes: 161, physical_group_decoded_bytes: 5742220, physical_group_cache_hits: 2631, value_group_decodes: 2007, pack_fetches: 31, pack_bytes: 988274 }
HISTORY_ENGINE_WORK {"state":20,"stage":"save_custody","available":true,"values":[6854, 176030, 128243000, 0, 0, 0, 2, 107, 3792165, 6854, 3761283, 125592104, 3526656, 0, 0, 1674, 8, 0, 1638]}
HISTORY_PROVIDER_WORK state=20 stage=save_custody cumulative=Diagnostics { policy: 1, locate: 4727, read_packs: 4620, value_groups: 693, signatures: 1, reserve: 128, publish: 192, payload_reads: 4604, payload_read_bytes: 374331817, pack_read_bytes: 344914406, pack_write_bytes: 15496626, pooled_packs: 22, pooled_groups: 726, reserved_directory_bytes: 90112, ordinal_reservations: 127, locator_hits: 236135, locator_misses: 45391, pack_hits: 427507, pack_misses: 11884, forced_seals: 0 }
HISTORY_POOLED_WORK state=20 stage=save_custody scope=operation-reader-only cumulative=PoolReadCounters { leaf_requests: 438, chain_edges: 958, physical_record_calls: 2792, physical_group_decodes: 161, physical_group_decoded_bytes: 5742220, physical_group_cache_hits: 2631, value_group_decodes: 2007, pack_fetches: 31, pack_bytes: 988274 }
HISTORY_STATE_WORK {"state":20,"full157":58,"changed_paths":768,"offered_objects":915,"acquire_ns":254134792,"construct_ns":35983792,"filesystem_ns":108160333,"save_custody_ns":487734083}
DIAGNOSTIC state=20 full157=58 root=ObjectId("37f913f269726fda765bcb275ebb652d2ea9ab1b7591c1382ec3608a12e3fdec")
HISTORY_COLD_BOUNDARY {"before_state":21,"wall_ns":8225083,"attestation":{"files":1,"length_bytes":17014784,"total_pages":1039,"resident_first":1014,"resident_after":0,"invalidated_files":1,"page_size_bytes":16384,"first_pass_ns":4147000,"attestation_ns":430000,"opens":3,"fstats":3,"mmap_calls":2,"mincore_calls":3,"munmap_calls":2,"msync_calls":1,"inventory_entries":2,"vector_peak_bytes":1039}}
HISTORY_ENGINE_WORK {"state":21,"stage":"acquisition","available":true,"values":[0, 0, 0, 0, 0, 0, 0, 0, 0, 0, 0, 0, 0, 0, 0, 0, 0, 0, 0]}
HISTORY_ENGINE_WORK {"state":21,"stage":"construction","available":true,"values":[22, 204, 498000, 0, 0, 0, 0, 4, 98291, 22, 15879, 28440, 0, 0, 0, 1, 1, 0, 7]}
HISTORY_PROVIDER_WORK state=21 stage=construction cumulative=Diagnostics { policy: 1, locate: 4733, read_packs: 4621, value_groups: 693, signatures: 1, reserve: 128, publish: 192, payload_reads: 4604, payload_read_bytes: 374331817, pack_read_bytes: 344943153, pack_write_bytes: 15496626, pooled_packs: 22, pooled_groups: 726, reserved_directory_bytes: 90112, ordinal_reservations: 127, locator_hits: 236141, locator_misses: 45397, pack_hits: 427554, pack_misses: 11885, forced_seals: 0 }
HISTORY_POOLED_WORK state=21 stage=construction scope=operation-reader-only cumulative=PoolReadCounters { leaf_requests: 0, chain_edges: 0, physical_record_calls: 0, physical_group_decodes: 0, physical_group_decoded_bytes: 0, physical_group_cache_hits: 0, value_group_decodes: 0, pack_fetches: 0, pack_bytes: 0 }
HISTORY_ENGINE_WORK {"state":21,"stage":"filesystem","available":true,"values":[1153, 39113, 16845000, 0, 0, 72, 0, 45, 1488586, 1153, 700210, 1294189, 0, 0, 0, 46, 1, 0, 345]}
HISTORY_PROVIDER_WORK state=21 stage=filesystem cumulative=Diagnostics { policy: 1, locate: 4962, read_packs: 4665, value_groups: 765, signatures: 1, reserve: 128, publish: 192, payload_reads: 4604, payload_read_bytes: 374331817, pack_read_bytes: 346287334, pack_write_bytes: 15496626, pooled_packs: 22, pooled_groups: 726, reserved_directory_bytes: 90112, ordinal_reservations: 127, locator_hits: 240636, locator_misses: 45699, pack_hits: 438972, pack_misses: 11931, forced_seals: 0 }
HISTORY_POOLED_WORK state=21 stage=filesystem scope=operation-reader-only cumulative=PoolReadCounters { leaf_requests: 453, chain_edges: 1081, physical_record_calls: 3068, physical_group_decodes: 230, physical_group_decoded_bytes: 8101207, physical_group_cache_hits: 2838, value_group_decodes: 2262, pack_fetches: 31, pack_bytes: 1016201 }
HISTORY_ENGINE_WORK {"state":21,"stage":"save_custody","available":true,"values":[6119, 178790, 122711000, 0, 0, 0, 2, 107, 3759671, 6119, 3234587, 117303416, 4497408, 0, 0, 1627, 7, 0, 1397]}
HISTORY_PROVIDER_WORK state=21 stage=save_custody cumulative=Diagnostics { policy: 1, locate: 5066, read_packs: 5315, value_groups: 767, signatures: 1, reserve: 136, publish: 200, payload_reads: 5244, payload_read_bytes: 435071331, pack_read_bytes: 405047676, pack_write_bytes: 16345769, pooled_packs: 23, pooled_groups: 807, reserved_directory_bytes: 94208, ordinal_reservations: 135, locator_hits: 253797, locator_misses: 48551, pack_hits: 459023, pack_misses: 13558, forced_seals: 0 }
HISTORY_POOLED_WORK state=21 stage=save_custody scope=operation-reader-only cumulative=PoolReadCounters { leaf_requests: 453, chain_edges: 1081, physical_record_calls: 3068, physical_group_decodes: 230, physical_group_decoded_bytes: 8101207, physical_group_cache_hits: 2838, value_group_decodes: 2262, pack_fetches: 31, pack_bytes: 1016201 }
HISTORY_STATE_WORK {"state":21,"full157":61,"changed_paths":1022,"offered_objects":1147,"acquire_ns":278061250,"construct_ns":37843584,"filesystem_ns":115462000,"save_custody_ns":473172833}
DIAGNOSTIC state=21 full157=61 root=ObjectId("ccd81ed47b26dd751e80d5ea09c523c38af200bbb6434f6d4b494b8539e5977d")
HISTORY_COLD_BOUNDARY {"before_state":22,"wall_ns":8411792,"attestation":{"files":1,"length_bytes":17915904,"total_pages":1094,"resident_first":1073,"resident_after":0,"invalidated_files":1,"page_size_bytes":16384,"first_pass_ns":4462000,"attestation_ns":444000,"opens":3,"fstats":3,"mmap_calls":2,"mincore_calls":3,"munmap_calls":2,"msync_calls":1,"inventory_entries":2,"vector_peak_bytes":1094}}
HISTORY_ENGINE_WORK {"state":22,"stage":"acquisition","available":true,"values":[0, 0, 0, 0, 0, 0, 0, 0, 0, 0, 0, 0, 0, 0, 0, 0, 0, 0, 0]}
HISTORY_ENGINE_WORK {"state":22,"stage":"construction","available":true,"values":[22, 204, 381000, 0, 0, 0, 0, 4, 80500, 22, 13252, 36976, 0, 0, 0, 1, 1, 0, 7]}
HISTORY_PROVIDER_WORK state=22 stage=construction cumulative=Diagnostics { policy: 1, locate: 5072, read_packs: 5316, value_groups: 767, signatures: 1, reserve: 136, publish: 200, payload_reads: 5244, payload_read_bytes: 435071331, pack_read_bytes: 405087571, pack_write_bytes: 16345769, pooled_packs: 23, pooled_groups: 807, reserved_directory_bytes: 94208, ordinal_reservations: 135, locator_hits: 253803, locator_misses: 48557, pack_hits: 459070, pack_misses: 13559, forced_seals: 0 }
HISTORY_POOLED_WORK state=22 stage=construction scope=operation-reader-only cumulative=PoolReadCounters { leaf_requests: 0, chain_edges: 0, physical_record_calls: 0, physical_group_decodes: 0, physical_group_decoded_bytes: 0, physical_group_cache_hits: 0, value_group_decodes: 0, pack_fetches: 0, pack_bytes: 0 }
HISTORY_ENGINE_WORK {"state":22,"stage":"filesystem","available":true,"values":[610, 42391, 13282000, 0, 0, 81, 0, 54, 1749252, 610, 453886, 1303493, 0, 0, 0, 43, 1, 0, 162]}
HISTORY_PROVIDER_WORK state=22 stage=filesystem cumulative=Diagnostics { policy: 1, locate: 5112, read_packs: 5357, value_groups: 848, signatures: 1, reserve: 136, publish: 200, payload_reads: 5244, payload_read_bytes: 435071331, pack_read_bytes: 406478157, pack_write_bytes: 16345769, pooled_packs: 23, pooled_groups: 807, reserved_directory_bytes: 94208, ordinal_reservations: 135, locator_hits: 256811, locator_misses: 48677, pack_hits: 466666, pack_misses: 13602, forced_seals: 0 }
HISTORY_POOLED_WORK state=22 stage=filesystem scope=operation-reader-only cumulative=PoolReadCounters { leaf_requests: 353, chain_edges: 698, physical_record_calls: 2102, physical_group_decodes: 110, physical_group_decoded_bytes: 4158356, physical_group_cache_hits: 1992, value_group_decodes: 1862, pack_fetches: 33, pack_bytes: 1105706 }
HISTORY_ENGINE_WORK {"state":22,"stage":"save_custody","available":true,"values":[3502, 60442, 83437000, 0, 0, 0, 2, 58, 1667293, 3502, 1884038, 79180740, 1310720, 0, 0, 1009, 6, 0, 780]}
HISTORY_PROVIDER_WORK state=22 stage=save_custody cumulative=Diagnostics { policy: 1, locate: 5126, read_packs: 5723, value_groups: 850, signatures: 1, reserve: 142, publish: 202, payload_reads: 5641, payload_read_bytes: 474957278, pack_read_bytes: 447262087, pack_write_bytes: 16487683, pooled_packs: 24, pooled_groups: 840, reserved_directory_bytes: 98304, ordinal_reservations: 141, locator_hits: 262968, locator_misses: 49299, pack_hits: 476173, pack_misses: 14611, forced_seals: 0 }
HISTORY_POOLED_WORK state=22 stage=save_custody scope=operation-reader-only cumulative=PoolReadCounters { leaf_requests: 353, chain_edges: 698, physical_record_calls: 2102, physical_group_decodes: 110, physical_group_decoded_bytes: 4158356, physical_group_cache_hits: 1992, value_group_decodes: 1862, pack_fetches: 33, pack_bytes: 1105706 }
HISTORY_STATE_WORK {"state":22,"full157":64,"changed_paths":378,"offered_objects":484,"acquire_ns":133319666,"construct_ns":17479458,"filesystem_ns":75858625,"save_custody_ns":270633250}
DIAGNOSTIC state=22 full157=64 root=ObjectId("e739ba6da0201cd710cf9b70034c6968638ce5e66efe055969209dfbdbc3077a")
HISTORY_COLD_BOUNDARY {"before_state":23,"wall_ns":7501958,"attestation":{"files":1,"length_bytes":18083840,"total_pages":1104,"resident_first":980,"resident_after":0,"invalidated_files":1,"page_size_bytes":16384,"first_pass_ns":3705000,"attestation_ns":432000,"opens":3,"fstats":3,"mmap_calls":2,"mincore_calls":3,"munmap_calls":2,"msync_calls":1,"inventory_entries":2,"vector_peak_bytes":1104}}
HISTORY_ENGINE_WORK {"state":23,"stage":"acquisition","available":true,"values":[0, 0, 0, 0, 0, 0, 0, 0, 0, 0, 0, 0, 0, 0, 0, 0, 0, 0, 0]}
HISTORY_ENGINE_WORK {"state":23,"stage":"construction","available":true,"values":[32, 292, 983000, 0, 0, 0, 0, 4, 95125, 32, 39333, 44872, 0, 0, 0, 2, 1, 0, 10]}
HISTORY_PROVIDER_WORK state=23 stage=construction cumulative=Diagnostics { policy: 1, locate: 5134, read_packs: 5725, value_groups: 850, signatures: 1, reserve: 142, publish: 202, payload_reads: 5641, payload_read_bytes: 474957278, pack_read_bytes: 447310407, pack_write_bytes: 16487683, pooled_packs: 24, pooled_groups: 840, reserved_directory_bytes: 98304, ordinal_reservations: 141, locator_hits: 262976, locator_misses: 49307, pack_hits: 476235, pack_misses: 14613, forced_seals: 0 }
HISTORY_POOLED_WORK state=23 stage=construction scope=operation-reader-only cumulative=PoolReadCounters { leaf_requests: 0, chain_edges: 0, physical_record_calls: 0, physical_group_decodes: 0, physical_group_decoded_bytes: 0, physical_group_cache_hits: 0, value_group_decodes: 0, pack_fetches: 0, pack_bytes: 0 }
HISTORY_ENGINE_WORK {"state":23,"stage":"filesystem","available":true,"values":[1868, 28213, 22017000, 0, 0, 33, 0, 19, 699917, 1868, 1230878, 1486605, 0, 0, 0, 50, 1, 0, 595]}
HISTORY_PROVIDER_WORK state=23 stage=filesystem cumulative=Diagnostics { policy: 1, locate: 5648, read_packs: 5773, value_groups: 883, signatures: 1, reserve: 142, publish: 202, payload_reads: 5641, payload_read_bytes: 474957278, pack_read_bytes: 448805773, pack_write_bytes: 16487683, pooled_packs: 24, pooled_groups: 840, reserved_directory_bytes: 98304, ordinal_reservations: 141, locator_hits: 268011, locator_misses: 49987, pack_hits: 490382, pack_misses: 14663, forced_seals: 0 }
HISTORY_POOLED_WORK state=23 stage=filesystem scope=operation-reader-only cumulative=PoolReadCounters { leaf_requests: 487, chain_edges: 1253, physical_record_calls: 3480, physical_group_decodes: 206, physical_group_decoded_bytes: 7997905, physical_group_cache_hits: 3274, value_group_decodes: 2579, pack_fetches: 35, pack_bytes: 1138971 }
HISTORY_ENGINE_WORK {"state":23,"stage":"save_custody","available":true,"values":[7768, 235813, 146088000, 0, 0, 0, 2, 131, 4884120, 7768, 3957062, 153532505, 5140480, 0, 0, 2145, 8, 0, 1771]}
HISTORY_PROVIDER_WORK state=23 stage=save_custody cumulative=Diagnostics { policy: 1, locate: 5718, read_packs: 6539, value_groups: 885, signatures: 1, reserve: 150, publish: 210, payload_reads: 6573, payload_read_bytes: 561187656, pack_read_bytes: 519215288, pack_write_bytes: 17464897, pooled_packs: 25, pooled_groups: 923, reserved_directory_bytes: 102400, ordinal_reservations: 149, locator_hits: 285693, locator_misses: 54622, pack_hits: 521096, pack_misses: 16808, forced_seals: 0 }
HISTORY_POOLED_WORK state=23 stage=save_custody scope=operation-reader-only cumulative=PoolReadCounters { leaf_requests: 487, chain_edges: 1253, physical_record_calls: 3480, physical_group_decodes: 206, physical_group_decoded_bytes: 7997905, physical_group_cache_hits: 3274, value_group_decodes: 2579, pack_fetches: 35, pack_bytes: 1138971 }
HISTORY_STATE_WORK {"state":23,"full157":67,"changed_paths":1198,"offered_objects":1420,"acquire_ns":342217208,"construct_ns":53005083,"filesystem_ns":148680083,"save_custody_ns":618374250}
DIAGNOSTIC state=23 full157=67 root=ObjectId("7fa09fd96133bcb9d919edb9b034019bdad6a13872e4165e192e675b0d6b0410")
HISTORY_COLD_BOUNDARY {"before_state":24,"wall_ns":8765542,"attestation":{"files":1,"length_bytes":19148800,"total_pages":1169,"resident_first":1155,"resident_after":0,"invalidated_files":1,"page_size_bytes":16384,"first_pass_ns":4994000,"attestation_ns":466000,"opens":3,"fstats":3,"mmap_calls":2,"mincore_calls":3,"munmap_calls":2,"msync_calls":1,"inventory_entries":2,"vector_peak_bytes":1169}}
HISTORY_ENGINE_WORK {"state":24,"stage":"acquisition","available":true,"values":[0, 0, 0, 0, 0, 0, 0, 0, 0, 0, 0, 0, 0, 0, 0, 0, 0, 0, 0]}
HISTORY_ENGINE_WORK {"state":24,"stage":"construction","available":true,"values":[28, 262, 567000, 0, 0, 0, 0, 4, 97582, 28, 27497, 32912, 0, 0, 0, 1, 1, 0, 9]}
HISTORY_PROVIDER_WORK state=24 stage=construction cumulative=Diagnostics { policy: 1, locate: 5726, read_packs: 6540, value_groups: 885, signatures: 1, reserve: 150, publish: 210, payload_reads: 6573, payload_read_bytes: 561187656, pack_read_bytes: 519251057, pack_write_bytes: 17464897, pooled_packs: 25, pooled_groups: 923, reserved_directory_bytes: 102400, ordinal_reservations: 149, locator_hits: 285701, locator_misses: 54630, pack_hits: 521159, pack_misses: 16809, forced_seals: 0 }
HISTORY_POOLED_WORK state=24 stage=construction scope=operation-reader-only cumulative=PoolReadCounters { leaf_requests: 0, chain_edges: 0, physical_record_calls: 0, physical_group_decodes: 0, physical_group_decoded_bytes: 0, physical_group_cache_hits: 0, value_group_decodes: 0, pack_fetches: 0, pack_bytes: 0 }
HISTORY_ENGINE_WORK {"state":24,"stage":"filesystem","available":true,"values":[2309, 66366, 26685000, 0, 0, 83, 0, 59, 2090542, 2309, 1384643, 1643973, 0, 0, 0, 54, 1, 0, 724]}
HISTORY_PROVIDER_WORK state=24 stage=filesystem cumulative=Diagnostics { policy: 1, locate: 6317, read_packs: 6590, value_groups: 968, signatures: 1, reserve: 150, publish: 210, payload_reads: 6573, payload_read_bytes: 561187656, pack_read_bytes: 520897956, pack_write_bytes: 17464897, pooled_packs: 25, pooled_groups: 923, reserved_directory_bytes: 102400, ordinal_reservations: 149, locator_hits: 291316, locator_misses: 55428, pack_hits: 536368, pack_misses: 16863, forced_seals: 0 }
HISTORY_POOLED_WORK state=24 stage=filesystem scope=operation-reader-only cumulative=PoolReadCounters { leaf_requests: 484, chain_edges: 1481, physical_record_calls: 3930, physical_group_decodes: 225, physical_group_decoded_bytes: 9002695, physical_group_cache_hits: 3705, value_group_decodes: 2604, pack_fetches: 37, pack_bytes: 1229379 }
HISTORY_ENGINE_WORK {"state":24,"stage":"save_custody","available":true,"values":[7118, 222124, 147784000, 0, 0, 0, 2, 117, 5027166, 7118, 3804090, 148227237, 5246976, 0, 0, 1968, 11, 0, 1612]}
HISTORY_PROVIDER_WORK state=24 stage=save_custody cumulative=Diagnostics { policy: 1, locate: 6372, read_packs: 7417, value_groups: 970, signatures: 1, reserve: 159, publish: 218, payload_reads: 7300, payload_read_bytes: 635708335, pack_read_bytes: 597213032, pack_write_bytes: 18513385, pooled_packs: 26, pooled_groups: 1008, reserved_directory_bytes: 106496, ordinal_reservations: 158, locator_hits: 307441, locator_misses: 59436, pack_hits: 562141, pack_misses: 18831, forced_seals: 0 }
HISTORY_POOLED_WORK state=24 stage=save_custody scope=operation-reader-only cumulative=PoolReadCounters { leaf_requests: 484, chain_edges: 1481, physical_record_calls: 3930, physical_group_decodes: 225, physical_group_decoded_bytes: 9002695, physical_group_cache_hits: 3705, value_group_decodes: 2604, pack_fetches: 37, pack_bytes: 1229379 }
HISTORY_STATE_WORK {"state":24,"full157":70,"changed_paths":1113,"offered_objects":1338,"acquire_ns":324711667,"construct_ns":41860417,"filesystem_ns":164204125,"save_custody_ns":585394916}
DIAGNOSTIC state=24 full157=70 root=ObjectId("2f82a0bfd5c461e27aad1682038a197affe89852713bbd6e5c001990115d34d5")
HISTORY_COLD_BOUNDARY {"before_state":25,"wall_ns":9165167,"attestation":{"files":1,"length_bytes":20299776,"total_pages":1239,"resident_first":1198,"resident_after":0,"invalidated_files":1,"page_size_bytes":16384,"first_pass_ns":5245000,"attestation_ns":527000,"opens":3,"fstats":3,"mmap_calls":2,"mincore_calls":3,"munmap_calls":2,"msync_calls":1,"inventory_entries":2,"vector_peak_bytes":1239}}
HISTORY_ENGINE_WORK {"state":25,"stage":"acquisition","available":true,"values":[0, 0, 0, 0, 0, 0, 0, 0, 0, 0, 0, 0, 0, 0, 0, 0, 0, 0, 0]}
HISTORY_ENGINE_WORK {"state":25,"stage":"construction","available":true,"values":[22, 204, 842000, 0, 0, 0, 0, 4, 115999, 22, 18290, 32880, 0, 0, 0, 1, 1, 0, 7]}
HISTORY_PROVIDER_WORK state=25 stage=construction cumulative=Diagnostics { policy: 1, locate: 6378, read_packs: 7418, value_groups: 970, signatures: 1, reserve: 159, publish: 218, payload_reads: 7300, payload_read_bytes: 635708335, pack_read_bytes: 597247914, pack_write_bytes: 18513385, pooled_packs: 26, pooled_groups: 1008, reserved_directory_bytes: 106496, ordinal_reservations: 158, locator_hits: 307447, locator_misses: 59442, pack_hits: 562188, pack_misses: 18832, forced_seals: 0 }
HISTORY_POOLED_WORK state=25 stage=construction scope=operation-reader-only cumulative=PoolReadCounters { leaf_requests: 0, chain_edges: 0, physical_record_calls: 0, physical_group_decodes: 0, physical_group_decoded_bytes: 0, physical_group_cache_hits: 0, value_group_decodes: 0, pack_fetches: 0, pack_bytes: 0 }
HISTORY_ENGINE_WORK {"state":25,"stage":"filesystem","available":true,"values":[875, 50499, 24274000, 0, 0, 85, 0, 52, 2027916, 875, 584702, 1656789, 0, 0, 0, 55, 1, 0, 245]}
HISTORY_PROVIDER_WORK state=25 stage=filesystem cumulative=Diagnostics { policy: 1, locate: 6487, read_packs: 7469, value_groups: 1055, signatures: 1, reserve: 159, publish: 218, payload_reads: 7300, payload_read_bytes: 635708335, pack_read_bytes: 598972773, pack_write_bytes: 18513385, pooled_packs: 26, pooled_groups: 1008, reserved_directory_bytes: 106496, ordinal_reservations: 158, locator_hits: 312923, locator_misses: 59632, pack_hits: 574759, pack_misses: 18887, forced_seals: 0 }
HISTORY_POOLED_WORK state=25 stage=filesystem scope=operation-reader-only cumulative=PoolReadCounters { leaf_requests: 455, chain_edges: 1432, physical_record_calls: 3774, physical_group_decodes: 175, physical_group_decoded_bytes: 6827781, physical_group_cache_hits: 3599, value_group_decodes: 2765, pack_fetches: 38, pack_bytes: 1293962 }
HISTORY_ENGINE_WORK {"state":25,"stage":"save_custody","available":true,"values":[8869, 162118, 155062000, 0, 0, 0, 2, 83, 2942421, 8869, 4784875, 130029780, 2949120, 0, 0, 1762, 5, 0, 2280]}
HISTORY_PROVIDER_WORK state=25 stage=save_custody cumulative=Diagnostics { policy: 1, locate: 7354, read_packs: 8281, value_groups: 1057, signatures: 1, reserve: 168, publish: 222, payload_reads: 7898, payload_read_bytes: 697001009, pack_read_bytes: 670017529, pack_write_bytes: 18952067, pooled_packs: 27, pooled_groups: 1083, reserved_directory_bytes: 110592, ordinal_reservations: 167, locator_hits: 320986, locator_misses: 62615, pack_hits: 588975, pack_misses: 20649, forced_seals: 0 }
HISTORY_POOLED_WORK state=25 stage=save_custody scope=operation-reader-only cumulative=PoolReadCounters { leaf_requests: 455, chain_edges: 1432, physical_record_calls: 3774, physical_group_decodes: 175, physical_group_decoded_bytes: 6827781, physical_group_cache_hits: 3599, value_group_decodes: 2765, pack_fetches: 38, pack_bytes: 1293962 }
HISTORY_STATE_WORK {"state":25,"full157":73,"changed_paths":560,"offered_objects":689,"acquire_ns":204995291,"construct_ns":25612042,"filesystem_ns":122786375,"save_custody_ns":487252917}
DIAGNOSTIC state=25 full157=73 root=ObjectId("25f8a251bcaaef7b7c3bd7604ff8e36e996127c1217e756c644933c5b0c6abdb")
HISTORY_COLD_BOUNDARY {"before_state":26,"wall_ns":9065875,"attestation":{"files":1,"length_bytes":20799488,"total_pages":1270,"resident_first":1202,"resident_after":0,"invalidated_files":1,"page_size_bytes":16384,"first_pass_ns":5096000,"attestation_ns":523000,"opens":3,"fstats":3,"mmap_calls":2,"mincore_calls":3,"munmap_calls":2,"msync_calls":1,"inventory_entries":2,"vector_peak_bytes":1270}}
HISTORY_ENGINE_WORK {"state":26,"stage":"acquisition","available":true,"values":[0, 0, 0, 0, 0, 0, 0, 0, 0, 0, 0, 0, 0, 0, 0, 0, 0, 0, 0]}
HISTORY_ENGINE_WORK {"state":26,"stage":"construction","available":true,"values":[32, 292, 979000, 0, 0, 0, 0, 4, 96125, 32, 27376, 57504, 0, 0, 0, 2, 1, 0, 10]}
HISTORY_PROVIDER_WORK state=26 stage=construction cumulative=Diagnostics { policy: 1, locate: 7362, read_packs: 8283, value_groups: 1057, signatures: 1, reserve: 168, publish: 222, payload_reads: 7898, payload_read_bytes: 697001009, pack_read_bytes: 670080577, pack_write_bytes: 18952067, pooled_packs: 27, pooled_groups: 1083, reserved_directory_bytes: 110592, ordinal_reservations: 167, locator_hits: 320994, locator_misses: 62623, pack_hits: 589037, pack_misses: 20651, forced_seals: 0 }
HISTORY_POOLED_WORK state=26 stage=construction scope=operation-reader-only cumulative=PoolReadCounters { leaf_requests: 0, chain_edges: 0, physical_record_calls: 0, physical_group_decodes: 0, physical_group_decoded_bytes: 0, physical_group_cache_hits: 0, value_group_decodes: 0, pack_fetches: 0, pack_bytes: 0 }
HISTORY_ENGINE_WORK {"state":26,"stage":"filesystem","available":true,"values":[2586, 45395, 26713000, 0, 0, 75, 0, 39, 1236372, 2586, 1619756, 1797013, 0, 0, 0, 60, 1, 0, 817]}
HISTORY_PROVIDER_WORK state=26 stage=filesystem cumulative=Diagnostics { policy: 1, locate: 8047, read_packs: 8340, value_groups: 1132, signatures: 1, reserve: 168, publish: 222, payload_reads: 7898, payload_read_bytes: 697001009, pack_read_bytes: 671902198, pack_write_bytes: 18952067, pooled_packs: 27, pooled_groups: 1083, reserved_directory_bytes: 110592, ordinal_reservations: 167, locator_hits: 329971, locator_misses: 63407, pack_hits: 613154, pack_misses: 20711, forced_seals: 0 }
HISTORY_POOLED_WORK state=26 stage=filesystem scope=operation-reader-only cumulative=PoolReadCounters { leaf_requests: 757, chain_edges: 2083, physical_record_calls: 5680, physical_group_decodes: 294, physical_group_decoded_bytes: 11599429, physical_group_cache_hits: 5386, value_group_decodes: 3258, pack_fetches: 40, pack_bytes: 1352597 }
HISTORY_ENGINE_WORK {"state":26,"stage":"save_custody","available":true,"values":[11961, 260257, 175864000, 0, 0, 0, 2, 108, 4319627, 11961, 6965216, 202210012, 798720, 0, 0, 2450, 3, 0, 3127]}
HISTORY_PROVIDER_WORK state=26 stage=save_custody cumulative=Diagnostics { policy: 1, locate: 9441, read_packs: 8808, value_groups: 1134, signatures: 1, reserve: 174, publish: 223, payload_reads: 9160, payload_read_bytes: 818170910, pack_read_bytes: 757011058, pack_write_bytes: 19073505, pooled_packs: 28, pooled_groups: 1109, reserved_directory_bytes: 114688, ordinal_reservations: 173, locator_hits: 346905, locator_misses: 71772, pack_hits: 655796, pack_misses: 23161, forced_seals: 0 }
HISTORY_POOLED_WORK state=26 stage=save_custody scope=operation-reader-only cumulative=PoolReadCounters { leaf_requests: 757, chain_edges: 2083, physical_record_calls: 5680, physical_group_decodes: 294, physical_group_decoded_bytes: 11599429, physical_group_cache_hits: 5386, value_group_decodes: 3258, pack_fetches: 40, pack_bytes: 1352597 }
HISTORY_STATE_WORK {"state":26,"full157":76,"changed_paths":2229,"offered_objects":1889,"acquire_ns":432645958,"construct_ns":60890583,"filesystem_ns":238782459,"save_custody_ns":656398250}
DIAGNOSTIC state=26 full157=76 root=ObjectId("6ac0728958f2966101d0577180b360eea2357a61de17591d3c368b5c595474d8")
HISTORY_COLD_BOUNDARY {"before_state":27,"wall_ns":7959375,"attestation":{"files":1,"length_bytes":20926464,"total_pages":1278,"resident_first":1266,"resident_after":0,"invalidated_files":1,"page_size_bytes":16384,"first_pass_ns":4056000,"attestation_ns":508000,"opens":3,"fstats":3,"mmap_calls":2,"mincore_calls":3,"munmap_calls":2,"msync_calls":1,"inventory_entries":2,"vector_peak_bytes":1278}}
HISTORY_ENGINE_WORK {"state":27,"stage":"acquisition","available":true,"values":[0, 0, 0, 0, 0, 0, 0, 0, 0, 0, 0, 0, 0, 0, 0, 0, 0, 0, 0]}
HISTORY_ENGINE_WORK {"state":27,"stage":"construction","available":true,"values":[38, 324, 2272000, 0, 0, 0, 0, 4, 94334, 38, 33047, 130904, 0, 0, 0, 5, 1, 0, 11]}
HISTORY_PROVIDER_WORK state=27 stage=construction cumulative=Diagnostics { policy: 1, locate: 9447, read_packs: 8813, value_groups: 1134, signatures: 1, reserve: 174, publish: 223, payload_reads: 9160, payload_read_bytes: 818170910, pack_read_bytes: 757153412, pack_write_bytes: 19073505, pooled_packs: 28, pooled_groups: 1109, reserved_directory_bytes: 114688, ordinal_reservations: 173, locator_hits: 346919, locator_misses: 71778, pack_hits: 655871, pack_misses: 23166, forced_seals: 0 }
HISTORY_POOLED_WORK state=27 stage=construction scope=operation-reader-only cumulative=PoolReadCounters { leaf_requests: 0, chain_edges: 0, physical_record_calls: 0, physical_group_decodes: 0, physical_group_decoded_bytes: 0, physical_group_cache_hits: 0, value_group_decodes: 0, pack_fetches: 0, pack_bytes: 0 }
HISTORY_ENGINE_WORK {"state":27,"stage":"filesystem","available":true,"values":[1833, 21516, 23670000, 0, 0, 26, 0, 15, 666831, 1833, 1149631, 1715789, 0, 0, 0, 58, 1, 0, 583]}
HISTORY_PROVIDER_WORK state=27 stage=filesystem cumulative=Diagnostics { policy: 1, locate: 9950, read_packs: 8867, value_groups: 1160, signatures: 1, reserve: 174, publish: 223, payload_reads: 9160, payload_read_bytes: 818170910, pack_read_bytes: 758829067, pack_write_bytes: 19073505, pooled_packs: 28, pooled_groups: 1109, reserved_directory_bytes: 114688, ordinal_reservations: 173, locator_hits: 354408, locator_misses: 72321, pack_hits: 675642, pack_misses: 23224, forced_seals: 0 }
HISTORY_POOLED_WORK state=27 stage=filesystem scope=operation-reader-only cumulative=PoolReadCounters { leaf_requests: 551, chain_edges: 1776, physical_record_calls: 4654, physical_group_decodes: 466, physical_group_decoded_bytes: 19326847, physical_group_cache_hits: 4188, value_group_decodes: 2716, pack_fetches: 40, pack_bytes: 1266680 }
HISTORY_ENGINE_WORK {"state":27,"stage":"save_custody","available":true,"values":[12128, 299490, 196220000, 0, 0, 0, 2, 133, 5874584, 12128, 7333687, 193233307, 1585152, 0, 0, 2449, 4, 0, 3165]}
HISTORY_PROVIDER_WORK state=27 stage=save_custody cumulative=Diagnostics { policy: 1, locate: 11303, read_packs: 9525, value_groups: 1162, signatures: 1, reserve: 180, publish: 226, payload_reads: 10311, payload_read_bytes: 930947173, pack_read_bytes: 843367881, pack_write_bytes: 19307485, pooled_packs: 29, pooled_groups: 1155, reserved_directory_bytes: 118784, ordinal_reservations: 179, locator_hits: 374554, locator_misses: 81889, pack_hits: 730358, pack_misses: 25673, forced_seals: 0 }
HISTORY_POOLED_WORK state=27 stage=save_custody scope=operation-reader-only cumulative=PoolReadCounters { leaf_requests: 551, chain_edges: 1776, physical_record_calls: 4654, physical_group_decodes: 466, physical_group_decoded_bytes: 19326847, physical_group_cache_hits: 4188, value_group_decodes: 2716, pack_fetches: 40, pack_bytes: 1266680 }
HISTORY_STATE_WORK {"state":27,"full157":79,"changed_paths":2265,"offered_objects":2545,"acquire_ns":548568042,"construct_ns":78603375,"filesystem_ns":227211584,"save_custody_ns":720172000}
DIAGNOSTIC state=27 full157=79 root=ObjectId("dccdd03e69aa603b89d982211b0fc69dda1a2a2d72cf8a234ac31571fb59834c")
HISTORY_COLD_BOUNDARY {"before_state":28,"wall_ns":8738292,"attestation":{"files":1,"length_bytes":21184512,"total_pages":1293,"resident_first":1282,"resident_after":0,"invalidated_files":1,"page_size_bytes":16384,"first_pass_ns":5052000,"attestation_ns":485000,"opens":3,"fstats":3,"mmap_calls":2,"mincore_calls":3,"munmap_calls":2,"msync_calls":1,"inventory_entries":2,"vector_peak_bytes":1293}}
HISTORY_ENGINE_WORK {"state":28,"stage":"acquisition","available":true,"values":[0, 0, 0, 0, 0, 0, 0, 0, 0, 0, 0, 0, 0, 0, 0, 0, 0, 0, 0]}
HISTORY_ENGINE_WORK {"state":28,"stage":"construction","available":true,"values":[30, 264, 1549000, 0, 0, 0, 0, 4, 88540, 30, 21997, 102209, 0, 0, 0, 3, 1, 0, 9]}
HISTORY_PROVIDER_WORK state=28 stage=construction cumulative=Diagnostics { policy: 1, locate: 11309, read_packs: 9528, value_groups: 1162, signatures: 1, reserve: 180, publish: 226, payload_reads: 10311, payload_read_bytes: 930947173, pack_read_bytes: 843471960, pack_write_bytes: 19307485, pooled_packs: 29, pooled_groups: 1155, reserved_directory_bytes: 118784, ordinal_reservations: 179, locator_hits: 374564, locator_misses: 81895, pack_hits: 730419, pack_misses: 25676, forced_seals: 0 }
HISTORY_POOLED_WORK state=28 stage=construction scope=operation-reader-only cumulative=PoolReadCounters { leaf_requests: 0, chain_edges: 0, physical_record_calls: 0, physical_group_decodes: 0, physical_group_decoded_bytes: 0, physical_group_cache_hits: 0, value_group_decodes: 0, pack_fetches: 0, pack_bytes: 0 }
HISTORY_ENGINE_WORK {"state":28,"stage":"filesystem","available":true,"values":[639, 17646, 19406000, 0, 0, 46, 0, 23, 899128, 639, 369462, 1749590, 0, 0, 0, 59, 1, 0, 178]}
HISTORY_PROVIDER_WORK state=28 stage=filesystem cumulative=Diagnostics { policy: 1, locate: 11388, read_packs: 9581, value_groups: 1208, signatures: 1, reserve: 180, publish: 226, payload_reads: 10311, payload_read_bytes: 930947173, pack_read_bytes: 845350578, pack_write_bytes: 19307485, pooled_packs: 29, pooled_groups: 1155, reserved_directory_bytes: 118784, ordinal_reservations: 179, locator_hits: 378337, locator_misses: 82023, pack_hits: 739581, pack_misses: 25735, forced_seals: 0 }
HISTORY_POOLED_WORK state=28 stage=filesystem scope=operation-reader-only cumulative=PoolReadCounters { leaf_requests: 331, chain_edges: 1007, physical_record_calls: 2676, physical_group_decodes: 428, physical_group_decoded_bytes: 17339301, physical_group_cache_hits: 2248, value_group_decodes: 2550, pack_fetches: 44, pack_bytes: 1458786 }
HISTORY_ENGINE_WORK {"state":28,"stage":"save_custody","available":true,"values":[4699, 82178, 106706000, 0, 0, 0, 2, 62, 2214705, 4699, 2327044, 98069398, 1650688, 0, 0, 1319, 3, 0, 1068]}
HISTORY_PROVIDER_WORK state=28 stage=save_custody cumulative=Diagnostics { policy: 1, locate: 11409, read_packs: 10176, value_groups: 1210, signatures: 1, reserve: 186, publish: 228, payload_reads: 10760, payload_read_bytes: 978446672, pack_read_bytes: 897872787, pack_write_bytes: 19563975, pooled_packs: 30, pooled_groups: 1201, reserved_directory_bytes: 122880, ordinal_reservations: 185, locator_hits: 383620, locator_misses: 83079, pack_hits: 747728, pack_misses: 27054, forced_seals: 0 }
HISTORY_POOLED_WORK state=28 stage=save_custody scope=operation-reader-only cumulative=PoolReadCounters { leaf_requests: 331, chain_edges: 1007, physical_record_calls: 2676, physical_group_decodes: 428, physical_group_decoded_bytes: 17339301, physical_group_cache_hits: 2248, value_group_decodes: 2550, pack_fetches: 44, pack_bytes: 1458786 }
HISTORY_STATE_WORK {"state":28,"full157":82,"changed_paths":240,"offered_objects":371,"acquire_ns":182764333,"construct_ns":18759500,"filesystem_ns":110221709,"save_custody_ns":329456792}
DIAGNOSTIC state=28 full157=82 root=ObjectId("f359fa766ece3a2a2c62f3d8d3bb43fc6b87cc35dfa8a067906f9c42f14c67d8")
HISTORY_COLD_BOUNDARY {"before_state":29,"wall_ns":8816208,"attestation":{"files":1,"length_bytes":21463040,"total_pages":1310,"resident_first":1078,"resident_after":0,"invalidated_files":1,"page_size_bytes":16384,"first_pass_ns":5043000,"attestation_ns":516000,"opens":3,"fstats":3,"mmap_calls":2,"mincore_calls":3,"munmap_calls":2,"msync_calls":1,"inventory_entries":2,"vector_peak_bytes":1310}}
HISTORY_ENGINE_WORK {"state":29,"stage":"acquisition","available":true,"values":[0, 0, 0, 0, 0, 0, 0, 0, 0, 0, 0, 0, 0, 0, 0, 0, 0, 0, 0]}
HISTORY_ENGINE_WORK {"state":29,"stage":"construction","available":true,"values":[35, 321, 841000, 0, 0, 0, 0, 4, 91624, 35, 33541, 176304, 0, 0, 0, 2, 1, 0, 11]}
HISTORY_PROVIDER_WORK state=29 stage=construction cumulative=Diagnostics { policy: 1, locate: 11418, read_packs: 10178, value_groups: 1210, signatures: 1, reserve: 186, publish: 228, payload_reads: 10760, payload_read_bytes: 978446672, pack_read_bytes: 898052067, pack_write_bytes: 19563975, pooled_packs: 30, pooled_groups: 1201, reserved_directory_bytes: 122880, ordinal_reservations: 185, locator_hits: 383629, locator_misses: 83088, pack_hits: 747798, pack_misses: 27056, forced_seals: 0 }
HISTORY_POOLED_WORK state=29 stage=construction scope=operation-reader-only cumulative=PoolReadCounters { leaf_requests: 0, chain_edges: 0, physical_record_calls: 0, physical_group_decodes: 0, physical_group_decoded_bytes: 0, physical_group_cache_hits: 0, value_group_decodes: 0, pack_fetches: 0, pack_bytes: 0 }
HISTORY_ENGINE_WORK {"state":29,"stage":"filesystem","available":true,"values":[1573, 24203, 24505000, 0, 0, 46, 0, 20, 620915, 1573, 948541, 2061383, 0, 0, 0, 69, 1, 0, 486]}
HISTORY_PROVIDER_WORK state=29 stage=filesystem cumulative=Diagnostics { policy: 1, locate: 11796, read_packs: 10240, value_groups: 1256, signatures: 1, reserve: 186, publish: 228, payload_reads: 10760, payload_read_bytes: 978446672, pack_read_bytes: 900111945, pack_write_bytes: 19563975, pooled_packs: 30, pooled_groups: 1201, reserved_directory_bytes: 122880, ordinal_reservations: 185, locator_hits: 390344, locator_misses: 83513, pack_hits: 766303, pack_misses: 27125, forced_seals: 0 }
HISTORY_POOLED_WORK state=29 stage=filesystem scope=operation-reader-only cumulative=PoolReadCounters { leaf_requests: 545, chain_edges: 1608, physical_record_calls: 4306, physical_group_decodes: 445, physical_group_decoded_bytes: 17202960, physical_group_cache_hits: 3861, value_group_decodes: 3785, pack_fetches: 45, pack_bytes: 1467518 }
HISTORY_ENGINE_WORK {"state":29,"stage":"save_custody","available":true,"values":[15521, 417185, 233795000, 0, 0, 0, 2, 197, 7572122, 15521, 8442940, 228506781, 11706368, 0, 0, 2996, 26, 0, 4018]}
HISTORY_PROVIDER_WORK state=29 stage=save_custody cumulative=Diagnostics { policy: 1, locate: 13425, read_packs: 11260, value_groups: 1258, signatures: 1, reserve: 195, publish: 254, payload_reads: 12126, payload_read_bytes: 1113655308, pack_read_bytes: 994846111, pack_write_bytes: 22400742, pooled_packs: 32, pooled_groups: 1300, reserved_directory_bytes: 131072, ordinal_reservations: 194, locator_hits: 414890, locator_misses: 92310, pack_hits: 810239, pack_misses: 30121, forced_seals: 0 }
HISTORY_POOLED_WORK state=29 stage=save_custody scope=operation-reader-only cumulative=PoolReadCounters { leaf_requests: 545, chain_edges: 1608, physical_record_calls: 4306, physical_group_decodes: 445, physical_group_decoded_bytes: 17202960, physical_group_cache_hits: 3861, value_group_decodes: 3785, pack_fetches: 45, pack_bytes: 1467518 }
HISTORY_STATE_WORK {"state":29,"full157":85,"changed_paths":1860,"offered_objects":2247,"acquire_ns":518346750,"construct_ns":79324167,"filesystem_ns":208117250,"save_custody_ns":927939417}
DIAGNOSTIC state=29 full157=85 root=ObjectId("031925f5827d17dfab70784bfbdf76ccaa7723d5c8c5409e4084f914b53a9ec2")
HISTORY_COLD_BOUNDARY {"before_state":30,"wall_ns":10197417,"attestation":{"files":1,"length_bytes":24506368,"total_pages":1496,"resident_first":1462,"resident_after":0,"invalidated_files":1,"page_size_bytes":16384,"first_pass_ns":6215000,"attestation_ns":564000,"opens":3,"fstats":3,"mmap_calls":2,"mincore_calls":3,"munmap_calls":2,"msync_calls":1,"inventory_entries":2,"vector_peak_bytes":1496}}
HISTORY_ENGINE_WORK {"state":30,"stage":"acquisition","available":true,"values":[0, 0, 0, 0, 0, 0, 0, 0, 0, 0, 0, 0, 0, 0, 0, 0, 0, 0, 0]}
HISTORY_ENGINE_WORK {"state":30,"stage":"construction","available":true,"values":[28, 262, 681000, 0, 0, 0, 0, 4, 94208, 28, 28620, 53392, 0, 0, 0, 1, 1, 0, 9]}
HISTORY_PROVIDER_WORK state=30 stage=construction cumulative=Diagnostics { policy: 1, locate: 13433, read_packs: 11261, value_groups: 1258, signatures: 1, reserve: 195, publish: 254, payload_reads: 12126, payload_read_bytes: 1113655308, pack_read_bytes: 994899974, pack_write_bytes: 22400742, pooled_packs: 32, pooled_groups: 1300, reserved_directory_bytes: 131072, ordinal_reservations: 194, locator_hits: 414898, locator_misses: 92318, pack_hits: 810302, pack_misses: 30122, forced_seals: 0 }
HISTORY_POOLED_WORK state=30 stage=construction scope=operation-reader-only cumulative=PoolReadCounters { leaf_requests: 0, chain_edges: 0, physical_record_calls: 0, physical_group_decodes: 0, physical_group_decoded_bytes: 0, physical_group_cache_hits: 0, value_group_decodes: 0, pack_fetches: 0, pack_bytes: 0 }
HISTORY_ENGINE_WORK {"state":30,"stage":"filesystem","available":true,"values":[1084, 79734, 24933000, 0, 0, 98, 0, 78, 2737997, 1084, 668955, 2017847, 0, 0, 0, 65, 2, 0, 307]}
HISTORY_PROVIDER_WORK state=30 stage=filesystem cumulative=Diagnostics { policy: 1, locate: 13584, read_packs: 11319, value_groups: 1356, signatures: 1, reserve: 195, publish: 254, payload_reads: 12126, payload_read_bytes: 1113655308, pack_read_bytes: 996983760, pack_write_bytes: 22400742, pooled_packs: 32, pooled_groups: 1300, reserved_directory_bytes: 131072, ordinal_reservations: 194, locator_hits: 419402, locator_misses: 92572, pack_hits: 821544, pack_misses: 30187, forced_seals: 0 }
HISTORY_POOLED_WORK state=30 stage=filesystem scope=operation-reader-only cumulative=PoolReadCounters { leaf_requests: 412, chain_edges: 1176, physical_record_calls: 3176, physical_group_decodes: 449, physical_group_decoded_bytes: 17857481, physical_group_cache_hits: 2727, value_group_decodes: 2735, pack_fetches: 46, pack_bytes: 1570113 }
HISTORY_ENGINE_WORK {"state":30,"stage":"save_custody","available":true,"values":[6128, 138257, 143271000, 0, 0, 0, 2, 86, 3207168, 6128, 3159319, 127143569, 3018752, 0, 0, 1712, 7, 0, 1387]}
HISTORY_PROVIDER_WORK state=30 stage=save_custody cumulative=Diagnostics { policy: 1, locate: 13619, read_packs: 12104, value_groups: 1358, signatures: 1, reserve: 202, publish: 259, payload_reads: 12690, payload_read_bytes: 1172459293, pack_read_bytes: 1066790818, pack_write_bytes: 22882623, pooled_packs: 33, pooled_groups: 1371, reserved_directory_bytes: 135168, ordinal_reservations: 201, locator_hits: 429088, locator_misses: 94718, pack_hits: 837004, pack_misses: 31899, forced_seals: 0 }
HISTORY_POOLED_WORK state=30 stage=save_custody scope=operation-reader-only cumulative=PoolReadCounters { leaf_requests: 412, chain_edges: 1176, physical_record_calls: 3176, physical_group_decodes: 449, physical_group_decoded_bytes: 17857481, physical_group_cache_hits: 2727, value_group_decodes: 2735, pack_fetches: 46, pack_bytes: 1570113 }
HISTORY_STATE_WORK {"state":30,"full157":88,"changed_paths":521,"offered_objects":697,"acquire_ns":233260875,"construct_ns":28382333,"filesystem_ns":137267792,"save_custody_ns":472444042}
DIAGNOSTIC state=30 full157=88 root=ObjectId("0a3c42e43ed4d1e94ca34f024cd6d57ca7f804a215d9580c1110e8882a0c2b2c")
HISTORY_COLD_BOUNDARY {"before_state":31,"wall_ns":10018375,"attestation":{"files":1,"length_bytes":25022464,"total_pages":1528,"resident_first":1397,"resident_after":0,"invalidated_files":1,"page_size_bytes":16384,"first_pass_ns":5938000,"attestation_ns":630000,"opens":3,"fstats":3,"mmap_calls":2,"mincore_calls":3,"munmap_calls":2,"msync_calls":1,"inventory_entries":2,"vector_peak_bytes":1528}}
HISTORY_ENGINE_WORK {"state":31,"stage":"acquisition","available":true,"values":[0, 0, 0, 0, 0, 0, 0, 0, 0, 0, 0, 0, 0, 0, 0, 0, 0, 0, 0]}
HISTORY_ENGINE_WORK {"state":31,"stage":"construction","available":true,"values":[38, 350, 1604000, 0, 0, 0, 0, 4, 161292, 38, 31457, 82112, 0, 0, 0, 2, 1, 0, 12]}
HISTORY_PROVIDER_WORK state=31 stage=construction cumulative=Diagnostics { policy: 1, locate: 13629, read_packs: 12106, value_groups: 1358, signatures: 1, reserve: 202, publish: 259, payload_reads: 12690, payload_read_bytes: 1172459293, pack_read_bytes: 1066873069, pack_write_bytes: 22882623, pooled_packs: 33, pooled_groups: 1371, reserved_directory_bytes: 135168, ordinal_reservations: 201, locator_hits: 429098, locator_misses: 94728, pack_hits: 837082, pack_misses: 31901, forced_seals: 0 }
HISTORY_POOLED_WORK state=31 stage=construction scope=operation-reader-only cumulative=PoolReadCounters { leaf_requests: 0, chain_edges: 0, physical_record_calls: 0, physical_group_decodes: 0, physical_group_decoded_bytes: 0, physical_group_cache_hits: 0, value_group_decodes: 0, pack_fetches: 0, pack_bytes: 0 }
HISTORY_ENGINE_WORK {"state":31,"stage":"filesystem","available":true,"values":[1294, 33102, 29026000, 0, 0, 71, 0, 35, 1481627, 1294, 937242, 2244071, 0, 0, 0, 71, 1, 0, 384]}
HISTORY_PROVIDER_WORK state=31 stage=filesystem cumulative=Diagnostics { policy: 1, locate: 13878, read_packs: 12170, value_groups: 1429, signatures: 1, reserve: 202, publish: 259, payload_reads: 12690, payload_read_bytes: 1172459293, pack_read_bytes: 1069095671, pack_write_bytes: 22882623, pooled_packs: 33, pooled_groups: 1371, reserved_directory_bytes: 135168, ordinal_reservations: 201, locator_hits: 436238, locator_misses: 95052, pack_hits: 855010, pack_misses: 31972, forced_seals: 0 }
HISTORY_POOLED_WORK state=31 stage=filesystem scope=operation-reader-only cumulative=PoolReadCounters { leaf_requests: 554, chain_edges: 1840, physical_record_calls: 4788, physical_group_decodes: 399, physical_group_decoded_bytes: 15075864, physical_group_cache_hits: 4389, value_group_decodes: 3906, pack_fetches: 48, pack_bytes: 1629625 }
HISTORY_ENGINE_WORK {"state":31,"stage":"save_custody","available":true,"values":[12724, 275982, 228721000, 0, 0, 0, 2, 131, 5334500, 12724, 6939475, 240051625, 4595712, 0, 0, 2970, 6, 0, 3142]}
HISTORY_PROVIDER_WORK state=31 stage=save_custody cumulative=Diagnostics { policy: 1, locate: 14712, read_packs: 13278, value_groups: 1431, signatures: 1, reserve: 213, publish: 268, payload_reads: 13887, payload_read_bytes: 1302397296, pack_read_bytes: 1183249274, pack_write_bytes: 23560604, pooled_packs: 34, pooled_groups: 1457, reserved_directory_bytes: 139264, ordinal_reservations: 212, locator_hits: 453336, locator_misses: 100828, pack_hits: 886479, pack_misses: 34942, forced_seals: 0 }
HISTORY_POOLED_WORK state=31 stage=save_custody scope=operation-reader-only cumulative=PoolReadCounters { leaf_requests: 554, chain_edges: 1840, physical_record_calls: 4788, physical_group_decodes: 399, physical_group_decoded_bytes: 15075864, physical_group_cache_hits: 4389, value_group_decodes: 3906, pack_fetches: 48, pack_bytes: 1629625 }
HISTORY_STATE_WORK {"state":31,"full157":91,"changed_paths":1015,"offered_objects":1175,"acquire_ns":306013041,"construct_ns":47586459,"filesystem_ns":195995083,"save_custody_ns":825577708}
DIAGNOSTIC state=31 full157=91 root=ObjectId("6636ac043f382f878ca24449d5df453eef941de7282032ced18243a7579dd0a9")
HISTORY_COLD_BOUNDARY {"before_state":32,"wall_ns":10445708,"attestation":{"files":1,"length_bytes":25776128,"total_pages":1574,"resident_first":1513,"resident_after":0,"invalidated_files":1,"page_size_bytes":16384,"first_pass_ns":6321000,"attestation_ns":585000,"opens":3,"fstats":3,"mmap_calls":2,"mincore_calls":3,"munmap_calls":2,"msync_calls":1,"inventory_entries":2,"vector_peak_bytes":1574}}
HISTORY_ENGINE_WORK {"state":32,"stage":"acquisition","available":true,"values":[0, 0, 0, 0, 0, 0, 0, 0, 0, 0, 0, 0, 0, 0, 0, 0, 0, 0, 0]}
HISTORY_ENGINE_WORK {"state":32,"stage":"construction","available":true,"values":[28, 262, 752000, 0, 0, 0, 0, 4, 99625, 28, 29123, 28620, 0, 0, 0, 1, 1, 0, 9]}
HISTORY_PROVIDER_WORK state=32 stage=construction cumulative=Diagnostics { policy: 1, locate: 14720, read_packs: 13279, value_groups: 1431, signatures: 1, reserve: 213, publish: 268, payload_reads: 13887, payload_read_bytes: 1302397296, pack_read_bytes: 1183278169, pack_write_bytes: 23560604, pooled_packs: 34, pooled_groups: 1457, reserved_directory_bytes: 139264, ordinal_reservations: 212, locator_hits: 453344, locator_misses: 100836, pack_hits: 886542, pack_misses: 34943, forced_seals: 0 }
HISTORY_POOLED_WORK state=32 stage=construction scope=operation-reader-only cumulative=PoolReadCounters { leaf_requests: 0, chain_edges: 0, physical_record_calls: 0, physical_group_decodes: 0, physical_group_decoded_bytes: 0, physical_group_cache_hits: 0, value_group_decodes: 0, pack_fetches: 0, pack_bytes: 0 }
HISTORY_ENGINE_WORK {"state":32,"stage":"filesystem","available":true,"values":[2769, 67079, 44565000, 0, 0, 86, 0, 74, 2278544, 2769, 1726514, 2538355, 0, 0, 0, 76, 1, 0, 869]}
HISTORY_PROVIDER_WORK state=32 stage=filesystem cumulative=Diagnostics { policy: 1, locate: 15436, read_packs: 13346, value_groups: 1517, signatures: 1, reserve: 213, publish: 268, payload_reads: 13887, payload_read_bytes: 1302397296, pack_read_bytes: 1185665628, pack_write_bytes: 23560604, pooled_packs: 34, pooled_groups: 1457, reserved_directory_bytes: 139264, ordinal_reservations: 212, locator_hits: 462439, locator_misses: 101866, pack_hits: 910078, pack_misses: 35019, forced_seals: 0 }
HISTORY_POOLED_WORK state=32 stage=filesystem scope=operation-reader-only cumulative=PoolReadCounters { leaf_requests: 688, chain_edges: 2503, physical_record_calls: 6382, physical_group_decodes: 629, physical_group_decoded_bytes: 24056623, physical_group_cache_hits: 5753, value_group_decodes: 4178, pack_fetches: 50, pack_bytes: 1706083 }
HISTORY_ENGINE_WORK {"state":32,"stage":"save_custody","available":true,"values":[10377, 263379, 218567000, 0, 0, 0, 2, 131, 5574546, 10377, 5567021, 251659293, 3543040, 0, 0, 2989, 11, 0, 2375]}
HISTORY_PROVIDER_WORK state=32 stage=save_custody cumulative=Diagnostics { policy: 1, locate: 15550, read_packs: 14235, value_groups: 1519, signatures: 1, reserve: 221, publish: 274, payload_reads: 15256, payload_read_bytes: 1449318462, pack_read_bytes: 1294286451, pack_write_bytes: 24113787, pooled_packs: 35, pooled_groups: 1527, reserved_directory_bytes: 143360, ordinal_reservations: 220, locator_hits: 479929, locator_misses: 108412, pack_hits: 948157, pack_misses: 38008, forced_seals: 0 }
HISTORY_POOLED_WORK state=32 stage=save_custody scope=operation-reader-only cumulative=PoolReadCounters { leaf_requests: 688, chain_edges: 2503, physical_record_calls: 6382, physical_group_decodes: 629, physical_group_decoded_bytes: 24056623, physical_group_cache_hits: 5753, value_group_decodes: 4178, pack_fetches: 50, pack_bytes: 1706083 }
HISTORY_STATE_WORK {"state":32,"full157":94,"changed_paths":1683,"offered_objects":1617,"acquire_ns":471849208,"construct_ns":57609542,"filesystem_ns":266132917,"save_custody_ns":784086708}
DIAGNOSTIC state=32 full157=94 root=ObjectId("ff73fc95673dd22d014e28436367b634480d7ec778ad63d0666551bae22103b6")
HISTORY_COLD_BOUNDARY {"before_state":33,"wall_ns":10654625,"attestation":{"files":1,"length_bytes":26378240,"total_pages":1610,"resident_first":1562,"resident_after":0,"invalidated_files":1,"page_size_bytes":16384,"first_pass_ns":6581000,"attestation_ns":649000,"opens":3,"fstats":3,"mmap_calls":2,"mincore_calls":3,"munmap_calls":2,"msync_calls":1,"inventory_entries":2,"vector_peak_bytes":1610}}
HISTORY_ENGINE_WORK {"state":33,"stage":"acquisition","available":true,"values":[0, 0, 0, 0, 0, 0, 0, 0, 0, 0, 0, 0, 0, 0, 0, 0, 0, 0, 0]}
HISTORY_ENGINE_WORK {"state":33,"stage":"construction","available":true,"values":[26, 234, 1352000, 0, 0, 0, 0, 4, 88751, 26, 33749, 98432, 0, 0, 0, 2, 1, 0, 8]}
HISTORY_PROVIDER_WORK state=33 stage=construction cumulative=Diagnostics { policy: 1, locate: 15556, read_packs: 14237, value_groups: 1519, signatures: 1, reserve: 221, publish: 274, payload_reads: 15256, payload_read_bytes: 1449318462, pack_read_bytes: 1294383606, pack_write_bytes: 24113787, pooled_packs: 35, pooled_groups: 1527, reserved_directory_bytes: 143360, ordinal_reservations: 220, locator_hits: 479939, locator_misses: 108418, pack_hits: 948219, pack_misses: 38010, forced_seals: 0 }
HISTORY_POOLED_WORK state=33 stage=construction scope=operation-reader-only cumulative=PoolReadCounters { leaf_requests: 0, chain_edges: 0, physical_record_calls: 0, physical_group_decodes: 0, physical_group_decoded_bytes: 0, physical_group_cache_hits: 0, value_group_decodes: 0, pack_fetches: 0, pack_bytes: 0 }
HISTORY_ENGINE_WORK {"state":33,"stage":"filesystem","available":true,"values":[2455, 45265, 32403000, 0, 0, 70, 0, 29, 1048918, 2455, 1439016, 2647151, 0, 0, 0, 78, 1, 0, 769]}
HISTORY_PROVIDER_WORK state=33 stage=filesystem cumulative=Diagnostics { policy: 1, locate: 16186, read_packs: 14306, value_groups: 1589, signatures: 1, reserve: 221, publish: 274, payload_reads: 15256, payload_read_bytes: 1449318462, pack_read_bytes: 1296784935, pack_write_bytes: 24113787, pooled_packs: 35, pooled_groups: 1527, reserved_directory_bytes: 143360, ordinal_reservations: 220, locator_hits: 487606, locator_misses: 109139, pack_hits: 971019, pack_misses: 38088, forced_seals: 0 }
HISTORY_POOLED_WORK state=33 stage=filesystem scope=operation-reader-only cumulative=PoolReadCounters { leaf_requests: 708, chain_edges: 1728, physical_record_calls: 4872, physical_group_decodes: 626, physical_group_decoded_bytes: 24154612, physical_group_cache_hits: 4246, value_group_decodes: 4446, pack_fetches: 51, pack_bytes: 1733441 }
HISTORY_ENGINE_WORK {"state":33,"stage":"save_custody","available":true,"values":[18313, 564738, 321924000, 0, 0, 0, 2, 217, 10321333, 18313, 10218197, 378036568, 11460608, 0, 0, 4287, 14, 0, 4532]}
HISTORY_PROVIDER_WORK state=33 stage=save_custody cumulative=Diagnostics { policy: 1, locate: 17406, read_packs: 15369, value_groups: 1591, signatures: 1, reserve: 230, publish: 294, payload_reads: 17502, payload_read_bytes: 1685311181, pack_read_bytes: 1439666463, pack_write_bytes: 26083089, pooled_packs: 37, pooled_groups: 1632, reserved_directory_bytes: 151552, ordinal_reservations: 229, locator_hits: 527332, locator_misses: 121891, pack_hits: 1043772, pack_misses: 42375, forced_seals: 0 }
HISTORY_POOLED_WORK state=33 stage=save_custody scope=operation-reader-only cumulative=PoolReadCounters { leaf_requests: 708, chain_edges: 1728, physical_record_calls: 4872, physical_group_decodes: 626, physical_group_decoded_bytes: 24154612, physical_group_cache_hits: 4246, value_group_decodes: 4446, pack_fetches: 51, pack_bytes: 1733441 }
HISTORY_STATE_WORK {"state":33,"full157":97,"changed_paths":2884,"offered_objects":3145,"acquire_ns":765651000,"construct_ns":93190959,"filesystem_ns":268272500,"save_custody_ns":1325757042}
DIAGNOSTIC state=33 full157=97 root=ObjectId("fbe8524d12e2e97d078ae337173f36d11c3981d70fb9d15d7bf7a28471114521")
HISTORY_COLD_BOUNDARY {"before_state":34,"wall_ns":11078625,"attestation":{"files":1,"length_bytes":28557312,"total_pages":1743,"resident_first":1701,"resident_after":0,"invalidated_files":1,"page_size_bytes":16384,"first_pass_ns":7076000,"attestation_ns":658000,"opens":3,"fstats":3,"mmap_calls":2,"mincore_calls":3,"munmap_calls":2,"msync_calls":1,"inventory_entries":2,"vector_peak_bytes":1743}}
HISTORY_ENGINE_WORK {"state":34,"stage":"acquisition","available":true,"values":[0, 0, 0, 0, 0, 0, 0, 0, 0, 0, 0, 0, 0, 0, 0, 0, 0, 0, 0]}
HISTORY_ENGINE_WORK {"state":34,"stage":"construction","available":true,"values":[38, 350, 1573000, 0, 0, 0, 0, 4, 112542, 38, 32041, 86208, 0, 0, 0, 2, 1, 0, 12]}
HISTORY_PROVIDER_WORK state=34 stage=construction cumulative=Diagnostics { policy: 1, locate: 17416, read_packs: 15371, value_groups: 1591, signatures: 1, reserve: 230, publish: 294, payload_reads: 17502, payload_read_bytes: 1685311181, pack_read_bytes: 1439758425, pack_write_bytes: 26083089, pooled_packs: 37, pooled_groups: 1632, reserved_directory_bytes: 151552, ordinal_reservations: 229, locator_hits: 527342, locator_misses: 121901, pack_hits: 1043850, pack_misses: 42377, forced_seals: 0 }
HISTORY_POOLED_WORK state=34 stage=construction scope=operation-reader-only cumulative=PoolReadCounters { leaf_requests: 0, chain_edges: 0, physical_record_calls: 0, physical_group_decodes: 0, physical_group_decoded_bytes: 0, physical_group_cache_hits: 0, value_group_decodes: 0, pack_fetches: 0, pack_bytes: 0 }
HISTORY_ENGINE_WORK {"state":34,"stage":"filesystem","available":true,"values":[1532, 112470, 36344000, 0, 0, 105, 0, 87, 3580668, 1532, 944212, 2728047, 0, 0, 0, 80, 2, 0, 449]}
HISTORY_PROVIDER_WORK state=34 stage=filesystem cumulative=Diagnostics { policy: 1, locate: 17690, read_packs: 15441, value_groups: 1696, signatures: 1, reserve: 230, publish: 294, payload_reads: 17502, payload_read_bytes: 1685311181, pack_read_bytes: 1442399781, pack_write_bytes: 26083089, pooled_packs: 37, pooled_groups: 1632, reserved_directory_bytes: 151552, ordinal_reservations: 229, locator_hits: 533071, locator_misses: 122279, pack_hits: 1059504, pack_misses: 42457, forced_seals: 0 }
HISTORY_POOLED_WORK state=34 stage=filesystem scope=operation-reader-only cumulative=PoolReadCounters { leaf_requests: 577, chain_edges: 1395, physical_record_calls: 3944, physical_group_decodes: 614, physical_group_decoded_bytes: 23768116, physical_group_cache_hits: 3330, value_group_decodes: 3950, pack_fetches: 54, pack_bytes: 1939735 }
HISTORY_ENGINE_WORK {"state":34,"stage":"save_custody","available":true,"values":[14784, 311350, 263321000, 0, 0, 0, 2, 137, 6485884, 14784, 8765214, 280169710, 6701056, 0, 0, 3387, 19, 0, 3676]}
HISTORY_PROVIDER_WORK state=34 stage=save_custody cumulative=Diagnostics { policy: 1, locate: 18782, read_packs: 16559, value_groups: 1698, signatures: 1, reserve: 239, publish: 303, payload_reads: 18965, payload_read_bytes: 1834970358, pack_read_bytes: 1572773727, pack_write_bytes: 27357368, pooled_packs: 38, pooled_groups: 1739, reserved_directory_bytes: 155648, ordinal_reservations: 238, locator_hits: 549020, locator_misses: 128176, pack_hits: 1087502, pack_misses: 45844, forced_seals: 0 }
HISTORY_POOLED_WORK state=34 stage=save_custody scope=operation-reader-only cumulative=PoolReadCounters { leaf_requests: 577, chain_edges: 1395, physical_record_calls: 3944, physical_group_decodes: 614, physical_group_decoded_bytes: 23768116, physical_group_cache_hits: 3330, value_group_decodes: 3950, pack_fetches: 54, pack_bytes: 1939735 }
HISTORY_STATE_WORK {"state":34,"full157":100,"changed_paths":1181,"offered_objects":1394,"acquire_ns":340714958,"construct_ns":48406500,"filesystem_ns":201613625,"save_custody_ns":919692834}
DIAGNOSTIC state=34 full157=100 root=ObjectId("6a76e8bd7100a4b10daae9cc0574aed2c541a595325d57dd367c36c22068eb69")
HISTORY_COLD_BOUNDARY {"before_state":35,"wall_ns":12075292,"attestation":{"files":1,"length_bytes":29925376,"total_pages":1827,"resident_first":1767,"resident_after":0,"invalidated_files":1,"page_size_bytes":16384,"first_pass_ns":7852000,"attestation_ns":768000,"opens":3,"fstats":3,"mmap_calls":2,"mincore_calls":3,"munmap_calls":2,"msync_calls":1,"inventory_entries":2,"vector_peak_bytes":1827}}
HISTORY_ENGINE_WORK {"state":35,"stage":"acquisition","available":true,"values":[0, 0, 0, 0, 0, 0, 0, 0, 0, 0, 0, 0, 0, 0, 0, 0, 0, 0, 0]}
HISTORY_ENGINE_WORK {"state":35,"stage":"construction","available":true,"values":[31, 265, 2140000, 0, 0, 0, 0, 4, 73834, 31, 27166, 265643, 0, 0, 0, 4, 2, 0, 9]}
HISTORY_PROVIDER_WORK state=35 stage=construction cumulative=Diagnostics { policy: 1, locate: 18787, read_packs: 16563, value_groups: 1698, signatures: 1, reserve: 239, publish: 303, payload_reads: 18965, payload_read_bytes: 1834970358, pack_read_bytes: 1573038051, pack_write_bytes: 27357368, pooled_packs: 38, pooled_groups: 1739, reserved_directory_bytes: 155648, ordinal_reservations: 238, locator_hits: 549031, locator_misses: 128181, pack_hits: 1087554, pack_misses: 45848, forced_seals: 0 }
HISTORY_POOLED_WORK state=35 stage=construction scope=operation-reader-only cumulative=PoolReadCounters { leaf_requests: 0, chain_edges: 0, physical_record_calls: 0, physical_group_decodes: 0, physical_group_decoded_bytes: 0, physical_group_cache_hits: 0, value_group_decodes: 0, pack_fetches: 0, pack_bytes: 0 }
HISTORY_ENGINE_WORK {"state":35,"stage":"filesystem","available":true,"values":[2125, 63954, 45151000, 0, 0, 107, 0, 58, 2015130, 2125, 1248778, 3148563, 0, 0, 0, 83, 1, 0, 645]}
HISTORY_PROVIDER_WORK state=35 stage=filesystem cumulative=Diagnostics { policy: 1, locate: 19251, read_packs: 16637, value_groups: 1805, signatures: 1, reserve: 239, publish: 303, payload_reads: 18965, payload_read_bytes: 1834970358, pack_read_bytes: 1575863800, pack_write_bytes: 27357368, pooled_packs: 38, pooled_groups: 1739, reserved_directory_bytes: 155648, ordinal_reservations: 238, locator_hits: 559569, locator_misses: 128754, pack_hits: 1114879, pack_misses: 45931, forced_seals: 0 }
HISTORY_POOLED_WORK state=35 stage=filesystem scope=operation-reader-only cumulative=PoolReadCounters { leaf_requests: 964, chain_edges: 2523, physical_record_calls: 6974, physical_group_decodes: 900, physical_group_decoded_bytes: 35675615, physical_group_cache_hits: 6074, value_group_decodes: 5256, pack_fetches: 55, pack_bytes: 2032470 }
HISTORY_ENGINE_WORK {"state":35,"stage":"save_custody","available":true,"values":[18161, 500014, 313758000, 0, 0, 0, 2, 204, 9391867, 18161, 10474519, 375942782, 11390976, 0, 0, 4028, 21, 0, 4551]}
HISTORY_PROVIDER_WORK state=35 stage=save_custody cumulative=Diagnostics { policy: 1, locate: 20729, read_packs: 17632, value_groups: 1807, signatures: 1, reserve: 250, publish: 325, payload_reads: 21040, payload_read_bytes: 2061437537, pack_read_bytes: 1723316815, pack_write_bytes: 29262685, pooled_packs: 40, pooled_groups: 1852, reserved_directory_bytes: 163840, ordinal_reservations: 249, locator_hits: 591863, locator_misses: 139472, pack_hits: 1174464, pack_misses: 49959, forced_seals: 0 }
HISTORY_POOLED_WORK state=35 stage=save_custody scope=operation-reader-only cumulative=PoolReadCounters { leaf_requests: 964, chain_edges: 2523, physical_record_calls: 6974, physical_group_decodes: 900, physical_group_decoded_bytes: 35675615, physical_group_cache_hits: 6074, value_group_decodes: 5256, pack_fetches: 55, pack_bytes: 2032470 }
HISTORY_STATE_WORK {"state":35,"full157":103,"changed_paths":3133,"offered_objects":2934,"acquire_ns":677466542,"construct_ns":81857041,"filesystem_ns":323624834,"save_custody_ns":1216580083}
DIAGNOSTIC state=35 full157=103 root=ObjectId("099a98e9f35bfb63d552dd12ce9b157ead77e0fff8d5770b20da7720a3ea62ba")
HISTORY_COLD_BOUNDARY {"before_state":36,"wall_ns":12739833,"attestation":{"files":1,"length_bytes":32018432,"total_pages":1955,"resident_first":1874,"resident_after":0,"invalidated_files":1,"page_size_bytes":16384,"first_pass_ns":8716000,"attestation_ns":713000,"opens":3,"fstats":3,"mmap_calls":2,"mincore_calls":3,"munmap_calls":2,"msync_calls":1,"inventory_entries":2,"vector_peak_bytes":1955}}
HISTORY_ENGINE_WORK {"state":36,"stage":"acquisition","available":true,"values":[0, 0, 0, 0, 0, 0, 0, 0, 0, 0, 0, 0, 0, 0, 0, 0, 0, 0, 0]}
HISTORY_ENGINE_WORK {"state":36,"stage":"construction","available":true,"values":[45, 409, 2286000, 0, 0, 0, 0, 4, 112374, 45, 38835, 208708, 0, 0, 0, 3, 1, 0, 14]}
HISTORY_PROVIDER_WORK state=36 stage=construction cumulative=Diagnostics { policy: 1, locate: 20740, read_packs: 17635, value_groups: 1807, signatures: 1, reserve: 250, publish: 325, payload_reads: 21040, payload_read_bytes: 2061437537, pack_read_bytes: 1723515647, pack_write_bytes: 29262685, pooled_packs: 40, pooled_groups: 1852, reserved_directory_bytes: 163840, ordinal_reservations: 249, locator_hits: 591874, locator_misses: 139483, pack_hits: 1174549, pack_misses: 49962, forced_seals: 0 }
HISTORY_POOLED_WORK state=36 stage=construction scope=operation-reader-only cumulative=PoolReadCounters { leaf_requests: 0, chain_edges: 0, physical_record_calls: 0, physical_group_decodes: 0, physical_group_decoded_bytes: 0, physical_group_cache_hits: 0, value_group_decodes: 0, pack_fetches: 0, pack_bytes: 0 }
HISTORY_ENGINE_WORK {"state":36,"stage":"filesystem","available":true,"values":[2768, 117439, 55588000, 0, 0, 113, 0, 104, 3724085, 2768, 1655827, 3496520, 0, 0, 0, 78, 2, 0, 859]}
HISTORY_PROVIDER_WORK state=36 stage=filesystem cumulative=Diagnostics { policy: 1, locate: 21413, read_packs: 17708, value_groups: 1920, signatures: 1, reserve: 250, publish: 325, payload_reads: 21040, payload_read_bytes: 2061437537, pack_read_bytes: 1726299263, pack_write_bytes: 29262685, pooled_packs: 40, pooled_groups: 1852, reserved_directory_bytes: 163840, ordinal_reservations: 249, locator_hits: 598159, locator_misses: 140497, pack_hits: 1197250, pack_misses: 50040, forced_seals: 0 }
HISTORY_POOLED_WORK state=36 stage=filesystem scope=operation-reader-only cumulative=PoolReadCounters { leaf_requests: 1015, chain_edges: 1019, physical_record_calls: 4068, physical_group_decodes: 268, physical_group_decoded_bytes: 10343746, physical_group_cache_hits: 3800, value_group_decodes: 4758, pack_fetches: 52, pack_bytes: 2025810 }
HISTORY_ENGINE_WORK {"state":36,"stage":"save_custody","available":true,"values":[19402, 446307, 335434000, 0, 0, 0, 2, 177, 7364585, 19402, 10972751, 433368360, 2482176, 0, 0, 4566, 9, 0, 4873]}
HISTORY_PROVIDER_WORK state=36 stage=save_custody cumulative=Diagnostics { policy: 1, locate: 23066, read_packs: 18450, value_groups: 1922, signatures: 1, reserve: 258, publish: 331, payload_reads: 23515, payload_read_bytes: 2322406119, pack_read_bytes: 1900518359, pack_write_bytes: 29594748, pooled_packs: 41, pooled_groups: 1900, reserved_directory_bytes: 167936, ordinal_reservations: 257, locator_hits: 625122, locator_misses: 153970, pack_hits: 1267746, pack_misses: 54606, forced_seals: 0 }
HISTORY_POOLED_WORK state=36 stage=save_custody scope=operation-reader-only cumulative=PoolReadCounters { leaf_requests: 1015, chain_edges: 1019, physical_record_calls: 4068, physical_group_decodes: 268, physical_group_decoded_bytes: 10343746, physical_group_cache_hits: 3800, value_group_decodes: 4758, pack_fetches: 52, pack_bytes: 2025810 }
HISTORY_STATE_WORK {"state":36,"full157":106,"changed_paths":3826,"offered_objects":3172,"acquire_ns":637529584,"construct_ns":88027292,"filesystem_ns":287475125,"save_custody_ns":1211722334}
DIAGNOSTIC state=36 full157=106 root=ObjectId("3372043f53518db6a1cc3112f0025181dc58cc58f1c3b188e25751dffe2e55e8")
HISTORY_COLD_BOUNDARY {"before_state":37,"wall_ns":11415583,"attestation":{"files":1,"length_bytes":32411648,"total_pages":1979,"resident_first":1923,"resident_after":0,"invalidated_files":1,"page_size_bytes":16384,"first_pass_ns":7067000,"attestation_ns":782000,"opens":3,"fstats":3,"mmap_calls":2,"mincore_calls":3,"munmap_calls":2,"msync_calls":1,"inventory_entries":2,"vector_peak_bytes":1979}}
HISTORY_ENGINE_WORK {"state":37,"stage":"acquisition","available":true,"values":[0, 0, 0, 0, 0, 0, 0, 0, 0, 0, 0, 0, 0, 0, 0, 0, 0, 0, 0]}
HISTORY_ENGINE_WORK {"state":37,"stage":"construction","available":true,"values":[36, 322, 1468000, 0, 0, 0, 0, 4, 106001, 36, 27704, 131052, 0, 0, 0, 3, 1, 0, 11]}
HISTORY_PROVIDER_WORK state=37 stage=construction cumulative=Diagnostics { policy: 1, locate: 23074, read_packs: 18453, value_groups: 1922, signatures: 1, reserve: 258, publish: 331, payload_reads: 23515, payload_read_bytes: 2322406119, pack_read_bytes: 1900655466, pack_write_bytes: 29594748, pooled_packs: 41, pooled_groups: 1900, reserved_directory_bytes: 167936, ordinal_reservations: 257, locator_hits: 625130, locator_misses: 153978, pack_hits: 1267807, pack_misses: 54609, forced_seals: 0 }
HISTORY_POOLED_WORK state=37 stage=construction scope=operation-reader-only cumulative=PoolReadCounters { leaf_requests: 0, chain_edges: 0, physical_record_calls: 0, physical_group_decodes: 0, physical_group_decoded_bytes: 0, physical_group_cache_hits: 0, value_group_decodes: 0, pack_fetches: 0, pack_bytes: 0 }
HISTORY_ENGINE_WORK {"state":37,"stage":"filesystem","available":true,"values":[3019, 42997, 52370000, 0, 0, 48, 0, 22, 972460, 3019, 1907828, 3296904, 0, 0, 0, 85, 1, 0, 962]}
HISTORY_PROVIDER_WORK state=37 stage=filesystem cumulative=Diagnostics { policy: 1, locate: 23912, read_packs: 18529, value_groups: 1970, signatures: 1, reserve: 258, publish: 331, payload_reads: 23515, payload_read_bytes: 2322406119, pack_read_bytes: 1903559614, pack_write_bytes: 29594748, pooled_packs: 41, pooled_groups: 1900, reserved_directory_bytes: 167936, ordinal_reservations: 257, locator_hits: 636577, locator_misses: 154905, pack_hits: 1301209, pack_misses: 54694, forced_seals: 0 }
HISTORY_POOLED_WORK state=37 stage=filesystem scope=operation-reader-only cumulative=PoolReadCounters { leaf_requests: 1163, chain_edges: 2364, physical_record_calls: 7054, physical_group_decodes: 473, physical_group_decoded_bytes: 18003354, physical_group_cache_hits: 6581, value_group_decodes: 5332, pack_fetches: 55, pack_bytes: 2054567 }
HISTORY_ENGINE_WORK {"state":37,"stage":"save_custody","available":true,"values":[23620, 529142, 355021000, 0, 0, 0, 2, 172, 8241338, 23620, 13757951, 452954049, 2203648, 0, 0, 4901, 4, 0, 6168]}
HISTORY_PROVIDER_WORK state=37 stage=save_custody cumulative=Diagnostics { policy: 1, locate: 26760, read_packs: 19250, value_groups: 1972, signatures: 1, reserve: 266, publish: 334, payload_reads: 26111, payload_read_bytes: 2587197460, pack_read_bytes: 2093161032, pack_write_bytes: 29939595, pooled_packs: 42, pooled_groups: 1957, reserved_directory_bytes: 172032, ordinal_reservations: 265, locator_hits: 665808, locator_misses: 171675, pack_hits: 1376114, pack_misses: 59595, forced_seals: 0 }
HISTORY_POOLED_WORK state=37 stage=save_custody scope=operation-reader-only cumulative=PoolReadCounters { leaf_requests: 1163, chain_edges: 2364, physical_record_calls: 7054, physical_group_decodes: 473, physical_group_decoded_bytes: 18003354, physical_group_cache_hits: 6581, value_group_decodes: 5332, pack_fetches: 55, pack_bytes: 2054567 }
HISTORY_STATE_WORK {"state":37,"full157":109,"changed_paths":4568,"offered_objects":3323,"acquire_ns":768801541,"construct_ns":92564542,"filesystem_ns":469053459,"save_custody_ns":1313590083}
DIAGNOSTIC state=37 full157=109 root=ObjectId("610cc6b8b566675c1b0bf3aca5fa3ab2c2826d909baa652e3da39e6ad9b330ec")
HISTORY_COLD_BOUNDARY {"before_state":38,"wall_ns":11657209,"attestation":{"files":1,"length_bytes":32784384,"total_pages":2001,"resident_first":1912,"resident_after":0,"invalidated_files":1,"page_size_bytes":16384,"first_pass_ns":7381000,"attestation_ns":813000,"opens":3,"fstats":3,"mmap_calls":2,"mincore_calls":3,"munmap_calls":2,"msync_calls":1,"inventory_entries":2,"vector_peak_bytes":2001}}
HISTORY_ENGINE_WORK {"state":38,"stage":"acquisition","available":true,"values":[0, 0, 0, 0, 0, 0, 0, 0, 0, 0, 0, 0, 0, 0, 0, 0, 0, 0, 0]}
HISTORY_ENGINE_WORK {"state":38,"stage":"construction","available":true,"values":[114, 972, 11113000, 0, 0, 0, 0, 4, 99665, 114, 95377, 1294152, 0, 0, 0, 15, 2, 0, 33]}
HISTORY_PROVIDER_WORK state=38 stage=construction cumulative=Diagnostics { policy: 1, locate: 26778, read_packs: 19265, value_groups: 1972, signatures: 1, reserve: 266, publish: 334, payload_reads: 26111, payload_read_bytes: 2587197460, pack_read_bytes: 2094441720, pack_write_bytes: 29939595, pooled_packs: 42, pooled_groups: 1957, reserved_directory_bytes: 172032, ordinal_reservations: 265, locator_hits: 665839, locator_misses: 171693, pack_hits: 1376267, pack_misses: 59610, forced_seals: 0 }
HISTORY_POOLED_WORK state=38 stage=construction scope=operation-reader-only cumulative=PoolReadCounters { leaf_requests: 0, chain_edges: 0, physical_record_calls: 0, physical_group_decodes: 0, physical_group_decoded_bytes: 0, physical_group_cache_hits: 0, value_group_decodes: 0, pack_fetches: 0, pack_bytes: 0 }
HISTORY_ENGINE_WORK {"state":38,"stage":"filesystem","available":true,"values":[2709, 39631, 48978000, 0, 0, 57, 0, 27, 1111584, 2709, 1804706, 2996262, 0, 0, 0, 75, 1, 0, 859]}
HISTORY_PROVIDER_WORK state=38 stage=filesystem cumulative=Diagnostics { policy: 1, locate: 27512, read_packs: 19333, value_groups: 2029, signatures: 1, reserve: 266, publish: 334, payload_reads: 26111, payload_read_bytes: 2587197460, pack_read_bytes: 2096923728, pack_write_bytes: 29939595, pooled_packs: 42, pooled_groups: 1957, reserved_directory_bytes: 172032, ordinal_reservations: 265, locator_hits: 675116, locator_misses: 172503, pack_hits: 1403937, pack_misses: 59685, forced_seals: 0 }
HISTORY_POOLED_WORK state=38 stage=filesystem scope=operation-reader-only cumulative=PoolReadCounters { leaf_requests: 925, chain_edges: 1785, physical_record_calls: 5420, physical_group_decodes: 430, physical_group_decoded_bytes: 17951934, physical_group_cache_hits: 4990, value_group_decodes: 3783, pack_fetches: 47, pack_bytes: 1699294 }
HISTORY_ENGINE_WORK {"state":38,"stage":"save_custody","available":true,"values":[30456, 925658, 483051000, 0, 0, 0, 2, 365, 16393035, 30456, 17783065, 643706809, 20365312, 0, 0, 6543, 17, 0, 7789]}
HISTORY_PROVIDER_WORK state=38 stage=save_custody cumulative=Diagnostics { policy: 1, locate: 30430, read_packs: 20384, value_groups: 2031, signatures: 1, reserve: 279, publish: 356, payload_reads: 29928, payload_read_bytes: 2995299657, pack_read_bytes: 2319278401, pack_write_bytes: 33250922, pooled_packs: 45, pooled_groups: 2094, reserved_directory_bytes: 184320, ordinal_reservations: 278, locator_hits: 738824, locator_misses: 195030, pack_hits: 1527550, pack_misses: 66228, forced_seals: 1 }
HISTORY_POOLED_WORK state=38 stage=save_custody scope=operation-reader-only cumulative=PoolReadCounters { leaf_requests: 925, chain_edges: 1785, physical_record_calls: 5420, physical_group_decodes: 430, physical_group_decoded_bytes: 17951934, physical_group_cache_hits: 4990, value_group_decodes: 3783, pack_fetches: 47, pack_bytes: 1699294 }
HISTORY_STATE_WORK {"state":38,"full157":112,"changed_paths":6707,"offered_objects":6765,"acquire_ns":1461372209,"construct_ns":200391458,"filesystem_ns":435853458,"save_custody_ns":2130405875}
DIAGNOSTIC state=38 full157=112 root=ObjectId("cc99a361f836314e22855035a39a12e2f0a49d36b46e933d1fb8c1a4d3943fed")
HISTORY_COLD_BOUNDARY {"before_state":39,"wall_ns":12719625,"attestation":{"files":1,"length_bytes":36376576,"total_pages":2221,"resident_first":2208,"resident_after":0,"invalidated_files":1,"page_size_bytes":16384,"first_pass_ns":8505000,"attestation_ns":808000,"opens":3,"fstats":3,"mmap_calls":2,"mincore_calls":3,"munmap_calls":2,"msync_calls":1,"inventory_entries":2,"vector_peak_bytes":2221}}
HISTORY_ENGINE_WORK {"state":39,"stage":"acquisition","available":true,"values":[0, 0, 0, 0, 0, 0, 0, 0, 0, 0, 0, 0, 0, 0, 0, 0, 0, 0, 0]}
HISTORY_ENGINE_WORK {"state":39,"stage":"construction","available":true,"values":[40, 378, 1620000, 0, 0, 0, 0, 4, 97001, 40, 36915, 41168, 0, 0, 0, 1, 1, 0, 13]}
HISTORY_PROVIDER_WORK state=39 stage=construction cumulative=Diagnostics { policy: 1, locate: 30442, read_packs: 20385, value_groups: 2031, signatures: 1, reserve: 279, publish: 356, payload_reads: 29928, payload_read_bytes: 2995299657, pack_read_bytes: 2319295279, pack_write_bytes: 33250922, pooled_packs: 45, pooled_groups: 2094, reserved_directory_bytes: 184320, ordinal_reservations: 278, locator_hits: 738836, locator_misses: 195042, pack_hits: 1527645, pack_misses: 66229, forced_seals: 1 }
HISTORY_POOLED_WORK state=39 stage=construction scope=operation-reader-only cumulative=PoolReadCounters { leaf_requests: 0, chain_edges: 0, physical_record_calls: 0, physical_group_decodes: 0, physical_group_decoded_bytes: 0, physical_group_cache_hits: 0, value_group_decodes: 0, pack_fetches: 0, pack_bytes: 0 }
HISTORY_ENGINE_WORK {"state":39,"stage":"filesystem","available":true,"values":[2133, 171560, 56444000, 0, 0, 137, 0, 115, 4659216, 2133, 1351631, 3934774, 0, 0, 0, 88, 5, 0, 636]}
HISTORY_PROVIDER_WORK state=39 stage=filesystem cumulative=Diagnostics { policy: 1, locate: 30860, read_packs: 20466, value_groups: 2168, signatures: 1, reserve: 279, publish: 356, payload_reads: 29928, payload_read_bytes: 2995299657, pack_read_bytes: 2322671002, pack_write_bytes: 33250922, pooled_packs: 45, pooled_groups: 2094, reserved_directory_bytes: 184320, ordinal_reservations: 278, locator_hits: 744446, locator_misses: 195601, pack_hits: 1545085, pack_misses: 66317, forced_seals: 1 }
HISTORY_POOLED_WORK state=39 stage=filesystem scope=operation-reader-only cumulative=PoolReadCounters { leaf_requests: 702, chain_edges: 1139, physical_record_calls: 3682, physical_group_decodes: 362, physical_group_decoded_bytes: 14910800, physical_group_cache_hits: 3320, value_group_decodes: 4240, pack_fetches: 60, pack_bytes: 2407886 }
HISTORY_ENGINE_WORK {"state":39,"stage":"save_custody","available":true,"values":[13810, 296624, 290455000, 0, 0, 0, 2, 122, 5230414, 13810, 7119359, 294396225, 6397952, 0, 0, 3369, 17, 0, 3357]}
HISTORY_PROVIDER_WORK state=39 stage=save_custody cumulative=Diagnostics { policy: 1, locate: 31636, read_packs: 21537, value_groups: 2170, signatures: 1, reserve: 288, publish: 363, payload_reads: 31435, payload_read_bytes: 3152148424, pack_read_bytes: 2457190018, pack_write_bytes: 34187562, pooled_packs: 46, pooled_groups: 2210, reserved_directory_bytes: 188416, ordinal_reservations: 287, locator_hits: 760931, locator_misses: 201144, pack_hits: 1574185, pack_misses: 69686, forced_seals: 1 }
HISTORY_POOLED_WORK state=39 stage=save_custody scope=operation-reader-only cumulative=PoolReadCounters { leaf_requests: 702, chain_edges: 1139, physical_record_calls: 3682, physical_group_decodes: 362, physical_group_decoded_bytes: 14910800, physical_group_cache_hits: 3320, value_group_decodes: 4240, pack_fetches: 60, pack_bytes: 2407886 }
HISTORY_STATE_WORK {"state":39,"full157":115,"changed_paths":1094,"offered_objects":1328,"acquire_ns":400463500,"construct_ns":50135084,"filesystem_ns":227741583,"save_custody_ns":951112042}
DIAGNOSTIC state=39 full157=115 root=ObjectId("3e50fdf09ad1e0074574a34542c3185f9f1edcd07b90e5294e97328c7ad16055")
HISTORY_COLD_BOUNDARY {"before_state":40,"wall_ns":14587125,"attestation":{"files":1,"length_bytes":37416960,"total_pages":2284,"resident_first":2168,"resident_after":0,"invalidated_files":1,"page_size_bytes":16384,"first_pass_ns":10070000,"attestation_ns":903000,"opens":3,"fstats":3,"mmap_calls":2,"mincore_calls":3,"munmap_calls":2,"msync_calls":1,"inventory_entries":2,"vector_peak_bytes":2284}}
HISTORY_ENGINE_WORK {"state":40,"stage":"acquisition","available":true,"values":[0, 0, 0, 0, 0, 0, 0, 0, 0, 0, 0, 0, 0, 0, 0, 0, 0, 0, 0]}
HISTORY_ENGINE_WORK {"state":40,"stage":"construction","available":true,"values":[34, 320, 830000, 0, 0, 0, 0, 4, 102958, 34, 32083, 49328, 0, 0, 0, 1, 1, 0, 11]}
HISTORY_PROVIDER_WORK state=40 stage=construction cumulative=Diagnostics { policy: 1, locate: 31646, read_packs: 21538, value_groups: 2170, signatures: 1, reserve: 288, publish: 363, payload_reads: 31435, payload_read_bytes: 3152148424, pack_read_bytes: 2457240283, pack_write_bytes: 34187562, pooled_packs: 46, pooled_groups: 2210, reserved_directory_bytes: 188416, ordinal_reservations: 287, locator_hits: 760941, locator_misses: 201154, pack_hits: 1574264, pack_misses: 69687, forced_seals: 1 }
HISTORY_POOLED_WORK state=40 stage=construction scope=operation-reader-only cumulative=PoolReadCounters { leaf_requests: 0, chain_edges: 0, physical_record_calls: 0, physical_group_decodes: 0, physical_group_decoded_bytes: 0, physical_group_cache_hits: 0, value_group_decodes: 0, pack_fetches: 0, pack_bytes: 0 }
HISTORY_ENGINE_WORK {"state":40,"stage":"filesystem","available":true,"values":[2060, 60761, 59102000, 0, 0, 116, 0, 63, 2110002, 2060, 1205601, 4163846, 0, 0, 0, 93, 1, 0, 617]}
HISTORY_PROVIDER_WORK state=40 stage=filesystem cumulative=Diagnostics { policy: 1, locate: 32063, read_packs: 21622, value_groups: 2286, signatures: 1, reserve: 288, publish: 363, payload_reads: 31435, payload_read_bytes: 3152148424, pack_read_bytes: 2460766160, pack_write_bytes: 34187562, pooled_packs: 46, pooled_groups: 2210, reserved_directory_bytes: 188416, ordinal_reservations: 287, locator_hits: 768713, locator_misses: 201690, pack_hits: 1596297, pack_misses: 69780, forced_seals: 1 }
HISTORY_POOLED_WORK state=40 stage=filesystem scope=operation-reader-only cumulative=PoolReadCounters { leaf_requests: 771, chain_edges: 1724, physical_record_calls: 4990, physical_group_decodes: 401, physical_group_decoded_bytes: 18043447, physical_group_cache_hits: 4589, value_group_decodes: 4912, pack_fetches: 62, pack_bytes: 2514515 }
HISTORY_ENGINE_WORK {"state":40,"stage":"save_custody","available":true,"values":[16981, 400293, 346743000, 0, 0, 0, 2, 156, 7345791, 16981, 8874290, 394367133, 7979008, 0, 0, 4226, 9, 0, 4113]}
HISTORY_PROVIDER_WORK state=40 stage=save_custody cumulative=Diagnostics { policy: 1, locate: 32972, read_packs: 22837, value_groups: 2288, signatures: 1, reserve: 298, publish: 374, payload_reads: 33421, payload_read_bytes: 3370858904, pack_read_bytes: 2630882063, pack_write_bytes: 35196735, pooled_packs: 48, pooled_groups: 2334, reserved_directory_bytes: 196608, ordinal_reservations: 297, locator_hits: 792529, locator_misses: 209691, pack_hits: 1639499, pack_misses: 74006, forced_seals: 1 }
HISTORY_POOLED_WORK state=40 stage=save_custody scope=operation-reader-only cumulative=PoolReadCounters { leaf_requests: 771, chain_edges: 1724, physical_record_calls: 4990, physical_group_decodes: 401, physical_group_decoded_bytes: 18043447, physical_group_cache_hits: 4589, value_group_decodes: 4912, pack_fetches: 62, pack_bytes: 2514515 }
HISTORY_STATE_WORK {"state":40,"full157":118,"changed_paths":1752,"offered_objects":1838,"acquire_ns":589266167,"construct_ns":65192875,"filesystem_ns":267085416,"save_custody_ns":1238019709}
DIAGNOSTIC state=40 full157=118 root=ObjectId("c9846faaab87c52d7ed13628c22bcbc80545ea0e4db9dd1ebfec65fb370d21ec")
HISTORY_COLD_BOUNDARY {"before_state":41,"wall_ns":11772916,"attestation":{"files":1,"length_bytes":38539264,"total_pages":2353,"resident_first":2262,"resident_after":0,"invalidated_files":1,"page_size_bytes":16384,"first_pass_ns":7972000,"attestation_ns":863000,"opens":3,"fstats":3,"mmap_calls":2,"mincore_calls":3,"munmap_calls":2,"msync_calls":1,"inventory_entries":2,"vector_peak_bytes":2353}}
HISTORY_ENGINE_WORK {"state":41,"stage":"acquisition","available":true,"values":[0, 0, 0, 0, 0, 0, 0, 0, 0, 0, 0, 0, 0, 0, 0, 0, 0, 0, 0]}
HISTORY_ENGINE_WORK {"state":41,"stage":"construction","available":true,"values":[38, 350, 1931000, 0, 0, 0, 0, 4, 115375, 38, 35376, 73791, 0, 0, 0, 2, 1, 0, 12]}
HISTORY_PROVIDER_WORK state=41 stage=construction cumulative=Diagnostics { policy: 1, locate: 32982, read_packs: 22839, value_groups: 2288, signatures: 1, reserve: 298, publish: 374, payload_reads: 33421, payload_read_bytes: 3370858904, pack_read_bytes: 2630948362, pack_write_bytes: 35196735, pooled_packs: 48, pooled_groups: 2334, reserved_directory_bytes: 196608, ordinal_reservations: 297, locator_hits: 792539, locator_misses: 209701, pack_hits: 1639577, pack_misses: 74008, forced_seals: 1 }
HISTORY_POOLED_WORK state=41 stage=construction scope=operation-reader-only cumulative=PoolReadCounters { leaf_requests: 0, chain_edges: 0, physical_record_calls: 0, physical_group_decodes: 0, physical_group_decoded_bytes: 0, physical_group_cache_hits: 0, value_group_decodes: 0, pack_fetches: 0, pack_bytes: 0 }
HISTORY_ENGINE_WORK {"state":41,"stage":"filesystem","available":true,"values":[1899, 75997, 56845000, 0, 0, 124, 0, 78, 2871999, 1899, 1125369, 3942381, 0, 0, 0, 80, 2, 0, 565]}
HISTORY_PROVIDER_WORK state=41 stage=filesystem cumulative=Diagnostics { policy: 1, locate: 33346, read_packs: 22916, value_groups: 2412, signatures: 1, reserve: 298, publish: 374, payload_reads: 33421, payload_read_bytes: 3370858904, pack_read_bytes: 2634228290, pack_write_bytes: 35196735, pooled_packs: 48, pooled_groups: 2334, reserved_directory_bytes: 196608, ordinal_reservations: 297, locator_hits: 799957, locator_misses: 210191, pack_hits: 1659884, pack_misses: 74088, forced_seals: 1 }
HISTORY_POOLED_WORK state=41 stage=filesystem scope=operation-reader-only cumulative=PoolReadCounters { leaf_requests: 674, chain_edges: 1780, physical_record_calls: 4908, physical_group_decodes: 243, physical_group_decoded_bytes: 10958899, physical_group_cache_hits: 4665, value_group_decodes: 5093, pack_fetches: 60, pack_bytes: 2486524 }
HISTORY_ENGINE_WORK {"state":41,"stage":"save_custody","available":true,"values":[14701, 276828, 300045000, 0, 0, 0, 2, 110, 4923744, 14701, 7949735, 310374686, 3891200, 0, 0, 3435, 6, 0, 3646]}
HISTORY_PROVIDER_WORK state=41 stage=save_custody cumulative=Diagnostics { policy: 1, locate: 34283, read_packs: 24149, value_groups: 2414, signatures: 1, reserve: 307, publish: 377, payload_reads: 34894, payload_read_bytes: 3535097108, pack_read_bytes: 2777804779, pack_write_bytes: 35724976, pooled_packs: 49, pooled_groups: 2445, reserved_directory_bytes: 200704, ordinal_reservations: 306, locator_hits: 813646, locator_misses: 215607, pack_hits: 1686413, pack_misses: 77523, forced_seals: 1 }
HISTORY_POOLED_WORK state=41 stage=save_custody scope=operation-reader-only cumulative=PoolReadCounters { leaf_requests: 674, chain_edges: 1780, physical_record_calls: 4908, physical_group_decodes: 243, physical_group_decoded_bytes: 10958899, physical_group_cache_hits: 4665, value_group_decodes: 5093, pack_fetches: 60, pack_bytes: 2486524 }
HISTORY_STATE_WORK {"state":41,"full157":121,"changed_paths":1156,"offered_objects":1157,"acquire_ns":411061916,"construct_ns":41071208,"filesystem_ns":222773333,"save_custody_ns":938112084}
DIAGNOSTIC state=41 full157=121 root=ObjectId("d110e2ec2c0d53613507000253d9835109c68403ff12c8864a277190d0f53d5c")
HISTORY_COLD_BOUNDARY {"before_state":42,"wall_ns":14886375,"attestation":{"files":1,"length_bytes":39141376,"total_pages":2389,"resident_first":2146,"resident_after":0,"invalidated_files":1,"page_size_bytes":16384,"first_pass_ns":10411000,"attestation_ns":1011000,"opens":3,"fstats":3,"mmap_calls":2,"mincore_calls":3,"munmap_calls":2,"msync_calls":1,"inventory_entries":2,"vector_peak_bytes":2389}}
HISTORY_ENGINE_WORK {"state":42,"stage":"acquisition","available":true,"values":[0, 0, 0, 0, 0, 0, 0, 0, 0, 0, 0, 0, 0, 0, 0, 0, 0, 0, 0]}
HISTORY_ENGINE_WORK {"state":42,"stage":"construction","available":true,"values":[60, 528, 4305000, 0, 0, 0, 0, 4, 147041, 60, 54501, 552237, 0, 0, 0, 6, 2, 0, 18]}
HISTORY_PROVIDER_WORK state=42 stage=construction cumulative=Diagnostics { policy: 1, locate: 34295, read_packs: 24155, value_groups: 2414, signatures: 1, reserve: 307, publish: 377, payload_reads: 34894, payload_read_bytes: 3535097108, pack_read_bytes: 2778337634, pack_write_bytes: 35724976, pooled_packs: 49, pooled_groups: 2445, reserved_directory_bytes: 200704, ordinal_reservations: 306, locator_hits: 813668, locator_misses: 215619, pack_hits: 1686527, pack_misses: 77529, forced_seals: 1 }
HISTORY_POOLED_WORK state=42 stage=construction scope=operation-reader-only cumulative=PoolReadCounters { leaf_requests: 0, chain_edges: 0, physical_record_calls: 0, physical_group_decodes: 0, physical_group_decoded_bytes: 0, physical_group_cache_hits: 0, value_group_decodes: 0, pack_fetches: 0, pack_bytes: 0 }
HISTORY_ENGINE_WORK {"state":42,"stage":"filesystem","available":true,"values":[3369, 62099, 79966000, 0, 0, 111, 0, 47, 1649544, 3369, 2099278, 4997688, 0, 0, 0, 93, 1, 0, 1055]}
HISTORY_PROVIDER_WORK state=42 stage=filesystem cumulative=Diagnostics { policy: 1, locate: 35153, read_packs: 24241, value_groups: 2525, signatures: 1, reserve: 307, publish: 377, payload_reads: 34894, payload_read_bytes: 3535097108, pack_read_bytes: 2781930466, pack_write_bytes: 35724976, pooled_packs: 49, pooled_groups: 2445, reserved_directory_bytes: 200704, ordinal_reservations: 306, locator_hits: 830858, locator_misses: 216606, pack_hits: 1733722, pack_misses: 77622, forced_seals: 1 }
HISTORY_POOLED_WORK state=42 stage=filesystem scope=operation-reader-only cumulative=PoolReadCounters { leaf_requests: 1413, chain_edges: 3747, physical_record_calls: 10320, physical_group_decodes: 1079, physical_group_decoded_bytes: 48257838, physical_group_cache_hits: 9241, value_group_decodes: 7538, pack_fetches: 62, pack_bytes: 2570487 }
HISTORY_ENGINE_WORK {"state":42,"stage":"save_custody","available":true,"values":[25348, 804882, 504174000, 0, 0, 0, 2, 302, 14875462, 25348, 13636469, 711855024, 21323776, 0, 0, 6791, 18, 0, 5998]}
HISTORY_PROVIDER_WORK state=42 stage=save_custody cumulative=Diagnostics { policy: 1, locate: 36023, read_packs: 25312, value_groups: 2527, signatures: 1, reserve: 320, publish: 399, payload_reads: 38948, payload_read_bytes: 3989666943, pack_read_bytes: 3018330433, pack_write_bytes: 38795714, pooled_packs: 52, pooled_groups: 2588, reserved_directory_bytes: 212992, ordinal_reservations: 319, locator_hits: 889219, locator_misses: 233286, pack_hits: 1836956, pack_misses: 84413, forced_seals: 2 }
HISTORY_POOLED_WORK state=42 stage=save_custody scope=operation-reader-only cumulative=PoolReadCounters { leaf_requests: 1413, chain_edges: 3747, physical_record_calls: 10320, physical_group_decodes: 1079, physical_group_decoded_bytes: 48257838, physical_group_cache_hits: 9241, value_group_decodes: 7538, pack_fetches: 62, pack_bytes: 2570487 }
HISTORY_STATE_WORK {"state":42,"full157":124,"changed_paths":5282,"offered_objects":4887,"acquire_ns":1120791750,"construct_ns":151291792,"filesystem_ns":600956708,"save_custody_ns":2101957000}
DIAGNOSTIC state=42 full157=124 root=ObjectId("8815d4683062ba43485f67510234335edd36b617b92973abec3b98bb11b772ee")
HISTORY_COLD_BOUNDARY {"before_state":43,"wall_ns":16003167,"attestation":{"files":1,"length_bytes":42516480,"total_pages":2595,"resident_first":2530,"resident_after":0,"invalidated_files":1,"page_size_bytes":16384,"first_pass_ns":11452000,"attestation_ns":991000,"opens":3,"fstats":3,"mmap_calls":2,"mincore_calls":3,"munmap_calls":2,"msync_calls":1,"inventory_entries":2,"vector_peak_bytes":2595}}
HISTORY_ENGINE_WORK {"state":43,"stage":"acquisition","available":true,"values":[0, 0, 0, 0, 0, 0, 0, 0, 0, 0, 0, 0, 0, 0, 0, 0, 0, 0, 0]}
HISTORY_ENGINE_WORK {"state":43,"stage":"construction","available":true,"values":[52, 494, 2420000, 0, 0, 0, 0, 4, 101082, 52, 52538, 65808, 0, 0, 0, 1, 1, 0, 17]}
HISTORY_PROVIDER_WORK state=43 stage=construction cumulative=Diagnostics { policy: 1, locate: 36039, read_packs: 25313, value_groups: 2527, signatures: 1, reserve: 320, publish: 399, payload_reads: 38948, payload_read_bytes: 3989666943, pack_read_bytes: 3018371132, pack_write_bytes: 38795714, pooled_packs: 52, pooled_groups: 2588, reserved_directory_bytes: 212992, ordinal_reservations: 319, locator_hits: 889235, locator_misses: 233302, pack_hits: 1837083, pack_misses: 84414, forced_seals: 2 }
HISTORY_POOLED_WORK state=43 stage=construction scope=operation-reader-only cumulative=PoolReadCounters { leaf_requests: 0, chain_edges: 0, physical_record_calls: 0, physical_group_decodes: 0, physical_group_decoded_bytes: 0, physical_group_cache_hits: 0, value_group_decodes: 0, pack_fetches: 0, pack_bytes: 0 }
HISTORY_ENGINE_WORK {"state":43,"stage":"filesystem","available":true,"values":[2130, 177336, 67238000, 0, 0, 143, 0, 125, 5381132, 2130, 1333547, 4843649, 0, 0, 0, 88, 4, 0, 633]}
HISTORY_PROVIDER_WORK state=43 stage=filesystem cumulative=Diagnostics { policy: 1, locate: 36445, read_packs: 25397, value_groups: 2670, signatures: 1, reserve: 320, publish: 399, payload_reads: 38948, payload_read_bytes: 3989666943, pack_read_bytes: 3022038852, pack_write_bytes: 38795714, pooled_packs: 52, pooled_groups: 2588, reserved_directory_bytes: 212992, ordinal_reservations: 319, locator_hits: 893540, locator_misses: 234002, pack_hits: 1853818, pack_misses: 84502, forced_seals: 2 }
HISTORY_POOLED_WORK state=43 stage=filesystem scope=operation-reader-only cumulative=PoolReadCounters { leaf_requests: 738, chain_edges: 751, physical_record_calls: 2978, physical_group_decodes: 273, physical_group_decoded_bytes: 11746343, physical_group_cache_hits: 2705, value_group_decodes: 5326, pack_fetches: 63, pack_bytes: 2694014 }
HISTORY_ENGINE_WORK {"state":43,"stage":"save_custody","available":true,"values":[16183, 321720, 330363000, 0, 0, 0, 2, 127, 6429914, 16183, 9488829, 354521869, 6320128, 0, 0, 3677, 16, 0, 4031]}
HISTORY_PROVIDER_WORK state=43 stage=save_custody cumulative=Diagnostics { policy: 1, locate: 37620, read_packs: 26568, value_groups: 2672, signatures: 1, reserve: 332, publish: 406, payload_reads: 40630, payload_read_bytes: 4183423822, pack_read_bytes: 3176599408, pack_write_bytes: 39600619, pooled_packs: 53, pooled_groups: 2719, reserved_directory_bytes: 217088, ordinal_reservations: 331, locator_hits: 910721, locator_misses: 240036, pack_hits: 1885555, pack_misses: 88179, forced_seals: 2 }
HISTORY_POOLED_WORK state=43 stage=save_custody scope=operation-reader-only cumulative=PoolReadCounters { leaf_requests: 738, chain_edges: 751, physical_record_calls: 2978, physical_group_decodes: 273, physical_group_decoded_bytes: 11746343, physical_group_cache_hits: 2705, value_group_decodes: 5326, pack_fetches: 63, pack_bytes: 2694014 }
HISTORY_STATE_WORK {"state":43,"full157":127,"changed_paths":1082,"offered_objects":1345,"acquire_ns":429092208,"construct_ns":49411792,"filesystem_ns":236892041,"save_custody_ns":1069061750}
DIAGNOSTIC state=43 full157=127 root=ObjectId("89ce8f751eb12f57a4a21746b9dd786fcde1e7fef48ddff7e75bf7017e4c8833")
HISTORY_COLD_BOUNDARY {"before_state":44,"wall_ns":16653500,"attestation":{"files":1,"length_bytes":43376640,"total_pages":2648,"resident_first":2462,"resident_after":0,"invalidated_files":1,"page_size_bytes":16384,"first_pass_ns":11614000,"attestation_ns":1043000,"opens":3,"fstats":3,"mmap_calls":2,"mincore_calls":3,"munmap_calls":2,"msync_calls":1,"inventory_entries":2,"vector_peak_bytes":2648}}
HISTORY_ENGINE_WORK {"state":44,"stage":"acquisition","available":true,"values":[0, 0, 0, 0, 0, 0, 0, 0, 0, 0, 0, 0, 0, 0, 0, 0, 0, 0, 0]}
HISTORY_ENGINE_WORK {"state":44,"stage":"construction","available":true,"values":[52, 494, 815000, 0, 0, 0, 0, 4, 80624, 52, 38753, 45328, 0, 0, 0, 1, 1, 0, 17]}
HISTORY_PROVIDER_WORK state=44 stage=construction cumulative=Diagnostics { policy: 1, locate: 37636, read_packs: 26569, value_groups: 2672, signatures: 1, reserve: 332, publish: 406, payload_reads: 40630, payload_read_bytes: 4183423822, pack_read_bytes: 3176648227, pack_write_bytes: 39600619, pooled_packs: 53, pooled_groups: 2719, reserved_directory_bytes: 217088, ordinal_reservations: 331, locator_hits: 910737, locator_misses: 240052, pack_hits: 1885682, pack_misses: 88180, forced_seals: 2 }
HISTORY_POOLED_WORK state=44 stage=construction scope=operation-reader-only cumulative=PoolReadCounters { leaf_requests: 0, chain_edges: 0, physical_record_calls: 0, physical_group_decodes: 0, physical_group_decoded_bytes: 0, physical_group_cache_hits: 0, value_group_decodes: 0, pack_fetches: 0, pack_bytes: 0 }
HISTORY_ENGINE_WORK {"state":44,"stage":"filesystem","available":true,"values":[2103, 60700, 61370000, 0, 0, 131, 0, 61, 2856420, 2103, 1354873, 4344969, 0, 0, 0, 88, 1, 0, 628]}
HISTORY_PROVIDER_WORK state=44 stage=filesystem cumulative=Diagnostics { policy: 1, locate: 38048, read_packs: 26654, value_groups: 2803, signatures: 1, reserve: 332, publish: 406, payload_reads: 40630, payload_read_bytes: 4183423822, pack_read_bytes: 3180325806, pack_write_bytes: 39600619, pooled_packs: 53, pooled_groups: 2719, reserved_directory_bytes: 217088, ordinal_reservations: 331, locator_hits: 915969, locator_misses: 240598, pack_hits: 1903406, pack_misses: 88268, forced_seals: 2 }
HISTORY_POOLED_WORK state=44 stage=filesystem scope=operation-reader-only cumulative=PoolReadCounters { leaf_requests: 695, chain_edges: 1036, physical_record_calls: 3462, physical_group_decodes: 260, physical_group_decoded_bytes: 11109550, physical_group_cache_hits: 3202, value_group_decodes: 5291, pack_fetches: 64, pack_bytes: 2746354 }
HISTORY_ENGINE_WORK {"state":44,"stage":"save_custody","available":true,"values":[14919, 316018, 307235000, 0, 0, 0, 2, 124, 5889503, 14919, 7869571, 327464310, 5779456, 0, 0, 3426, 13, 0, 3701]}
HISTORY_PROVIDER_WORK state=44 stage=save_custody cumulative=Diagnostics { policy: 1, locate: 39079, read_packs: 27824, value_groups: 2805, signatures: 1, reserve: 341, publish: 417, payload_reads: 42127, payload_read_bytes: 4356370959, pack_read_bytes: 3328189788, pack_write_bytes: 40393440, pooled_packs: 54, pooled_groups: 2836, reserved_directory_bytes: 221184, ordinal_reservations: 340, locator_hits: 932968, locator_misses: 246744, pack_hits: 1935103, pack_misses: 91694, forced_seals: 2 }
HISTORY_POOLED_WORK state=44 stage=save_custody scope=operation-reader-only cumulative=PoolReadCounters { leaf_requests: 695, chain_edges: 1036, physical_record_calls: 3462, physical_group_decodes: 260, physical_group_decoded_bytes: 11109550, physical_group_cache_hits: 3202, value_group_decodes: 5291, pack_fetches: 64, pack_bytes: 2746354 }
HISTORY_STATE_WORK {"state":44,"full157":130,"changed_paths":1076,"offered_objects":1349,"acquire_ns":467245542,"construct_ns":45227042,"filesystem_ns":224809625,"save_custody_ns":988575792}
DIAGNOSTIC state=44 full157=130 root=ObjectId("3fc6813c88761018bdbd1d633507de090c53a882567b569929eeb7f7bce562ec")
HISTORY_COLD_BOUNDARY {"before_state":45,"wall_ns":15816875,"attestation":{"files":1,"length_bytes":44294144,"total_pages":2704,"resident_first":2495,"resident_after":0,"invalidated_files":1,"page_size_bytes":16384,"first_pass_ns":11357000,"attestation_ns":969000,"opens":3,"fstats":3,"mmap_calls":2,"mincore_calls":3,"munmap_calls":2,"msync_calls":1,"inventory_entries":2,"vector_peak_bytes":2704}}
HISTORY_ENGINE_WORK {"state":45,"stage":"acquisition","available":true,"values":[0, 0, 0, 0, 0, 0, 0, 0, 0, 0, 0, 0, 0, 0, 0, 0, 0, 0, 0]}
HISTORY_ENGINE_WORK {"state":45,"stage":"construction","available":true,"values":[81, 731, 6382000, 0, 0, 0, 0, 4, 95083, 81, 66209, 782736, 0, 0, 0, 6, 2, 0, 25]}
HISTORY_PROVIDER_WORK state=45 stage=construction cumulative=Diagnostics { policy: 1, locate: 39098, read_packs: 27830, value_groups: 2805, signatures: 1, reserve: 341, publish: 417, payload_reads: 42127, payload_read_bytes: 4356370959, pack_read_bytes: 3328943991, pack_write_bytes: 40393440, pooled_packs: 54, pooled_groups: 2836, reserved_directory_bytes: 221184, ordinal_reservations: 340, locator_hits: 932996, locator_misses: 246763, pack_hits: 1935265, pack_misses: 91700, forced_seals: 2 }
HISTORY_POOLED_WORK state=45 stage=construction scope=operation-reader-only cumulative=PoolReadCounters { leaf_requests: 0, chain_edges: 0, physical_record_calls: 0, physical_group_decodes: 0, physical_group_decoded_bytes: 0, physical_group_cache_hits: 0, value_group_decodes: 0, pack_fetches: 0, pack_bytes: 0 }
HISTORY_ENGINE_WORK {"state":45,"stage":"filesystem","available":true,"values":[2973, 70038, 85903000, 0, 0, 117, 0, 57, 1885832, 2973, 1863741, 5434185, 0, 0, 0, 96, 1, 0, 920]}
HISTORY_PROVIDER_WORK state=45 stage=filesystem cumulative=Diagnostics { policy: 1, locate: 39809, read_packs: 27922, value_groups: 2922, signatures: 1, reserve: 341, publish: 417, payload_reads: 42127, payload_read_bytes: 4356370959, pack_read_bytes: 3332826540, pack_write_bytes: 40393440, pooled_packs: 54, pooled_groups: 2836, reserved_directory_bytes: 221184, ordinal_reservations: 340, locator_hits: 943015, locator_misses: 247652, pack_hits: 1966341, pack_misses: 91796, forced_seals: 2 }
HISTORY_POOLED_WORK state=45 stage=filesystem scope=operation-reader-only cumulative=PoolReadCounters { leaf_requests: 986, chain_edges: 2078, physical_record_calls: 6128, physical_group_decodes: 341, physical_group_decoded_bytes: 14084893, physical_group_cache_hits: 5787, value_group_decodes: 6668, pack_fetches: 64, pack_bytes: 2749282 }
HISTORY_ENGINE_WORK {"state":45,"stage":"save_custody","available":true,"values":[27939, 786657, 512909000, 0, 0, 0, 2, 271, 14541286, 27939, 16545196, 681834631, 16498688, 0, 0, 6360, 21, 0, 7008]}
HISTORY_PROVIDER_WORK state=45 stage=save_custody cumulative=Diagnostics { policy: 1, locate: 42073, read_packs: 29302, value_groups: 2924, signatures: 1, reserve: 354, publish: 442, payload_reads: 45488, payload_read_bytes: 4758348800, pack_read_bytes: 3586984711, pack_write_bytes: 42474189, pooled_packs: 57, pooled_groups: 2979, reserved_directory_bytes: 233472, ordinal_reservations: 353, locator_hits: 996824, locator_misses: 265594, pack_hits: 2070065, pack_misses: 98156, forced_seals: 2 }
HISTORY_POOLED_WORK state=45 stage=save_custody scope=operation-reader-only cumulative=PoolReadCounters { leaf_requests: 986, chain_edges: 2078, physical_record_calls: 6128, physical_group_decodes: 341, physical_group_decoded_bytes: 14084893, physical_group_cache_hits: 5787, value_group_decodes: 6668, pack_fetches: 64, pack_bytes: 2749282 }
HISTORY_STATE_WORK {"state":45,"full157":133,"changed_paths":3589,"offered_objects":3873,"acquire_ns":982682208,"construct_ns":118878417,"filesystem_ns":375179542,"save_custody_ns":2038140875}
DIAGNOSTIC state=45 full157=133 root=ObjectId("8a503c8fedb87ea319daf9db85f15870ac1a071ddfe6ec3efba26cc8bcf4fc1b")
HISTORY_COLD_BOUNDARY {"before_state":46,"wall_ns":16695708,"attestation":{"files":1,"length_bytes":46632960,"total_pages":2847,"resident_first":2727,"resident_after":0,"invalidated_files":1,"page_size_bytes":16384,"first_pass_ns":11753000,"attestation_ns":1185000,"opens":3,"fstats":3,"mmap_calls":2,"mincore_calls":3,"munmap_calls":2,"msync_calls":1,"inventory_entries":2,"vector_peak_bytes":2847}}
HISTORY_ENGINE_WORK {"state":46,"stage":"acquisition","available":true,"values":[0, 0, 0, 0, 0, 0, 0, 0, 0, 0, 0, 0, 0, 0, 0, 0, 0, 0, 0]}
HISTORY_ENGINE_WORK {"state":46,"stage":"construction","available":true,"values":[46, 436, 1042000, 0, 0, 0, 0, 4, 116581, 46, 43957, 73968, 0, 0, 0, 1, 1, 0, 15]}
HISTORY_PROVIDER_WORK state=46 stage=construction cumulative=Diagnostics { policy: 1, locate: 42087, read_packs: 29303, value_groups: 2924, signatures: 1, reserve: 354, publish: 442, payload_reads: 45488, payload_read_bytes: 4758348800, pack_read_bytes: 3587060584, pack_write_bytes: 42474189, pooled_packs: 57, pooled_groups: 2979, reserved_directory_bytes: 233472, ordinal_reservations: 353, locator_hits: 996838, locator_misses: 265608, pack_hits: 2070176, pack_misses: 98157, forced_seals: 2 }
HISTORY_POOLED_WORK state=46 stage=construction scope=operation-reader-only cumulative=PoolReadCounters { leaf_requests: 0, chain_edges: 0, physical_record_calls: 0, physical_group_decodes: 0, physical_group_decoded_bytes: 0, physical_group_cache_hits: 0, value_group_decodes: 0, pack_fetches: 0, pack_bytes: 0 }
HISTORY_ENGINE_WORK {"state":46,"stage":"filesystem","available":true,"values":[3022, 153256, 85619000, 0, 0, 142, 0, 116, 4410827, 3022, 1867241, 5344634, 0, 0, 0, 96, 3, 0, 928]}
HISTORY_PROVIDER_WORK state=46 stage=filesystem cumulative=Diagnostics { policy: 1, locate: 42781, read_packs: 29395, value_groups: 3066, signatures: 1, reserve: 354, publish: 442, payload_reads: 45488, payload_read_bytes: 4758348800, pack_read_bytes: 3591053947, pack_write_bytes: 42474189, pooled_packs: 57, pooled_groups: 2979, reserved_directory_bytes: 233472, ordinal_reservations: 353, locator_hits: 1006122, locator_misses: 266449, pack_hits: 2098720, pack_misses: 98253, forced_seals: 2 }
HISTORY_POOLED_WORK state=46 stage=filesystem scope=operation-reader-only cumulative=PoolReadCounters { leaf_requests: 982, chain_edges: 1859, physical_record_calls: 5682, physical_group_decodes: 212, physical_group_decoded_bytes: 8216890, physical_group_cache_hits: 5470, value_group_decodes: 5904, pack_fetches: 68, pack_bytes: 2986959 }
HISTORY_ENGINE_WORK {"state":46,"stage":"save_custody","available":true,"values":[19965, 429685, 420062000, 0, 0, 0, 2, 147, 7913539, 19965, 11233173, 578345288, 3653632, 0, 0, 5705, 9, 0, 4655]}
HISTORY_PROVIDER_WORK state=46 stage=save_custody cumulative=Diagnostics { policy: 1, locate: 43153, read_packs: 30873, value_groups: 3068, signatures: 1, reserve: 361, publish: 445, payload_reads: 48290, payload_read_bytes: 5085924586, pack_read_bytes: 3831760322, pack_write_bytes: 42883067, pooled_packs: 58, pooled_groups: 3078, reserved_directory_bytes: 237568, ordinal_reservations: 360, locator_hits: 1032580, locator_misses: 277015, pack_hits: 2159673, pack_misses: 103958, forced_seals: 2 }
HISTORY_POOLED_WORK state=46 stage=save_custody scope=operation-reader-only cumulative=PoolReadCounters { leaf_requests: 982, chain_edges: 1859, physical_record_calls: 5682, physical_group_decodes: 212, physical_group_decoded_bytes: 8216890, physical_group_cache_hits: 5470, value_group_decodes: 5904, pack_fetches: 68, pack_bytes: 2986959 }
HISTORY_STATE_WORK {"state":46,"full157":136,"changed_paths":2272,"offered_objects":2124,"acquire_ns":566273709,"construct_ns":75121500,"filesystem_ns":317511333,"save_custody_ns":1525792958}
DIAGNOSTIC state=46 full157=136 root=ObjectId("d83164c76cf2bb3fa3ef02466333dac37694f6ade7632978e58e35d8dd7eeaf4")
HISTORY_COLD_BOUNDARY {"before_state":47,"wall_ns":14550292,"attestation":{"files":1,"length_bytes":47091712,"total_pages":2875,"resident_first":2731,"resident_after":0,"invalidated_files":1,"page_size_bytes":16384,"first_pass_ns":10065000,"attestation_ns":1073000,"opens":3,"fstats":3,"mmap_calls":2,"mincore_calls":3,"munmap_calls":2,"msync_calls":1,"inventory_entries":2,"vector_peak_bytes":2875}}
HISTORY_ENGINE_WORK {"state":47,"stage":"acquisition","available":true,"values":[0, 0, 0, 0, 0, 0, 0, 0, 0, 0, 0, 0, 0, 0, 0, 0, 0, 0, 0]}
HISTORY_ENGINE_WORK {"state":47,"stage":"construction","available":true,"values":[62, 556, 3662000, 0, 0, 0, 0, 4, 115332, 62, 56460, 442672, 0, 0, 0, 5, 2, 0, 19]}
HISTORY_PROVIDER_WORK state=47 stage=construction cumulative=Diagnostics { policy: 1, locate: 43167, read_packs: 30878, value_groups: 3068, signatures: 1, reserve: 361, publish: 445, payload_reads: 48290, payload_read_bytes: 5085924586, pack_read_bytes: 3832190694, pack_write_bytes: 42883067, pooled_packs: 58, pooled_groups: 3078, reserved_directory_bytes: 237568, ordinal_reservations: 360, locator_hits: 1032600, locator_misses: 277029, pack_hits: 2159796, pack_misses: 103963, forced_seals: 2 }
HISTORY_POOLED_WORK state=47 stage=construction scope=operation-reader-only cumulative=PoolReadCounters { leaf_requests: 0, chain_edges: 0, physical_record_calls: 0, physical_group_decodes: 0, physical_group_decoded_bytes: 0, physical_group_cache_hits: 0, value_group_decodes: 0, pack_fetches: 0, pack_bytes: 0 }
HISTORY_ENGINE_WORK {"state":47,"stage":"filesystem","available":true,"values":[3625, 58949, 73931000, 0, 0, 99, 0, 40, 1540957, 3625, 2332287, 6011322, 0, 0, 0, 100, 1, 0, 1142]}
HISTORY_PROVIDER_WORK state=47 stage=filesystem cumulative=Diagnostics { policy: 1, locate: 44113, read_packs: 30975, value_groups: 3167, signatures: 1, reserve: 361, publish: 445, payload_reads: 48290, payload_read_bytes: 5085924586, pack_read_bytes: 3836289731, pack_write_bytes: 42883067, pooled_packs: 58, pooled_groups: 3078, reserved_directory_bytes: 237568, ordinal_reservations: 360, locator_hits: 1053262, locator_misses: 278112, pack_hits: 2216786, pack_misses: 104063, forced_seals: 2 }
HISTORY_POOLED_WORK state=47 stage=filesystem scope=operation-reader-only cumulative=PoolReadCounters { leaf_requests: 1531, chain_edges: 4629, physical_record_calls: 12320, physical_group_decodes: 903, physical_group_decoded_bytes: 36624423, physical_group_cache_hits: 11417, value_group_decodes: 10303, pack_fetches: 70, pack_bytes: 3068747 }
HISTORY_ENGINE_WORK {"state":47,"stage":"save_custody","available":true,"values":[43934, 1045296, 703760000, 0, 0, 0, 2, 385, 19120086, 43934, 26340118, 1014309118, 26701824, 0, 0, 8915, 42, 0, 11414]}
HISTORY_PROVIDER_WORK state=47 stage=save_custody cumulative=Diagnostics { policy: 1, locate: 48853, read_packs: 32394, value_groups: 3169, signatures: 1, reserve: 374, publish: 490, payload_reads: 53542, payload_read_bytes: 5717460237, pack_read_bytes: 4175324786, pack_write_bytes: 47601966, pooled_packs: 61, pooled_groups: 3244, reserved_directory_bytes: 249856, ordinal_reservations: 373, locator_hits: 1112902, locator_misses: 301920, pack_hits: 2336217, pack_misses: 112978, forced_seals: 3 }
HISTORY_POOLED_WORK state=47 stage=save_custody scope=operation-reader-only cumulative=PoolReadCounters { leaf_requests: 1531, chain_edges: 4629, physical_record_calls: 12320, physical_group_decodes: 903, physical_group_decoded_bytes: 36624423, physical_group_cache_hits: 11417, value_group_decodes: 10303, pack_fetches: 70, pack_bytes: 3068747 }
HISTORY_STATE_WORK {"state":47,"full157":139,"changed_paths":6050,"offered_objects":5716,"acquire_ns":1288767042,"construct_ns":168496250,"filesystem_ns":673628875,"save_custody_ns":2812747875}
DIAGNOSTIC state=47 full157=139 root=ObjectId("3b6d1353988ff53d594702c822cf13d3f5ba059e7ef2a44152436ae7406ee2ae")
HISTORY_COLD_BOUNDARY {"before_state":48,"wall_ns":16981500,"attestation":{"files":1,"length_bytes":52187136,"total_pages":3186,"resident_first":3083,"resident_after":0,"invalidated_files":1,"page_size_bytes":16384,"first_pass_ns":11764000,"attestation_ns":1191000,"opens":3,"fstats":3,"mmap_calls":2,"mincore_calls":3,"munmap_calls":2,"msync_calls":1,"inventory_entries":2,"vector_peak_bytes":3186}}
HISTORY_ENGINE_WORK {"state":48,"stage":"acquisition","available":true,"values":[0, 0, 0, 0, 0, 0, 0, 0, 0, 0, 0, 0, 0, 0, 0, 0, 0, 0, 0]}
HISTORY_ENGINE_WORK {"state":48,"stage":"construction","available":true,"values":[77, 701, 5066000, 0, 0, 0, 0, 4, 98792, 77, 59374, 348544, 0, 0, 0, 5, 1, 0, 24]}
HISTORY_PROVIDER_WORK state=48 stage=construction cumulative=Diagnostics { policy: 1, locate: 48872, read_packs: 32399, value_groups: 3169, signatures: 1, reserve: 374, publish: 490, payload_reads: 53542, payload_read_bytes: 5717460237, pack_read_bytes: 4175616241, pack_write_bytes: 47601966, pooled_packs: 61, pooled_groups: 3244, reserved_directory_bytes: 249856, ordinal_reservations: 373, locator_hits: 1112923, locator_misses: 301939, pack_hits: 2336364, pack_misses: 112983, forced_seals: 3 }
HISTORY_POOLED_WORK state=48 stage=construction scope=operation-reader-only cumulative=PoolReadCounters { leaf_requests: 0, chain_edges: 0, physical_record_calls: 0, physical_group_decodes: 0, physical_group_decoded_bytes: 0, physical_group_cache_hits: 0, value_group_decodes: 0, pack_fetches: 0, pack_bytes: 0 }
HISTORY_ENGINE_WORK {"state":48,"stage":"filesystem","available":true,"values":[2210, 170241, 73631000, 0, 0, 165, 0, 132, 5051293, 2210, 1241318, 5360706, 0, 0, 0, 98, 4, 0, 649]}
HISTORY_PROVIDER_WORK state=48 stage=filesystem cumulative=Diagnostics { policy: 1, locate: 49261, read_packs: 32494, value_groups: 3334, signatures: 1, reserve: 374, publish: 490, payload_reads: 53542, payload_read_bytes: 5717460237, pack_read_bytes: 4179984692, pack_write_bytes: 47601966, pooled_packs: 61, pooled_groups: 3244, reserved_directory_bytes: 249856, ordinal_reservations: 373, locator_hits: 1120322, locator_misses: 302495, pack_hits: 2357931, pack_misses: 113081, forced_seals: 3 }
HISTORY_POOLED_WORK state=48 stage=filesystem scope=operation-reader-only cumulative=PoolReadCounters { leaf_requests: 851, chain_edges: 1633, physical_record_calls: 4968, physical_group_decodes: 378, physical_group_decoded_bytes: 15051421, physical_group_cache_hits: 4590, value_group_decodes: 5652, pack_fetches: 74, pack_bytes: 3344054 }
HISTORY_ENGINE_WORK {"state":48,"stage":"save_custody","available":true,"values":[19968, 435550, 404563000, 0, 0, 0, 2, 188, 8319330, 19968, 10684025, 484772221, 10145792, 0, 0, 4774, 28, 0, 4884]}
HISTORY_PROVIDER_WORK state=48 stage=save_custody cumulative=Diagnostics { policy: 1, locate: 50478, read_packs: 33945, value_groups: 3336, signatures: 1, reserve: 385, publish: 511, payload_reads: 55755, payload_read_bytes: 5979670706, pack_read_bytes: 4387874100, pack_write_bytes: 49162775, pooled_packs: 63, pooled_groups: 3398, reserved_directory_bytes: 258048, ordinal_reservations: 384, locator_hits: 1142689, locator_misses: 310532, pack_hits: 2396621, pack_misses: 117855, forced_seals: 3 }
HISTORY_POOLED_WORK state=48 stage=save_custody scope=operation-reader-only cumulative=PoolReadCounters { leaf_requests: 851, chain_edges: 1633, physical_record_calls: 4968, physical_group_decodes: 378, physical_group_decoded_bytes: 15051421, physical_group_cache_hits: 4590, value_group_decodes: 5652, pack_fetches: 74, pack_bytes: 3344054 }
HISTORY_STATE_WORK {"state":48,"full157":142,"changed_paths":1581,"offered_objects":1950,"acquire_ns":626322417,"construct_ns":83182375,"filesystem_ns":262387250,"save_custody_ns":1432640875}
DIAGNOSTIC state=48 full157=142 root=ObjectId("c86dfc760b47f2e9fd0d7dbcc03b753be0b9551d8019b27562c5ca7f8d009411")
HISTORY_COLD_BOUNDARY {"before_state":49,"wall_ns":17363208,"attestation":{"files":1,"length_bytes":53911552,"total_pages":3291,"resident_first":3066,"resident_after":0,"invalidated_files":1,"page_size_bytes":16384,"first_pass_ns":12702000,"attestation_ns":1282000,"opens":3,"fstats":3,"mmap_calls":2,"mincore_calls":3,"munmap_calls":2,"msync_calls":1,"inventory_entries":2,"vector_peak_bytes":3291}}
HISTORY_ENGINE_WORK {"state":49,"stage":"acquisition","available":true,"values":[0, 0, 0, 0, 0, 0, 0, 0, 0, 0, 0, 0, 0, 0, 0, 0, 0, 0, 0]}
HISTORY_ENGINE_WORK {"state":49,"stage":"construction","available":true,"values":[56, 524, 1994000, 0, 0, 0, 0, 4, 97626, 56, 59581, 106784, 0, 0, 0, 2, 1, 0, 18]}
HISTORY_PROVIDER_WORK state=49 stage=construction cumulative=Diagnostics { policy: 1, locate: 50494, read_packs: 33947, value_groups: 3336, signatures: 1, reserve: 385, publish: 511, payload_reads: 55755, payload_read_bytes: 5979670706, pack_read_bytes: 4387980566, pack_write_bytes: 49162775, pooled_packs: 63, pooled_groups: 3398, reserved_directory_bytes: 258048, ordinal_reservations: 384, locator_hits: 1142705, locator_misses: 310548, pack_hits: 2396747, pack_misses: 117857, forced_seals: 3 }
HISTORY_POOLED_WORK state=49 stage=construction scope=operation-reader-only cumulative=PoolReadCounters { leaf_requests: 0, chain_edges: 0, physical_record_calls: 0, physical_group_decodes: 0, physical_group_decoded_bytes: 0, physical_group_cache_hits: 0, value_group_decodes: 0, pack_fetches: 0, pack_bytes: 0 }
HISTORY_ENGINE_WORK {"state":49,"stage":"filesystem","available":true,"values":[3128, 91205, 97853000, 0, 0, 154, 0, 73, 2372839, 3128, 1824280, 6368101, 0, 0, 0, 106, 2, 0, 956]}
HISTORY_PROVIDER_WORK state=49 stage=filesystem cumulative=Diagnostics { policy: 1, locate: 51196, read_packs: 34047, value_groups: 3490, signatures: 1, reserve: 385, publish: 511, payload_reads: 55755, payload_read_bytes: 5979670706, pack_read_bytes: 4392624286, pack_write_bytes: 49162775, pooled_packs: 63, pooled_groups: 3398, reserved_directory_bytes: 258048, ordinal_reservations: 384, locator_hits: 1153945, locator_misses: 311439, pack_hits: 2428756, pack_misses: 117963, forced_seals: 3 }
HISTORY_POOLED_WORK state=49 stage=filesystem scope=operation-reader-only cumulative=PoolReadCounters { leaf_requests: 1019, chain_edges: 2571, physical_record_calls: 7180, physical_group_decodes: 474, physical_group_decoded_bytes: 19640255, physical_group_cache_hits: 6706, value_group_decodes: 6885, pack_fetches: 77, pack_bytes: 3489252 }
HISTORY_ENGINE_WORK {"state":49,"stage":"save_custody","available":true,"values":[22572, 569980, 509727000, 0, 0, 0, 2, 234, 11705586, 22572, 12483313, 655303227, 12816384, 0, 0, 6072, 18, 0, 5327]}
HISTORY_PROVIDER_WORK state=49 stage=save_custody cumulative=Diagnostics { policy: 1, locate: 51892, read_packs: 35657, value_groups: 3492, signatures: 1, reserve: 396, publish: 526, payload_reads: 58773, payload_read_bytes: 6351485045, pack_read_bytes: 4653732463, pack_write_bytes: 50802300, pooled_packs: 65, pooled_groups: 3555, reserved_directory_bytes: 266240, ordinal_reservations: 395, locator_hits: 1191104, locator_misses: 323199, pack_hits: 2497185, pack_misses: 124035, forced_seals: 3 }
HISTORY_POOLED_WORK state=49 stage=save_custody scope=operation-reader-only cumulative=PoolReadCounters { leaf_requests: 1019, chain_edges: 2571, physical_record_calls: 7180, physical_group_decodes: 474, physical_group_decoded_bytes: 19640255, physical_group_cache_hits: 6706, value_group_decodes: 6885, pack_fetches: 77, pack_bytes: 3489252 }
HISTORY_STATE_WORK {"state":49,"full157":145,"changed_paths":2328,"offered_objects":2579,"acquire_ns":785384375,"construct_ns":103343583,"filesystem_ns":385483958,"save_custody_ns":1892460416}
DIAGNOSTIC state=49 full157=145 root=ObjectId("dbf27d23cc504b71723089adc86eeb341cd6507fffdb9035deeca074921e18b7")
HISTORY_COLD_BOUNDARY {"before_state":50,"wall_ns":18032875,"attestation":{"files":1,"length_bytes":55721984,"total_pages":3401,"resident_first":3239,"resident_after":0,"invalidated_files":1,"page_size_bytes":16384,"first_pass_ns":13215000,"attestation_ns":1284000,"opens":3,"fstats":3,"mmap_calls":2,"mincore_calls":3,"munmap_calls":2,"msync_calls":1,"inventory_entries":2,"vector_peak_bytes":3401}}
HISTORY_ENGINE_WORK {"state":50,"stage":"acquisition","available":true,"values":[0, 0, 0, 0, 0, 0, 0, 0, 0, 0, 0, 0, 0, 0, 0, 0, 0, 0, 0]}
HISTORY_ENGINE_WORK {"state":50,"stage":"construction","available":true,"values":[28, 262, 714000, 0, 0, 0, 0, 4, 89416, 28, 26627, 73872, 0, 0, 0, 1, 1, 0, 9]}
HISTORY_PROVIDER_WORK state=50 stage=construction cumulative=Diagnostics { policy: 1, locate: 51900, read_packs: 35658, value_groups: 3492, signatures: 1, reserve: 396, publish: 526, payload_reads: 58773, payload_read_bytes: 6351485045, pack_read_bytes: 4653809149, pack_write_bytes: 50802300, pooled_packs: 65, pooled_groups: 3555, reserved_directory_bytes: 266240, ordinal_reservations: 395, locator_hits: 1191112, locator_misses: 323207, pack_hits: 2497248, pack_misses: 124036, forced_seals: 3 }
HISTORY_POOLED_WORK state=50 stage=construction scope=operation-reader-only cumulative=PoolReadCounters { leaf_requests: 0, chain_edges: 0, physical_record_calls: 0, physical_group_decodes: 0, physical_group_decoded_bytes: 0, physical_group_cache_hits: 0, value_group_decodes: 0, pack_fetches: 0, pack_bytes: 0 }
HISTORY_ENGINE_WORK {"state":50,"stage":"filesystem","available":true,"values":[1578, 95564, 60716000, 0, 0, 157, 0, 119, 4166627, 1578, 918583, 5173152, 0, 0, 0, 104, 2, 0, 439]}
HISTORY_PROVIDER_WORK state=50 stage=filesystem cumulative=Diagnostics { policy: 1, locate: 52081, read_packs: 35759, value_groups: 3649, signatures: 1, reserve: 396, publish: 526, payload_reads: 58773, payload_read_bytes: 6351485045, pack_read_bytes: 4658549030, pack_write_bytes: 50802300, pooled_packs: 65, pooled_groups: 3555, reserved_directory_bytes: 266240, ordinal_reservations: 395, locator_hits: 1198204, locator_misses: 323550, pack_hits: 2516085, pack_misses: 124140, forced_seals: 3 }
HISTORY_POOLED_WORK state=50 stage=filesystem scope=operation-reader-only cumulative=PoolReadCounters { leaf_requests: 672, chain_edges: 1791, physical_record_calls: 4926, physical_group_decodes: 349, physical_group_decoded_bytes: 14413530, physical_group_cache_hits: 4577, value_group_decodes: 5637, pack_fetches: 78, pack_bytes: 3613744 }
HISTORY_ENGINE_WORK {"state":50,"stage":"save_custody","available":true,"values":[11395, 217182, 320451000, 0, 0, 0, 2, 94, 4571751, 11395, 6360024, 335576382, 4411392, 0, 0, 3276, 7, 0, 2598]}
HISTORY_PROVIDER_WORK state=50 stage=save_custody cumulative=Diagnostics { policy: 1, locate: 52126, read_packs: 37000, value_groups: 3651, signatures: 1, reserve: 408, publish: 529, payload_reads: 60082, payload_read_bytes: 6516051929, pack_read_bytes: 4824195934, pack_write_bytes: 51638940, pooled_packs: 66, pooled_groups: 3657, reserved_directory_bytes: 270336, ordinal_reservations: 406, locator_hits: 1209863, locator_misses: 327080, pack_hits: 2535970, pack_misses: 127416, forced_seals: 3 }
HISTORY_POOLED_WORK state=50 stage=save_custody scope=operation-reader-only cumulative=PoolReadCounters { leaf_requests: 672, chain_edges: 1791, physical_record_calls: 4926, physical_group_decodes: 349, physical_group_decoded_bytes: 14413530, physical_group_cache_hits: 4577, value_group_decodes: 5637, pack_fetches: 78, pack_bytes: 3613744 }
HISTORY_STATE_WORK {"state":50,"full157":148,"changed_paths":748,"offered_objects":818,"acquire_ns":415679791,"construct_ns":32390625,"filesystem_ns":229044000,"save_custody_ns":956220666}
DIAGNOSTIC state=50 full157=148 root=ObjectId("9b5c033874915ab2df35728437fd168d0481aebc24fd2d87b52b36c5f62cfc55")
HISTORY_COLD_BOUNDARY {"before_state":51,"wall_ns":16977750,"attestation":{"files":1,"length_bytes":56623104,"total_pages":3456,"resident_first":2886,"resident_after":0,"invalidated_files":1,"page_size_bytes":16384,"first_pass_ns":12215000,"attestation_ns":1340000,"opens":3,"fstats":3,"mmap_calls":2,"mincore_calls":3,"munmap_calls":2,"msync_calls":1,"inventory_entries":2,"vector_peak_bytes":3456}}
HISTORY_ENGINE_WORK {"state":51,"stage":"acquisition","available":true,"values":[0, 0, 0, 0, 0, 0, 0, 0, 0, 0, 0, 0, 0, 0, 0, 0, 0, 0, 0]}
HISTORY_ENGINE_WORK {"state":51,"stage":"construction","available":true,"values":[62, 582, 2457000, 0, 0, 0, 0, 4, 114043, 62, 66330, 126974, 0, 0, 0, 2, 1, 0, 20]}
HISTORY_PROVIDER_WORK state=51 stage=construction cumulative=Diagnostics { policy: 1, locate: 52144, read_packs: 37002, value_groups: 3651, signatures: 1, reserve: 408, publish: 529, payload_reads: 60082, payload_read_bytes: 6516051929, pack_read_bytes: 4824309572, pack_write_bytes: 51638940, pooled_packs: 66, pooled_groups: 3657, reserved_directory_bytes: 270336, ordinal_reservations: 406, locator_hits: 1209881, locator_misses: 327098, pack_hits: 2536112, pack_misses: 127418, forced_seals: 3 }
HISTORY_POOLED_WORK state=51 stage=construction scope=operation-reader-only cumulative=PoolReadCounters { leaf_requests: 0, chain_edges: 0, physical_record_calls: 0, physical_group_decodes: 0, physical_group_decoded_bytes: 0, physical_group_cache_hits: 0, value_group_decodes: 0, pack_fetches: 0, pack_bytes: 0 }
HISTORY_ENGINE_WORK {"state":51,"stage":"filesystem","available":true,"values":[3304, 56463, 107039000, 0, 0, 102, 0, 35, 1458500, 3304, 2182348, 7298755, 0, 0, 0, 112, 1, 0, 1030]}
HISTORY_PROVIDER_WORK state=51 stage=filesystem cumulative=Diagnostics { policy: 1, locate: 52963, read_packs: 37111, value_groups: 3753, signatures: 1, reserve: 408, publish: 529, payload_reads: 60082, payload_read_bytes: 6516051929, pack_read_bytes: 4829269492, pack_write_bytes: 51638940, pooled_packs: 66, pooled_groups: 3657, reserved_directory_bytes: 270336, ordinal_reservations: 406, locator_hits: 1223491, locator_misses: 328179, pack_hits: 2574630, pack_misses: 127530, forced_seals: 3 }
HISTORY_POOLED_WORK state=51 stage=filesystem scope=operation-reader-only cumulative=PoolReadCounters { leaf_requests: 1073, chain_edges: 3251, physical_record_calls: 8648, physical_group_decodes: 466, physical_group_decoded_bytes: 19080094, physical_group_cache_hits: 8182, value_group_decodes: 8106, pack_fetches: 80, pack_bytes: 3684466 }
HISTORY_ENGINE_WORK {"state":51,"stage":"save_custody","available":true,"values":[27233, 677092, 569111000, 0, 0, 0, 2, 240, 12785004, 27233, 15453237, 792646960, 13930496, 0, 0, 7336, 13, 0, 6462]}
HISTORY_PROVIDER_WORK state=51 stage=save_custody cumulative=Diagnostics { policy: 1, locate: 53945, read_packs: 38701, value_groups: 3755, signatures: 1, reserve: 420, publish: 542, payload_reads: 63969, payload_read_bytes: 6975658555, pack_read_bytes: 5134099971, pack_write_bytes: 53282363, pooled_packs: 68, pooled_groups: 3813, reserved_directory_bytes: 278528, ordinal_reservations: 418, locator_hits: 1267059, locator_misses: 342265, pack_hits: 2656421, pack_misses: 134866, forced_seals: 4 }
HISTORY_POOLED_WORK state=51 stage=save_custody scope=operation-reader-only cumulative=PoolReadCounters { leaf_requests: 1073, chain_edges: 3251, physical_record_calls: 8648, physical_group_decodes: 466, physical_group_decoded_bytes: 19080094, physical_group_cache_hits: 8182, value_group_decodes: 8106, pack_fetches: 80, pack_bytes: 3684466 }
HISTORY_STATE_WORK {"state":51,"full157":151,"changed_paths":2813,"offered_objects":3080,"acquire_ns":836471584,"construct_ns":106179916,"filesystem_ns":460215334,"save_custody_ns":2125706042}
DIAGNOSTIC state=51 full157=151 root=ObjectId("f5fbb3b370af6276213f71dc7277b57c1ffa5dd7018841377f7474527e2a74cb")
HISTORY_COLD_BOUNDARY {"before_state":52,"wall_ns":19336292,"attestation":{"files":1,"length_bytes":58454016,"total_pages":3568,"resident_first":3373,"resident_after":0,"invalidated_files":1,"page_size_bytes":16384,"first_pass_ns":14317000,"attestation_ns":1322000,"opens":3,"fstats":3,"mmap_calls":2,"mincore_calls":3,"munmap_calls":2,"msync_calls":1,"inventory_entries":2,"vector_peak_bytes":3568}}
HISTORY_ENGINE_WORK {"state":52,"stage":"acquisition","available":true,"values":[0, 0, 0, 0, 0, 0, 0, 0, 0, 0, 0, 0, 0, 0, 0, 0, 0, 0, 0]}
HISTORY_ENGINE_WORK {"state":52,"stage":"construction","available":true,"values":[68, 614, 5197000, 0, 0, 0, 0, 4, 106873, 68, 57538, 581669, 0, 0, 0, 5, 1, 0, 21]}
HISTORY_PROVIDER_WORK state=52 stage=construction cumulative=Diagnostics { policy: 1, locate: 53961, read_packs: 38706, value_groups: 3755, signatures: 1, reserve: 420, publish: 542, payload_reads: 63969, payload_read_bytes: 6975658555, pack_read_bytes: 5134645285, pack_write_bytes: 53282363, pooled_packs: 68, pooled_groups: 3813, reserved_directory_bytes: 278528, ordinal_reservations: 418, locator_hits: 1267078, locator_misses: 342281, pack_hits: 2656544, pack_misses: 134871, forced_seals: 4 }
HISTORY_POOLED_WORK state=52 stage=construction scope=operation-reader-only cumulative=PoolReadCounters { leaf_requests: 0, chain_edges: 0, physical_record_calls: 0, physical_group_decodes: 0, physical_group_decoded_bytes: 0, physical_group_cache_hits: 0, value_group_decodes: 0, pack_fetches: 0, pack_bytes: 0 }
HISTORY_ENGINE_WORK {"state":52,"stage":"filesystem","available":true,"values":[4213, 140022, 120876000, 0, 0, 156, 0, 125, 4586295, 4213, 2728459, 8032213, 0, 0, 0, 124, 3, 0, 1311]}
HISTORY_PROVIDER_WORK state=52 stage=filesystem cumulative=Diagnostics { policy: 1, locate: 54997, read_packs: 38825, value_groups: 3911, signatures: 1, reserve: 420, publish: 542, payload_reads: 63969, payload_read_bytes: 6975658555, pack_read_bytes: 5140027649, pack_write_bytes: 53282363, pooled_packs: 68, pooled_groups: 3813, reserved_directory_bytes: 278528, ordinal_reservations: 418, locator_hits: 1277404, locator_misses: 343533, pack_hits: 2691420, pack_misses: 134995, forced_seals: 4 }
HISTORY_POOLED_WORK state=52 stage=filesystem scope=operation-reader-only cumulative=PoolReadCounters { leaf_requests: 1148, chain_edges: 2044, physical_record_calls: 6384, physical_group_decodes: 464, physical_group_decoded_bytes: 19082342, physical_group_cache_hits: 5920, value_group_decodes: 7932, pack_fetches: 85, pack_bytes: 3909763 }
HISTORY_ENGINE_WORK {"state":52,"stage":"save_custody","available":true,"values":[29780, 797972, 603001000, 0, 0, 0, 2, 287, 14583171, 29780, 22743325, 761949593, 20959232, 0, 0, 6506, 21, 0, 7560]}
HISTORY_PROVIDER_WORK state=52 stage=save_custody cumulative=Diagnostics { policy: 1, locate: 57652, read_packs: 40147, value_groups: 3913, signatures: 1, reserve: 434, publish: 562, payload_reads: 67549, payload_read_bytes: 7427313017, pack_read_bytes: 5408020942, pack_write_bytes: 56162141, pooled_packs: 71, pooled_groups: 3977, reserved_directory_bytes: 290816, ordinal_reservations: 432, locator_hits: 1326556, locator_misses: 360214, pack_hits: 2778561, pack_misses: 141501, forced_seals: 4 }
HISTORY_POOLED_WORK state=52 stage=save_custody scope=operation-reader-only cumulative=PoolReadCounters { leaf_requests: 1148, chain_edges: 2044, physical_record_calls: 6384, physical_group_decodes: 464, physical_group_decoded_bytes: 19082342, physical_group_cache_hits: 5920, value_group_decodes: 7932, pack_fetches: 85, pack_bytes: 3909763 }
HISTORY_STATE_WORK {"state":52,"full157":154,"changed_paths":5385,"offered_objects":4386,"acquire_ns":1126227959,"construct_ns":142611375,"filesystem_ns":503599334,"save_custody_ns":2247541750}
DIAGNOSTIC state=52 full157=154 root=ObjectId("4118134c0b3cfc2acda8d744ec755e6efe1109f635cca033f1fbc4538f227ea5")
HISTORY_COLD_BOUNDARY {"before_state":53,"wall_ns":20040750,"attestation":{"files":1,"length_bytes":61599744,"total_pages":3760,"resident_first":3544,"resident_after":0,"invalidated_files":1,"page_size_bytes":16384,"first_pass_ns":14498000,"attestation_ns":1483000,"opens":3,"fstats":3,"mmap_calls":2,"mincore_calls":3,"munmap_calls":2,"msync_calls":1,"inventory_entries":2,"vector_peak_bytes":3760}}
HISTORY_ENGINE_WORK {"state":53,"stage":"acquisition","available":true,"values":[0, 0, 0, 0, 0, 0, 0, 0, 0, 0, 0, 0, 0, 0, 0, 0, 0, 0, 0]}
HISTORY_ENGINE_WORK {"state":53,"stage":"construction","available":true,"values":[44, 408, 1852000, 0, 0, 0, 0, 4, 93377, 44, 45495, 176352, 0, 0, 0, 2, 1, 0, 14]}
HISTORY_PROVIDER_WORK state=53 stage=construction cumulative=Diagnostics { policy: 1, locate: 57664, read_packs: 40149, value_groups: 3913, signatures: 1, reserve: 434, publish: 562, payload_reads: 67549, payload_read_bytes: 7427313017, pack_read_bytes: 5408175148, pack_write_bytes: 56162141, pooled_packs: 71, pooled_groups: 3977, reserved_directory_bytes: 290816, ordinal_reservations: 432, locator_hits: 1326568, locator_misses: 360226, pack_hits: 2778655, pack_misses: 141503, forced_seals: 4 }
HISTORY_POOLED_WORK state=53 stage=construction scope=operation-reader-only cumulative=PoolReadCounters { leaf_requests: 0, chain_edges: 0, physical_record_calls: 0, physical_group_decodes: 0, physical_group_decoded_bytes: 0, physical_group_cache_hits: 0, value_group_decodes: 0, pack_fetches: 0, pack_bytes: 0 }
HISTORY_ENGINE_WORK {"state":53,"stage":"filesystem","available":true,"values":[2876, 169658, 96133000, 0, 0, 164, 0, 98, 3610955, 2876, 2146453, 11044849, 0, 0, 0, 207, 3, 0, 835]}
HISTORY_PROVIDER_WORK state=53 stage=filesystem cumulative=Diagnostics { policy: 1, locate: 58131, read_packs: 40353, value_groups: 4077, signatures: 1, reserve: 434, publish: 562, payload_reads: 67549, payload_read_bytes: 7427313017, pack_read_bytes: 5417781455, pack_write_bytes: 56162141, pooled_packs: 71, pooled_groups: 3977, reserved_directory_bytes: 290816, ordinal_reservations: 432, locator_hits: 1332118, locator_misses: 360867, pack_hits: 2798935, pack_misses: 141710, forced_seals: 4 }
HISTORY_POOLED_WORK state=53 stage=filesystem scope=operation-reader-only cumulative=PoolReadCounters { leaf_requests: 777, chain_edges: 1085, physical_record_calls: 3724, physical_group_decodes: 374, physical_group_decoded_bytes: 15590845, physical_group_cache_hits: 3350, value_group_decodes: 6828, pack_fetches: 175, pack_bytes: 8248334 }
HISTORY_ENGINE_WORK {"state":53,"stage":"save_custody","available":true,"values":[18529, 359130, 407381000, 0, 0, 0, 2, 135, 7053881, 18529, 15660254, 445951268, 7000064, 0, 0, 4294, 15, 0, 4604]}
HISTORY_PROVIDER_WORK state=53 stage=save_custody cumulative=Diagnostics { policy: 1, locate: 59411, read_packs: 41779, value_groups: 4079, signatures: 1, reserve: 446, publish: 571, payload_reads: 69444, payload_read_bytes: 7653915810, pack_read_bytes: 5621630117, pack_write_bytes: 57097856, pooled_packs: 72, pooled_groups: 4107, reserved_directory_bytes: 294912, ordinal_reservations: 444, locator_hits: 1350478, locator_misses: 367869, pack_hits: 2834377, pack_misses: 146004, forced_seals: 4 }
HISTORY_POOLED_WORK state=53 stage=save_custody scope=operation-reader-only cumulative=PoolReadCounters { leaf_requests: 777, chain_edges: 1085, physical_record_calls: 3724, physical_group_decodes: 374, physical_group_decoded_bytes: 15590845, physical_group_cache_hits: 3350, value_group_decodes: 6828, pack_fetches: 175, pack_bytes: 8248334 }
HISTORY_STATE_WORK {"state":53,"full157":157,"changed_paths":1040,"offered_objects":1327,"acquire_ns":596734541,"construct_ns":51627542,"filesystem_ns":314800875,"save_custody_ns":1280632542}
DIAGNOSTIC state=53 full157=157 root=ObjectId("5bb95b4b8969af5c3ddee03441a626b2d618c82a85b32be8a23feabd78c0e081")
HISTORY_COLD_BOUNDARY {"before_state":54,"wall_ns":19100208,"attestation":{"files":1,"length_bytes":62611456,"total_pages":3822,"resident_first":3264,"resident_after":0,"invalidated_files":1,"page_size_bytes":16384,"first_pass_ns":14278000,"attestation_ns":1392000,"opens":3,"fstats":3,"mmap_calls":2,"mincore_calls":3,"munmap_calls":2,"msync_calls":1,"inventory_entries":2,"vector_peak_bytes":3822}}
EFFECTIVE_PROFILE {"identity":"sqlite-memory-off-macos-v1","journal_mode":"memory","synchronous":0,"foreign_keys":1,"fullfsync":0,"checkpoint_fullfsync":1,"page_size":4096,"cache_size":-2048,"mmap_size":0,"temp_store":2,"wal_checkpoint_performed":false}
DIAGNOSTIC sqlite=SqlWork { statements: 691365, vm_steps: 0, bound_bytes: 78052699, statement_ns: 16854187307, statement_phases: [StatementPhaseWork { calls: 691341, wall_ns: 484323353 }, StatementPhaseWork { calls: 691341, wall_ns: 59810531 }, StatementPhaseWork { calls: 1361203, wall_ns: 15471827819 }, StatementPhaseWork { calls: 669862, wall_ns: 494018194 }, StatementPhaseWork { calls: 691341, wall_ns: 16386049 }, StatementPhaseWork { calls: 691341, wall_ns: 22964827 }, StatementPhaseWork { calls: 691341, wall_ns: 110202988 }], commit_phases: [StatementPhaseWork { calls: 176104, wall_ns: 15760400 }, StatementPhaseWork { calls: 176104, wall_ns: 4330712 }, StatementPhaseWork { calls: 176104, wall_ns: 909909410 }, StatementPhaseWork { calls: 0, wall_ns: 0 }, StatementPhaseWork { calls: 176104, wall_ns: 4197187 }, StatementPhaseWork { calls: 176104, wall_ns: 5726493 }, StatementPhaseWork { calls: 176104, wall_ns: 13729252 }], commit_ns: 991650623, transactions: 176104, write_transactions: 1228, write_commits: 1228, commits: 176104, rollbacks: 0, transaction_ns: 24908441185, sealed_inserts: 790, sealed_body_bytes: 57097856, preallocation_calls: 60, preallocation_bytes: 64876544, preallocation_ns: 26936448, preallocation_close_ns: 458540, checkpoint_ns: 368667 } storage=Diagnostics { policy: 1, locate: 59411, read_packs: 41779, value_groups: 4079, signatures: 1, reserve: 446, publish: 571, payload_reads: 69444, payload_read_bytes: 7653915810, pack_read_bytes: 5621630117, pack_write_bytes: 57097856, pooled_packs: 72, pooled_groups: 4107, reserved_directory_bytes: 294912, ordinal_reservations: 444, locator_hits: 1350478, locator_misses: 367869, pack_hits: 2834377, pack_misses: 146004, forced_seals: 4 } checkpoint=Checkpoint { persistence: Disposable, wal_checkpoint_performed: false, busy: false, log_frames: -1, checkpointed_frames: -1, wall_ns: 368667, allocation_before_bytes: Some(65011712), allocation_after_bytes: Some(62611456), allocation_source: Some(AllocationIdentity { descriptor: 4, device: 16777230, inode: 865915544, logical_bytes: 62611456 }), allocation_transfer_ns: 24292, allocation_scratch_close_ns: 4750, allocation_source_close_ns: 3375 }
HISTORY_COLD_TOTAL {"checks":53,"wall_ns":541317080}
