.	d	488	1700000000000000000	0	-
d0000	d	488	1700000000000000000	0	-
d0001	d	488	1700000000000000000	0	-
d0002	d	488	1700000000000000000	0	-
d0003	d	488	1700000000000000000	0	-
d0004	d	488	1700000000000000000	0	-
d0005	d	488	1700000000000000000	0	-
d0006	d	488	1700000000000000000	0	-
d0007	d	488	1700000000000000000	0	-
d0008	d	488	1700000000000000000	0	-
d0009	d	488	1700000000000000000	0	-
d0000/f000000	f	416	1700000000000000000	5000000	9534acf31262ea8b4eb85f81d94bd82d977ddfb1bf97d5b6f635b9dccc715436
d0000/f000001	f	416	1700000000000000000	0	e3b0c44298fc1c149afbf4c8996fb92427ae41e4649b934ca495991b7852b855
d0000/f000002	f	416	1700000000000000000	0	e3b0c44298fc1c149afbf4c8996fb92427ae41e4649b934ca495991b7852b855
d0000/f000003	f	416	1700000000000000000	0	e3b0c44298fc1c149afbf4c8996fb92427ae41e4649b934ca495991b7852b855
d0000/f000004	f	416	1700000000000000000	0	e3b0c44298fc1c149afbf4c8996fb92427ae41e4649b934ca495991b7852b855
d0000/f000005	f	416	1700000000000000000	0	e3b0c44298fc1c149afbf4c8996fb92427ae41e4649b934ca495991b7852b855
d0000/f000006	f	416	1700000000000000000	0	e3b0c44298fc1c149afbf4c8996fb92427ae41e4649b934ca495991b7852b855
d0000/f000007	f	416	1700000000000000000	0	e3b0c44298fc1c149afbf4c8996fb92427ae41e4649b934ca495991b7852b855
d0000/f000008	f	416	1700000000000000000	0	e3b0c44298fc1c149afbf4c8996fb92427ae41e4649b934ca495991b7852b855
d0000/f000009	f	416	1700000000000000000	0	e3b0c44298fc1c149afbf4c8996fb92427ae41e4649b934ca495991b7852b855
d0000/f000010	f	416	1700000000000000000	0	e3b0c44298fc1c149afbf4c8996fb92427ae41e4649b934ca495991b7852b855
d0000/f000011	f	416	1700000000000000000	245	4cf417a5432859d70395cd81b46cb3634d3ac73e5abc7f6452e308fb6f774366
d0000/f000012	f	416	1700000000000000000	245	7835bd970c605314e2f72087b1fdb388d8894d3fbd5e522cee4bf165e4fdcef1
d0000/f000013	f	416	1700000000000000000	245	1c7ab2c35b2cfbd19bbb418bb9b9fc6926f8d9193299dbd7d74537868ffb0cf9
d0000/f000014	f	416	1700000000000000000	245	eaa629197124290fc9aad528497598c5278827b43efc3b0aaf84204f0df1815a
d0000/f000015	f	416	1700000000000000000	245	8b988a90ebfe717f7f1dab23c804d4cbd3aa242b2a29de54f27f65d2967de89a
d0000/f000016	f	416	1700000000000000000	245	687061a02f6167c15057918aeb5548067e06fdeae810621672ff5f8efd3c6a5e
d0000/f000017	f	416	1700000000000000000	245	8498728955c76b8eee5f41b5e09bd74f1a92ed788a082531756b6c7e38226ca8
d0000/f000018	f	416	1700000000000000000	245	06dde9b1b5811400eeaa78d869ddb3305a11f859684e6986ff36c883f75c803f
d0000/f000019	f	416	1700000000000000000	245	cb06eb90f3df950de53e9088a29682126f1ae6bfac9e319a9a2f828d7d3e0269
d0000/f000020	f	416	1700000000000000000	245	6a26fab081dc6f646e4e197e49b77a6588dfb5c8a5c1d7be1610e7e145c3f722
d0000/f000021	f	416	1700000000000000000	245	3907307b71f0fa9d908bf7c022577556cae228c78e63737bbb8c77283af5f5d0
d0000/f000022	f	416	1700000000000000000	245	8ae6d6360a11bd3503d3082bca10742979194430992227f03eb222de5274ba60
d0000/f000023	f	416	1700000000000000000	245	29d55bdf35a9832c168fe0fdc9819625a359db7f61fa03e8f659987d94656400
d0000/f000024	f	416	1700000000000000000	245	0aff0d84966886c2fc00a2a968fefd28c8810476fa5daf86c4d37c572fe678d6
d0000/f000025	f	416	1700000000000000000	245	c66aa0e0904712e554d54c99430f3fcee10ecf40e3fdcf5750f321aa3e2bda8e
d0000/f000026	f	416	1700000000000000000	245	f84488bdfdc1ea356e4ba8affad9db6fe0b34427427de184020c88ef71b804e8
d0000/f000027	f	416	1700000000000000000	245	10db38a020a8c299890d036da7b36a4005ad0542f8739740e1633c62fc8f5b79
d0000/f000028	f	416	1700000000000000000	245	8ef13b688da863f78a4e775b284a7fb46b7fb383f161b1df4ecacaa34fb66b18
d0000/f000029	f	416	1700000000000000000	245	f865b866aa2e40481776d2974770c2123610a9c677a000435df53139a2a1dd98
d0000/f000030	f	416	1700000000000000000	245	5cc914bccc1fbfa745e932651e5fac7ce556ae86b862f0eb7c8c527f5a2f9e8a
d0000/f000031	f	416	1700000000000000000	245	19a6e5ef903a9e3866fd0e6786adc6d8c197ccb6fa61b46ccdca525435af47ef
d0000/f000032	f	416	1700000000000000000	245	4c01f194c68f47a98b6ff64096250863cdf8bb513336b0edfbaa288c8cedd1c6
d0000/f000033	f	416	1700000000000000000	245	702e1cb8680cd1b380bbb78c5ccc309e6d6a9d210a9572ac244b8b70767aa8b7
d0000/f000034	f	416	1700000000000000000	245	a4fb0071a4a683c8925e5e60503e621da2b3e137177478c28dd1626babcba538
d0000/f000035	f	416	1700000000000000000	245	94207cc06ca6ae40495801535b8e169b04cb9ebd3d118e4499feed83ac33ca82
d0000/f000036	f	416	1700000000000000000	245	38744b5c2cc3b06090c164b67d757b3f9ca4645bdd2f23874975c58866117921
d0000/f000037	f	416	1700000000000000000	245	01f043a49aa5d9ef9005d8832eb5973ab0d7a4e75723ebd4aeec023a40021a98
d0000/f000038	f	416	1700000000000000000	245	780a76e9798d475b2736f550f0c3c771eddd0ae555c191842ee4ed7411418a2b
d0000/f000039	f	416	1700000000000000000	245	e7b27c3e07a4b05b8cff055c8a702a300d2d9a4b765a7ff9120b713f54457e4d
d0000/f000040	f	416	1700000000000000000	245	913cfaca29c0cd4ec12bff014ab2842e19bcaca82f76f3dd7544dac05caf82b0
d0000/f000041	f	416	1700000000000000000	245	b4cf6d5572c1bf34f886b1818c7fb3550fa76f1c507029fd6dcd801bebbb5116
d0000/f000042	f	416	1700000000000000000	245	5b5ae262886f8401c24681afe63714c54f19fd825fe1ebfd1c21751a68b1434f
d0000/f000043	f	416	1700000000000000000	245	744511a566aaaf2c790b5d24410bb276d51566a714ebbfb8940d63c4b02eaf14
d0000/f000044	f	416	1700000000000000000	245	193361b5a034de5812469c1cf6c3c631f04efa03856cd45fc3bce14ba6251324
d0000/f000045	f	416	1700000000000000000	245	2259936a45ac540b0e8916774ebe4b9abc533227b58168d51c9094564e292870
d0000/f000046	f	416	1700000000000000000	245	1dbbb50b391aa1786c217e1c97572ce35160bcbd8d81f5bd905aeb1ea9c00d25
d0000/f000047	f	416	1700000000000000000	245	51c7fc6c9bc87d9954d2466a71cb562e81cb08c0bea3d22bb093c16ac4b234ed
d0000/f000048	f	416	1700000000000000000	245	47f05dec6a74560ae2a1c361899e462dbfba4ea07ec9c79c9e9d9f258e76871e
d0000/f000049	f	416	1700000000000000000	245	f8cce962770742e3d088f90205fd171e26ecb8137f1cffa489197dc0e3e095a3
d0000/f000050	f	416	1700000000000000000	245	75bfc6ba4ebdafde53e67150b823518e5205f902028310bb0304f2b401b01f7e
d0000/f000051	f	416	1700000000000000000	245	5dd21568f875af3e814f8989a4556e4d29bc789806ab8c1869d8f62a19b90b58
d0000/f000052	f	416	1700000000000000000	245	f17a51b365397d82580fa932e0c2954f75f2656030b67b1369be56a936def20f
d0000/f000053	f	416	1700000000000000000	245	3e1faaff56c6d7c9f49d62f2b081f6b932446a09f92471cec89295fd474db733
d0000/f000054	f	416	1700000000000000000	245	16a7967395f73477da237b81fe542ee1b85bda5debffbec935fa3a0c87c97354
d0000/f000055	f	416	1700000000000000000	245	5f624610bfb132334c8e07e1e613bf3ad4b23b5f2aaddb6a184996df7e5854a5
d0000/f000056	f	416	1700000000000000000	245	325757121fe443e787c7f570b95cf966f09eb01abd68f4380ab6584cf512082f
d0000/f000057	f	416	1700000000000000000	245	9a73e303403782b1e21d4af178ee984025664a40f610349e0ba25bc6f61e983a
d0000/f000058	f	416	1700000000000000000	245	89bc02fa06684546e37a06402c838463f49e061858b06105402a841c9be9cd6e
d0000/f000059	f	416	1700000000000000000	245	371b1a758f7139f5a18353c915f03dc07a7b50472b09dc8b13e21d94d0502433
d0000/f000060	f	416	1700000000000000000	245	7d3c1fe13f7a82e3562bc550fcda02af48cd080b4c37c0c824d2719b5e150010
d0000/f000061	f	416	1700000000000000000	245	793a3c73b0bc8fa9b3cc794381d197714eeeb6c7badd2d444a86c128822f3111
d0000/f000062	f	416	1700000000000000000	245	a00d552acb7d0b21840bd6b9e2b73a3250bf43cbc005effd9c64a1daf12f9350
d0000/f000063	f	416	1700000000000000000	245	64f653f2716576f053ae880feff0f6e620d72defcbb42c7b772c5d9563a755c4
d0000/f000064	f	416	1700000000000000000	245	2b9450736d20ed6992e144db92d8a08b332172bbe2b298b6e9c3984d64aade3e
d0000/f000065	f	416	1700000000000000000	245	6cf18a21ff87fece84aa34bd93d06b1878c18877d41729bb13e924828d7aac07
d0000/f000066	f	416	1700000000000000000	245	48f7723986b26462ed56f89d07cb6b3df504445cbd96d8e8f99b63d09a944d07
d0000/f000067	f	416	1700000000000000000	245	c23a41c7facf6d5af5fa2010cd7e0b0eba1cf150313bbbe568e87bf7230b779e
d0000/f000068	f	416	1700000000000000000	245	6ace054dbd1d9537772ca847d06e70d57e50ad37d275e1403797d010283795ff
d0000/f000069	f	416	1700000000000000000	245	600aab2d4b56b6557eeb404cbdd8765ae2e70018503011afeef00e607c305f95
d0000/f000070	f	416	1700000000000000000	245	dd31b603e99e0a66aecda7ba58e1d57e40a9a61ec5dd443f6f53ab408d33ab29
d0000/f000071	f	416	1700000000000000000	245	f01e4a5a1ac4dd8218e6adb078d9e24ed32e9cc612df66721209515a7f273fcf
d0000/f000072	f	416	1700000000000000000	245	3bc55f4fc3dca0b09ee7abc489a9e47fb7f8eacf8b4f0315a4e2a18f59ee8097
d0000/f000073	f	416	1700000000000000000	245	3d8dcaa80b4e5d4e8859d00e811430542aa9f5963edc30708773b4303647fa38
d0000/f000074	f	416	1700000000000000000	245	79e89e5f0fd2dfed77bcb28ec26fefced511e9076182ddef441fbfc28af01a1e
d0000/f000075	f	416	1700000000000000000	245	6fe031d776ac6e5facd9ad61a6e1716488f6b7743aec24c22cf803b9377b7165
d0000/f000076	f	416	1700000000000000000	245	a4911f573961f1ec9ffcadde36dbacac5c2440c9a1403a39f45465a338ad4fd2
d0000/f000077	f	416	1700000000000000000	245	3d119845df561ddf2528f7275afeac98badba0985cd430638f10149ce7c8d156
d0000/f000078	f	416	1700000000000000000	245	599831cd597cfa9e7919d448f52f4e657c4726b7620671391727695d685cbe38
d0000/f000079	f	416	1700000000000000000	245	df23cdd5785552f10ac9a450d739f84f47fadfb3bc9df4ab6bdcd93ef4fafd06
d0000/f000080	f	416	1700000000000000000	245	83dd4e2db95fc5df5b7f3b846bc482a1efffddb67eca64a3b643c3ee2eac5a64
d0000/f000081	f	416	1700000000000000000	245	786025aa93dcaf935970b1bedc3f664da8d0074da6aad3cc930d6962a5c81c18
d0000/f000082	f	416	1700000000000000000	245	b7260e006554a7e95e0930de0a61c047d3eb56624176a4052779f35fc951bee0
d0000/f000083	f	416	1700000000000000000	245	8b08ab9bdc5f8280e97b11b93166e223b9caa3c18f1b60267e2726efa5aa589a
d0000/f000084	f	416	1700000000000000000	245	d6086921aa7ef180c28257aa8c014a9a6d96f2f2da94ad325a7a2aedbf61e72b
d0000/f000085	f	416	1700000000000000000	245	3fa2c58bfe463a53fb19b734028de7b1e83aa8d19f5160f63668d1d701e50473
d0000/f000086	f	416	1700000000000000000	245	7c9ffcc0d0df3943ed23154ebcd5f771cddb3d0b4c0553abbaeb6765c608ac6b
d0000/f000087	f	416	1700000000000000000	245	e7ca789596ebd55817404790faea71f358d05848cbb87917095227d951c2eba2
d0000/f000088	f	416	1700000000000000000	245	e631561a0e02f380242b6ede48c36a7f2dff68eb259d47fc1e8a73b0d6212a3c
d0000/f000089	f	416	1700000000000000000	245	06c85a1e811710334e961840c38baffc6de6f08c1971240f3c0daab13452f129
d0000/f000090	f	416	1700000000000000000	245	172c2f656988ea1d708a6d640cf9385d068b49342113b16a97c83b8f74733d61
d0000/f000091	f	416	1700000000000000000	245	e7ca5db617746dabeadc7da475354465fc54436a6fe2eda5a57a8640f564f1a2
d0000/f000092	f	416	1700000000000000000	245	57ab8776b4887077f39870d37415b3f201b0a7e457451bb6d0aa77e6b6ebbc6c
d0000/f000093	f	416	1700000000000000000	245	a463ff2b006cbffaaaf1ca0b74cb5742e24673f8672494a61183654e668a386e
d0000/f000094	f	416	1700000000000000000	245	f7ded54671eb1569e6d2cb01c1cb2dfcff522636d0dd35c56f35735f64bfefb0
d0000/f000095	f	416	1700000000000000000	245	ca98001fbc55b6e5c2fd8ebd5d441bdb0d49209c459e101f7090ab5874973e47
d0000/f000096	f	416	1700000000000000000	245	e56f90dd9a3285f498a221ed8fc460766c87c6218a955212ddaf0e37206c5279
d0000/f000097	f	416	1700000000000000000	245	88e7d9f030ee50bc7d208ada27a9548c03af564df6e658f0e913bd0240e8e0da
d0000/f000098	f	416	1700000000000000000	245	9442044d5756fb767b9fa444d087260e16b23ab65f3367b22779e9134fb07ac3
d0000/f000099	f	416	1700000000000000000	245	aeed98add6f4e2328b62f86ec55f57938e852115b05997f99801176b6b05a30a
d0001/f000100	f	416	1700000000000000000	245	aedf92cbdfc1e40c05c4c9f83518ab0030ea0860b90f337f78043f5a105fd415
d0001/f000101	f	416	1700000000000000000	245	3d04082fbba444f546137cff670c377998ac609bdf823d62cc9e2569a4f93632
d0001/f000102	f	416	1700000000000000000	245	dc89f2b7262317d3fcc7b65a79442f071ac4645f28655dd2178f440cac01c827
d0001/f000103	f	416	1700000000000000000	245	7ffcdf1b0e73e7a8305cb89174136e5cd3a0230ff2d74aa9516e097e62c1dbe3
d0001/f000104	f	416	1700000000000000000	245	259774501661f64179da335529214c492c33753ccba470d374c6f77dfb4cb201
d0001/f000105	f	416	1700000000000000000	245	3818094259e8e82b518deb550de08b2cd4fd6968e47873eb15511f0e821ff8b8
d0001/f000106	f	416	1700000000000000000	245	8779f5ac7a17cf0cc2e03656033e26e072e156a7746c89e1f2679a8a4c9c6681
d0001/f000107	f	416	1700000000000000000	245	14d579920c8a7d89689deadc4a33be1129ea589b057ca618bb3146a52fd67ddf
d0001/f000108	f	416	1700000000000000000	245	20e6a5338ceca1cd715ff9e55898edcb171af27de3bf0724eeb6f863ac5fef6f
d0001/f000109	f	416	1700000000000000000	245	b648f4802c27e08e73e7f40f1730e945631472ad995e36512a81d85c04cb31da
d0001/f000110	f	416	1700000000000000000	245	4eb9b208238ea80e05ab18e85dd5f9435e9b1eeaa774d9ccb71dbca387c0fed7
d0001/f000111	f	416	1700000000000000000	245	6c0446a236d2cb8a3aa159742e233d70ddd9ec66138645ba30c4b772fef7693a
d0001/f000112	f	416	1700000000000000000	245	570612ddf961b3aedec16d4cd527a0cd2a81077f4a6d9c28d2408d0ea0f197fc
d0001/f000113	f	416	1700000000000000000	245	b019010ab9b59a88da9be7f9b2eb82d6a9beb5c7da1433d8fe3ef774044149b9
d0001/f000114	f	416	1700000000000000000	245	83b25f05fcf1bf466edd42a46fb8c5b6e26ad38a6fe4a7876dd1a91e7ed5427b
d0001/f000115	f	416	1700000000000000000	245	273bc0fababcd4c89b0b3402eb99116b367cb0d83434d5f8dfde26ad6197768d
d0001/f000116	f	416	1700000000000000000	245	4d11709b20bec785550a723cda6d4c62d1fb4e35774303c1a6c543395ab1834f
d0001/f000117	f	416	1700000000000000000	245	d0bcdf7ac4142b0df81c303666519bb137e01c14a8238a1a86d0a154f36548bf
d0001/f000118	f	416	1700000000000000000	245	a65668af26c4445eb609882deac5838dcc8c75addef9e54eac2f549ad25b7265
d0001/f000119	f	416	1700000000000000000	245	92a5bddf90c61a272376dd5045684eaed9f20844859ae07e2eeb8c90fe4ca0d8
d0001/f000120	f	416	1700000000000000000	245	f80fb7d50a3e5b32d61ca7880ed0380b0789e99cd850606e90ecaa9cc3acf521
d0001/f000121	f	416	1700000000000000000	245	04cdb37ab9d56664ccadf5737f548959775de81e9087f0f5ef4211077b6e987c
d0001/f000122	f	416	1700000000000000000	245	852c94b4a639a54d517abf6fd7faedc84b374c18101f3e3b9bf082f7d88dfe11
d0001/f000123	f	416	1700000000000000000	245	b4067e8c9ab615ccf89316d66de96e85fc57ef40395b356b63ac9356c5f314dc
d0001/f000124	f	416	1700000000000000000	245	cbb24a8fb3521e42cde0537381875eac82baee7e7d2c8eae42462a10d4061249
d0001/f000125	f	416	1700000000000000000	245	54c1438e9f3fcea5b3d9535a92609ccbfda7d3c7d3c1c02a3c7bb56d366577f0
d0001/f000126	f	416	1700000000000000000	245	0ac210cbce25c23deff1b65656f056ebd4ad39549738f5b6c533ef3cbed0d14f
d0001/f000127	f	416	1700000000000000000	245	37ea01e5051f46f275ecb49e9bb0d9f5ade9421cce57bd9c695787104740e34a
d0001/f000128	f	416	1700000000000000000	245	131082219873107996b0a4a93a680b25c1740a9120354c6934719af91e0d313d
d0001/f000129	f	416	1700000000000000000	245	95404246ff57757f1b04c0ff196df9c08694cc3f702f68d05060b0a6a0b59dd5
d0001/f000130	f	416	1700000000000000000	245	be12a81afa1a2f5d1933dfd076e426a8f56d5889f439c3ec494611d72e2e096d
d0001/f000131	f	416	1700000000000000000	245	835b4a3ba5770bb463ae66d99b5c89ae94d3f3f87fbcc128fef0d6ed9f4cf557
d0001/f000132	f	416	1700000000000000000	245	c6307ce4062d458eb6cc48d7b0df7943e4cdf5e267f70d8afb70199d1fd057a9
d0001/f000133	f	416	1700000000000000000	245	f3957ca61774b83e0b17b48380477dd83f1fff9efb2883edce175f66e01b1b7f
d0001/f000134	f	416	1700000000000000000	245	fec1f370a5de3614def672365488a7785d501997360e54dae17de6015c8a99cc
d0001/f000135	f	416	1700000000000000000	245	b660018c57571e75e6c558f26452a7f7b7be3c29d84ceed1473e14b6ab3408f8
d0001/f000136	f	416	1700000000000000000	245	c434528287bde313dda7ee01e8cb936465e1291e2622c1296518d7667ead5c14
d0001/f000137	f	416	1700000000000000000	245	87ff6e8fd2a917df7c1e3d028877202081efca911467e5a085c8777931df3241
d0001/f000138	f	416	1700000000000000000	245	00d72d85acde357422836c11ba30dc50c2985e6d57d0ace07e95d0b6829e34b0
d0001/f000139	f	416	1700000000000000000	245	4368dc5fb7673f946aaad2d996b419224c00f8c73d5922d4f91f752901976f5f
d0001/f000140	f	416	1700000000000000000	245	41f47bf0669776631400ba1084487129fd388b2bf526f339a00824d3c668c5f7
d0001/f000141	f	416	1700000000000000000	245	c8e39f6ba4108149f5e62629ee59d05ff543859ea816c040531c36570d47bc81
d0001/f000142	f	416	1700000000000000000	245	6e0d2724482f9af1cc4890190eb1f9de14ef08358d54557aa3d4df880f6672aa
d0001/f000143	f	416	1700000000000000000	245	95852346953c3d847fa391070be3a40973df2d4ec6191b748c25a99e5b19b7b3
d0001/f000144	f	416	1700000000000000000	245	ada35d7d8eab8a723f416365799fcbf2f857187c8833e6466dbc77030e6c9cab
d0001/f000145	f	416	1700000000000000000	245	b380237e7a61df2e34cdc031ccdfa42d9e598e62005493f4737d2a120190fc02
d0001/f000146	f	416	1700000000000000000	245	94cac7c1839d59538bdd5be32b0cdcbcef17b97cd9af665b16d7fe9a8eaa35fc
d0001/f000147	f	416	1700000000000000000	245	da6dbd6bf0ab044bb5bf790b2def91f25b4a2b5db15e86952d6eb6b7a1c792c9
d0001/f000148	f	416	1700000000000000000	245	681a956dd9dd87829b22dd24a18d472a8b761c82d44b1570961498050fe6242b
d0001/f000149	f	416	1700000000000000000	245	227c7aca55cb24c7ace3ec6c81f66d90bd2e1a44f992ce518d430db4175a08ce
d0001/f000150	f	416	1700000000000000000	245	82dfef805828985a708b372f7796b3e04c34052921da4c848814ee213758d1ef
d0001/f000151	f	416	1700000000000000000	245	d59a1469065e5ba74c9895b9763c7c8da441a74c1794f4367debe4e5f83025fe
d0001/f000152	f	416	1700000000000000000	245	375992defd1346a4d9645a1462c0df23778eaf77e74bbf757feba7cd8fbd46cf
d0001/f000153	f	416	1700000000000000000	245	efcae8bb2c6f35e376c991a8f9dcee454ce6b848ace8f0bf05a3bd977445d1f8
d0001/f000154	f	416	1700000000000000000	245	cc5c2486861d60b54c764be1440738f6ed830abba4142ec7e820a24668aad016
d0001/f000155	f	416	1700000000000000000	245	f369e7d03a4fd3190b41a271b1fb98d2fd34ea1c7d6f9dd2dafa7aa1e8da8eb7
d0001/f000156	f	416	1700000000000000000	245	6c39f939bbc5ef5a9a9600690f55eaace4e6085bd6cd884c4c9846e4e8d84acd
d0001/f000157	f	416	1700000000000000000	245	dd040d45d857267f9b0debbcb1e5cd7ee9d144ea828f8f2b99f9413080967964
d0001/f000158	f	416	1700000000000000000	245	a80ee0cc70dcbefb397af9a0243171afbd5f8e6ed1f82e8deab03a172fe3fed2
d0001/f000159	f	416	1700000000000000000	245	e1ed7559339881b3b49cdf4682ce61144f19980a7fe22bc4bf08b5117408b037
d0001/f000160	f	416	1700000000000000000	245	b4e8efd359ee4871e105fe9fb1fdafe6e08b5cb2ef0d5a70a774dff9a7cfaf12
d0001/f000161	f	416	1700000000000000000	245	2bb483888ab2c8d14c843a4acee8d25b18861eb4fe91b8c50edfe13e146d9959
d0001/f000162	f	416	1700000000000000000	245	1418e1bb4b95684a87a4aa1ca2e88af26cf18b76a35a3457544c381612799386
d0001/f000163	f	416	1700000000000000000	245	287c1ea8a635ada823b6dc6779f8ff0fd3bab2b7caede95013b223b44e271583
d0001/f000164	f	416	1700000000000000000	245	1da2790f4f38ed6ae385404e5a6c1ee5df7a15b1a864aca4b28b0afebd6ba553
d0001/f000165	f	416	1700000000000000000	245	5ccfddc9def35350b2078799d4bf1a1604e40d3b55548df7a2bd310a5d7025e2
d0001/f000166	f	416	1700000000000000000	245	bd657d68f694c995997c89da9ed8951bf4aacf54c22c6d925615cb564fda6fdd
d0001/f000167	f	416	1700000000000000000	245	3105761e59d8150156ce5f639865c9e375db239cf90170f45093f376008aa5d5
d0001/f000168	f	416	1700000000000000000	245	7307b572317cf56fd273f16098bd3978c5d21ca2bf427be15f702e79810fe1c3
d0001/f000169	f	416	1700000000000000000	245	4701f98bac93ea6665dd2efc3f9e10970adc2f1269759a31de202d2b21df9fb6
d0001/f000170	f	416	1700000000000000000	245	4b1823346f566f604a0c6138866fc2713d4a1f45ad76d086cd9549cb56aa78b0
d0001/f000171	f	416	1700000000000000000	245	096baf33beb0612a6fb3c5e9b1807200152a40a68ae3cf8745b62bffb044535e
d0001/f000172	f	416	1700000000000000000	245	c286474aeeb14c78b9286fbcbe9f5f1b8e8a0446cbd090e726da962216a18873
d0001/f000173	f	416	1700000000000000000	245	e538189615878e0e4ca1e98b21d4e5db0357bb8158c9eaceec4b7ced03e93f32
d0001/f000174	f	416	1700000000000000000	245	f9e6ad18c6672b6f90c2113451e8224f17a0ee16b32700095fa6c23d70e626a6
d0001/f000175	f	416	1700000000000000000	245	9e84dcdf3678f9aa700538c7a7ec653e0c70f4b3b45e4bbd5ce3654241ab6030
d0001/f000176	f	416	1700000000000000000	245	318de1d2353f61a24bfb92852b2d56428072941f46644be8c61293d51a5e7f3d
d0001/f000177	f	416	1700000000000000000	245	cea33d71f567dd94eb7979646c1d2d911c8a26bb3de546251092ead1535c1574
d0001/f000178	f	416	1700000000000000000	245	d0e546ee11cede52535a86b152004ee4af99b2dc766c508c3335678df8e476fa
d0001/f000179	f	416	1700000000000000000	245	a253d12072244cd39f14af9644a3e3ba11e4756b60862a6ead7afa18a778ea77
d0001/f000180	f	416	1700000000000000000	245	6025df32901534942fc1f5f4f617ae509f3f4d492c67a303d6c52ec897b16055
d0001/f000181	f	416	1700000000000000000	245	d92c15df24e5db32a43f08e4ac406acd7741f234924c18e299ba591e4423f10f
d0001/f000182	f	416	1700000000000000000	245	887624bea7992958964f65ff6a8e2e1c4b1caf5cb8372fe71b4e932444169fa4
d0001/f000183	f	416	1700000000000000000	245	d56632cf009c80684e315b6bc52001b2ef09938f8e4cae6330c21a9e4cad01b1
d0001/f000184	f	416	1700000000000000000	245	2989d837c947ecb22a6670d45fc98a408a24796101362c8168ba8287539de763
d0001/f000185	f	416	1700000000000000000	245	d9e893288a79765bf34ce57a85461cb4780fa23fde197723cb12a83d6bf54e7c
d0001/f000186	f	416	1700000000000000000	245	6ac0a5e4af81e8543b47585128a01c440a0e09a8f248a6160b6c4cfa6eb95358
d0001/f000187	f	416	1700000000000000000	245	f3b349d0c32540fddcb0193eea62eb93b08e94d2e6a371a710093ca0905ea637
d0001/f000188	f	416	1700000000000000000	245	54509a715d6d206980f2ac2d87c628a6e657d3b95ddbff9c32cbf901ed75170c
d0001/f000189	f	416	1700000000000000000	245	8e414a729fd1e04e5798ed93e18a7624e8f8227f999d5216b9409257b3cce46e
d0001/f000190	f	416	1700000000000000000	245	a92aba0b0c25bfa5cbcedb3b14ea69df0fd57286ba1d83ef77945ada6922969f
d0001/f000191	f	416	1700000000000000000	245	2d9b88833e5c6e0c9b2b845ad23a15af8482f395cd7d053dd487a49b6fcd1360
d0001/f000192	f	416	1700000000000000000	245	b3ba411fdea3de2a43c7655b7b8cf188eaf62c22f9b4712e5b90d752b2147587
d0001/f000193	f	416	1700000000000000000	245	86d53571419e1e709873ef8f879179fef65dacb3e5afa09e3a1d665742c3ed50
d0001/f000194	f	416	1700000000000000000	245	a39522e46c0193e2a6afaee6b57543c428d5dc5c7eee134b488286e9bf8d2e50
d0001/f000195	f	416	1700000000000000000	245	d08d2d33037c2302a810cb3744069a6a1cf0a4eeb59bc63c217427936c4c8acc
d0001/f000196	f	416	1700000000000000000	245	3c2787da7aeb129c3590fe9d0e78d9a8d74a7f068ae4cffba186217d2d5782c4
d0001/f000197	f	416	1700000000000000000	245	7eb3014c0c86bfb801cd67a50c7701c5c74f77d9ed9e9387ff07b8226ecc7a53
d0001/f000198	f	416	1700000000000000000	245	03b9e247f55f67f4dbe103d34c3bceb54a2324767ba28c45656c8b7404f1fa11
d0001/f000199	f	416	1700000000000000000	245	366521d376ebfa9f475ff0eb69305398b0cba375a38850ab7650942b694e04ea
d0002/f000200	f	416	1700000000000000000	245	9cc6debe67b4bb5718398f82c1382df5a265d1e126a019a1194f78030e434d1b
d0002/f000201	f	416	1700000000000000000	245	af22c7c90aa5e5450429e612554530bda1d6610ea0c3bab7bf9346099c564060
d0002/f000202	f	416	1700000000000000000	245	49e01d72325ef762c8b4e975fc718d3f569b989297280ae92155aced78e139da
d0002/f000203	f	416	1700000000000000000	245	0c59bb7cb19c912a28e6173dd577dbfa3de22d1183e425762675cbd5c82bee1f
d0002/f000204	f	416	1700000000000000000	245	deb0f8eb7a1e8d6b8b65ea70d8ce577be21a8e8e5cd167117feea9f5ed23fe26
d0002/f000205	f	416	1700000000000000000	245	7330c7b12a6fbbc99e83a49c5807f3907fb58e9cd8457a1f4910d0df63c932f7
d0002/f000206	f	416	1700000000000000000	245	655303491527ddc5b4428f59b1c8fe73a9517eea2d6d9499c8adcece9b8033b7
d0002/f000207	f	416	1700000000000000000	245	f55d711c3a8d09d0750bfe023c08b5f829df9641bbe3d62c7a0e927eba58fa71
d0002/f000208	f	416	1700000000000000000	245	77568d581320160cd29b70431fd10fc68dbc8cfb4dba8f970f702b4aebcaf5e6
d0002/f000209	f	416	1700000000000000000	245	01b848cbe4b8dd40c91f29c6876c8533668e89e0fc8ca56c887d25423fd0782a
d0002/f000210	f	416	1700000000000000000	245	4557531fb212ca273eef9c8faa0f965ad082cf84cb59cc9d1081e2b8de42fcd0
d0002/f000211	f	416	1700000000000000000	245	3b82bf511a7a9d3bcf6425eafad549836b9eaa2d3544b51132591ba207de0b11
d0002/f000212	f	416	1700000000000000000	245	9c586cfd2c95c074340dc97e9a5bd7ec74b7d6d15fbcccf982211d021d4de4c8
d0002/f000213	f	416	1700000000000000000	245	d8a348d1f7d3102ed67fd96199a917656bf7f43964b5d3e3fbecf1b0ffc80091
d0002/f000214	f	416	1700000000000000000	245	e6bf715f04983afc6e9337a6e5214bf048a391d33902b188b5ea7fd734cf5833
d0002/f000215	f	416	1700000000000000000	245	6f20978410466b74cf4a7ef1ca312e0f7ee9b9b33a8b9c75bcebc71665115ccd
d0002/f000216	f	416	1700000000000000000	245	1e8a7e71f2ced7cd5bbdb4c8a427b921467414a75ea75b756c31cc46dfbe1e8b
d0002/f000217	f	416	1700000000000000000	245	5bb56c465da2d801ec8ba11bda78f2696980a78b4c801bd2c3cc14ffa0a72c3e
d0002/f000218	f	416	1700000000000000000	245	7ab8efca259bd8d3d8912eac080cfcaa6000f0f770748d0d5f75cc231bcacc3c
d0002/f000219	f	416	1700000000000000000	245	74bbaeca2b34736652c45eeaee53b79b6237f1ec230b6f9694e3581534f3f4af
d0002/f000220	f	416	1700000000000000000	245	754f23e79bc9a9bfd6e3e96f43b9f3b1bb4f40f60a15554d6fcd3618db4f44ee
d0002/f000221	f	416	1700000000000000000	245	ae9128c6f4197e7432ad2daa9e02c07ac0bb841dc40376b06e292ef5f28a7ffd
d0002/f000222	f	416	1700000000000000000	245	43422abd89963807a9fd0cfb6150d9a0b002952ac6eb39f68e92291aff21056f
d0002/f000223	f	416	1700000000000000000	245	986f8ed2c04cc8c32dbcb60489ff5153e686ea02bcb4a5722f08c53050100a45
d0002/f000224	f	416	1700000000000000000	245	e56e6806a3e4346de8ed5c4e660691fc61f32268a14e4d5cb9720f180c7e0805
d0002/f000225	f	416	1700000000000000000	245	ed4126c82765826d3cf90eb12dae2f6b388003a3dc0e077357005da703caa4ae
d0002/f000226	f	416	1700000000000000000	245	e6040cea3298d55c81768adec131159020b386b30a14764094fd8a5eda9ef3e9
d0002/f000227	f	416	1700000000000000000	245	0a8c7154dce9c3f9c6116ba7261cd09539033f2dfbbaa33d27fc4c8d88e7a8f6
d0002/f000228	f	416	1700000000000000000	245	f3cc68457a41481a249d9aee6c1ee371a6e039570b0b4230951cda71b0f353b9
d0002/f000229	f	416	1700000000000000000	245	33d6b1a733d5ec34e93343075fa782312d8036823f6223662746395ad1b12afb
d0002/f000230	f	416	1700000000000000000	245	9ac29ddab4280eafb3b32a5da91d6520f64e3634d7c54f3afff03ddaf81e44ee
d0002/f000231	f	416	1700000000000000000	245	2f60fd7cf5d72c1c945706a562c02b86b3605adc6892effe00ec30ac91813a1b
d0002/f000232	f	416	1700000000000000000	245	2ac91e6c736b885c23ada04fe106b47bcee42d69ff9b121eb450d6b350800e99
d0002/f000233	f	416	1700000000000000000	245	e73e86c38d6fa39958f15b97e1eafb28979fd3c5c7be05e9dd822f42e3680d08
d0002/f000234	f	416	1700000000000000000	245	11439f36ba6fb561c72ceb78889282b2c11b70bc81842bc80e80dc922ddfac58
d0002/f000235	f	416	1700000000000000000	245	b436a2b711b9837aa3e97b867718189eaa1fcccbe8b44efd8376721abdb1100f
d0002/f000236	f	416	1700000000000000000	245	626572aedc8b0bc0062f369243ac63a13aa6ac2e7001e46e130f36f15b3710ef
d0002/f000237	f	416	1700000000000000000	245	e7b5e77c2287f73852019f0272f9685c442fbda67c3392f84c961647661c95e4
d0002/f000238	f	416	1700000000000000000	245	12b23f7053d34487670556283703d18817b23e8dd02d048a856bb4ada3efeb87
d0002/f000239	f	416	1700000000000000000	245	79ccbd7e769c8a37ecab89c970938a31f98a1786b90c1b61d17a8c8c8450da36
d0002/f000240	f	416	1700000000000000000	245	a732934a30b65d6848376ae491290ff4c8db7275dafc850d5f7a684050f54bb9
d0002/f000241	f	416	1700000000000000000	245	dd170b1e5a0114763c7385bc3741cc5f24d3a5d0e2b0ea0bde75336f2fbd8eff
d0002/f000242	f	416	1700000000000000000	245	37f8d5152febdc4f488ec9c6872b134504a932b6fe5cabe46d536a4b1ffffae3
d0002/f000243	f	416	1700000000000000000	245	4495a6b1b77e661f2da79784e32cec02d3201f3bde271e0b5696c761d05f402b
d0002/f000244	f	416	1700000000000000000	245	385071e447c1c047d6cb791ca0629b6a3d47c52d2d9cd9c877d94dc3d26630a6
d0002/f000245	f	416	1700000000000000000	245	5348645b58c3460f85fb69e6f40a30de1ec67c10152f370a1fe5757f479c0bbd
d0002/f000246	f	416	1700000000000000000	245	2a1cd2e8ef1333fda9bef5cfbda45720b15d6829b9dc87587f20167cf00f236d
d0002/f000247	f	416	1700000000000000000	245	b18115d6b8f439eea47327beb3e516a1cd8281221dc9d4b867e3cd283bee8ada
d0002/f000248	f	416	1700000000000000000	245	3705c69598717d539b27de455cd84cf09ffdfc4cf87915177a65679c34763396
d0002/f000249	f	416	1700000000000000000	245	c1419ac8eabc65788268e3e2d819ca27f88f41fa1f424937c739e32ecd1d4add
d0002/f000250	f	416	1700000000000000000	245	0625d8350b7849f5875710e2874f5d7d182947fb66792c17382ccb3747c74831
d0002/f000251	f	416	1700000000000000000	245	3cdcb09ce1e68bac9b609af4553fb1359c977ba23a3518ea9317f055a786d6c5
d0002/f000252	f	416	1700000000000000000	245	814d802dacdc53a9dd2b5fa6d04e88d4bca019937d2c390f4d4e5d6598371611
d0002/f000253	f	416	1700000000000000000	245	5af8b99eaa234c9d20195648e474eec6e29bad2a585c50a2b2bb9ed9d815acbe
d0002/f000254	f	416	1700000000000000000	245	ac8282845bcc04b868eaa23ddb06b560992baab869af7d434b13b897fb3e9d41
d0002/f000255	f	416	1700000000000000000	245	e575438fb494bfbaff1be68a5177db0681b3736305771fc24a4a1c77297a308d
d0002/f000256	f	416	1700000000000000000	245	de352b7d98d8164aac7affff9f67fa5fedf480b635ddb7712956494e3f728845
d0002/f000257	f	416	1700000000000000000	245	939fddb165bb5027538ebf5250e196ba6edb403b27bfb89e142769b4d0a284bd
d0002/f000258	f	416	1700000000000000000	245	240675d67da5e2e4185f7a6f6d433a94b804ae366a3336678d1cd428ff0d1eeb
d0002/f000259	f	416	1700000000000000000	245	cfc01f965b1e4b7123655a0cdf95ab3f5c191ade22edefdb2b57b83ad226caef
d0002/f000260	f	416	1700000000000000000	245	1a0087506ebc0b089d2fb1ce6e6ca97617e35c8838cbe4eddfe4803387a1af99
d0002/f000261	f	416	1700000000000000000	245	e259a9a041b1d5e18f0ffd62cb3bf94474dd775519b7401fdd4a315c2f667e0d
d0002/f000262	f	416	1700000000000000000	245	12041f52c86b288d6aa64e16ad06d2af3c30980c03c3f7c16859242e30181fcc
d0002/f000263	f	416	1700000000000000000	245	f655bd20825299a3e9734e6165d68b7d43a5593a64aae22f672b0f72f083a03c
d0002/f000264	f	416	1700000000000000000	245	caeb49e205aa99a427e291f8d05cd2c10cf4a48ff0065a4a114f6954984b363a
d0002/f000265	f	416	1700000000000000000	245	ac143388b12c6049500a2ace54145d747a484de6b084af833b599b6d9bff3fc1
d0002/f000266	f	416	1700000000000000000	245	09e4bfd2245125653a58516fe79ae5a748fc50d436259b167a993eebbaf420cc
d0002/f000267	f	416	1700000000000000000	245	91b222e8c92f18dc535e7e31fed1d19ea8d717b36de978c5ac009a8c6caa2cb0
d0002/f000268	f	416	1700000000000000000	245	d3af45b9866ece543fb5df8d583d9284db7f4abfb32506d27b2145d560c4d0a9
d0002/f000269	f	416	1700000000000000000	245	e6644c7343439242652bc0bfe4792db95bbc0fc8cd51ec5f48181bf6fb927475
d0002/f000270	f	416	1700000000000000000	245	d73824b555b08be465af3180835c4fd24f2e0dccd40a2fb19ab17e1f1eee5401
d0002/f000271	f	416	1700000000000000000	245	af474ffaf0f0cb6a19907ffc08d0e21dfebfafc3cc43fff2b57b38a3e97dec6b
d0002/f000272	f	416	1700000000000000000	245	a094718356b7e9fbd3683ef89f97b8b50bc3f5944f057ae705442714099263a7
d0002/f000273	f	416	1700000000000000000	245	81f213a0b91045ed8c035fd4c533c0b21ca2c535e51464b585274e88fd246d8a
d0002/f000274	f	416	1700000000000000000	245	f752ca74e97a422de06f290c11cbf779006e6731d7853f075afe8d9894b87f32
d0002/f000275	f	416	1700000000000000000	245	d32c4c7ced670c72dc56a0b87b05adc9bd720d69b8c32507dfd1b18dd2652efa
d0002/f000276	f	416	1700000000000000000	245	667d9385c86d26161bdfe9e50a00eb005ed252368b37c272192fb56d61a24f9b
d0002/f000277	f	416	1700000000000000000	245	4bad35fc1b01332261c8c9b78e316fe9c6de3f1c115fbed4a3585da6eacc4c2f
d0002/f000278	f	416	1700000000000000000	245	733aa452a05e3f9a425a847b9da97fd76f4874f29282e2529dcd499f0e077639
d0002/f000279	f	416	1700000000000000000	245	677f1e1cf11b5fd67ce194c9eab85f52694bdb28cf4c9b14d6310368c8fd71f5
d0002/f000280	f	416	1700000000000000000	245	c9d6b01844320aa0f5b1278c69d35ce6fd4f9cbdfba5dbbc131aa25d21b212cb
d0002/f000281	f	416	1700000000000000000	245	ec8cb8a524864e023e99c4abc0e4e13899f46446be1434b2aae6358be84047d1
d0002/f000282	f	416	1700000000000000000	245	fb25b8bb42dbdc8efdc0b59d682281f33bf50b453345a3b3896bf08de598150c
d0002/f000283	f	416	1700000000000000000	245	b4c37b692ae436a11c1552f31f948e793c338061f55532ee64721306eb96ebfe
d0002/f000284	f	416	1700000000000000000	245	d9e16eb413aba86aaf66d920c1a05cf102b3de895ed5a470a25dbe2a88a34ed0
d0002/f000285	f	416	1700000000000000000	245	975e6409357941775c74b29585fed3a28df74236e75315682bbdc937f2cd79c6
d0002/f000286	f	416	1700000000000000000	245	7ab2b6b62fad614aee4d7d3a0fa658f28578eee1d94f94e51976cc29f331adfa
d0002/f000287	f	416	1700000000000000000	245	3750fbe7994d5932f73597145de79d3fc6eeeb9e2def1c9c0d6b90abca5a5c0d
d0002/f000288	f	416	1700000000000000000	245	963adb92f3c74cedd3761a54c9c3eb04007216c9d3f6f6d30ade21996d975bbd
d0002/f000289	f	416	1700000000000000000	245	2f6c0a0103b198e780783b0c242e83310fb292a7b7b2ea4928854c4ed88474f4
d0002/f000290	f	416	1700000000000000000	245	672784ca09a98dccf7a95d82e19407e1c4ef91372c8b55c92db9fafbdc25cd36
d0002/f000291	f	416	1700000000000000000	245	4fd71bae2d6093adb77a5350b022ce707221adcdce256bccfb735b914a41e138
d0002/f000292	f	416	1700000000000000000	245	0bb65bd7294eb1e13c4ce346b8df2d584e1bdf1b7023ddbf92fa5fd2ebebe5ec
d0002/f000293	f	416	1700000000000000000	245	90cc10731da2dcd97c92d86f2aa49aefa37ff3b3189b04729622e083b368b5f0
d0002/f000294	f	416	1700000000000000000	245	5d58d6dbf85cf50e35c4ecee28faedf5e6bcaeaf7159a8fa28a18db666754ebb
d0002/f000295	f	416	1700000000000000000	245	3440db08b187b1a063b91db545c804b1e762c1b199437e33a639daeacda44df3
d0002/f000296	f	416	1700000000000000000	245	65eb0d2d7f3deff5cfcf58ba25ab831ed0de57eed774780ae293c1d7d7c96155
d0002/f000297	f	416	1700000000000000000	245	cd226d8ff387a1bc8ad5e9d2ed7eb52dc059d3ec6715b181b45e1caa62bf1a73
d0002/f000298	f	416	1700000000000000000	245	34516e1e4c4c9f0c0ac7e04124563ed02300018a4e78d33aadee7e2fadfde249
d0002/f000299	f	416	1700000000000000000	245	3a4b194cc84450decab4c8d288e447e1b9b35c9fd5805875cc93c8e2434ee37f
d0003/f000300	f	416	1700000000000000000	245	6bada07fcdd026cd3ff3d859929c9b29637a6ee154644e432339b14549398061
d0003/f000301	f	416	1700000000000000000	245	d235dafa6557a4c1d79446c071173173d455bb535e4ad55d5e20a5800bce4f38
d0003/f000302	f	416	1700000000000000000	245	e85fc0d73018099a14fedca1f2137291812893bf3198c86eff0dcf924e009c2e
d0003/f000303	f	416	1700000000000000000	245	6b49e36df3041359cec4f607418a74032e9e2148eed6e83353ba8bc01c00f02d
d0003/f000304	f	416	1700000000000000000	245	05434ca219f589536c467513dbd6a6d312189014d8b6440a71eed05b241382ca
d0003/f000305	f	416	1700000000000000000	245	e8edce0f1f55d0bdd3f84c8c18a107feb59432ec1884906f8f07f9f25f9a63bf
d0003/f000306	f	416	1700000000000000000	245	541363730d003f8a09cab990f8802ed9062241e29fe11dead84a71bcab733876
d0003/f000307	f	416	1700000000000000000	245	1357a613508ac7d60053fa5053963e482b2ee00cd4874c4fc482fc1914bbc854
d0003/f000308	f	416	1700000000000000000	245	02018b9718c49470a5de83259fec348596019368834a50a83f60d5533229916c
d0003/f000309	f	416	1700000000000000000	245	cf547136624576609fab3565a9a5f1e259aba65dfd73fdf4696f33e6bd851dd3
d0003/f000310	f	416	1700000000000000000	245	55636eb78ae37bf3e2708eb9b1f714b432484ae314cb0fa692466c21ef3f2caa
d0003/f000311	f	416	1700000000000000000	245	32c30ee0a8ab4e8ec2d92ba6c6dd74403b1a54a3b83eca9ef369c183c7ed42df
d0003/f000312	f	416	1700000000000000000	245	f3f5b06c6b5748da2b5aaee7b8ccb9c676a656c591faf61eace4dbc4f84dc630
d0003/f000313	f	416	1700000000000000000	245	e516ed7e695546eb65e8bfc1a2c09d675deb530edc212a152dce244c82195b94
d0003/f000314	f	416	1700000000000000000	245	a349ebda849f0fd0b3ae34692c95210a1d272dd19d62948bb96cb770fa3dce03
d0003/f000315	f	416	1700000000000000000	245	e526a2d135c1c03f1a7533319e0b4775f27db9b81e98b88b54ae3f80728cdb35
d0003/f000316	f	416	1700000000000000000	245	143d50e230eb60c5a2379c0bc85f24c6113d9777b6900f44da16fcc73f0fe432
d0003/f000317	f	416	1700000000000000000	245	be962ecb799eef0391bbdf5571573617fadc7704b9663daaa291b56d1c758bed
d0003/f000318	f	416	1700000000000000000	245	6566d0e4c16aaa7ffc14850cb286be3da04d124012d3ebe6cc52b0b1bdd934a8
d0003/f000319	f	416	1700000000000000000	245	4795fcbcadd2aeae116fe14b0c1d41c1ecce0904bb2226f2fd7e97c159151143
d0003/f000320	f	416	1700000000000000000	245	e8261a51c98f9d8e4a12a54d6f7aee41ba582b6f3c3dac950aa61aef606ae9b0
d0003/f000321	f	416	1700000000000000000	245	fa49634b6fb7c22ed671fd297f2257a55ab60dac5e530130c42f1d5bf63f14cc
d0003/f000322	f	416	1700000000000000000	245	5f91de68282a4f75d06a0f6a8f98406a617d743b166f78047e1b33e3594bc6e1
d0003/f000323	f	416	1700000000000000000	245	e6f6d0c8bbdef0f7afc581aff7e3fe672d3a8f3c8f53c941d32b142ed62437c5
d0003/f000324	f	416	1700000000000000000	245	7d199ad1ca94d7057fda508a61c2be2f6747f32acb49835f902ee95209e39e0d
d0003/f000325	f	416	1700000000000000000	245	a7eea2b7d3e892f74290d0e90bdb6f827ad5e612dcd8c49e8c0f31f22b98fc82
d0003/f000326	f	416	1700000000000000000	245	d82d401f2bb38bcd8faff560587b5a350d8c575adcb0cf390046bd9d878eb9bc
d0003/f000327	f	416	1700000000000000000	245	43a88705939dd25b1841c16f6b12e03ea9333bcbb3df736029b3a3cd880a5cbc
d0003/f000328	f	416	1700000000000000000	245	43d3a120f94e57087a57c9cee1aae10d7af27e0196649889424299f19f2160a9
d0003/f000329	f	416	1700000000000000000	245	18a1b91f806b58bc5fe4cae6eb40591239a68e0d1c51bc03b1bb9b23ac58842b
d0003/f000330	f	416	1700000000000000000	245	ae81821beaf8920176a2d21326f0933ad3848b2f9f0bf431d0605cbd50f9c2e3
d0003/f000331	f	416	1700000000000000000	245	1628090696d0547fe751ea76f8b61075bebdd7264e5394887f75a66e8a395017
d0003/f000332	f	416	1700000000000000000	245	525fdfc1d5ef6b23f8fe2c264bc7de6f5e3b2fdbf065f41af423b13228562c67
d0003/f000333	f	416	1700000000000000000	245	27a9fd722fcddb54e33e224c8697eba37a46c5961e1bae3190feab5a021ca68d
d0003/f000334	f	416	1700000000000000000	245	4455bb9c17ecfe61fe384dbb8a02cf81a0ce36198a59381c910e2d6306f9b2c7
d0003/f000335	f	416	1700000000000000000	245	2500bfae69a07de5c1cf885d53dce2095a8fc528e084e73fd1d8a9bb4086f1b0
d0003/f000336	f	416	1700000000000000000	245	37e7fd146d200eaf901de62954c6da18bc016c3aad9dced3ab3b7902ae2235b8
d0003/f000337	f	416	1700000000000000000	245	8c39c2ae00235f47bfc30cf3b7d21692830c2df680e90a7e757daaeb1b5eec37
d0003/f000338	f	416	1700000000000000000	245	7b492d56bc88bd11449f8a33012b710137a0f2beebd7ee6f10b4698675df925d
d0003/f000339	f	416	1700000000000000000	245	82ac5618b472f4e3010a51533f65192a0d51c2c4d6ada05f0abd13faad6ad3de
d0003/f000340	f	416	1700000000000000000	245	167a473b39ed4557b9b71c7620468181b5dd62fa8c35b020c0a96c8eccfd2705
d0003/f000341	f	416	1700000000000000000	245	3f8249dd13d271538d53da70bec7a448d5e9a3daf38137846a5a63767d7b4f59
d0003/f000342	f	416	1700000000000000000	245	621af1232abc861a9eeea9bfab9885e00d00420ea66ecadab2af6980287984e7
d0003/f000343	f	416	1700000000000000000	245	1c062f594487c7ec50346eea02732b02d693a1ebe02f8ce9b6b2a6472e414280
d0003/f000344	f	416	1700000000000000000	245	2628e777ad5af4fd525e7d587d7e3fb8915c157e5723d9d583456527d8357239
d0003/f000345	f	416	1700000000000000000	245	c0b8d9995e5cccc9b79f659055502c9a3fbb84fa0ffedd9897caa60277e0051f
d0003/f000346	f	416	1700000000000000000	245	ce93764acdf6efdae31ec29471cff3d1c8b306dcfbb0b538107d59cf482ae448
d0003/f000347	f	416	1700000000000000000	245	cc2fddca1570efc8baf297c8d06da145ac82d8c512489f314e7cf4d95e8dfd43
d0003/f000348	f	416	1700000000000000000	245	50bb94c12cb900b586feb6c71df41353ec385de8bfd42904bc16c5cad4ae4ab7
d0003/f000349	f	416	1700000000000000000	245	15134413f774fb56eabceb441d1a6e3eceb6801d40d141eaa2b99f8b5dfc3592
d0003/f000350	f	416	1700000000000000000	245	d035c519bd7f2af0376792fe1b2187bbb10d0e4f62535ef39eef66751eb48932
d0003/f000351	f	416	1700000000000000000	245	738d42b4ae732e7c9fc284b0f808ffc81d1439b7f5c4833912877c08e14353c6
d0003/f000352	f	416	1700000000000000000	245	52a5d81f14b347b649966cf894ade2ea2403d705faeed563a1ea8e1edca8ef83
d0003/f000353	f	416	1700000000000000000	245	a3e2b23686b03e4e0eec26f15a2ec67344716465b2fbccf23a929f8af2442903
d0003/f000354	f	416	1700000000000000000	245	2d246e6cab96dc3d6b046d7ece99d1618fcd1d6e5b3fca0b89e78b1cdea6c78e
d0003/f000355	f	416	1700000000000000000	245	0dc326d41ccabb915aec30c5333c71ca12fa2059a4c90739164ce61ed7f5d885
d0003/f000356	f	416	1700000000000000000	245	97d594132baf6a5cb7be9d9e360d15ec61e6113595f4810448d56967d5fdddf7
d0003/f000357	f	416	1700000000000000000	245	0b86c48fd5e3c0f1ee7b857793613ea4a73c8f036e5097f61d66037a3c6679d0
d0003/f000358	f	416	1700000000000000000	245	96b48e677ba2d54c79744149cd7fdad9914eae4285688586b78dcd896293f155
d0003/f000359	f	416	1700000000000000000	245	86b4b0664ec927c2c53e9c7e77687b5ab6067d964ed24459714f22effcc9fa80
d0003/f000360	f	416	1700000000000000000	245	2cb784f0fcd34b7e5a8c10f27e3311859f09091bca2d57508fa60713e025a901
d0003/f000361	f	416	1700000000000000000	245	779b73035fdffbfb74b45020e3f852fb19171ba36cf279a8c2537975f6a311d2
d0003/f000362	f	416	1700000000000000000	245	1be1ea64ef3823c0c4cfe0965281fc0368207c1cae7525967a469f1553a2d827
d0003/f000363	f	416	1700000000000000000	245	54ff3ac972f4e7260d540061d61fe3b4b37d747fce31173e8669dd9bbe7d7391
d0003/f000364	f	416	1700000000000000000	245	909c0f11818d1fff9b2c18acaad2644af557a0c66c2d7fd5ac29bf31dbbf7c71
d0003/f000365	f	416	1700000000000000000	245	bd10c35bb165a42e5aecb66af500a7ed392216c3b80b38cc21ca0eda36245721
d0003/f000366	f	416	1700000000000000000	245	6767ee79cb84069eed7c75402a2da2cee708be4d41c97c850b54a4e20788f0ad
d0003/f000367	f	416	1700000000000000000	245	610411c975a4bd15a5a3874fdd3576e304b1e893838c07c4af22c52d621731ba
d0003/f000368	f	416	1700000000000000000	245	3352bdf318b55b571f18e3c3b5da1b00f86ddc6e732fa0368f541ea03de89375
d0003/f000369	f	416	1700000000000000000	245	68d458aec204b1b5c7be8915faeffb04d9a75364dc5cbe64c04644e2aaba055b
d0003/f000370	f	416	1700000000000000000	245	8670dd7080e309f943164663261f9a4c72dacc0e37fa3fbbb41618182d466a0a
d0003/f000371	f	416	1700000000000000000	245	f7677f49ddc0c23331e463ea2ab86cd334d3154f5c7460002bd470b10bdd0078
d0003/f000372	f	416	1700000000000000000	245	a115783cb13700e4c7afcfc6ef26a4e88c10d4037e59c390a4fd9fe05008db75
d0003/f000373	f	416	1700000000000000000	245	53715cd74c2732e98b1f1d5b45fd5bc3d2fa5b49b5d2e34d4738106e221f6b25
d0003/f000374	f	416	1700000000000000000	245	0422253f99a53e1cb96a46a40bfa34ee3d4ccb525c5baaf995410b371e90fbc7
d0003/f000375	f	416	1700000000000000000	245	48af4e568052e0bf08efe3142f324808d6df8e6d589d27f62d7be7893e65a9fa
d0003/f000376	f	416	1700000000000000000	245	48713e0daf215bb564ffd885a098407463689e33c28289d9be4d2f25958557c9
d0003/f000377	f	416	1700000000000000000	245	7fed6cbb954b80ae86493099fb906003046a58e29534b9ba558b6e330abbdc76
d0003/f000378	f	416	1700000000000000000	245	e6cc14c330c82fcbc61433a66997c623f84814cf83194b42712a1a40bc2d73d2
d0003/f000379	f	416	1700000000000000000	245	8f376968f3eb2f97de32a52998b71cc75e803485897231ed782a83c63136e041
d0003/f000380	f	416	1700000000000000000	245	0d25117575f9437eedafc73d289ee53fcb78666fb82a66a0cf4e2eda40c53092
d0003/f000381	f	416	1700000000000000000	245	232acfa98a0081bf4e9a6f265d04b504313815e326d8df0d45f92fc380d81080
d0003/f000382	f	416	1700000000000000000	245	b37d25242e24a178548ac2f83680cba29596f4f65dfd48d4143ae94c7db2a37c
d0003/f000383	f	416	1700000000000000000	245	db44079636d501b0ca37ab182efdb5ff64e6ccf77e01cea4b2e166bf77185a58
d0003/f000384	f	416	1700000000000000000	245	a1092bcc5aa3d8b71536486fb431a30cdc687ec55247e5ef044365c880658286
d0003/f000385	f	416	1700000000000000000	245	9d2f8e9e3d761c2d95a51bf14d8a4865f4c6abac8503ffd724b83d486f087971
d0003/f000386	f	416	1700000000000000000	245	03223b785cd7fcad2defdb600de981d0b92665809d9d9b6242c4687dbdb1a280
d0003/f000387	f	416	1700000000000000000	245	cef0bc06de17e1add1db3b2c9f0526543e345d0cd78c378e5d88215f5e31e56a
d0003/f000388	f	416	1700000000000000000	245	5655aef2ce0c28e834bafe384eb5e5d6412f87b1e1f87bc14f670a27c5d9ff47
d0003/f000389	f	416	1700000000000000000	245	d70cbf81f8803bd782f479cad7442f33c8c0f5554312b722c91d81c28e1376a4
d0003/f000390	f	416	1700000000000000000	245	0ead7f85fa91deb74435f2ad5eca2b735944710a10536864018136ea71692296
d0003/f000391	f	416	1700000000000000000	245	2b01c30ec2edeace3fde0463b6561c490a202c7e0aa5fdc2c801607ec8be6205
d0003/f000392	f	416	1700000000000000000	245	f05b6800a9f8b2044d644ca404471052a39677c12fd5eabd6ee1281cd836b2b7
d0003/f000393	f	416	1700000000000000000	245	c586f4fb69076caa2ffa74f34a1e26a179d2e2b6dbd4a2c32e435c051686b7ad
d0003/f000394	f	416	1700000000000000000	245	af848d2f9e910c286ada01918cdf1c887b1967ce69989a815edbf6d94805580a
d0003/f000395	f	416	1700000000000000000	245	cc3f78a5b35d195135da7786dc74981e415a2717e2a8ff71fe30af44ea3d8bb2
d0003/f000396	f	416	1700000000000000000	245	ecf8f9083951ce33d3dafede224d6a2464c2698fa2f6d15a77b08f6c9101ef5d
d0003/f000397	f	416	1700000000000000000	245	d2a7ef6a0ff8e4e1d532332d2b38d65a684e00504715f92b37195bbfa0e199aa
d0003/f000398	f	416	1700000000000000000	245	b862846b5d6bc5b41d90e6eed740b45903b6eb42ae71477ae97f610be3128df6
d0003/f000399	f	416	1700000000000000000	245	39c459a8d0daef3103dd41517c17efbea84da5ca6c68bb35722a504a799b4932
d0004/f000400	f	416	1700000000000000000	245	471d43e0848cf5cffaef68245f609d793110980a3b56176daeedb143ae1aea2b
d0004/f000401	f	416	1700000000000000000	245	717d798b897dc40a545a0b881807eaf9e5d9bb4e94b33ff6313725503b3fe211
d0004/f000402	f	416	1700000000000000000	245	03ab7c1374c65b88f89020ea543d7ee884e77857a94771284dfe181da58d00d8
d0004/f000403	f	416	1700000000000000000	245	82ad1475b048565728a3b7942827441882c70d8aab15ce398002962bec2f47b0
d0004/f000404	f	416	1700000000000000000	245	8c7d911ad0819f87a9b77ee180d1471b6055b81953212903f76877fb7d7db2ff
d0004/f000405	f	416	1700000000000000000	245	5633e873e9ad23ee893a7f915623b7168948a193b8c0039179650b5ead90f74c
d0004/f000406	f	416	1700000000000000000	245	858d3cb44d60a5094c94f8098ba0cbcfa04dde795abbade27efebd506c3cff5b
d0004/f000407	f	416	1700000000000000000	245	e5c1abc4cf5701d222acbc8f25d8f1e29b43af1740c25c7c424bffaa8fd150dd
d0004/f000408	f	416	1700000000000000000	245	be24329509040e41ef3639b6e66d86a101a9d55607548f33dec3e47995df3042
d0004/f000409	f	416	1700000000000000000	245	d1d577bff288f49caff1f1452fcbb49204dc9e0caaa8adc3fd8e97b23aed4cc4
d0004/f000410	f	416	1700000000000000000	245	a368c7623bd71bb5ab0c838089ae3f890f96db1326b409e186807f4df1d77940
d0004/f000411	f	416	1700000000000000000	245	299d65dc6485b9578bfe42e3583247332c8f3c7ba6c4e4ea5c583d1b89943469
d0004/f000412	f	416	1700000000000000000	245	8e1543643f1d3edfe2d6892fff03010a4587ab310946f11e5158823e48110b5a
d0004/f000413	f	416	1700000000000000000	245	f8e929d6aa4575951d56abcdcf9923834e32d3b55de9c1397b4ff53c988337ce
d0004/f000414	f	416	1700000000000000000	245	0954f3e87e5705ddd87a26377de5caa2f7d2d10a347afdc6c878195a578a8a54
d0004/f000415	f	416	1700000000000000000	245	4ab6c8a103561bdae10ab7e66d326e333f48687e0296ccac9d329969c0f83a96
d0004/f000416	f	416	1700000000000000000	245	34e0a481e61c9df3341cefbecd003ad7d1e2df9e7b7d943b42c6032f5db4e961
d0004/f000417	f	416	1700000000000000000	245	cf16f6af8e50190ef4f2075b015681ddbd48bc83629f56add7eabbd931fdab8b
d0004/f000418	f	416	1700000000000000000	245	5f1a6d9d999ecb0dc520afd3662657121791a58003180782d25c277f199a4eca
d0004/f000419	f	416	1700000000000000000	245	11d975a5bb2acc9445d750d9c002f034349a2ded7089f3bd17bef2500d18f8d8
d0004/f000420	f	416	1700000000000000000	245	827f4e0ba083fa7f0e60f2270b399f5b1f727cbbd1d93846fd123bf37c76f6e0
d0004/f000421	f	416	1700000000000000000	245	60f9576cee1fb9e8bdadf01375f7eefd099f7b177a141402c281a8398524b814
d0004/f000422	f	416	1700000000000000000	245	3f401fc74945cc6ebf3cc0470ec204b2cb26517969b1f692a1003a9a29eacc04
d0004/f000423	f	416	1700000000000000000	245	639a448aab2b954567b388168ddf412845819a793a2d9867644772df24ab2ecd
d0004/f000424	f	416	1700000000000000000	245	7d53f898d76beafaea4e8eb55cf70058c3f7cc458d212cc53506ee4336bf8175
d0004/f000425	f	416	1700000000000000000	245	dfcce0ee0d6c77762cd6bf64fcc757107b3552ec58e38e370fdf5648b0e97515
d0004/f000426	f	416	1700000000000000000	245	b856cef0ae486f23189ce6fdcda3d923b244ce56b45ee1447e9998f3fd16f855
d0004/f000427	f	416	1700000000000000000	245	a28b3bd530574086a5cb4da8507843c59da67b619c7198f41e0b478b8f70d98d
d0004/f000428	f	416	1700000000000000000	245	58480d73b10da2b0a29babb513d5db532312fe845ded6f675fbe428a1def9ca2
d0004/f000429	f	416	1700000000000000000	245	496e4c182029a6d6aa0b13423c881e9aedb40b7f8625f8c53f0856dd632d55b9
d0004/f000430	f	416	1700000000000000000	245	2e0733f12dc85e86bd9e3f205907b116d55e22c906d741e39609959c81c82408
d0004/f000431	f	416	1700000000000000000	245	a6024bc02207eaf3e5c22367d57acebed8b2e83b32259e480c2c24da1c5a27a2
d0004/f000432	f	416	1700000000000000000	245	96fa1eafae417a67944b80010830778844746c4c72d0769de76bd84710bbb634
d0004/f000433	f	416	1700000000000000000	245	c8163e66252866fe68c6032d8e921f8fe545d5e7edd144f15c182cad5276d815
d0004/f000434	f	416	1700000000000000000	245	b19bccf78030dee3ad964fe9bc4ebf951ff6aac75392c86b7936f2b06b11047b
d0004/f000435	f	416	1700000000000000000	245	d01a724a45c80b4439681eb6d19a660da5502bd456beb6c9f06c057298ad4628
d0004/f000436	f	416	1700000000000000000	245	9eabe724a065fda207110e2da1c7a1f9202db86e604c8d343dc877450edbbcd0
d0004/f000437	f	416	1700000000000000000	245	dd7025cd660b732b9408e75c3aaeba24785c4b6b847f0bd07e4f92b6675ab752
d0004/f000438	f	416	1700000000000000000	245	72aaa538bbf576cd446080179ba4515f025d98f769e3e54111c35419c66b526e
d0004/f000439	f	416	1700000000000000000	245	81608f08155ead3c3cfc00d358387bc3ffd6902ef44778ddbbd48d2cd1c444b4
d0004/f000440	f	416	1700000000000000000	245	a7bb66eee0126300a04d1fba0c18f92dda076155475289004aef30c4a517ee69
d0004/f000441	f	416	1700000000000000000	245	68eb0cac1c612c848a3f93889e1df2612d0bd495c92f519657d5df1b6034c3ae
d0004/f000442	f	416	1700000000000000000	245	9d94baff7153df33e326337293e7553b191ce53c4185f0d3e37575b0cffe8ec7
d0004/f000443	f	416	1700000000000000000	245	17ff18dc91cfbb90e11978d947711c493a36fa403d14bc0204f743fb93c753a3
d0004/f000444	f	416	1700000000000000000	245	aa9392f3f91f069fb7979e97b7b6c7253ed43e30184d599940f392892f039251
d0004/f000445	f	416	1700000000000000000	245	dc644fd9fb929328cad099bab3d033089589fae175566b6544c4993ae830b947
d0004/f000446	f	416	1700000000000000000	245	0b66df18968183180ad7525c7c1e6c7c62f027b4df3820556eb839d5deefafa0
d0004/f000447	f	416	1700000000000000000	245	6f2e510f6250ef8a9af75ba89e04aca649a00a188331614af8fef4feae505542
d0004/f000448	f	416	1700000000000000000	245	024568aa4384705e3c98c04f24a4d0daaf0060170ea619282c0532265948866a
d0004/f000449	f	416	1700000000000000000	245	fe9092c3cbed7352bfa8c2d16db58b1d94798d62ae5d44cbaa4a4c714fa8e5f6
d0004/f000450	f	416	1700000000000000000	245	a4ab0ae20648bd32762d7999d28431a51bc2103b635fb9ad98afefbc9c3f89c0
d0004/f000451	f	416	1700000000000000000	245	bf53288cd2bd53aeb3499e468a5758f1b6d3579c39518e9fcf5b8a80519c2b72
d0004/f000452	f	416	1700000000000000000	245	386bea311ff0336516f40d1ba9ec4d0f7883fac3118ffbe75137fe9c0837f54f
d0004/f000453	f	416	1700000000000000000	245	6c19a136a7e75159e9297126c80dbc4513013163ca3da7a786d15ef94fcfa391
d0004/f000454	f	416	1700000000000000000	245	d0b28d70eb4fd40d1acc17d13b4ac9f88c74cd8821eb690c4cca327d327a7fb0
d0004/f000455	f	416	1700000000000000000	245	bb7f9034b95d5db7cd70d619f8410d58ccfcaa80699dee0fb8855663d9ee8cfa
d0004/f000456	f	416	1700000000000000000	245	637c99655ef386eebb923ed4e23bd02637efc092e3fe2a79cbf094c484edebc0
d0004/f000457	f	416	1700000000000000000	245	fd292f42db1bd2c78771fc9a808ad355a951453104c63383e139ed165e367bd6
d0004/f000458	f	416	1700000000000000000	245	ffe591332a3a7a67f721477dcd769a8a55d0fa46d5f08682371d83f3466f943d
d0004/f000459	f	416	1700000000000000000	245	0e410d580043b9a1bb1ebe4aab178cf9e8eedfb9fe55fc365796dd21b08a4efc
d0004/f000460	f	416	1700000000000000000	245	cb5485f8e2f7c0aaeff5613a131ce14407ed99be11599b6864c8027cc678e85e
d0004/f000461	f	416	1700000000000000000	245	36373808fa2f77c85bafac783f62b1f454b5cdc226a413053ad918beaf298bf5
d0004/f000462	f	416	1700000000000000000	245	902c676e657b05ab83949a418991792735e53a167701f65fec49c799f87d9191
d0004/f000463	f	416	1700000000000000000	245	0642e704e02205b2f8801a2000941821b9cc35ba994e6e813f7871bfe1833a16
d0004/f000464	f	416	1700000000000000000	245	815cd8f7971b2e57a0eedeb789dbe8823f4d201654290051de0028e814163eba
d0004/f000465	f	416	1700000000000000000	245	0a8a37973e31b1ed6dcf6449b20506a29b4217eaf17de411abd4956ddb622870
d0004/f000466	f	416	1700000000000000000	245	9940a3ca324647d72fd12feab9f221be0919f7f5af61f3d9d25a5b64bd6d9404
d0004/f000467	f	416	1700000000000000000	245	9f34cfdce55bf69ef814b72f622d2e0b11d48adfc0e1f07fb6a8b6730b4fd12a
d0004/f000468	f	416	1700000000000000000	245	b603e00abb0b32dfcce79d8b3b56922d447ce1c814e63e9ad720ad773d039823
d0004/f000469	f	416	1700000000000000000	245	d2f11198e27f81fd116aa6920cb403bdf62f37b59aceafe9618276522d58a09f
d0004/f000470	f	416	1700000000000000000	245	a40c0dfceb9ccee304e86657804a11bc2b73616446c3359b3f58812598dbeda7
d0004/f000471	f	416	1700000000000000000	245	96f74af3cae55e51dcae8ad81fb7e663f43978d20f508204d708c94ca65c7846
d0004/f000472	f	416	1700000000000000000	245	a912ec8b44092e5a40cf7520227fd6b87bdc3df0e22a6daea81a470ee81739ae
d0004/f000473	f	416	1700000000000000000	245	dd52f66c8a76a2b17f546d8ba6516e85a05ad29d169028a66e69e1a2b40d469d
d0004/f000474	f	416	1700000000000000000	245	8848def3e6a93a7814b63fbeaa9791192b0203e7bf76b07d9068a6ecf60c6ea3
d0004/f000475	f	416	1700000000000000000	245	c6de61586deb19c8b842e23701a852bc2a86eaf58385e2547be00d3e2abcedad
d0004/f000476	f	416	1700000000000000000	245	f87260047bc6a7a2cf5e629f52a26862e257379e0dd8ec242fa33de1d3063384
d0004/f000477	f	416	1700000000000000000	245	57c4c02d51ed435e37a443211664bf5319158f9982ec2dbadd0640998af5be9f
d0004/f000478	f	416	1700000000000000000	245	06acd14e35d783d1abeeb8640a12c6ffee6ade44871d11a29df79b869f0b32f5
d0004/f000479	f	416	1700000000000000000	245	cc6e67070d777a75c71e3bcbbb4f2871b5acf85aac17125605f0a4a5ceca441d
d0004/f000480	f	416	1700000000000000000	245	500102103752e3af2cad8edf8b6851d92d4352e6af5202358dbaecf9b4e47a85
d0004/f000481	f	416	1700000000000000000	245	7d421dd8abe37c6bb7413d2393ec1f12cdc86180a1db15064051d9dfed9d295c
d0004/f000482	f	416	1700000000000000000	245	d03cb07b1c8e8d2652ced0b1b2ddd0d599810c4fce083f992399034738729f12
d0004/f000483	f	416	1700000000000000000	245	dc9ff108fbb2364e15c496aa4ea22ec1df454bd1c4078754447a69a96a1f97db
d0004/f000484	f	416	1700000000000000000	245	9751d439c2e20a5fb7333e0f528eaf59a49ecbacfe1da2996b0520156927f902
d0004/f000485	f	416	1700000000000000000	245	341c8ddd2ea198ba2e8b8d86b36be5dc7b6c3c5fc21ca49b0315051e4c5ebab5
d0004/f000486	f	416	1700000000000000000	245	1e590ccee7dbe516371ddb27c6fbbb7c3bde40065104579f77f5346faa93cdf6
d0004/f000487	f	416	1700000000000000000	245	b19a642a664f02a2316a202ec1d777b14be3af1155ca45a6e433d790dfd09ef6
d0004/f000488	f	416	1700000000000000000	245	21c537197b5c73037ad8c9bbf8db3873261ab4bc04ed24231d817a4367bfb363
d0004/f000489	f	416	1700000000000000000	245	cc7aa0109d604be0bd0c9267057938e81cb24c2d271c2c9e07cbc55f0fbe620b
d0004/f000490	f	416	1700000000000000000	245	28d069e5ce226ffc0181170525b32038c32f110577c3e52e5e53d1bfe454e2a0
d0004/f000491	f	416	1700000000000000000	245	d87b49e7280fde84e4f38f15476ce4584298fe64325a972920baacf6620471e9
d0004/f000492	f	416	1700000000000000000	245	e73919756478462d70ebd4515d5c8d0c06286acbead202e8e9f093e54e5ae9bb
d0004/f000493	f	416	1700000000000000000	245	af9527ba524cd293a9af9705a8b41fd86d4cce156d8c4654481f3e1224e1a5d7
d0004/f000494	f	416	1700000000000000000	245	6273ee207094f65ff58673bb8414009288787de9f69c7894c8dc134f298c4f0f
d0004/f000495	f	416	1700000000000000000	244	0fe8706d35d4fa8333dec3043730f233a69fdbe25e011cb7d0cbcadf85415b0e
d0004/f000496	f	416	1700000000000000000	244	a0b9938ec10e9c14c39e0243f3da77d89f0aa1e28b74f90251d7051714258239
d0004/f000497	f	416	1700000000000000000	244	374c13a1927b5556221cca867075dc23e57f46ea281e9c25bb87594e0ce768c5
d0004/f000498	f	416	1700000000000000000	244	9e4a6929b3cded5fe541f2b92d02cd0ea4b635169eca141064245ad21671d273
d0004/f000499	f	416	1700000000000000000	244	a8526d248591799911d632067b444144d58390350f98143668018241399445bc
d0005/f000500	f	416	1700000000000000000	244	03e261dbda87c551c7a1644af477e2a36437f8e57d6131dc218df7c3a09800c1
d0005/f000501	f	416	1700000000000000000	244	5c4753d136f223c6669ee6689bf53c55a09bd35d8f506b42282c77fd6dfa42cf
d0005/f000502	f	416	1700000000000000000	244	5bb044987f31fdee933308fa8a092ebb8e636d3d410e11f890909fc4bf8b432c
d0005/f000503	f	416	1700000000000000000	244	0b52886c4baa02a8934d54b801d299ffd3fa07ac0fad17d860daec93d0a10e50
d0005/f000504	f	416	1700000000000000000	244	1d4e3ecec535ba95e9d264088af76aeec82f5e3b4dc68a32475f0ea50bc19e16
d0005/f000505	f	416	1700000000000000000	244	c741aa4e9d3e0219030b2a85404b92d84656cd42d7f41e80793a9e01f9748735
d0005/f000506	f	416	1700000000000000000	244	86742e631e577962445dbf517e44b20098b8ff8de838e214c191b926b4b476ea
d0005/f000507	f	416	1700000000000000000	244	b9bd06213873d5e97a39c45128bdffe99cbf967591f212cac49fa3e2b810c37d
d0005/f000508	f	416	1700000000000000000	244	f4e548630c18bf9fc24db3907a4887a6783b644f37c262ec9639317e62e64d96
d0005/f000509	f	416	1700000000000000000	244	7e1bceaed9379b81c741d134b64a3a7c0072682d7ae79dbb5e882a27af99b43a
d0005/f000510	f	416	1700000000000000000	244	98ec3dd798ca4b024696a9bb5cf6d45df601294f5fb736fa03949485549028d9
d0005/f000511	f	416	1700000000000000000	244	7b999f8c104d8c853c2908c4d0d5ec93e8f221cdd55a9d393c96386651eccfe7
d0005/f000512	f	416	1700000000000000000	244	e0b8d4a80b330c95cdde963ae01fe1ddbe92fe130eac23950afafa7b5545974b
d0005/f000513	f	416	1700000000000000000	244	397c1f166437fbb251359a9fb241aab64eee208c7c2c355ade832175b4db3ef4
d0005/f000514	f	416	1700000000000000000	244	735b812a4114872efad15ef3e76000f8433de6209c993773a26435af408aff6f
d0005/f000515	f	416	1700000000000000000	244	42098e86266ac83f1f378d4a650f3c3911355ed70da400a5a162d991b442558d
d0005/f000516	f	416	1700000000000000000	244	6de4e7283cfe14c3da35d7091034e31e7fa9b453c3c07527dc9ba9935b900ef3
d0005/f000517	f	416	1700000000000000000	244	8fd024bb471ab358638522bfbc914f9bf690e00fce688bf2414c4848052e7626
d0005/f000518	f	416	1700000000000000000	244	89b9e05acbbce701868da8c783aba60535cb83c4f18a433d2d664850301a2a30
d0005/f000519	f	416	1700000000000000000	244	4c163a2de9ce9ee8007c956d3c6332c1e9496e18ad3227868cef74057423d76f
d0005/f000520	f	416	1700000000000000000	244	de955dea0c31ef79447e9ce591592d6652ac12917b9fffa14fa49e9317c610d7
d0005/f000521	f	416	1700000000000000000	244	1afab249daed3fc96b15501ec3b9fe76cb671501f6ee10f6a6c5981306fe1685
d0005/f000522	f	416	1700000000000000000	244	7afacd8827c16644168a98d92fdca2e2c9c29cccf982e8e011db18333a56ef04
d0005/f000523	f	416	1700000000000000000	244	16eb952b98a3739c2d03144fff6de411631b25aa52dfd3f38948efad65ee9e92
d0005/f000524	f	416	1700000000000000000	244	0e189ca6e8503acf6ab9d835765c5c930ffae5ee443397bd8f3445fdc6399d59
d0005/f000525	f	416	1700000000000000000	244	54f03a56a4ae1a0155cd6a080e6b43569737036d5527d6b5a616745ca4d195a2
d0005/f000526	f	416	1700000000000000000	244	1e02eb540981661ae4f41cb915a8fdb2efc6088e7dad239d3445b416483b0a71
d0005/f000527	f	416	1700000000000000000	244	0c000de77eb1de26b9fb8b89ec6cd26b847c43644b94e8c9aa7a3dff77321356
d0005/f000528	f	416	1700000000000000000	244	fd392c488d16beb95dfe8a9f1f7b7ddf7018773093a3dc6cb03f50f8d4147d88
d0005/f000529	f	416	1700000000000000000	244	bdde46bc61fed3e5be89e592fde8f840742e8b43a76ed4dc65981b5a9e89d68c
d0005/f000530	f	416	1700000000000000000	244	b6fbb55f2900b6f116c9890e078d8ff989bdec174de00741f0ce2b97127e5ebe
d0005/f000531	f	416	1700000000000000000	244	f808ddf4a1a3d23e8ffef8e73229fe2aea0edea7e4cbdfb1907bef743729b5a9
d0005/f000532	f	416	1700000000000000000	244	ce548b5c2ecf62adee5fa4ccf0c060b5be10d882a597bf1d2bb50a3d5b13ecde
d0005/f000533	f	416	1700000000000000000	244	93b6d21e6c0c28a2f501bb41bede920bc79b62b7585d18d48c5cb017eb14b7e3
d0005/f000534	f	416	1700000000000000000	244	d6984cbd128c9d832a2e63bd73a2edd721f1f893d0df1953775d2116218ec467
d0005/f000535	f	416	1700000000000000000	244	bd8f7d4a3f3dce72fce61836d4ff041ee871f44909f4f1e306e7a91a474783ad
d0005/f000536	f	416	1700000000000000000	244	527114ce03a7dff803a576a3227c2017955d9c8e1004b2d3d08f1025e3257142
d0005/f000537	f	416	1700000000000000000	244	e497c6213179f2919d94ba2b7e1c72f33a41b09250a58699bcbffd51ac23d99c
d0005/f000538	f	416	1700000000000000000	244	ff3a2cf9a774b69e862c5da25d931b7e6fa62b887a8c78aa607d3afa1bab3ec9
d0005/f000539	f	416	1700000000000000000	244	91be89dd322b148ad46daffcf02d84ce2a4ca838c254dafeb9d8ab54a66d5e41
d0005/f000540	f	416	1700000000000000000	244	ab5d64bc79f18248c272facd622628d797a4bd45196bbb8ad9fcdf8a73fbf299
d0005/f000541	f	416	1700000000000000000	244	c8236ecf47a8785244425cdbb2100a3a6643806fc2a235fff4e4e0ecbd94407b
d0005/f000542	f	416	1700000000000000000	244	362c894ccdfa49632a26c162cda780095fde2396ace86254c6b6fc9e137b6050
d0005/f000543	f	416	1700000000000000000	244	870d7a1f3dbfff5570212b6a941b37612f6e03cef1a5788ffdbea3a34ea9df7f
d0005/f000544	f	416	1700000000000000000	244	d264cdd0b8075089b65acd521a827770fcefad46eb05a415482510eea00d066c
d0005/f000545	f	416	1700000000000000000	244	2cee27d36355913a33d2fea9bb051d7b11414eeb209042e6ec36f97ba768abef
d0005/f000546	f	416	1700000000000000000	244	40d95f3681da6707932e61a5e4b4a013128b88e83af7b4bf32aebbb5be0f873d
d0005/f000547	f	416	1700000000000000000	244	ba122c1b317e0f5b23ff3bf00e602f55a61bee52f630b3543efe4726aacb8dd9
d0005/f000548	f	416	1700000000000000000	244	7cd9d90e30ed52106c2294fbac65c8a1756ec681c3147d2868a9e76bd7f8e434
d0005/f000549	f	416	1700000000000000000	244	220aba65f538a3350a5abc633b773f1acfe061445759139007de879dd9546450
d0005/f000550	f	416	1700000000000000000	244	8c497f72b19b11d32a5e9ee4604e5d4d02819a8adb30779cedf48570e741c79a
d0005/f000551	f	416	1700000000000000000	244	1c20909329ebb08069182f809644fffc67f19f9344554eece8753fe1e9fdf619
d0005/f000552	f	416	1700000000000000000	244	0bec974e6d80c95d1da19abd393f5aa8874f52949e3d2e2f23b9901937b0b3e0
d0005/f000553	f	416	1700000000000000000	244	3a5da3b5f3d50f885d96ae1294ceae933fda9918772cffcffa678ea0ccc69284
d0005/f000554	f	416	1700000000000000000	244	740801011ff92eae51ea582bbc9708eba37b379e83b5625d7296b00e61799011
d0005/f000555	f	416	1700000000000000000	244	01e63dcd9b1e3dec61e2b09ede8a531c74baeae04aa3584e6cfcb787ecc0a4fb
d0005/f000556	f	416	1700000000000000000	244	663acf65e14f530cfd190bbe85d634dfc1af6431c1ac8f3f1a2a03968b8553b8
d0005/f000557	f	416	1700000000000000000	244	f92e7ae2daf3d9d407e0873654d7e9e17450fd1608770ee9f67e2d61c9a21cf3
d0005/f000558	f	416	1700000000000000000	244	dc5b2cabc043bb219980097ec5f5b639de5a043b3113db392f43bdd76ec61176
d0005/f000559	f	416	1700000000000000000	244	84b4b3bcdad7306709fe6cfd55c7cd0d83764786a0ea241131dd3d704a978e47
d0005/f000560	f	416	1700000000000000000	244	b0798f9bf00808432a4b485f435ba8c0a32d0c80b81edc17b81210f032d8ee1c
d0005/f000561	f	416	1700000000000000000	244	b8404fe26cdf7d6d9634807409f4354719f2f3c76abd6929af843be4bd7f6084
d0005/f000562	f	416	1700000000000000000	244	24e9c89aebbc88f6f8a3e6f7855ef721e4c82682326e95c9bd75231c9464896e
d0005/f000563	f	416	1700000000000000000	244	42aac21d3ee69b8388247b5bfa83d95a4a3582da0707e246ee6be4d140681fbe
d0005/f000564	f	416	1700000000000000000	244	6ec938e3b1f14c2ae6c7d18a6db86a2e87f5e8669252395e0bff2e7815f6367f
d0005/f000565	f	416	1700000000000000000	244	5e2901dde3024bd4aed03d2e85a20efcea5807e9c7229a87d5ecfbc0aa2230a3
d0005/f000566	f	416	1700000000000000000	244	db31d6876bcfe0784591d8b57e343856ebcfc26ab30c22ead2ba1aa5708d7fbf
d0005/f000567	f	416	1700000000000000000	244	2c195490d940041f232f10ae38086d08c99791b81d28c20f594b4d97eac41fe0
d0005/f000568	f	416	1700000000000000000	244	9c7dd383c857b756106ddaeebe38239920c0b7ec3ca1f4544da666d3939423dc
d0005/f000569	f	416	1700000000000000000	244	cdf81eef4ebdd362aa2ba11601b13c71a3fb64ceb117e67df1824c7e3aca1703
d0005/f000570	f	416	1700000000000000000	244	3f255a4d801dbb3f7c0d6bd15f273c36bba94116b8272af6c910d075971575c8
d0005/f000571	f	416	1700000000000000000	244	e32e2e1f5e4ed7eaa5a18c3db0b3bbc45b785ae14749220555257ffccf5f6772
d0005/f000572	f	416	1700000000000000000	244	0ec5895a9bc39d87b9cfb7516fa99c5ff2a0ef4508d3183632473c4a69763f9d
d0005/f000573	f	416	1700000000000000000	244	fc245f3ed303197d858bfaa883631c9f5081f1781c75d416930e9d3c6de5aa4f
d0005/f000574	f	416	1700000000000000000	244	a059d0d3477354e18aefedabeeac27e5f33e86b1417b105f61136060a8f36c48
d0005/f000575	f	416	1700000000000000000	244	ad0533ede2d5f8ce466d1975f4af2793c1ffd14d767226aed87b4ad3dec1e3d6
d0005/f000576	f	416	1700000000000000000	244	306184aedac7e4c63fe2ef51e5833ee126f3788279bad78ed73e7ba644adafb3
d0005/f000577	f	416	1700000000000000000	244	1272b20d0edeac736a00f02ffb4e32727a34e1f07d82c98b7e9270a1884e64c6
d0005/f000578	f	416	1700000000000000000	244	55a97b3e885f0a2a4b5a4f7f34a545100c0eceaf3ea2e7cc55c35cdd54b93116
d0005/f000579	f	416	1700000000000000000	244	86e7662e76d015ab62969d6d390ce071a7299548b830441d0adbd85ac31eeddd
d0005/f000580	f	416	1700000000000000000	244	f8d11292c39fb03dfe640d20bc7651a96b6821f4b5be19b11046fec0186213fa
d0005/f000581	f	416	1700000000000000000	244	930278fea3c5f6340d97fece3c43f9225ac8429c7b3ee048b8eb260ed4cfb5e3
d0005/f000582	f	416	1700000000000000000	244	c38f19f65e8cda659bd1d42a8e5581be988703dfe1ae40a531b45a2e1435837f
d0005/f000583	f	416	1700000000000000000	244	a6056d7d22367b5be99b705dc76919afa9448d53437dd5a7f1fb0e56ad19528f
d0005/f000584	f	416	1700000000000000000	244	7a7bf4fb828ab04656d1ed9d97dcccb8376d0c5b2939bf4b9ab0b6afb9b2d0a8
d0005/f000585	f	416	1700000000000000000	244	0b271fa05c285347cb3f207003180127f50b2cfbe5adc67692503170a47efd58
d0005/f000586	f	416	1700000000000000000	244	a7158c83a399db4656350147232280bb8a629d10029eecb2ad38efe6c347f044
d0005/f000587	f	416	1700000000000000000	244	9dad133ce919a978aba3916bcdd939336fb5d979b856bfd1c59fa158ecb167e7
d0005/f000588	f	416	1700000000000000000	244	b848d35f5dbfd8283fe4cb6cc9229996840eb92c616f84af2703f8768fece691
d0005/f000589	f	416	1700000000000000000	244	e494589de1b92928d9be56d20938a6b85865cbfc59a0aa45589308f54f09cedf
d0005/f000590	f	416	1700000000000000000	244	fca41807a873538178573ef7f33af2025824da2a5677d7f829a618876b3d66d7
d0005/f000591	f	416	1700000000000000000	244	e2cbb5d430425201a766536eff068bdf0493f8d5bdacbbd954fc8c06c6acaeac
d0005/f000592	f	416	1700000000000000000	244	862de08efffa1adb7ac1a3c6112e45f802b3aaa7014c317a3034baf240b2c2cc
d0005/f000593	f	416	1700000000000000000	244	a3a6e367c5bd5d2810cdd565b7b97f163e0ef4b7cee9a7d7ab28aa54752d2bae
d0005/f000594	f	416	1700000000000000000	244	e6f5adc63fddcd7841596fe89539e72451674e6c2b9b9bfc75b860375eaf72c3
d0005/f000595	f	416	1700000000000000000	244	084cd331b4be6d270f26cf521d79ac89a7b212296ca34cae568e2850a467f63d
d0005/f000596	f	416	1700000000000000000	244	21149aa7f874b307023294a33f934cd0a134de4afa85ec62ad8dab914e430808
d0005/f000597	f	416	1700000000000000000	244	3a832685b4cb063c2f3b14399c00671332a22c10143f701e211e8dafe7c1ec9a
d0005/f000598	f	416	1700000000000000000	244	b5de72207c28a549b74317d1f8357ffac8457e7d18f8b25036dc8a4a9786cfbc
d0005/f000599	f	416	1700000000000000000	244	9ccd1b2bf587d8a1bd80d9bcd6adc1284ddc982384ab5d51d782689f41dda6d3
d0006/f000600	f	416	1700000000000000000	244	31d58a7356e5542cfacf56603eb8c108e76efa09c596572eb631cf989e510135
d0006/f000601	f	416	1700000000000000000	244	695c2f8d93334decc60997764f8f2ec3a3748952a8d5bb4f9b3284ad59a66603
d0006/f000602	f	416	1700000000000000000	244	463d84c0d380b7c01883e89810687c8be4a5b951dde53cfcc9f1bcaa9dd03e8a
d0006/f000603	f	416	1700000000000000000	244	bbba3c5254b6a5624bffcfa3843f9e303c8cb25b41c838c0e0141421e7cf97ce
d0006/f000604	f	416	1700000000000000000	244	2c5fbd49d747f9ca6b4129dc22ff0688313271857d51ec451eb240ef6a1fe701
d0006/f000605	f	416	1700000000000000000	244	1f59f28046627d9fd13a66c4340b328d5b1855b3d6a8985c8d3d8f54de25d9e5
d0006/f000606	f	416	1700000000000000000	244	e66f4f43224e165d8ffbeada86b7e11e842a70e55d6bed64039287024336236f
d0006/f000607	f	416	1700000000000000000	244	774035c4391bda5b299b79175333af352a7600eb2a4272a4cf6d5cb776ecb100
d0006/f000608	f	416	1700000000000000000	244	71934ff8e7827cc0b5c78ffca1e70c4f59327da9c03c47a32f6d2e299362104e
d0006/f000609	f	416	1700000000000000000	244	c57a98f4e85000e6d60835beb4219aba4cf07783d03a371da738fcdfd931074a
d0006/f000610	f	416	1700000000000000000	244	54b311d38a146be5366456accd020f5306aa6fa7d4608def292db7bae4f62d03
d0006/f000611	f	416	1700000000000000000	244	61e0a7865bc951084216b6bc1a9b99a4053b1d3209d962300f5519421e99195b
d0006/f000612	f	416	1700000000000000000	244	6f15b92c95c848537f502654f46b1abaa50b28bc65a708c075bf3596c88cdd7c
d0006/f000613	f	416	1700000000000000000	244	e1c96056f580a68db2c0948051f12c6ab38dd080c337305ae3aee90a2ff691b7
d0006/f000614	f	416	1700000000000000000	244	09f433ff15beb127b40826973f84093b7eef6773ab6baddaa06c29057ce7cc44
d0006/f000615	f	416	1700000000000000000	244	a8ee1a4d8b5ee6f45059c95de0a9a569c95555608cd183e706a9f1703f1bd13b
d0006/f000616	f	416	1700000000000000000	244	e67b5c0f713494627d79824b074c8352d16cfa44e257572427a6211fd7b8c516
d0006/f000617	f	416	1700000000000000000	244	698eb99bb7e75b1ccc548b4e06b74be50fa82f0737e8aa6a327c4183057b14a0
d0006/f000618	f	416	1700000000000000000	244	7c5647914c374ef2e53987048842e03b2ece45f69b97e34ec5d44157683aad61
d0006/f000619	f	416	1700000000000000000	244	db159c2a66fd901bcbbcf10c301015626e59040b595ccb411f0132b55d1e150d
d0006/f000620	f	416	1700000000000000000	244	f75c2659991d84baabcebbe097dd3c28ee1aae4b35c5eeeaad7a89dfd33553c0
d0006/f000621	f	416	1700000000000000000	244	ad4038f6b25eeea1ebdabb542dde9f86be6237d013b774db9e67f9434b924de2
d0006/f000622	f	416	1700000000000000000	244	54c83f6ee88969da425b9461a4cd214a9eaa7a3e5958566c197277dd2ab2bfe6
d0006/f000623	f	416	1700000000000000000	244	bdc88201beeeb01300a737e01472695a9da8709248220b9ca76bdc312b93ced4
d0006/f000624	f	416	1700000000000000000	244	3c2434e7c5387b4a1ffd8f5c1d1eb5b8a413bdbb00a51afe53f278297f605be5
d0006/f000625	f	416	1700000000000000000	244	11ae6fc1ff8a8f353fdbb4d12eefc396192def27fafe9184f77b563cae25e3c0
d0006/f000626	f	416	1700000000000000000	244	234a6e565cceed1e1693843f6586955fa6d3c0f3cd4f59447d765f30091ffb43
d0006/f000627	f	416	1700000000000000000	244	b8c6cd244a052a81bb0648259ce023eda4a3804cb04ae850c16bca0f60452b33
d0006/f000628	f	416	1700000000000000000	244	60f0707a790bd77e196e0924df90439759d8e7c37e8128122d475037d0905dac
d0006/f000629	f	416	1700000000000000000	244	ce6a11af74a9a0843e64046c84ddca062e8e4268a3b2d69d16a41f225d0a66a8
d0006/f000630	f	416	1700000000000000000	244	d34d28053823ef6856f18bfe5e40c0188d58e728b7d5be80c4e48930898f3028
d0006/f000631	f	416	1700000000000000000	244	811e9aacd962a9ffc1fa46d43eae3484a370f232d05e1c0362d20ea14582187f
d0006/f000632	f	416	1700000000000000000	244	7e4031b7e0c42c97e97bb55c6e1cdf1220af8984e0a89050778a1f6f86125bf2
d0006/f000633	f	416	1700000000000000000	244	8cdc428427c4daabd954ee465dc1d857349cfe857db6edf9e566855c14dd4f38
d0006/f000634	f	416	1700000000000000000	244	8c6efd9f626e5f07dc0f2ff9b698c5444f149192a6b1ed9eae7f1cf8f7aa447e
d0006/f000635	f	416	1700000000000000000	244	33a58282b6eef5e71bee460911b9a976437798913bee5e6d93561ceae7dedcd2
d0006/f000636	f	416	1700000000000000000	244	485856c4f17a9d6ad803eccbe9f1b3801c000051e0d4b54a98e8b613b517f620
d0006/f000637	f	416	1700000000000000000	244	35fe59281d7965934c555657100697519783b9f1375f42a5417ec23ccd187755
d0006/f000638	f	416	1700000000000000000	244	0daba48f185724df9b519f45bfdd3b57a7a8cdd9b9918885e34f93d953d85d8a
d0006/f000639	f	416	1700000000000000000	244	51ea1f3487c93504d5252191187893b4d5a50e4fbcbbaec4150acbd077e6e30f
d0006/f000640	f	416	1700000000000000000	244	57af35805a5bd3b51fbd1bb3b9e0948fa485704bf55b774c67096277b154ba1e
d0006/f000641	f	416	1700000000000000000	244	3eebc4e0d7f86da04b6867e7a188521114a3682f467daa4bb3b1b812d4a4a9be
d0006/f000642	f	416	1700000000000000000	244	49bfff68268b226d6dbd5a2e1b5c88de469d7c0135282e8b4445f1d171113819
d0006/f000643	f	416	1700000000000000000	244	71049d9d1b57612103204ef431250d7bed6bd7268f171da3cc6f2030715d6ca7
d0006/f000644	f	416	1700000000000000000	244	a77e18969a3fca12ac2a6afa69854dab904c94037aa496b706b051ddaa7d362e
d0006/f000645	f	416	1700000000000000000	244	b0bae7262548a3a368822932301fec2b8aef347ba66f78fb2b475d3d780ecca7
d0006/f000646	f	416	1700000000000000000	244	313e0bab97ce1bc4550b6e18d1cbc28e7a31d85f3949c6c4ceb959b5ceebe176
d0006/f000647	f	416	1700000000000000000	244	a084e4bad1ec70cd617566eb0f0a22a31093def44c8bf52420912d2845813004
d0006/f000648	f	416	1700000000000000000	244	d1f5170a5ebf714c47f4cc3286fe9eba1677781ff7cb1972825348afcb5711e8
d0006/f000649	f	416	1700000000000000000	244	4a5396963a2cd3a1e8a0b5519eca900daabfa74694fbd785304576303b9ccb3f
d0006/f000650	f	416	1700000000000000000	244	77bae9ec6549d923b69b6169e3cd997006c0d287164765b82a9f4cfd0fb0a5cd
d0006/f000651	f	416	1700000000000000000	244	6299869129e0d1ce7d7571820fb0d925f0ddc14abef1f1ab5a1c9b4e73caccf5
d0006/f000652	f	416	1700000000000000000	244	f37e69eb38a568a7da59abcc16437f79fa4410e497205b4f6f5753c6f7546398
d0006/f000653	f	416	1700000000000000000	244	3ad96091f044a82acddb899273b313d0cb1727dd5ca5d2d382de451d3ab0e153
d0006/f000654	f	416	1700000000000000000	244	f9fb126fba26d4bacf304e216d737135926c1ce05d27cd9174d28769f9b33820
d0006/f000655	f	416	1700000000000000000	244	49c687220a965b43a04f6b5cf82bc1c09da38cad8d200bd9c4bc8c51873e0e35
d0006/f000656	f	416	1700000000000000000	244	96ecfedca81cfa678aee71bc97472b10707a9a418311491e10476b81c589e53f
d0006/f000657	f	416	1700000000000000000	244	1ae34814cc96526ac8b38c9a259e83f16126175d2ba9a56b5643caa79c79f4ae
d0006/f000658	f	416	1700000000000000000	244	0d54f04f2b4def0772264f008aab23a86daa417b52e4b1aa686efe574e44a9c7
d0006/f000659	f	416	1700000000000000000	244	562e6c44ef6e814f213a73bdb119dcc272113b9016c6e0793b11db8e3886f30c
d0006/f000660	f	416	1700000000000000000	244	af1ddc257ca78e864828fa2631985ad8547645b889e04708ffe6a74c76998336
d0006/f000661	f	416	1700000000000000000	244	5647a78560ffe7781d49f9c2cbf2d609e1b5ffc1cab293d6c5cbc6e84da16671
d0006/f000662	f	416	1700000000000000000	244	50df02bb7c2fbc72bca03fd8e475f6e5fc1398db95451bdf82d7ba191048e2c0
d0006/f000663	f	416	1700000000000000000	244	b2b505f3f08097d0f0abf2c3cfabba64aac24e91d85234b5328eb7fe1b1920b4
d0006/f000664	f	416	1700000000000000000	244	4ca078a8e6f004e7ce9ddc6a2055dbb6d37ad9ab1bcc3026cf1709100dca7ec5
d0006/f000665	f	416	1700000000000000000	244	e1d6e68281516a458239ad72d3920df828f67ab997000abdbe4db64135207781
d0006/f000666	f	416	1700000000000000000	244	b3f674f7fac7a32b78aff2df885e69c6397194c87b810e9e968005f52c01d304
d0006/f000667	f	416	1700000000000000000	244	2fe009460293e98c7dc862df8935810ffb84ff7e8e1f917724604c802624f4f2
d0006/f000668	f	416	1700000000000000000	244	e3dd2a9d2b89eb37e9a57f29e2fdae614711528249ffe2c1fc00c0e153e4eddb
d0006/f000669	f	416	1700000000000000000	244	2b89ba998e5a922eeb0b93a0257fa0cf12cab30bc6cdc8b29b6f0a1de9b0d232
d0006/f000670	f	416	1700000000000000000	244	58a561375bd35ef586c428ce2bcc0129d3213b5028ee8e8940bdb50659432a16
d0006/f000671	f	416	1700000000000000000	244	269c06ee68a2870a015719652ba45d89378b97d690eee6a49c04122f488bb16d
d0006/f000672	f	416	1700000000000000000	244	fa703c7611c750af83a650a69b99f40f75ed86664958f2d379ba05075857b8b8
d0006/f000673	f	416	1700000000000000000	244	f950b94d4ca410ba007efb903e0e817e94a7e53f6749f779c84664803c5bec9d
d0006/f000674	f	416	1700000000000000000	244	dd976c739a2d1ab4159dd511cb8dca7f0f595f818f049c565fca21fbb293fc72
d0006/f000675	f	416	1700000000000000000	244	c3844a2f09c8f1fb23e89007f377e20419561ad314cb15c99934d4de9ff5ebc1
d0006/f000676	f	416	1700000000000000000	244	fee32f1cad3af1655d521b89abdf3ce3bc84aee436ba2fec020d52e44a02ccac
d0006/f000677	f	416	1700000000000000000	244	d6bcbce0c26adf4116705ab15fa89b622444f419dff1c7a0bb7dcf3612843ebc
d0006/f000678	f	416	1700000000000000000	244	a9f0b127ea3b42f652cc2c7df0e6046d2eedc8041dcbde47c33001c9886ef934
d0006/f000679	f	416	1700000000000000000	244	bc8c8735eda648856befabc6d95e2b3508f57fade764cf62323f035f7f6aa469
d0006/f000680	f	416	1700000000000000000	244	76326901fe20e939c99d07817f5b42fb9965896e2fb5e4c10a4d727ffe526618
d0006/f000681	f	416	1700000000000000000	244	8e88ed6ffac36bbea4801d97f316db93d6aca7824959be26980442c7904aab33
d0006/f000682	f	416	1700000000000000000	244	3485ac768374a549dfe90d55ea0dc2e694f20e7b2ec871fef091cc78895119f1
d0006/f000683	f	416	1700000000000000000	244	06546f878ec42d1f1de4c2002f854c19b85d5d4b44c4f1a405d890f6e3f6500f
d0006/f000684	f	416	1700000000000000000	244	76cb2b5fb8d9a441058bc5f8e3b9bfb1c4bc36591f79b200abe2e42a37ef85f6
d0006/f000685	f	416	1700000000000000000	244	7b2c344de9f794097272c803ec368619ea63d7ea67426390bde55192ed492b7d
d0006/f000686	f	416	1700000000000000000	244	8cad03da6e53b47b70fb633017ada18e4c91af7d6a5a7026db8dc8ebae8edabf
d0006/f000687	f	416	1700000000000000000	244	be26afcdedf041ea933c58ea9ec1c780555043f59f2b4d1368bfb2eb41c6ef20
d0006/f000688	f	416	1700000000000000000	244	1062b12b46d06134ecdc396008860d98ddbf974b96da7168ac5615c0938c9f00
d0006/f000689	f	416	1700000000000000000	244	923fd563fa68198fe114073e5c96375210f4e3a5c4ceb05b5234ed40c7ff565e
d0006/f000690	f	416	1700000000000000000	244	3f85ab546a7d05acf1d5df547352031074bac8f965dcfe435ea231c625011042
d0006/f000691	f	416	1700000000000000000	244	11c81b34e55a485f8a0417c56b65a04c79cd61f57bfb114fac6fda7a842e3b49
d0006/f000692	f	416	1700000000000000000	244	72d9ab3edde093ad88242e87fe149b6155ab67261a131a88475f7b8f6195cd19
d0006/f000693	f	416	1700000000000000000	244	7623a7b68e6f0dcab48b196f473f4c5736b573cecf76ef9cdffbcd6658d34e41
d0006/f000694	f	416	1700000000000000000	244	89b6a834816a9c605d59cecf4f098dac3d8fbdf8084b602090e1f6b6915399e8
d0006/f000695	f	416	1700000000000000000	244	414e9d7a66d243485737113e7f5724712b5f9fe342df06251fb6ce38f65bfba9
d0006/f000696	f	416	1700000000000000000	244	604ba580ddde916fd09cc0b20c6752158b591716e34f9ee386b28c4b7bb5938c
d0006/f000697	f	416	1700000000000000000	244	efad623c0af415c93cfc73e31a2e32567edd5d60261c545133a14f49bd60904f
d0006/f000698	f	416	1700000000000000000	244	372b4fa43324d6fb7e114423b3831aea29ea97cd23f35617b1d7f741d61a3845
d0006/f000699	f	416	1700000000000000000	244	3b6418c6d9046bd84aad42f6704c622afe2cc10201960e5338e92be564a0f9c2
d0007/f000700	f	416	1700000000000000000	244	2ae2ecee11e87a80b3db2ee7b1b655107f8c2a676fc85fbc0faf01c623eda6e2
d0007/f000701	f	416	1700000000000000000	244	ebc27425fb197c41269ea431cc44213c11793e0d1591abc68cc9437a8c31661c
d0007/f000702	f	416	1700000000000000000	244	d2a592bc7ffd2a3e71d9e758e3f79ed409a6efc69895876c499e7d45fd83b10b
d0007/f000703	f	416	1700000000000000000	244	a64845f6596ecb05605aa53c1b119fd33bce5d4539d1df5cf4857e589b898f01
d0007/f000704	f	416	1700000000000000000	244	75606765f306cd6624ae00c98bebf7ba14ee04d4cdf960733baca142c2895e29
d0007/f000705	f	416	1700000000000000000	244	aaf57c12574fa026019b429e5df40dedffa0401b63b8f363f3bf46fdbbf4cbc7
d0007/f000706	f	416	1700000000000000000	244	c59382f6e6ece4afb003e0777fd4bc3420e504baae9efb2b2f369c65ae1ea169
d0007/f000707	f	416	1700000000000000000	244	e38350b8266375ab04c2f69d838c63e2d474077caf12d45dff9bc51d32e9f92a
d0007/f000708	f	416	1700000000000000000	244	489a6840d3f0012829dbe0ef0fdc3b295015118b834e56406bafe76567d35af8
d0007/f000709	f	416	1700000000000000000	244	782767cf5b7282c9417e4b97cf4064e8baa34926292e79d630838bcf987e155f
d0007/f000710	f	416	1700000000000000000	244	65c605c91fc26e2259284db1a2e016f292ace8d8acafdce3017f1da55091b29c
d0007/f000711	f	416	1700000000000000000	244	c4b71528c49e4f19f27f7d08e053abc1198e207cb92a0eeb003df96222b74a36
d0007/f000712	f	416	1700000000000000000	244	6166ea498ee2d630ee6de8a0d4304faf459e8551de4c9e76f9a3b971f46b3704
d0007/f000713	f	416	1700000000000000000	244	0bf660976072c3af511cda37fd33dbea4254e86a6aeed32c36ed249f1897ef87
d0007/f000714	f	416	1700000000000000000	244	a3a8dba0ffd71fc18f744b59e8c2d1d49d8895e46e8396a936f9a48e29635bcd
d0007/f000715	f	416	1700000000000000000	244	de472f10677620771bca8039ad1aeb37798f73f67617b70a57f087ad9e12591d
d0007/f000716	f	416	1700000000000000000	244	89fabe6da5899b42eef82e3988f5c1e377950c3da14196f41c99de70a63c8931
d0007/f000717	f	416	1700000000000000000	244	768541eda4065c57418750c4dc7a12a2fed59b0b13443340ebb3ece70e998440
d0007/f000718	f	416	1700000000000000000	244	aa63b0c5c1f539cd8f718b1eb23106a9d14cc676ab003e347ed2229eb7a2e958
d0007/f000719	f	416	1700000000000000000	244	87cd1c0025d142205bbb365c2ac3844f95574a308ea53e74f0ba68fbeef9ffc1
d0007/f000720	f	416	1700000000000000000	244	7308ddbfd89d087b8883bb221adf574da56855ffb2991a0002bd4aaaecce830a
d0007/f000721	f	416	1700000000000000000	244	a2444358de23f52b369940f37a6dfa8ec854541d9b29ea57ecd7919a4cdac6cb
d0007/f000722	f	416	1700000000000000000	244	f71ca2142719ef42f887bbfe6d8065b93693831e88d5a369e22714c5bd393bb5
d0007/f000723	f	416	1700000000000000000	244	1a9578c9ff806d7dbb8ddc057485946cec485c2d5c15ce5e0053b522e40cbd68
d0007/f000724	f	416	1700000000000000000	244	793e925155d2ba3f163c02b7bd1fb0fba48e369264b60fec0b234d047956853b
d0007/f000725	f	416	1700000000000000000	244	5c2fb6e8cb6dd70d91db48d1557db4e039f40ac73f1159271f2db419ef8079ec
d0007/f000726	f	416	1700000000000000000	244	f6607eb79b577857f4c0eac3844cd59e08e7fa83cf5d41efb5c7549676f8a632
d0007/f000727	f	416	1700000000000000000	244	e5b267b653e6f984f2d2b23d706c2a0551b784c86276fe7874e58e22acabd872
d0007/f000728	f	416	1700000000000000000	244	63cfe9733e75da5d076c0a5d1833f0583183dea0d543268e4eac3f76fd79fc1c
d0007/f000729	f	416	1700000000000000000	244	4236c37489cc1417cdfad0dc59330eff758afed8a581b44c9d35f5533b19f7a6
d0007/f000730	f	416	1700000000000000000	244	f5695662495ee501d49a256f16381ea3e6e0b30ee80dd385665fa19ff968da1f
d0007/f000731	f	416	1700000000000000000	244	181e4245d90e9c110c4fa1b440144043874eb7b5ca7b61bd6b1960e0911c85c3
d0007/f000732	f	416	1700000000000000000	244	42a2b1929057b01bebb4ed3092ef791938cffa79737a2e8006b79b9622c346c8
d0007/f000733	f	416	1700000000000000000	244	339dba25562e8cba8ffda29686be1a6103c5be1fed264277783b3248e496790d
d0007/f000734	f	416	1700000000000000000	244	783a91aec066875187199b01073c21ca5e30481fbfc7e25568149c0e96792d11
d0007/f000735	f	416	1700000000000000000	244	4cb7264b2eb75a5165061a40623e709e8035efbb0a19cddbd7155e5ec2247e44
d0007/f000736	f	416	1700000000000000000	244	d4d9fb478f14de1c46be6bc1dc8aa53f394d36176c89cde5a28e8fc3ef7e1292
d0007/f000737	f	416	1700000000000000000	244	1369be5e9314ef9262834df0c46704d95c4e5a28c7fa5cfd5057fd9b9158d16d
d0007/f000738	f	416	1700000000000000000	244	46ec9665ec50b5c9ca61520db3aac853a8c4a50682e221685e44dcd3250e81c7
d0007/f000739	f	416	1700000000000000000	244	a0ebb1fe23bdb67f45a1cba52e69828065a306bb05126ec63217827c505ca3e9
d0007/f000740	f	416	1700000000000000000	244	7688b307c54894dbd69a12b5c0b58766f57b6b586ced6b8b82429d84d4071b77
d0007/f000741	f	416	1700000000000000000	244	1cf55ca8daf9031685669f06764505f990e279469876610a4928dca907b6bafa
d0007/f000742	f	416	1700000000000000000	244	231ba8deb9963e4536fd2787662643c75a6488baeca4e73beea2d943260d91c8
d0007/f000743	f	416	1700000000000000000	244	df34bba43ea4f7c193b37d5f2bf2aa6bf3dcaf089f4c361b907a21187d7c5953
d0007/f000744	f	416	1700000000000000000	244	4f7ce5183604ac2d5c011b044a5151f1e3230b3bced0508450ee0121c569fac3
d0007/f000745	f	416	1700000000000000000	244	fa41c0c27e1793198d512932cdddf509bd2158e10cc2ff545cb4cc3ac01ca774
d0007/f000746	f	416	1700000000000000000	244	33137129e468a45f88faf154f69fccfeb5b118a0f1d57756f6ac25daba697ff8
d0007/f000747	f	416	1700000000000000000	244	4d8b9275b3e2bd069d731da1537102be3e80aa2cdc96fe3a5defe4be9d9d6032
d0007/f000748	f	416	1700000000000000000	244	de8205c165064050008d1eaa73099866672b949f898c12c05784f1e248b84b74
d0007/f000749	f	416	1700000000000000000	244	2a1774068bfd0e81415038433309e852f05b1fa964e1a9b89461322187612356
d0007/f000750	f	416	1700000000000000000	244	189be17999d0f145334a76617561fb083685449d5db837e4f7c4bd0895ee3f27
d0007/f000751	f	416	1700000000000000000	244	f059e6a88fcab3a8de2fe7729fe520e64efe47772137ee869f6a6932d8aa90a4
d0007/f000752	f	416	1700000000000000000	244	9fbf313f0623a8af57f9415f7042f436b06aec03bddcd3d9ae087dc67b25151b
d0007/f000753	f	416	1700000000000000000	244	74e011fc067f5613a3694e7e16258cfbfceb032642155c6f6c115ab52012294c
d0007/f000754	f	416	1700000000000000000	244	4819331d8a99b2c1b15ed4b32da82964cf246a0e0312fdcb6a78b0b001497617
d0007/f000755	f	416	1700000000000000000	244	8ff8e9ac63aec49b6d2e5c0ae0ef51f0a5f25c12869ca8deded0413ddb019555
d0007/f000756	f	416	1700000000000000000	244	d3d515ac9a3ea50a576cd171fdf3aa179a9466cb3fa6a896510bc12630770580
d0007/f000757	f	416	1700000000000000000	244	fe9bf2192d40ab08f8ca207e0c38ff18f7218ffd121477bb0bdff26224bd7c12
d0007/f000758	f	416	1700000000000000000	244	da180389b36ba2b3c58c13b36714eb3a2a764ee71772447ae0f4f7a3fdd96cd9
d0007/f000759	f	416	1700000000000000000	244	08949a50b4141855117460b5a84f47d57984dd004802c9f2d3df3d563a13b20e
d0007/f000760	f	416	1700000000000000000	244	1efc432e4b83992f6ffa3ffda9473776ce9dd04037f900f74b1035045139d0db
d0007/f000761	f	416	1700000000000000000	244	daeeb2a339a3f4b43c9ffbab8018096a02b7f968ab74be99d1c3c806f9514a58
d0007/f000762	f	416	1700000000000000000	244	06d6e281ae4902aee5c13d73939f163e88da86b99f4b56401ee09f51756c9dfb
d0007/f000763	f	416	1700000000000000000	244	2aaacb458b5d396573888186aeade8c3b1bf479c3ec12008c99c279ed1f9d548
d0007/f000764	f	416	1700000000000000000	244	b87d5cff7c14154acb5b95f52dcb89d7431abf364001004dfab3f2df39c32018
d0007/f000765	f	416	1700000000000000000	244	5a3a0d3835d13a2f483a4a60fd923bc3dd4f7cc1038ab7ae1d0ba490f66d108b
d0007/f000766	f	416	1700000000000000000	244	342be469824440e06f147372318e77c8493595073bdb627feb2605456feff7f5
d0007/f000767	f	416	1700000000000000000	244	14f6c5612a05f407b566c564a6594f604d6f7b3edb0d05949fefcd876f9fe8d1
d0007/f000768	f	416	1700000000000000000	244	a0ab065703eb5f4495d2c19ac490e78f312f0b4a9a2a3860319dae64e0d1d723
d0007/f000769	f	416	1700000000000000000	244	be8a4ae20b7248e307d593d0e1aced895dfbf73ac4b64263a4b79e728505a1d9
d0007/f000770	f	416	1700000000000000000	244	b7231fb06d935282bf9d1d614f5b0ceb130328fbd855a36af5b617da80dfb3e2
d0007/f000771	f	416	1700000000000000000	244	b0ead6688158728dee35a88bb6156ba9fadf089e22dcba128dc1ea5e9b38fb02
d0007/f000772	f	416	1700000000000000000	244	a6564ee4b7a17e0ce7ba4fd1eef63dd03f2363d26e4467d74bcd783f56663d6a
d0007/f000773	f	416	1700000000000000000	244	0c3a33f93ab09011efd6755894138fb589eb4e4f087b675dd1d7169e07db6d1d
d0007/f000774	f	416	1700000000000000000	244	773a812d746d2bf4775e7fd74d75bb841f2d982aaa911950d01777193ff8f901
d0007/f000775	f	416	1700000000000000000	244	80cba8c7ff5c8d65914b6d088d29a4c0feadea6a9bf78695554e3b9d76f9fd95
d0007/f000776	f	416	1700000000000000000	244	4ca879b49f5f91fd74325383beb6d9127ff27f5a0531f3d71f369725e70f345e
d0007/f000777	f	416	1700000000000000000	244	ac41d83bd08c5dd4342a05c459148c1d232de1761bb8e982ef857126cad5d786
d0007/f000778	f	416	1700000000000000000	244	07508e202209eedd2eeb62a39e6ef81e3e351d6392da72e4275f2878ec4b3162
d0007/f000779	f	416	1700000000000000000	244	9129c53431f94799fbde71d496e1a3d8798f646414e9349183f98320b2669e07
d0007/f000780	f	416	1700000000000000000	244	b0f5c54a7f0143d2abce6133e75aeffdac7bf48e0adf54c4de1b4c10311f0ae5
d0007/f000781	f	416	1700000000000000000	244	dd5ea94abbacc09ab22b801e6e091f69b419052a49c7b16aad1b36042e9435e7
d0007/f000782	f	416	1700000000000000000	244	f01d9253a7aa73cf913d9a3afa90e898a2f0076e8c91caa860a86eb9c8c42412
d0007/f000783	f	416	1700000000000000000	244	d709f1c576aa586ec5afdf941cde8dbaa4b8dcd72cf70ce00e79a03c3ca077c7
d0007/f000784	f	416	1700000000000000000	244	908ea79e7ab5b91c3b4c6624b8f6777ca9c8b126254a4c72ca4ac578f63b8aa8
d0007/f000785	f	416	1700000000000000000	244	ad482e89edba56712fd8b02874b5e3bed5eb66e7ed7f038bf117935cb1d683b3
d0007/f000786	f	416	1700000000000000000	244	4a34978fb8a59bcd364ae5c3005fb65d4abbc3ee0feb556ea17456642d345c41
d0007/f000787	f	416	1700000000000000000	244	726bb1f9e03ed9c5f836b184f06be331ad28dce51543a71626003ef8b07d34fc
d0007/f000788	f	416	1700000000000000000	244	5fab734f527d809abec0a3633b30254275deef05e841d632286be9521c64474c
d0007/f000789	f	416	1700000000000000000	244	5d062c440a34b04aed52a42ae6837ce354d43f1b9f66aafb6a68a29d5f3c80ea
d0007/f000790	f	416	1700000000000000000	244	c922495213e4c23f02eaa5a946c50dd529c7e286e36346712ae855198d46943a
d0007/f000791	f	416	1700000000000000000	244	46f29164a8edbd16763a5bfd1bb1405beb651b4d7349239699163ca282c501a7
d0007/f000792	f	416	1700000000000000000	244	cc974de534196116d37aec0722e4609bc415395e2a9cf37a474096ec5904a538
d0007/f000793	f	416	1700000000000000000	244	25de0c6f8243b05133f5e45993f4d81b37a82c96a085a8d1d7f01314ff5a8068
d0007/f000794	f	416	1700000000000000000	244	354aed1ca3160a9b905b5b9c5f9b4703c8084b3294c28cfff9f77a7c327f70af
d0007/f000795	f	416	1700000000000000000	244	d16274e8b9cbe0c5215ec377c62463d011fe212873c42b42f2174dd3b099d7ef
d0007/f000796	f	416	1700000000000000000	244	15c55528b453e1873a20421420d2b074149122ea49853dee6b22eda9879a1858
d0007/f000797	f	416	1700000000000000000	244	495db6fde38a81fd636ff2a0bf22b09a0c0a9157b5fcc53d406961d806cf08c7
d0007/f000798	f	416	1700000000000000000	244	e1732e7a1b0119274b3be4ec3446c31aa09cad1a3ac110eec4ffa3537787cbd4
d0007/f000799	f	416	1700000000000000000	244	74b9cfe9408dc89d7a9c6042572a90f276c269b2dc6b812e1ec85bf71f16cf73
d0008/f000800	f	416	1700000000000000000	15587	eb49a2d5f56676a151b3b3218acbf837cc07fbb48cd7f537c14d16944d78816c
d0008/f000801	f	416	1700000000000000000	15587	770f1f22ff16af4eb7f6d96b0584419575bba5a1f2cd9a026fff631f10cc7b8e
d0008/f000802	f	416	1700000000000000000	15587	d67386e951e49bb862f6d9ed8c8fc9d966f9580bd6b4dc1862f424e67f5bab3f
d0008/f000803	f	416	1700000000000000000	15587	60199b4304e483b7f38fe1f1957c500133bb321af4b41bb8aa344692cb0c0500
d0008/f000804	f	416	1700000000000000000	15587	7d4dda6a78526ec503ac6d1bb1b51cb26be39b6b114082a8c7d514e7a6e0743d
d0008/f000805	f	416	1700000000000000000	15587	76b368beac88a39f1cf692d9ce1f5d0b3521efdf3b539364afee61281d2ae903
d0008/f000806	f	416	1700000000000000000	15587	0c3951bd56704560c19a3de41e16b3a4b4a3250da6662b3e9f8f0de1f76ca3bd
d0008/f000807	f	416	1700000000000000000	15587	3fbfa96fe93bc667b718897b21b87b903cf2fa74a68bb1a393fc0bd6eb3a83a4
d0008/f000808	f	416	1700000000000000000	15587	b6f77cbb6b7cd7c5f8a570cff99a3a72c99964c663ebc89b99fcba622a00a42a
d0008/f000809	f	416	1700000000000000000	15587	e795ac95869f5f5ccbc9425bfab9d12c263f74366bcc0ef38a422fedbcca0e5b
d0008/f000810	f	416	1700000000000000000	15587	a2d02bcc971f1a0403604cf7cdc693a21f203de60a09d8c954bb4d33a1b3b99d
d0008/f000811	f	416	1700000000000000000	15587	a9102562883f97817724efa0fb207e4e601973fdf4827e87f09b4eb4a8d69c4b
d0008/f000812	f	416	1700000000000000000	15587	d5c602e7f20fac7bdadc1bd40cd91e0a31052652b03d7cd876a6a7ae13873c1c
d0008/f000813	f	416	1700000000000000000	15587	479404bc3c6acadbe32a1baadc8b15359e43446e24e71778b9df36504e7dcd9f
d0008/f000814	f	416	1700000000000000000	15587	ea02c03bcb593ae754d617ac6ebe45716705d12846a6c25e4bd5068d3993b5c8
d0008/f000815	f	416	1700000000000000000	15587	d7b0770d47428d7d511ba7d5a34b8d300d3dec86b4b2a0ec2d8fdf80b9c6f65f
d0008/f000816	f	416	1700000000000000000	15587	3b35054e4b96eaf6087a4a3b7366f47e85e80bdd6f663745ecafe81f91137207
d0008/f000817	f	416	1700000000000000000	15587	1d7afb7f987440183d891c904239c520ef4b1d1a502bca51b8ff750fdd7b04ec
d0008/f000818	f	416	1700000000000000000	15587	07b5db8711d86f1bdb5d5c2fe914162a50cce6b62515d97e7fc672964797ff24
d0008/f000819	f	416	1700000000000000000	15587	0542fdbb16c205f62e4d4ef963f5c13c3af3f20578e489a75e08ccc6065fd717
d0008/f000820	f	416	1700000000000000000	15587	a8fa09121e07cd277d4d506a6632236023e7a03bd54b88062526e938e03413bf
d0008/f000821	f	416	1700000000000000000	15587	21fdc22e9c75a10c24471b881f2828986d8bbfcc6146a703b07847b317608a15
d0008/f000822	f	416	1700000000000000000	15587	b6c678bf0c94a4aa6306660ff7aadaf8c8aa4bac0a276f74a3738c309debfa7d
d0008/f000823	f	416	1700000000000000000	15587	1cb114268a7f0f0c56e92ce8af903add27b7a62432c90609cf372a5ea173f19f
d0008/f000824	f	416	1700000000000000000	15587	a4117de5c5afe60e49fdc91207482914d14ff76dfdd31d4cda262b73a36bc06d
d0008/f000825	f	416	1700000000000000000	15587	279729eba2c9baffc6557938e80f9471a671e6f3e7d6c2ee8803c1fdc8fcf1ba
d0008/f000826	f	416	1700000000000000000	15587	56ab24ef2621cd201da019d1fb3da86dc80195927cec922a65eaea8ab778d218
d0008/f000827	f	416	1700000000000000000	15587	1dbc3ab2c18d24522344fc1d4fa6ae84d148c08ff2db9c4d4bed6b83ecdbc60f
d0008/f000828	f	416	1700000000000000000	15587	3a4e1d48c2c813ad0fb3dcaa22f97add16ba621246f3d826690f2b8025c49226
d0008/f000829	f	416	1700000000000000000	15587	e447c6e1b31931d0b4ce222d5d29db2f14c5d45297aedc90e089e8264042f590
d0008/f000830	f	416	1700000000000000000	15587	40dbe2ff8501d5f1dab9550042443b9749ed0f84de6f8523137109650122f9b2
d0008/f000831	f	416	1700000000000000000	15587	767a6e5f16a330aca12a5fba3ec6ff6a71a6989c48938596ce364549b0f13da4
d0008/f000832	f	416	1700000000000000000	15587	9b2d666cccbcc1333e37e65d4a9f434b7a99a4c26198ce9607b94bbfc7077cab
d0008/f000833	f	416	1700000000000000000	15587	9f3922996e0bd0cd8000a3fe7891ea69c2d769c9385af8d277421f5659d494e5
d0008/f000834	f	416	1700000000000000000	15587	e6a7bad4f6e9e6915d5969ef50ccb12bd010aad548c43e72eabd5a385b86b6dd
d0008/f000835	f	416	1700000000000000000	15587	12bedf1e0b66526d9c008d152e545d77c4ae149780fc218c9039f5a270dd4642
d0008/f000836	f	416	1700000000000000000	15587	bbee0a2a3ba7b02a6a1a65bf60596e7bdbc0c64974c8baeba983691213034cd6
d0008/f000837	f	416	1700000000000000000	15587	6e655234bba2201f241c4996d3ca61c0175b44fc07b6529aa9d36ee53488c8e8
d0008/f000838	f	416	1700000000000000000	15587	298233ebdf42e4ded6377d4b3d560449962cfb0d744f1e8623c8e6e1d8802188
d0008/f000839	f	416	1700000000000000000	15587	64799bd3b2edf52573008d0e346bf4f4298e37a32b3b1c7e30f49927a1bd849e
d0008/f000840	f	416	1700000000000000000	15587	23c2b593d4eea42903f74aae9fa340ade145bb87264ec6b28419174b0e9c1dba
d0008/f000841	f	416	1700000000000000000	15587	de1fac8bed834b191549fd6ef6f663e6144125303c1e693f244475b50cb2e23a
d0008/f000842	f	416	1700000000000000000	15587	1941bbaf383195fb166dc4f03fefea8be114372a25856b589d3a27bdee6644e2
d0008/f000843	f	416	1700000000000000000	15587	2c2b89343cb8610e7277409638e5682b786e9c60654ac4ef121d9278320ed766
d0008/f000844	f	416	1700000000000000000	15587	a6d7037415cd6d7b4abebfc84971d4e7fe8c56e19b1c497c9c2bdd7f3b6d98e1
d0008/f000845	f	416	1700000000000000000	15587	17428a7272cc7dde719fa587311c020a561d4c28a036e23ac59c68a4e69d4a6c
d0008/f000846	f	416	1700000000000000000	15587	75bdc87c2a65995701c8bb929c5ed1822ea99067a4c327e59f010c3ec202c718
d0008/f000847	f	416	1700000000000000000	15587	49f3a5af69a1e7dc21e008a1699caae36a0cb3815f46768e69cac945b648dbce
d0008/f000848	f	416	1700000000000000000	15587	04efdf0887a3abb9f5fab2c5266336b7c9d4c98c94c5181d04d1a0a97c5ad668
d0008/f000849	f	416	1700000000000000000	15587	baf09bb0f1314cc39eb3ac267d387821cc72661724fab7437f4d83c8a8c81062
d0008/f000850	f	416	1700000000000000000	15587	908e52d26d8b31c12c3dbd80190e808413448f414b0db96e646a63402e410c85
d0008/f000851	f	416	1700000000000000000	15587	7ecd6bfb08cacbfd8b17a3fcd2f4a7c1265ab41322ed7f459450740e93cc77bf
d0008/f000852	f	416	1700000000000000000	15587	ebe4b98490af35c4220374b0e58b431a859cd2c797b6f3d10ce6d12c6f9cc23a
d0008/f000853	f	416	1700000000000000000	15587	b0d685e35e7a8e36593c45215e0f0d2ee65b1760792d7ff5c5ef25ab2e995796
d0008/f000854	f	416	1700000000000000000	15587	b8840a81f54e2d939badd4846cecd4778ae2b561d086115888c78f16ec945275
d0008/f000855	f	416	1700000000000000000	15587	3a9c0087e225d7a0fde9a5291a5080910dd0b5bb8e24eb17e6fc117f963871f2
d0008/f000856	f	416	1700000000000000000	15587	e9ec9174a01d88446ac42b890a42631ca9f98f30abf5a7ae648b736fe369d12f
d0008/f000857	f	416	1700000000000000000	15587	5a1c80ce4462391b24e70f2596c5fc7e02633db1b3c4660b816dd910b0a8caeb
d0008/f000858	f	416	1700000000000000000	15587	0c978a5466e7dca041fb6e4cc867c0c182bc1d9e4820f2592d58c50866faad8e
d0008/f000859	f	416	1700000000000000000	15587	dc297a915f35ad30719d1fa43a5a8ecc3c56cbf7115c2d507929ce5af4281d4b
d0008/f000860	f	416	1700000000000000000	15587	b3dfad0b7377ad2058f020546ab73e25df816035a6d392fc057db2a19bf21dab
d0008/f000861	f	416	1700000000000000000	15587	670f695898e44c91d525aca503b5c3cf78c328e8a765416711b461a8a1a3975f
d0008/f000862	f	416	1700000000000000000	15587	f9d127c686e86d9da6c2b82630ed965a0671fb3183ee07b7466f251fc4ff295d
d0008/f000863	f	416	1700000000000000000	15587	46063061e8f9428f01452fd9bd5080ba85707b0d00a88654234b0721db692819
d0008/f000864	f	416	1700000000000000000	15587	ab7aca40ec43effb61a85c99328c349ef4b851114c2df5e13f4e2a6757e99617
d0008/f000865	f	416	1700000000000000000	15587	07064c40bc314ba1d54e4e8a13d2ed950a162282a916b79e2f8e605f1da0df83
d0008/f000866	f	416	1700000000000000000	15587	e77ef1e21d4a5d9b04ec193f8f026e817321822b1857d131e7ea13575b219782
d0008/f000867	f	416	1700000000000000000	15587	984924346128da081a84698c0b5ef1cb6878edecbbfde595c63b9d741b3e593a
d0008/f000868	f	416	1700000000000000000	15587	b25f03ffb36487cb1204dc8f24cd62ac345137e8024e6ed458f103a8a158ca20
d0008/f000869	f	416	1700000000000000000	15587	c0faf18f37b9e74556d5dbbe4c4db1707e4fd3e1119672ef6be86adefc9f727a
d0008/f000870	f	416	1700000000000000000	15587	bf08e980a531e4f4b0ffdf7257eb606e7e323d2fcdc7cac28ccfcb72c6cd7eff
d0008/f000871	f	416	1700000000000000000	15587	32699b582a04efba85659d7448a32642b07eadb5bd1ba76aa72a080fe5da2502
d0008/f000872	f	416	1700000000000000000	15587	822a730d4f8bd700cbfbc7c6989f3f326606007010bd49e4842048f2973e4356
d0008/f000873	f	416	1700000000000000000	15587	7014ea99268597ed8453a89da561d8328f9f8ea58b55f361247480d9cbc4e88d
d0008/f000874	f	416	1700000000000000000	15587	c4b63cf74690567ae697467f1f338a0158e3369c3474540fedac195976b8a296
d0008/f000875	f	416	1700000000000000000	15587	e621c65d819b9d4da778f99b4df0a963806445dd2683300f5ee618353d590944
d0008/f000876	f	416	1700000000000000000	15587	f761453e26f67e6d58411098000aea7c5016685a0d7b3abbfd16ac784f7d4c56
d0008/f000877	f	416	1700000000000000000	15587	85110448f09fe3b5d7da27a2c0d14cb6c887d4b84d9d4f0bb0c709ac2784a5b9
d0008/f000878	f	416	1700000000000000000	15587	eb67a0ad8f86b3ff736eeab36e817e33d7c150e3b7da5f557074cb09ee04bd8d
d0008/f000879	f	416	1700000000000000000	15587	5ea3447b449d6af48243deb491658e02978f1d6b410133c2bf5b2372c66e5d5f
d0008/f000880	f	416	1700000000000000000	15587	8cdd5b954f0890bb8695a0a4d842e64a5124c2856fc1cdffa53df756087f4743
d0008/f000881	f	416	1700000000000000000	15587	61290799c41e87b628c932e3c87e9d655a2755df76a7a687802ba2fc49b00d8c
d0008/f000882	f	416	1700000000000000000	15587	e371f66ca9f16726d095503365005772bf7aa92ff53a0af7dc9f4d4c9358e417
d0008/f000883	f	416	1700000000000000000	15587	05146cad85f660f91473ed59743f514bb604c28ec4380ffa71ae0b7e5db8caf6
d0008/f000884	f	416	1700000000000000000	15587	d8124aca3e3d7b1b7e362db616eee833d0765b3785471ecfb3246bc6847e4161
d0008/f000885	f	416	1700000000000000000	15587	641709540f3511df8b3479e833315afe78e83d01171256c47554edf368f0ad05
d0008/f000886	f	416	1700000000000000000	15587	4df081aa43da41fc4f0545194c169fe91934848d628f82225903985e174c3905
d0008/f000887	f	416	1700000000000000000	15587	22e459104973ab7e9a320c85847b90b47ae0525edb0378899ee8b81250c5bf76
d0008/f000888	f	416	1700000000000000000	15587	5ca2ffd7ed2d1b65b2f653d3cb04616fa22620a343998372d47ef8acf690bd6a
d0008/f000889	f	416	1700000000000000000	15587	9ce2289687e69973eea056a6ce53670fcaccb6a515ff48b82317445ad923a331
d0008/f000890	f	416	1700000000000000000	15587	32dcd2245015d1397852b3316239bc426bc6e364f50903bc6cb5b26c255f2182
d0008/f000891	f	416	1700000000000000000	15587	57a188c3ce050c28b3169b69afc18d0a825342a1663ed0c930ff7b3a233f12f9
d0008/f000892	f	416	1700000000000000000	15587	1d60cf89b48186c62a90ae9ffc9a2fbdd89d577b0804e5b5e74e0ff669de9cfa
d0008/f000893	f	416	1700000000000000000	15587	92b8824ccc3f04a5a3b84ad3e3559377a43b2e80a1d3ef765f04cb83fcc3f917
d0008/f000894	f	416	1700000000000000000	15587	473cc931329bd1c0bdb53aebb3633a95ae0953f1c32a38d1decab0c994ceb759
d0008/f000895	f	416	1700000000000000000	15587	4493f9f06ac1e71f57356569a09b18a644cb258e4ef7eec3f73eaea658de5f86
d0008/f000896	f	416	1700000000000000000	15587	e15dda33f4607c178deb42f6083990dafdeec3f6d7760cac13cde2d0e3604eeb
d0008/f000897	f	416	1700000000000000000	15587	a572f115da48ced44cf4c1a973e1410ecca5ab3e52b9307dfca031e60be31691
d0008/f000898	f	416	1700000000000000000	15587	7ceececdcfafd867e1420a4d67bfe81c2f3e25eae8ed2577ab58e187d87d311e
d0008/f000899	f	416	1700000000000000000	15587	3de0bbda80f4fe20532cc54a700a5de9ea758a7fbe73fe7d1150ca89429eecec
d0009/f000900	f	416	1700000000000000000	15587	1be8931d7d7787fcc8e8b47ff3dd2c7c4067d7418fb8826b109dac79feaf97c2
d0009/f000901	f	416	1700000000000000000	15587	de43f059539f6e22d4e92ff2c0784fa85e9c524613123e10c66a7244f0f09811
d0009/f000902	f	416	1700000000000000000	15587	fa6d30e434acd1b43a896bbcb2865bd31ed9e374989eed9e98ce576bd8b01023
d0009/f000903	f	416	1700000000000000000	15587	dba56bb2076da223622a1632e75d41e3aba03f513fb93bd957352a305b3c2d4f
d0009/f000904	f	416	1700000000000000000	15587	3232af798ebf6e38490b804d516097bb7d58e6c5911e30ee600976b33cee1906
d0009/f000905	f	416	1700000000000000000	15587	d0d700d99fa9e6ed2a104cf00f1dab8c75ea05c3a6d82246971e2a6ae3102987
d0009/f000906	f	416	1700000000000000000	15587	a64d309fceb3c30a05540477ae2a03eb9592834a9d7f00855c79777905741d62
d0009/f000907	f	416	1700000000000000000	15587	5db25169681938bd7798006a3f0fb26999eac20b8fc9c54f507cc41b7df5d71a
d0009/f000908	f	416	1700000000000000000	15587	5370123d1631a940500221ac7379fd579351663f1a79d00f46e1c0bed9b06845
d0009/f000909	f	416	1700000000000000000	15587	3d8fa37f194181fd717f7f1eb577d7006a876c9d09fac8e9ca8e07a0c695f714
d0009/f000910	f	416	1700000000000000000	15587	7935baee1be05d0805d7434b0adaed56f02999f821caa5eec2c8e2f9efdb8151
d0009/f000911	f	416	1700000000000000000	15587	0ef61fa572e1238df28c7a69fd39a4ce7f720756422183b258aafd3ba699238c
d0009/f000912	f	416	1700000000000000000	15587	47dbe25a9334d5df7a8c4546c8f5e4856e6e81a065769c543d1370c31cff632f
d0009/f000913	f	416	1700000000000000000	15587	9d6971b8eecba86aadc5f681d27d1884813243a0ae130560f8d301c43fa56b3b
d0009/f000914	f	416	1700000000000000000	15587	e7f187e0e2f24c200027e07aa0e846b8873cb878c00c3fdea59aeebd74dedaea
d0009/f000915	f	416	1700000000000000000	15587	da09ea8a9938adfa5c15ffd74d516e18185cd90dd9c899590a56bb33068493e1
d0009/f000916	f	416	1700000000000000000	15587	5a2724047983dd3581c5e9d350b872769b4715a105efe8aa98e128d4b70dea24
d0009/f000917	f	416	1700000000000000000	15587	6850141f5c3b954b29b0253b60c71aad888d03d9a247378a1c39a96b46c8c43f
d0009/f000918	f	416	1700000000000000000	15587	0c82ce7bc1726d4e918d8dffb8fd86c742ed9f3d418dcdb6b11ef2cc1d1f8c6d
d0009/f000919	f	416	1700000000000000000	15587	f7b1a0e5f8ff41b2ec1789f3138f03fa9ba0cb6ad233b4a02f0fa3fd3e3ee0cc
d0009/f000920	f	416	1700000000000000000	15587	78f3e25d2ff2c12fd781411fe0e261e156033ff6896ea5e7a33a65aa921c2b76
d0009/f000921	f	416	1700000000000000000	15587	91724dae586672d9a2960db164b0901b80cb35378c19b37c072c4915eb103a11
d0009/f000922	f	416	1700000000000000000	15587	86c80b3edda7c7f64b7f7989c61dcde399cdc243dd750b246695025aa9b8544d
d0009/f000923	f	416	1700000000000000000	15587	bed503eb46bec670f557fff3f668fcf81c59e5c8318bf45774ca64cfba512164
d0009/f000924	f	416	1700000000000000000	15587	cacdde1fa21a3d757b087075a35cee9091af4c46a058de56eef1d2204fc9d66e
d0009/f000925	f	416	1700000000000000000	15587	d522f31f3e24f3d265fd055feaf926b2accb4c440653aaf8bd4e12470173c2d9
d0009/f000926	f	416	1700000000000000000	15587	56f73c7b6de6a9e842fa4b1afe53601dff13afa3a38ec9461ecc586aaa4aa91b
d0009/f000927	f	416	1700000000000000000	15587	e93bd79b1d2d3a226a99c2e0a1f1d876f590caec84f0f4b3469f0d23e0179519
d0009/f000928	f	416	1700000000000000000	15587	cd2c526a2887d23e160e47cb00a24335bb05671271edb1af2c556a06ad608fb9
d0009/f000929	f	416	1700000000000000000	15587	0e10dbc56ad3e1102267590a5e8ea3e3e0ffd53205c114a6ef4a91eaa9a1b8ea
d0009/f000930	f	416	1700000000000000000	15587	6471727c2202272ea1463610cf9ee7b36f11bb17908bef617c6b34ccf444260d
d0009/f000931	f	416	1700000000000000000	15587	d68cfe9a5be59cb36d1df2aeb72fa5f2ebd22e46fcda041f465e8962755bab52
d0009/f000932	f	416	1700000000000000000	15587	41279e264b550d8a43f046d46c29c4aaeb3a8e543ceb7c97ed910d9f9ddd226b
d0009/f000933	f	416	1700000000000000000	15587	3b5e0b879bb60ad39b1fb340a70d085926780e132b896fba1ac072f6fb95c29f
d0009/f000934	f	416	1700000000000000000	15587	169d9492cf82183c77b06844de259d2a1d14ef8d06109ef488a93f048e41749c
d0009/f000935	f	416	1700000000000000000	15587	c2e433f788d853acecd69efcc1616de16167ceada3717c79bde124362fd9c409
d0009/f000936	f	416	1700000000000000000	15587	1e29c27cd91c0a997b4314b22b3bc8eae161d52b16a2941b8237c08b5a162e39
d0009/f000937	f	416	1700000000000000000	15587	1198623570eab022013a020fd0f40964f59ab2988ff17c26bdaa6ab68619b4ff
d0009/f000938	f	416	1700000000000000000	15587	166b102e4d24706656586885facba68baaceeeacd5a043f793b57d5833413c22
d0009/f000939	f	416	1700000000000000000	15587	f6375937b9c9e2078edf352d8d09043c39412b10f2cc85829de75a668b5e95a4
d0009/f000940	f	416	1700000000000000000	15587	aeb31382cc7a0dc6932e5410fd73b850357332f6dc4f0179a88bbcab2fd70d9d
d0009/f000941	f	416	1700000000000000000	15587	2990f31624bd332218ada9202414ccfa5e8771b7af7092e4416ec08fcb44d1be
d0009/f000942	f	416	1700000000000000000	15587	23974e05197b47f8e081c8a385c4b078716f600ab0b7147ebe08a84d4de060f4
d0009/f000943	f	416	1700000000000000000	15587	c1a34253ccd1fb7bbed963a6abfa74e829e46db3d90958f4449a3e0de87309d6
d0009/f000944	f	416	1700000000000000000	15587	06eba0a1b2a08e6ebf6c10dab2dfe249c174ab5d22766c2e457dd8dc0a5af6b2
d0009/f000945	f	416	1700000000000000000	15587	4fe30e934465d29690181f18d2969038f678eeceb36babffb4aee64996422603
d0009/f000946	f	416	1700000000000000000	15587	957bf8e8b90af7547b98f9883c3cf82de784c0f449a5068c6396693ab5216047
d0009/f000947	f	416	1700000000000000000	15587	e172a4e9065b8cb4e29744be751fd97691f950c6965eab02c88ffaace0140e26
d0009/f000948	f	416	1700000000000000000	15587	e2e5bfce64b4a78789f5dcf4dfa2553bf3f235b53373829761342c10d9aec06a
d0009/f000949	f	416	1700000000000000000	15587	1f7cebacbd040eb21aba341c8d8a53d9849ce409d5a7bd1eadc6c3884b11de53
d0009/f000950	f	416	1700000000000000000	249379	b0facfa4d356168ea47c150e3d200ec74857a5f4add7c28e91337e1a76e272bc
d0009/f000951	f	416	1700000000000000000	249379	7a64c5496437000940aa93118425c37034e13d3b656518003316ccc229cafcb3
d0009/f000952	f	416	1700000000000000000	249379	f145f8e232256c9dc79311d880ff5f6e42903174c5423fa177efa37b6e66bf1c
d0009/f000953	f	416	1700000000000000000	249379	453e4d3e4f23ee8f99a0d3b94c7837e2491c3ca07afc72f0d2e88f1d94437c85
d0009/f000954	f	416	1700000000000000000	249379	d199086e6f78bd5ceaf19ccdc565a7b94433c7d58536ce083da2446df80a27a1
d0009/f000955	f	416	1700000000000000000	249379	3a7be9adf005d451792efd8d71e698ee932a0c674e0188dc5fd179b0a1f58fba
d0009/f000956	f	416	1700000000000000000	249379	b593fee9b0051a0e85c1ef190469a1b8cc5e84daad64a3cfce0a43534cbd9e52
d0009/f000957	f	416	1700000000000000000	249379	81b6771062c88a7a42c7f8491812e21446eac91633bb7ed64a105a7af1440625
d0009/f000958	f	416	1700000000000000000	249379	556bd29302a80ead8240b8cee2f9f19021b37d06131987230e621ccdda0c40f0
d0009/f000959	f	416	1700000000000000000	249379	1f56ab5d6e0d9bd9ec25d9f7f9e553d1dbe2c304cfa164d2e87ae968bdb3764c
d0009/f000960	f	416	1700000000000000000	249379	8232be33f0c46e7ae6714c5f2e2f699e04687055daca4efdb6df289436bb5ad7
d0009/f000961	f	416	1700000000000000000	249379	768f323d9e0337024f940bd429bd7e54aa871021a92bce4b74690b6d00566f85
d0009/f000962	f	416	1700000000000000000	249379	4fbc5bcf6898a5685c4eae57adfa4201f592b26d60c08507ab82dc88d0e567c3
d0009/f000963	f	416	1700000000000000000	249379	7e7ecd6ebe7cddc9a493b0dd753c4712b868e018ec6abf4cdcc7ae2b680cc25e
d0009/f000964	f	416	1700000000000000000	249379	20ee8572689d94b468419e83a986b12a85687b9d231a07b7d3fe78d40f080960
d0009/f000965	f	416	1700000000000000000	249379	e62623363d9f53ad7aa6702604c40839fdb2fd1f9ae699c03d97d27ca18c37eb
d0009/f000966	f	416	1700000000000000000	249379	291c905edc6a3d219bc12d01dc11af2670dddb460096735147a3625107589be0
d0009/f000967	f	416	1700000000000000000	249379	ff9720a6a20ca7fb041187923af96e5f7f5955eba06b26d5faa52a33c5bd8705
d0009/f000968	f	416	1700000000000000000	249379	2035fffde6a5a85177854e22ba1b0f2858dfc61126f887e5dee86311fa0931f9
d0009/f000969	f	416	1700000000000000000	249379	a422dab81bd6a182d07c60350f36c103600cf57f2bd62503bb429426f2ddaaa6
d0009/f000970	f	416	1700000000000000000	249379	4e5bb46f30e122db334f73c19d6076fe5e1be668d204101321913bafa2c22621
d0009/f000971	f	416	1700000000000000000	249379	1904cc0fe9cfc6e3e2721f2e4b5c36f42761b78811e8763e889250d7884a0ceb
d0009/f000972	f	416	1700000000000000000	249379	64614610b1bd6a97fe9bfba6991785f997ed385056355987bbd8b3a653d6a47c
d0009/f000973	f	416	1700000000000000000	249379	71294af2b7d8d1fc2a51dd8d96854534a2cb3921e67dcfb0b2dae35b8dc27d9c
d0009/f000974	f	416	1700000000000000000	249379	eab6bba09e63d801627645896dd08cb2768195a054c1e0e2964cb0464018ea2a
d0009/f000975	f	416	1700000000000000000	249379	7b12b7e3d1540f54526c0650fc5053cf4966176080b15421f6fae3524ca96891
d0009/f000976	f	416	1700000000000000000	249379	55c896c0151ab7f282c4bbdf5b97adbae3a506234d8a7aa4429b6bfe3a7bc1da
d0009/f000977	f	416	1700000000000000000	249379	1d375a3c93ad80f22b473783ca40443d5a1f7f5fd047810e06b91b29378edb82
d0009/f000978	f	416	1700000000000000000	249379	cc00797983d1b92f1ecef0bdc6ed34cb77e193634ea6aa6fe76bee33d064369a
d0009/f000979	f	416	1700000000000000000	249379	d963c72c70ed2340f4637c75119001f1df7f32a0606020d5981e13e49c9af34a
d0009/f000980	f	416	1700000000000000000	249379	0bae7957ba12cd4a66175ea065c04282f1ed7d8ad236aa5608667288774ce21c
d0009/f000981	f	416	1700000000000000000	249379	b7b40f55896112817a3169b6ab8c91f15880f1b5ee02909b40d72c8b36d6074f
d0009/f000982	f	416	1700000000000000000	249379	5300b1be8933ea6b515281a58782a5ea331f1cf2982a42758f53a96821748370
d0009/f000983	f	416	1700000000000000000	249379	8533d888fc06ec2c2f234b478cc206604f555fcb5c34b3c6ba2c84b10111b202
d0009/f000984	f	416	1700000000000000000	249379	4f7d53cc2f277e406d7a8bdca1905b431c22698e0ef6de7505c02cef26ff6a08
d0009/f000985	f	416	1700000000000000000	249379	5b5f91d5ac5ce557f8e7da17072581e8c5b16c848b9e2a5d789ce925ab5630fd
d0009/f000986	f	416	1700000000000000000	249379	2fec3e8bed3a1a4815b92baa0aabaadee9f5119b47596b8921d2e27365de479f
d0009/f000987	f	416	1700000000000000000	249379	56c3ffb4d6c724f99e2ff1f60e9cce4faf4a2c874ee520807d2f768a533f3049
d0009/f000988	f	416	1700000000000000000	249379	97a4c29647689796ebb500e2802f8de06e74b2f7e20c4ecbb5e461148f14adef
d0009/f000989	f	416	1700000000000000000	249379	6f500a226c838be9ef99e8d3c2a8be73da1819d1145d90b591e6b59e6d0bd852
d0009/f000990	f	416	1700000000000000000	249379	468635c494300343f8ed2ad29220ef4567a6668ab57a5ea509f3b9b6d31b7bcd
d0009/f000991	f	416	1700000000000000000	249379	46230e6d4ca9f229524b83a2086cb492d8853b90aeaffe62f837dee96ae8c304
d0009/f000992	f	416	1700000000000000000	249379	1e3458a5dbbf93a88b88695ba1adb71afcb5174e1f62a02553c34c07b087822b
d0009/f000993	f	416	1700000000000000000	249379	b76004faadda2b59306e7fb8ca99afca148b88062cdcdf957180bf889904d371
d0009/f000994	f	416	1700000000000000000	249379	4f26206fff58676adbb0501567ea6a22423564d5ec774d966565f673d857a887
d0009/f000995	f	416	1700000000000000000	249379	d7d97082223378059df6cd132b30fcd45fd480f727e5b97c22104a32e104ebb9
d0009/f000996	f	416	1700000000000000000	249379	876a873567eeedd2f161104db98fd92a67499af70d1ddfedbba8cc3983138b13
d0009/f000997	f	416	1700000000000000000	249379	730b6a4ad2ca1b1267a69749c2790a917dc8e8d6f9ef49e0b8c9acacabdcc81e
d0009/f000998	f	416	1700000000000000000	249379	dc1220dbc61a736a4081de76e01a2e2404cd4fc545e32299be453acdbc559c9d
d0009/f000999	f	416	1700000000000000000	249379	ba7d568a59045fa716acaffc2050c9736b2c8ec4a8742e93b7fe900691d809c1
