LFT1 {"v":1,"namespace":13710895918682022928,"run":"0388b7df3c6bbe5fc5bf9044daa9cf3f","pid":1,"role":2,"kind":"resource","scope":"process-shared","clock":"local-monitor","at_ns":79708,"incarnation":8311343,"user_ns":0,"source":"procfs+sysconf","probe_ns":20750,"selected":3,"system_ns":0,"rss":1253376}
sandbox control ready 0.0.0.0:23456
LFT1 {"v":1,"namespace":13710895918682022928,"run":"0388b7df3c6bbe5fc5bf9044daa9cf3f","pid":1,"role":2,"kind":"operation","key":1,"timing":{"name": "SandboxHello", "elapsed_ns": 11291, "children": []},"success":true,"resource_status":"sampled","samples":1,"gaps":0,"concurrency":1,"cpu_shared_ns":null,"scope":"process-shared","clock":"local-monitor","first_ns":32678708,"opened_ns":34274916,"closed_ns":34287500,"last_ns":32678708,"incarnation":8311343,"largest_gap_ns":0,"source":"procfs+sysconf","last_probe_ns":32625,"selected":3,"sampled_max_rss":1908736}
LFT1 {"v":1,"namespace":13710895918682022928,"run":"0388b7df3c6bbe5fc5bf9044daa9cf3f","pid":1,"role":2,"kind":"operation","key":1,"timing":{"name": "SandboxHello", "elapsed_ns": 8333, "children": []},"success":true,"resource_status":"sampled","samples":1,"gaps":0,"concurrency":1,"cpu_shared_ns":null,"scope":"process-shared","clock":"local-monitor","first_ns":101861541,"opened_ns":103507958,"closed_ns":103522708,"last_ns":101861541,"incarnation":8311343,"largest_gap_ns":0,"source":"procfs+sysconf","last_probe_ns":61084,"selected":3,"sampled_max_rss":2039808}
LFT1 {"v":1,"namespace":13710895918682022928,"run":"0388b7df3c6bbe5fc5bf9044daa9cf3f","pid":1,"role":2,"kind":"operation","key":1,"timing":{  "name": "HistoryQuery",  "elapsed_ns": 3188458,  "children": [    {      "name": "daemon.service_connect",      "elapsed_ns": 1620041,      "children": [        {"name": "daemon.service_tcp_connect", "elapsed_ns": 795958, "children": []},        {"name": "daemon.service_noise_auth", "elapsed_ns": 822959, "children": []}      ]    },    {"name": "daemon.service_hello", "elapsed_ns": 256417, "children": []},    {"name": "daemon.service_call", "elapsed_ns": 1295792, "children": []}  ]},"success":true,"resource_status":"sampled","samples":1,"gaps":0,"concurrency":1,"cpu_shared_ns":null,"scope":"process-shared","clock":"local-monitor","first_ns":101861541,"opened_ns":104165750,"closed_ns":107356041,"last_ns":101861541,"incarnation":8311343,"largest_gap_ns":0,"source":"procfs+sysconf","last_probe_ns":61084,"selected":3,"sampled_max_rss":2039808}
LFT1 {"v":1,"namespace":13710895918682022928,"run":"0388b7df3c6bbe5fc5bf9044daa9cf3f","pid":1,"role":2,"kind":"operation","key":2,"timing":{  "name": "Inspect",  "elapsed_ns": 2061375,  "children": [    {"name": "daemon.service_call", "elapsed_ns": 2059834, "children": []}  ]},"success":true,"resource_status":"sampled","samples":1,"gaps":0,"concurrency":1,"cpu_shared_ns":null,"scope":"process-shared","clock":"local-monitor","first_ns":101861541,"opened_ns":107382958,"closed_ns":109446083,"last_ns":101861541,"incarnation":8311343,"largest_gap_ns":0,"source":"procfs+sysconf","last_probe_ns":61084,"selected":3,"sampled_max_rss":2039808}
LFT1 {"v":1,"namespace":13710895918682022928,"run":"0388b7df3c6bbe5fc5bf9044daa9cf3f","pid":1,"role":2,"kind":"operation","key":2,"timing":{  "name": "WorkspaceOpen",  "elapsed_ns": 13123000,  "children": [    {"name": "daemon.workspace_attach", "elapsed_ns": 5521708, "children": []},    {"name": "daemon.fuse_mount", "elapsed_ns": 7583167, "children": []}  ]},"success":true,"resource_status":"sampled","samples":2,"gaps":0,"concurrency":1,"cpu_shared_ns":[0,0],"scope":"process-shared","clock":"local-monitor","first_ns":101861541,"opened_ns":104131041,"closed_ns":117255750,"last_ns":111165750,"incarnation":8311343,"largest_gap_ns":9304209,"source":"procfs+sysconf","last_probe_ns":19042,"selected":3,"sampled_max_rss":6148096}
LFT1 {"v":1,"namespace":13710895918682022928,"run":"0388b7df3c6bbe5fc5bf9044daa9cf3f","pid":1,"role":2,"kind":"operation","key":3,"timing":{"name": "SandboxHello", "elapsed_ns": 10500, "children": []},"success":true,"resource_status":"sampled","samples":1,"gaps":0,"concurrency":1,"cpu_shared_ns":null,"scope":"process-shared","clock":"local-monitor","first_ns":111165750,"opened_ns":118778833,"closed_ns":118790041,"last_ns":111165750,"incarnation":8311343,"largest_gap_ns":0,"source":"procfs+sysconf","last_probe_ns":19042,"selected":3,"sampled_max_rss":6148096}
LFT1 {"v":1,"namespace":13710895918682022928,"run":"0388b7df3c6bbe5fc5bf9044daa9cf3f","pid":1,"role":2,"kind":"operation","key":3,"timing":{  "name": "Inspect",  "elapsed_ns": 2486542,  "children": [    {"name": "daemon.service_call", "elapsed_ns": 2483666, "children": []}  ]},"success":true,"resource_status":"sampled","samples":1,"gaps":0,"concurrency":1,"cpu_shared_ns":null,"scope":"process-shared","clock":"local-monitor","first_ns":120970333,"opened_ns":126698541,"closed_ns":129186541,"last_ns":120970333,"incarnation":8311343,"largest_gap_ns":0,"source":"procfs+sysconf","last_probe_ns":20375,"selected":3,"sampled_max_rss":18587648}
LFS_EXTENT_SPLICE v=1 root_height=0 leaf_visits=0 branch_visits=0 leaf_visit_records=0 branch_visit_children=0 leaf_writes=1 branch_writes=0 leaf_write_records=2 branch_write_children=0 leaf_min=2 leaf_max=2 child_edges_added=0 custody_edges_added=1
LFS_EXTENT_SPLICE v=1 root_height=0 leaf_visits=1 branch_visits=0 leaf_visit_records=2 branch_visit_children=0 leaf_writes=1 branch_writes=0 leaf_write_records=4 branch_write_children=0 leaf_min=4 leaf_max=4 child_edges_added=0 custody_edges_added=2
LFS_EXTENT_SPLICE v=1 root_height=0 leaf_visits=1 branch_visits=0 leaf_visit_records=4 branch_visit_children=0 leaf_writes=1 branch_writes=0 leaf_write_records=6 branch_write_children=0 leaf_min=6 leaf_max=6 child_edges_added=0 custody_edges_added=3
LFS_EXTENT_SPLICE v=1 root_height=0 leaf_visits=1 branch_visits=0 leaf_visit_records=6 branch_visit_children=0 leaf_writes=1 branch_writes=0 leaf_write_records=8 branch_write_children=0 leaf_min=8 leaf_max=8 child_edges_added=0 custody_edges_added=4
LFS_EXTENT_SPLICE v=1 root_height=0 leaf_visits=1 branch_visits=0 leaf_visit_records=8 branch_visit_children=0 leaf_writes=1 branch_writes=0 leaf_write_records=10 branch_write_children=0 leaf_min=10 leaf_max=10 child_edges_added=0 custody_edges_added=5
LFS_EXTENT_SPLICE v=1 root_height=0 leaf_visits=1 branch_visits=0 leaf_visit_records=10 branch_visit_children=0 leaf_writes=1 branch_writes=0 leaf_write_records=12 branch_write_children=0 leaf_min=12 leaf_max=12 child_edges_added=0 custody_edges_added=6
LFS_EXTENT_SPLICE v=1 root_height=0 leaf_visits=1 branch_visits=0 leaf_visit_records=12 branch_visit_children=0 leaf_writes=1 branch_writes=0 leaf_write_records=14 branch_write_children=0 leaf_min=14 leaf_max=14 child_edges_added=0 custody_edges_added=7
LFS_EXTENT_SPLICE v=1 root_height=0 leaf_visits=1 branch_visits=0 leaf_visit_records=14 branch_visit_children=0 leaf_writes=1 branch_writes=0 leaf_write_records=16 branch_write_children=0 leaf_min=16 leaf_max=16 child_edges_added=0 custody_edges_added=8
LFS_EXTENT_SPLICE v=1 root_height=0 leaf_visits=1 branch_visits=0 leaf_visit_records=16 branch_visit_children=0 leaf_writes=1 branch_writes=0 leaf_write_records=18 branch_write_children=0 leaf_min=18 leaf_max=18 child_edges_added=0 custody_edges_added=9
LFS_EXTENT_SPLICE v=1 root_height=0 leaf_visits=1 branch_visits=0 leaf_visit_records=18 branch_visit_children=0 leaf_writes=1 branch_writes=0 leaf_write_records=20 branch_write_children=0 leaf_min=20 leaf_max=20 child_edges_added=0 custody_edges_added=10
LFS_EXTENT_SPLICE v=1 root_height=0 leaf_visits=1 branch_visits=0 leaf_visit_records=20 branch_visit_children=0 leaf_writes=1 branch_writes=0 leaf_write_records=22 branch_write_children=0 leaf_min=22 leaf_max=22 child_edges_added=0 custody_edges_added=11
LFS_EXTENT_SPLICE v=1 root_height=0 leaf_visits=1 branch_visits=0 leaf_visit_records=22 branch_visit_children=0 leaf_writes=1 branch_writes=0 leaf_write_records=24 branch_write_children=0 leaf_min=24 leaf_max=24 child_edges_added=0 custody_edges_added=12
LFS_EXTENT_SPLICE v=1 root_height=0 leaf_visits=1 branch_visits=0 leaf_visit_records=24 branch_visit_children=0 leaf_writes=1 branch_writes=0 leaf_write_records=26 branch_write_children=0 leaf_min=26 leaf_max=26 child_edges_added=0 custody_edges_added=13
LFS_EXTENT_SPLICE v=1 root_height=0 leaf_visits=1 branch_visits=0 leaf_visit_records=26 branch_visit_children=0 leaf_writes=1 branch_writes=0 leaf_write_records=28 branch_write_children=0 leaf_min=28 leaf_max=28 child_edges_added=0 custody_edges_added=14
LFS_EXTENT_SPLICE v=1 root_height=0 leaf_visits=1 branch_visits=0 leaf_visit_records=28 branch_visit_children=0 leaf_writes=1 branch_writes=0 leaf_write_records=30 branch_write_children=0 leaf_min=30 leaf_max=30 child_edges_added=0 custody_edges_added=15
LFS_EXTENT_SPLICE v=1 root_height=0 leaf_visits=1 branch_visits=0 leaf_visit_records=30 branch_visit_children=0 leaf_writes=1 branch_writes=0 leaf_write_records=32 branch_write_children=0 leaf_min=32 leaf_max=32 child_edges_added=0 custody_edges_added=16
LFS_EXTENT_SPLICE v=1 root_height=0 leaf_visits=1 branch_visits=0 leaf_visit_records=32 branch_visit_children=0 leaf_writes=1 branch_writes=0 leaf_write_records=34 branch_write_children=0 leaf_min=34 leaf_max=34 child_edges_added=0 custody_edges_added=17
LFS_EXTENT_SPLICE v=1 root_height=0 leaf_visits=1 branch_visits=0 leaf_visit_records=34 branch_visit_children=0 leaf_writes=1 branch_writes=0 leaf_write_records=36 branch_write_children=0 leaf_min=36 leaf_max=36 child_edges_added=0 custody_edges_added=18
LFS_EXTENT_SPLICE v=1 root_height=0 leaf_visits=1 branch_visits=0 leaf_visit_records=36 branch_visit_children=0 leaf_writes=1 branch_writes=0 leaf_write_records=38 branch_write_children=0 leaf_min=38 leaf_max=38 child_edges_added=0 custody_edges_added=19
LFS_EXTENT_SPLICE v=1 root_height=0 leaf_visits=1 branch_visits=0 leaf_visit_records=38 branch_visit_children=0 leaf_writes=1 branch_writes=0 leaf_write_records=40 branch_write_children=0 leaf_min=40 leaf_max=40 child_edges_added=0 custody_edges_added=20
LFS_EXTENT_SPLICE v=1 root_height=0 leaf_visits=1 branch_visits=0 leaf_visit_records=40 branch_visit_children=0 leaf_writes=1 branch_writes=0 leaf_write_records=42 branch_write_children=0 leaf_min=42 leaf_max=42 child_edges_added=0 custody_edges_added=21
LFS_EXTENT_SPLICE v=1 root_height=0 leaf_visits=1 branch_visits=0 leaf_visit_records=42 branch_visit_children=0 leaf_writes=1 branch_writes=0 leaf_write_records=44 branch_write_children=0 leaf_min=44 leaf_max=44 child_edges_added=0 custody_edges_added=22
LFS_EXTENT_SPLICE v=1 root_height=0 leaf_visits=1 branch_visits=0 leaf_visit_records=44 branch_visit_children=0 leaf_writes=1 branch_writes=0 leaf_write_records=46 branch_write_children=0 leaf_min=46 leaf_max=46 child_edges_added=0 custody_edges_added=23
LFS_EXTENT_SPLICE v=1 root_height=0 leaf_visits=1 branch_visits=0 leaf_visit_records=46 branch_visit_children=0 leaf_writes=1 branch_writes=0 leaf_write_records=48 branch_write_children=0 leaf_min=48 leaf_max=48 child_edges_added=0 custody_edges_added=24
LFS_EXTENT_SPLICE v=1 root_height=0 leaf_visits=1 branch_visits=0 leaf_visit_records=48 branch_visit_children=0 leaf_writes=1 branch_writes=0 leaf_write_records=50 branch_write_children=0 leaf_min=50 leaf_max=50 child_edges_added=0 custody_edges_added=25
LFS_EXTENT_SPLICE v=1 root_height=0 leaf_visits=1 branch_visits=0 leaf_visit_records=50 branch_visit_children=0 leaf_writes=1 branch_writes=0 leaf_write_records=52 branch_write_children=0 leaf_min=52 leaf_max=52 child_edges_added=0 custody_edges_added=26
LFS_EXTENT_SPLICE v=1 root_height=0 leaf_visits=1 branch_visits=0 leaf_visit_records=52 branch_visit_children=0 leaf_writes=1 branch_writes=0 leaf_write_records=54 branch_write_children=0 leaf_min=54 leaf_max=54 child_edges_added=0 custody_edges_added=27
LFS_EXTENT_SPLICE v=1 root_height=0 leaf_visits=1 branch_visits=0 leaf_visit_records=54 branch_visit_children=0 leaf_writes=1 branch_writes=0 leaf_write_records=56 branch_write_children=0 leaf_min=56 leaf_max=56 child_edges_added=0 custody_edges_added=28
LFS_EXTENT_SPLICE v=1 root_height=0 leaf_visits=1 branch_visits=0 leaf_visit_records=56 branch_visit_children=0 leaf_writes=1 branch_writes=0 leaf_write_records=58 branch_write_children=0 leaf_min=58 leaf_max=58 child_edges_added=0 custody_edges_added=29
LFS_EXTENT_SPLICE v=1 root_height=0 leaf_visits=1 branch_visits=0 leaf_visit_records=58 branch_visit_children=0 leaf_writes=1 branch_writes=0 leaf_write_records=60 branch_write_children=0 leaf_min=60 leaf_max=60 child_edges_added=0 custody_edges_added=30
LFS_EXTENT_SPLICE v=1 root_height=0 leaf_visits=1 branch_visits=0 leaf_visit_records=60 branch_visit_children=0 leaf_writes=1 branch_writes=0 leaf_write_records=62 branch_write_children=0 leaf_min=62 leaf_max=62 child_edges_added=0 custody_edges_added=31
LFS_EXTENT_SPLICE v=1 root_height=0 leaf_visits=1 branch_visits=0 leaf_visit_records=62 branch_visit_children=0 leaf_writes=1 branch_writes=0 leaf_write_records=64 branch_write_children=0 leaf_min=64 leaf_max=64 child_edges_added=0 custody_edges_added=32
LFS_EXTENT_SPLICE v=1 root_height=0 leaf_visits=1 branch_visits=0 leaf_visit_records=64 branch_visit_children=0 leaf_writes=1 branch_writes=0 leaf_write_records=66 branch_write_children=0 leaf_min=66 leaf_max=66 child_edges_added=0 custody_edges_added=33
LFS_EXTENT_SPLICE v=1 root_height=0 leaf_visits=1 branch_visits=0 leaf_visit_records=66 branch_visit_children=0 leaf_writes=1 branch_writes=0 leaf_write_records=68 branch_write_children=0 leaf_min=68 leaf_max=68 child_edges_added=0 custody_edges_added=34
LFS_EXTENT_SPLICE v=1 root_height=0 leaf_visits=1 branch_visits=0 leaf_visit_records=68 branch_visit_children=0 leaf_writes=1 branch_writes=0 leaf_write_records=70 branch_write_children=0 leaf_min=70 leaf_max=70 child_edges_added=0 custody_edges_added=35
LFS_EXTENT_SPLICE v=1 root_height=0 leaf_visits=1 branch_visits=0 leaf_visit_records=70 branch_visit_children=0 leaf_writes=1 branch_writes=0 leaf_write_records=72 branch_write_children=0 leaf_min=72 leaf_max=72 child_edges_added=0 custody_edges_added=36
LFS_EXTENT_SPLICE v=1 root_height=0 leaf_visits=1 branch_visits=0 leaf_visit_records=72 branch_visit_children=0 leaf_writes=1 branch_writes=0 leaf_write_records=74 branch_write_children=0 leaf_min=74 leaf_max=74 child_edges_added=0 custody_edges_added=37
LFS_EXTENT_SPLICE v=1 root_height=0 leaf_visits=1 branch_visits=0 leaf_visit_records=74 branch_visit_children=0 leaf_writes=1 branch_writes=0 leaf_write_records=76 branch_write_children=0 leaf_min=76 leaf_max=76 child_edges_added=0 custody_edges_added=38
LFS_EXTENT_SPLICE v=1 root_height=0 leaf_visits=1 branch_visits=0 leaf_visit_records=76 branch_visit_children=0 leaf_writes=1 branch_writes=0 leaf_write_records=78 branch_write_children=0 leaf_min=78 leaf_max=78 child_edges_added=0 custody_edges_added=39
LFS_EXTENT_SPLICE v=1 root_height=0 leaf_visits=1 branch_visits=0 leaf_visit_records=78 branch_visit_children=0 leaf_writes=1 branch_writes=0 leaf_write_records=80 branch_write_children=0 leaf_min=80 leaf_max=80 child_edges_added=0 custody_edges_added=40
LFS_EXTENT_SPLICE v=1 root_height=0 leaf_visits=1 branch_visits=0 leaf_visit_records=80 branch_visit_children=0 leaf_writes=1 branch_writes=0 leaf_write_records=82 branch_write_children=0 leaf_min=82 leaf_max=82 child_edges_added=0 custody_edges_added=41
LFS_EXTENT_SPLICE v=1 root_height=0 leaf_visits=1 branch_visits=0 leaf_visit_records=82 branch_visit_children=0 leaf_writes=1 branch_writes=0 leaf_write_records=84 branch_write_children=0 leaf_min=84 leaf_max=84 child_edges_added=0 custody_edges_added=42
LFS_EXTENT_SPLICE v=1 root_height=0 leaf_visits=1 branch_visits=0 leaf_visit_records=84 branch_visit_children=0 leaf_writes=1 branch_writes=0 leaf_write_records=86 branch_write_children=0 leaf_min=86 leaf_max=86 child_edges_added=0 custody_edges_added=43
LFS_EXTENT_SPLICE v=1 root_height=0 leaf_visits=1 branch_visits=0 leaf_visit_records=86 branch_visit_children=0 leaf_writes=1 branch_writes=0 leaf_write_records=88 branch_write_children=0 leaf_min=88 leaf_max=88 child_edges_added=0 custody_edges_added=44
LFS_EXTENT_SPLICE v=1 root_height=0 leaf_visits=1 branch_visits=0 leaf_visit_records=88 branch_visit_children=0 leaf_writes=1 branch_writes=0 leaf_write_records=90 branch_write_children=0 leaf_min=90 leaf_max=90 child_edges_added=0 custody_edges_added=45
LFS_EXTENT_SPLICE v=1 root_height=0 leaf_visits=1 branch_visits=0 leaf_visit_records=90 branch_visit_children=0 leaf_writes=1 branch_writes=0 leaf_write_records=92 branch_write_children=0 leaf_min=92 leaf_max=92 child_edges_added=0 custody_edges_added=46
LFS_EXTENT_SPLICE v=1 root_height=0 leaf_visits=1 branch_visits=0 leaf_visit_records=92 branch_visit_children=0 leaf_writes=1 branch_writes=0 leaf_write_records=94 branch_write_children=0 leaf_min=94 leaf_max=94 child_edges_added=0 custody_edges_added=47
LFS_EXTENT_SPLICE v=1 root_height=0 leaf_visits=1 branch_visits=0 leaf_visit_records=94 branch_visit_children=0 leaf_writes=1 branch_writes=0 leaf_write_records=96 branch_write_children=0 leaf_min=96 leaf_max=96 child_edges_added=0 custody_edges_added=48
LFS_EXTENT_SPLICE v=1 root_height=0 leaf_visits=1 branch_visits=0 leaf_visit_records=96 branch_visit_children=0 leaf_writes=1 branch_writes=0 leaf_write_records=98 branch_write_children=0 leaf_min=98 leaf_max=98 child_edges_added=0 custody_edges_added=49
LFS_EXTENT_SPLICE v=1 root_height=0 leaf_visits=1 branch_visits=0 leaf_visit_records=98 branch_visit_children=0 leaf_writes=1 branch_writes=0 leaf_write_records=100 branch_write_children=0 leaf_min=100 leaf_max=100 child_edges_added=0 custody_edges_added=50
LFS_EXTENT_SPLICE v=1 root_height=0 leaf_visits=1 branch_visits=0 leaf_visit_records=100 branch_visit_children=0 leaf_writes=1 branch_writes=0 leaf_write_records=102 branch_write_children=0 leaf_min=102 leaf_max=102 child_edges_added=0 custody_edges_added=51
LFS_EXTENT_SPLICE v=1 root_height=0 leaf_visits=1 branch_visits=0 leaf_visit_records=102 branch_visit_children=0 leaf_writes=1 branch_writes=0 leaf_write_records=104 branch_write_children=0 leaf_min=104 leaf_max=104 child_edges_added=0 custody_edges_added=52
LFS_EXTENT_SPLICE v=1 root_height=0 leaf_visits=1 branch_visits=0 leaf_visit_records=104 branch_visit_children=0 leaf_writes=1 branch_writes=0 leaf_write_records=106 branch_write_children=0 leaf_min=106 leaf_max=106 child_edges_added=0 custody_edges_added=53
LFS_EXTENT_SPLICE v=1 root_height=0 leaf_visits=1 branch_visits=0 leaf_visit_records=106 branch_visit_children=0 leaf_writes=1 branch_writes=0 leaf_write_records=108 branch_write_children=0 leaf_min=108 leaf_max=108 child_edges_added=0 custody_edges_added=54
LFS_EXTENT_SPLICE v=1 root_height=0 leaf_visits=1 branch_visits=0 leaf_visit_records=108 branch_visit_children=0 leaf_writes=1 branch_writes=0 leaf_write_records=110 branch_write_children=0 leaf_min=110 leaf_max=110 child_edges_added=0 custody_edges_added=55
LFS_EXTENT_SPLICE v=1 root_height=0 leaf_visits=1 branch_visits=0 leaf_visit_records=110 branch_visit_children=0 leaf_writes=1 branch_writes=0 leaf_write_records=112 branch_write_children=0 leaf_min=112 leaf_max=112 child_edges_added=0 custody_edges_added=56
LFS_EXTENT_SPLICE v=1 root_height=0 leaf_visits=1 branch_visits=0 leaf_visit_records=112 branch_visit_children=0 leaf_writes=1 branch_writes=0 leaf_write_records=114 branch_write_children=0 leaf_min=114 leaf_max=114 child_edges_added=0 custody_edges_added=57
LFS_EXTENT_SPLICE v=1 root_height=0 leaf_visits=1 branch_visits=0 leaf_visit_records=114 branch_visit_children=0 leaf_writes=1 branch_writes=0 leaf_write_records=116 branch_write_children=0 leaf_min=116 leaf_max=116 child_edges_added=0 custody_edges_added=58
LFS_EXTENT_SPLICE v=1 root_height=0 leaf_visits=1 branch_visits=0 leaf_visit_records=116 branch_visit_children=0 leaf_writes=1 branch_writes=0 leaf_write_records=118 branch_write_children=0 leaf_min=118 leaf_max=118 child_edges_added=0 custody_edges_added=59
LFS_EXTENT_SPLICE v=1 root_height=0 leaf_visits=1 branch_visits=0 leaf_visit_records=118 branch_visit_children=0 leaf_writes=1 branch_writes=0 leaf_write_records=120 branch_write_children=0 leaf_min=120 leaf_max=120 child_edges_added=0 custody_edges_added=60
LFS_EXTENT_SPLICE v=1 root_height=0 leaf_visits=1 branch_visits=0 leaf_visit_records=120 branch_visit_children=0 leaf_writes=1 branch_writes=0 leaf_write_records=122 branch_write_children=0 leaf_min=122 leaf_max=122 child_edges_added=0 custody_edges_added=61
LFS_EXTENT_SPLICE v=1 root_height=0 leaf_visits=1 branch_visits=0 leaf_visit_records=122 branch_visit_children=0 leaf_writes=1 branch_writes=0 leaf_write_records=124 branch_write_children=0 leaf_min=124 leaf_max=124 child_edges_added=0 custody_edges_added=62
LFS_EXTENT_SPLICE v=1 root_height=1 leaf_visits=1 branch_visits=0 leaf_visit_records=124 branch_visit_children=0 leaf_writes=2 branch_writes=1 leaf_write_records=126 branch_write_children=2 leaf_min=63 leaf_max=63 child_edges_added=2 custody_edges_added=63
LFS_EXTENT_SPLICE v=1 root_height=1 leaf_visits=1 branch_visits=1 leaf_visit_records=63 branch_visit_children=2 leaf_writes=1 branch_writes=1 leaf_write_records=65 branch_write_children=2 leaf_min=65 leaf_max=65 child_edges_added=2 custody_edges_added=32
LFS_EXTENT_SPLICE v=1 root_height=1 leaf_visits=1 branch_visits=1 leaf_visit_records=65 branch_visit_children=2 leaf_writes=1 branch_writes=1 leaf_write_records=67 branch_write_children=2 leaf_min=67 leaf_max=67 child_edges_added=2 custody_edges_added=33
LFS_EXTENT_SPLICE v=1 root_height=1 leaf_visits=1 branch_visits=1 leaf_visit_records=67 branch_visit_children=2 leaf_writes=1 branch_writes=1 leaf_write_records=69 branch_write_children=2 leaf_min=69 leaf_max=69 child_edges_added=2 custody_edges_added=34
LFS_EXTENT_SPLICE v=1 root_height=1 leaf_visits=1 branch_visits=1 leaf_visit_records=69 branch_visit_children=2 leaf_writes=1 branch_writes=1 leaf_write_records=71 branch_write_children=2 leaf_min=71 leaf_max=71 child_edges_added=2 custody_edges_added=35
LFS_EXTENT_SPLICE v=1 root_height=1 leaf_visits=1 branch_visits=1 leaf_visit_records=71 branch_visit_children=2 leaf_writes=1 branch_writes=1 leaf_write_records=73 branch_write_children=2 leaf_min=73 leaf_max=73 child_edges_added=2 custody_edges_added=36
LFS_EXTENT_SPLICE v=1 root_height=1 leaf_visits=1 branch_visits=1 leaf_visit_records=73 branch_visit_children=2 leaf_writes=1 branch_writes=1 leaf_write_records=75 branch_write_children=2 leaf_min=75 leaf_max=75 child_edges_added=2 custody_edges_added=37
LFS_EXTENT_SPLICE v=1 root_height=1 leaf_visits=1 branch_visits=1 leaf_visit_records=75 branch_visit_children=2 leaf_writes=1 branch_writes=1 leaf_write_records=77 branch_write_children=2 leaf_min=77 leaf_max=77 child_edges_added=2 custody_edges_added=38
LFS_EXTENT_SPLICE v=1 root_height=1 leaf_visits=1 branch_visits=1 leaf_visit_records=77 branch_visit_children=2 leaf_writes=1 branch_writes=1 leaf_write_records=79 branch_write_children=2 leaf_min=79 leaf_max=79 child_edges_added=2 custody_edges_added=39
LFS_EXTENT_SPLICE v=1 root_height=1 leaf_visits=1 branch_visits=1 leaf_visit_records=79 branch_visit_children=2 leaf_writes=1 branch_writes=1 leaf_write_records=81 branch_write_children=2 leaf_min=81 leaf_max=81 child_edges_added=2 custody_edges_added=40
LFS_EXTENT_SPLICE v=1 root_height=1 leaf_visits=1 branch_visits=1 leaf_visit_records=81 branch_visit_children=2 leaf_writes=1 branch_writes=1 leaf_write_records=83 branch_write_children=2 leaf_min=83 leaf_max=83 child_edges_added=2 custody_edges_added=41
LFS_EXTENT_SPLICE v=1 root_height=1 leaf_visits=1 branch_visits=1 leaf_visit_records=83 branch_visit_children=2 leaf_writes=1 branch_writes=1 leaf_write_records=85 branch_write_children=2 leaf_min=85 leaf_max=85 child_edges_added=2 custody_edges_added=42
LFS_EXTENT_SPLICE v=1 root_height=1 leaf_visits=1 branch_visits=1 leaf_visit_records=85 branch_visit_children=2 leaf_writes=1 branch_writes=1 leaf_write_records=87 branch_write_children=2 leaf_min=87 leaf_max=87 child_edges_added=2 custody_edges_added=43
LFS_EXTENT_SPLICE v=1 root_height=1 leaf_visits=1 branch_visits=1 leaf_visit_records=87 branch_visit_children=2 leaf_writes=1 branch_writes=1 leaf_write_records=89 branch_write_children=2 leaf_min=89 leaf_max=89 child_edges_added=2 custody_edges_added=44
LFS_EXTENT_SPLICE v=1 root_height=1 leaf_visits=1 branch_visits=1 leaf_visit_records=89 branch_visit_children=2 leaf_writes=1 branch_writes=1 leaf_write_records=91 branch_write_children=2 leaf_min=91 leaf_max=91 child_edges_added=2 custody_edges_added=45
LFS_EXTENT_SPLICE v=1 root_height=1 leaf_visits=1 branch_visits=1 leaf_visit_records=91 branch_visit_children=2 leaf_writes=1 branch_writes=1 leaf_write_records=93 branch_write_children=2 leaf_min=93 leaf_max=93 child_edges_added=2 custody_edges_added=46
LFS_EXTENT_SPLICE v=1 root_height=1 leaf_visits=1 branch_visits=1 leaf_visit_records=93 branch_visit_children=2 leaf_writes=1 branch_writes=1 leaf_write_records=95 branch_write_children=2 leaf_min=95 leaf_max=95 child_edges_added=2 custody_edges_added=47
LFS_EXTENT_SPLICE v=1 root_height=1 leaf_visits=1 branch_visits=1 leaf_visit_records=95 branch_visit_children=2 leaf_writes=1 branch_writes=1 leaf_write_records=97 branch_write_children=2 leaf_min=97 leaf_max=97 child_edges_added=2 custody_edges_added=48
LFS_EXTENT_SPLICE v=1 root_height=1 leaf_visits=1 branch_visits=1 leaf_visit_records=97 branch_visit_children=2 leaf_writes=1 branch_writes=1 leaf_write_records=99 branch_write_children=2 leaf_min=99 leaf_max=99 child_edges_added=2 custody_edges_added=49
LFS_EXTENT_SPLICE v=1 root_height=1 leaf_visits=1 branch_visits=1 leaf_visit_records=99 branch_visit_children=2 leaf_writes=1 branch_writes=1 leaf_write_records=101 branch_write_children=2 leaf_min=101 leaf_max=101 child_edges_added=2 custody_edges_added=50
LFS_EXTENT_SPLICE v=1 root_height=1 leaf_visits=1 branch_visits=1 leaf_visit_records=101 branch_visit_children=2 leaf_writes=1 branch_writes=1 leaf_write_records=103 branch_write_children=2 leaf_min=103 leaf_max=103 child_edges_added=2 custody_edges_added=51
LFS_EXTENT_SPLICE v=1 root_height=1 leaf_visits=1 branch_visits=1 leaf_visit_records=103 branch_visit_children=2 leaf_writes=1 branch_writes=1 leaf_write_records=105 branch_write_children=2 leaf_min=105 leaf_max=105 child_edges_added=2 custody_edges_added=52
LFS_EXTENT_SPLICE v=1 root_height=1 leaf_visits=1 branch_visits=1 leaf_visit_records=105 branch_visit_children=2 leaf_writes=1 branch_writes=1 leaf_write_records=107 branch_write_children=2 leaf_min=107 leaf_max=107 child_edges_added=2 custody_edges_added=53
LFS_EXTENT_SPLICE v=1 root_height=1 leaf_visits=1 branch_visits=1 leaf_visit_records=107 branch_visit_children=2 leaf_writes=1 branch_writes=1 leaf_write_records=109 branch_write_children=2 leaf_min=109 leaf_max=109 child_edges_added=2 custody_edges_added=54
LFS_EXTENT_SPLICE v=1 root_height=1 leaf_visits=1 branch_visits=1 leaf_visit_records=109 branch_visit_children=2 leaf_writes=1 branch_writes=1 leaf_write_records=111 branch_write_children=2 leaf_min=111 leaf_max=111 child_edges_added=2 custody_edges_added=55
LFS_EXTENT_SPLICE v=1 root_height=1 leaf_visits=1 branch_visits=1 leaf_visit_records=111 branch_visit_children=2 leaf_writes=1 branch_writes=1 leaf_write_records=113 branch_write_children=2 leaf_min=113 leaf_max=113 child_edges_added=2 custody_edges_added=56
LFS_EXTENT_SPLICE v=1 root_height=1 leaf_visits=1 branch_visits=1 leaf_visit_records=113 branch_visit_children=2 leaf_writes=1 branch_writes=1 leaf_write_records=115 branch_write_children=2 leaf_min=115 leaf_max=115 child_edges_added=2 custody_edges_added=57
LFS_EXTENT_SPLICE v=1 root_height=1 leaf_visits=1 branch_visits=1 leaf_visit_records=115 branch_visit_children=2 leaf_writes=1 branch_writes=1 leaf_write_records=117 branch_write_children=2 leaf_min=117 leaf_max=117 child_edges_added=2 custody_edges_added=58
LFS_EXTENT_SPLICE v=1 root_height=1 leaf_visits=1 branch_visits=1 leaf_visit_records=117 branch_visit_children=2 leaf_writes=1 branch_writes=1 leaf_write_records=119 branch_write_children=2 leaf_min=119 leaf_max=119 child_edges_added=2 custody_edges_added=59
LFS_EXTENT_SPLICE v=1 root_height=1 leaf_visits=1 branch_visits=1 leaf_visit_records=119 branch_visit_children=2 leaf_writes=1 branch_writes=1 leaf_write_records=121 branch_write_children=2 leaf_min=121 leaf_max=121 child_edges_added=2 custody_edges_added=60
LFS_EXTENT_SPLICE v=1 root_height=1 leaf_visits=1 branch_visits=1 leaf_visit_records=121 branch_visit_children=2 leaf_writes=1 branch_writes=1 leaf_write_records=123 branch_write_children=2 leaf_min=123 leaf_max=123 child_edges_added=2 custody_edges_added=61
LFS_EXTENT_SPLICE v=1 root_height=1 leaf_visits=1 branch_visits=1 leaf_visit_records=123 branch_visit_children=2 leaf_writes=2 branch_writes=1 leaf_write_records=125 branch_write_children=3 leaf_min=62 leaf_max=63 child_edges_added=3 custody_edges_added=62
LFS_EXTENT_SPLICE v=1 root_height=1 leaf_visits=1 branch_visits=1 leaf_visit_records=62 branch_visit_children=3 leaf_writes=1 branch_writes=1 leaf_write_records=64 branch_write_children=3 leaf_min=64 leaf_max=64 child_edges_added=3 custody_edges_added=32
LFS_EXTENT_SPLICE v=1 root_height=1 leaf_visits=1 branch_visits=1 leaf_visit_records=64 branch_visit_children=3 leaf_writes=1 branch_writes=1 leaf_write_records=66 branch_write_children=3 leaf_min=66 leaf_max=66 child_edges_added=3 custody_edges_added=33
LFS_EXTENT_SPLICE v=1 root_height=1 leaf_visits=1 branch_visits=1 leaf_visit_records=66 branch_visit_children=3 leaf_writes=1 branch_writes=1 leaf_write_records=68 branch_write_children=3 leaf_min=68 leaf_max=68 child_edges_added=3 custody_edges_added=34
LFS_EXTENT_SPLICE v=1 root_height=1 leaf_visits=1 branch_visits=1 leaf_visit_records=68 branch_visit_children=3 leaf_writes=1 branch_writes=1 leaf_write_records=70 branch_write_children=3 leaf_min=70 leaf_max=70 child_edges_added=3 custody_edges_added=35
LFS_EXTENT_SPLICE v=1 root_height=1 leaf_visits=1 branch_visits=1 leaf_visit_records=70 branch_visit_children=3 leaf_writes=1 branch_writes=1 leaf_write_records=72 branch_write_children=3 leaf_min=72 leaf_max=72 child_edges_added=3 custody_edges_added=36
LFS_EXTENT_SPLICE v=1 root_height=1 leaf_visits=1 branch_visits=1 leaf_visit_records=72 branch_visit_children=3 leaf_writes=1 branch_writes=1 leaf_write_records=74 branch_write_children=3 leaf_min=74 leaf_max=74 child_edges_added=3 custody_edges_added=37
LFS_EXTENT_SPLICE v=1 root_height=1 leaf_visits=1 branch_visits=1 leaf_visit_records=74 branch_visit_children=3 leaf_writes=1 branch_writes=1 leaf_write_records=76 branch_write_children=3 leaf_min=76 leaf_max=76 child_edges_added=3 custody_edges_added=38
LFS_EXTENT_SPLICE v=1 root_height=1 leaf_visits=1 branch_visits=1 leaf_visit_records=76 branch_visit_children=3 leaf_writes=1 branch_writes=1 leaf_write_records=78 branch_write_children=3 leaf_min=78 leaf_max=78 child_edges_added=3 custody_edges_added=39
LFS_EXTENT_SPLICE v=1 root_height=1 leaf_visits=1 branch_visits=1 leaf_visit_records=78 branch_visit_children=3 leaf_writes=1 branch_writes=1 leaf_write_records=80 branch_write_children=3 leaf_min=80 leaf_max=80 child_edges_added=3 custody_edges_added=40
LFS_EXTENT_SPLICE v=1 root_height=1 leaf_visits=1 branch_visits=1 leaf_visit_records=80 branch_visit_children=3 leaf_writes=1 branch_writes=1 leaf_write_records=82 branch_write_children=3 leaf_min=82 leaf_max=82 child_edges_added=3 custody_edges_added=41
LFS_EXTENT_SPLICE v=1 root_height=1 leaf_visits=1 branch_visits=1 leaf_visit_records=82 branch_visit_children=3 leaf_writes=1 branch_writes=1 leaf_write_records=84 branch_write_children=3 leaf_min=84 leaf_max=84 child_edges_added=3 custody_edges_added=42
LFS_EXTENT_SPLICE v=1 root_height=1 leaf_visits=1 branch_visits=1 leaf_visit_records=84 branch_visit_children=3 leaf_writes=1 branch_writes=1 leaf_write_records=86 branch_write_children=3 leaf_min=86 leaf_max=86 child_edges_added=3 custody_edges_added=43
LFS_EXTENT_SPLICE v=1 root_height=1 leaf_visits=1 branch_visits=1 leaf_visit_records=86 branch_visit_children=3 leaf_writes=1 branch_writes=1 leaf_write_records=88 branch_write_children=3 leaf_min=88 leaf_max=88 child_edges_added=3 custody_edges_added=44
LFS_EXTENT_SPLICE v=1 root_height=1 leaf_visits=1 branch_visits=1 leaf_visit_records=88 branch_visit_children=3 leaf_writes=1 branch_writes=1 leaf_write_records=90 branch_write_children=3 leaf_min=90 leaf_max=90 child_edges_added=3 custody_edges_added=45
LFS_EXTENT_SPLICE v=1 root_height=1 leaf_visits=1 branch_visits=1 leaf_visit_records=90 branch_visit_children=3 leaf_writes=1 branch_writes=1 leaf_write_records=92 branch_write_children=3 leaf_min=92 leaf_max=92 child_edges_added=3 custody_edges_added=46
LFS_EXTENT_SPLICE v=1 root_height=1 leaf_visits=1 branch_visits=1 leaf_visit_records=92 branch_visit_children=3 leaf_writes=1 branch_writes=1 leaf_write_records=94 branch_write_children=3 leaf_min=94 leaf_max=94 child_edges_added=3 custody_edges_added=47
LFS_EXTENT_SPLICE v=1 root_height=1 leaf_visits=1 branch_visits=1 leaf_visit_records=94 branch_visit_children=3 leaf_writes=1 branch_writes=1 leaf_write_records=96 branch_write_children=3 leaf_min=96 leaf_max=96 child_edges_added=3 custody_edges_added=48
LFS_EXTENT_SPLICE v=1 root_height=1 leaf_visits=1 branch_visits=1 leaf_visit_records=96 branch_visit_children=3 leaf_writes=1 branch_writes=1 leaf_write_records=98 branch_write_children=3 leaf_min=98 leaf_max=98 child_edges_added=3 custody_edges_added=49
LFS_EXTENT_SPLICE v=1 root_height=1 leaf_visits=1 branch_visits=1 leaf_visit_records=98 branch_visit_children=3 leaf_writes=1 branch_writes=1 leaf_write_records=100 branch_write_children=3 leaf_min=100 leaf_max=100 child_edges_added=3 custody_edges_added=50
LFS_EXTENT_SPLICE v=1 root_height=1 leaf_visits=1 branch_visits=1 leaf_visit_records=100 branch_visit_children=3 leaf_writes=1 branch_writes=1 leaf_write_records=102 branch_write_children=3 leaf_min=102 leaf_max=102 child_edges_added=3 custody_edges_added=51
LFS_EXTENT_SPLICE v=1 root_height=1 leaf_visits=1 branch_visits=1 leaf_visit_records=102 branch_visit_children=3 leaf_writes=1 branch_writes=1 leaf_write_records=104 branch_write_children=3 leaf_min=104 leaf_max=104 child_edges_added=3 custody_edges_added=52
LFS_EXTENT_SPLICE v=1 root_height=1 leaf_visits=1 branch_visits=1 leaf_visit_records=104 branch_visit_children=3 leaf_writes=1 branch_writes=1 leaf_write_records=106 branch_write_children=3 leaf_min=106 leaf_max=106 child_edges_added=3 custody_edges_added=53
LFS_EXTENT_SPLICE v=1 root_height=1 leaf_visits=1 branch_visits=1 leaf_visit_records=106 branch_visit_children=3 leaf_writes=1 branch_writes=1 leaf_write_records=108 branch_write_children=3 leaf_min=108 leaf_max=108 child_edges_added=3 custody_edges_added=54
LFS_EXTENT_SPLICE v=1 root_height=1 leaf_visits=1 branch_visits=1 leaf_visit_records=108 branch_visit_children=3 leaf_writes=1 branch_writes=1 leaf_write_records=110 branch_write_children=3 leaf_min=110 leaf_max=110 child_edges_added=3 custody_edges_added=55
LFS_EXTENT_SPLICE v=1 root_height=1 leaf_visits=1 branch_visits=1 leaf_visit_records=110 branch_visit_children=3 leaf_writes=1 branch_writes=1 leaf_write_records=112 branch_write_children=3 leaf_min=112 leaf_max=112 child_edges_added=3 custody_edges_added=56
LFS_EXTENT_SPLICE v=1 root_height=1 leaf_visits=1 branch_visits=1 leaf_visit_records=112 branch_visit_children=3 leaf_writes=1 branch_writes=1 leaf_write_records=114 branch_write_children=3 leaf_min=114 leaf_max=114 child_edges_added=3 custody_edges_added=57
LFS_EXTENT_SPLICE v=1 root_height=1 leaf_visits=1 branch_visits=1 leaf_visit_records=114 branch_visit_children=3 leaf_writes=1 branch_writes=1 leaf_write_records=116 branch_write_children=3 leaf_min=116 leaf_max=116 child_edges_added=3 custody_edges_added=58
LFS_EXTENT_SPLICE v=1 root_height=1 leaf_visits=1 branch_visits=1 leaf_visit_records=116 branch_visit_children=3 leaf_writes=1 branch_writes=1 leaf_write_records=118 branch_write_children=3 leaf_min=118 leaf_max=118 child_edges_added=3 custody_edges_added=59
LFS_EXTENT_SPLICE v=1 root_height=1 leaf_visits=1 branch_visits=1 leaf_visit_records=118 branch_visit_children=3 leaf_writes=1 branch_writes=1 leaf_write_records=120 branch_write_children=3 leaf_min=120 leaf_max=120 child_edges_added=3 custody_edges_added=60
LFS_EXTENT_SPLICE v=1 root_height=1 leaf_visits=1 branch_visits=1 leaf_visit_records=120 branch_visit_children=3 leaf_writes=1 branch_writes=1 leaf_write_records=122 branch_write_children=3 leaf_min=122 leaf_max=122 child_edges_added=3 custody_edges_added=61
LFS_EXTENT_SPLICE v=1 root_height=1 leaf_visits=1 branch_visits=1 leaf_visit_records=122 branch_visit_children=3 leaf_writes=1 branch_writes=1 leaf_write_records=124 branch_write_children=3 leaf_min=124 leaf_max=124 child_edges_added=3 custody_edges_added=62
LFS_EXTENT_SPLICE v=1 root_height=1 leaf_visits=1 branch_visits=1 leaf_visit_records=124 branch_visit_children=3 leaf_writes=2 branch_writes=1 leaf_write_records=126 branch_write_children=4 leaf_min=63 leaf_max=63 child_edges_added=4 custody_edges_added=63
LFS_EXTENT_SPLICE v=1 root_height=1 leaf_visits=1 branch_visits=1 leaf_visit_records=63 branch_visit_children=4 leaf_writes=1 branch_writes=1 leaf_write_records=65 branch_write_children=4 leaf_min=65 leaf_max=65 child_edges_added=4 custody_edges_added=32
LFS_EXTENT_SPLICE v=1 root_height=1 leaf_visits=1 branch_visits=1 leaf_visit_records=65 branch_visit_children=4 leaf_writes=1 branch_writes=1 leaf_write_records=67 branch_write_children=4 leaf_min=67 leaf_max=67 child_edges_added=4 custody_edges_added=33
LFS_EXTENT_SPLICE v=1 root_height=1 leaf_visits=1 branch_visits=1 leaf_visit_records=67 branch_visit_children=4 leaf_writes=1 branch_writes=1 leaf_write_records=69 branch_write_children=4 leaf_min=69 leaf_max=69 child_edges_added=4 custody_edges_added=34
LFS_EXTENT_SPLICE v=1 root_height=1 leaf_visits=1 branch_visits=1 leaf_visit_records=69 branch_visit_children=4 leaf_writes=1 branch_writes=1 leaf_write_records=71 branch_write_children=4 leaf_min=71 leaf_max=71 child_edges_added=4 custody_edges_added=35
LFS_EXTENT_SPLICE v=1 root_height=1 leaf_visits=1 branch_visits=1 leaf_visit_records=71 branch_visit_children=4 leaf_writes=1 branch_writes=1 leaf_write_records=73 branch_write_children=4 leaf_min=73 leaf_max=73 child_edges_added=4 custody_edges_added=36
LFS_EXTENT_SPLICE v=1 root_height=1 leaf_visits=1 branch_visits=1 leaf_visit_records=73 branch_visit_children=4 leaf_writes=1 branch_writes=1 leaf_write_records=75 branch_write_children=4 leaf_min=75 leaf_max=75 child_edges_added=4 custody_edges_added=37
LFS_EXTENT_SPLICE v=1 root_height=1 leaf_visits=1 branch_visits=1 leaf_visit_records=75 branch_visit_children=4 leaf_writes=1 branch_writes=1 leaf_write_records=77 branch_write_children=4 leaf_min=77 leaf_max=77 child_edges_added=4 custody_edges_added=38
LFS_EXTENT_SPLICE v=1 root_height=1 leaf_visits=1 branch_visits=1 leaf_visit_records=77 branch_visit_children=4 leaf_writes=1 branch_writes=1 leaf_write_records=79 branch_write_children=4 leaf_min=79 leaf_max=79 child_edges_added=4 custody_edges_added=39
LFS_EXTENT_SPLICE v=1 root_height=1 leaf_visits=1 branch_visits=1 leaf_visit_records=79 branch_visit_children=4 leaf_writes=1 branch_writes=1 leaf_write_records=81 branch_write_children=4 leaf_min=81 leaf_max=81 child_edges_added=4 custody_edges_added=40
LFS_EXTENT_SPLICE v=1 root_height=1 leaf_visits=1 branch_visits=1 leaf_visit_records=81 branch_visit_children=4 leaf_writes=1 branch_writes=1 leaf_write_records=83 branch_write_children=4 leaf_min=83 leaf_max=83 child_edges_added=4 custody_edges_added=41
LFS_EXTENT_SPLICE v=1 root_height=1 leaf_visits=1 branch_visits=1 leaf_visit_records=83 branch_visit_children=4 leaf_writes=1 branch_writes=1 leaf_write_records=85 branch_write_children=4 leaf_min=85 leaf_max=85 child_edges_added=4 custody_edges_added=42
LFS_EXTENT_SPLICE v=1 root_height=1 leaf_visits=1 branch_visits=1 leaf_visit_records=85 branch_visit_children=4 leaf_writes=1 branch_writes=1 leaf_write_records=87 branch_write_children=4 leaf_min=87 leaf_max=87 child_edges_added=4 custody_edges_added=43
LFS_EXTENT_SPLICE v=1 root_height=1 leaf_visits=1 branch_visits=1 leaf_visit_records=87 branch_visit_children=4 leaf_writes=1 branch_writes=1 leaf_write_records=89 branch_write_children=4 leaf_min=89 leaf_max=89 child_edges_added=4 custody_edges_added=44
LFS_EXTENT_SPLICE v=1 root_height=1 leaf_visits=1 branch_visits=1 leaf_visit_records=89 branch_visit_children=4 leaf_writes=1 branch_writes=1 leaf_write_records=91 branch_write_children=4 leaf_min=91 leaf_max=91 child_edges_added=4 custody_edges_added=45
LFS_EXTENT_SPLICE v=1 root_height=1 leaf_visits=1 branch_visits=1 leaf_visit_records=91 branch_visit_children=4 leaf_writes=1 branch_writes=1 leaf_write_records=93 branch_write_children=4 leaf_min=93 leaf_max=93 child_edges_added=4 custody_edges_added=46
LFS_EXTENT_SPLICE v=1 root_height=1 leaf_visits=1 branch_visits=1 leaf_visit_records=93 branch_visit_children=4 leaf_writes=1 branch_writes=1 leaf_write_records=95 branch_write_children=4 leaf_min=95 leaf_max=95 child_edges_added=4 custody_edges_added=47
LFS_EXTENT_SPLICE v=1 root_height=1 leaf_visits=1 branch_visits=1 leaf_visit_records=95 branch_visit_children=4 leaf_writes=1 branch_writes=1 leaf_write_records=97 branch_write_children=4 leaf_min=97 leaf_max=97 child_edges_added=4 custody_edges_added=48
LFS_EXTENT_SPLICE v=1 root_height=1 leaf_visits=1 branch_visits=1 leaf_visit_records=97 branch_visit_children=4 leaf_writes=1 branch_writes=1 leaf_write_records=99 branch_write_children=4 leaf_min=99 leaf_max=99 child_edges_added=4 custody_edges_added=49
LFS_EXTENT_SPLICE v=1 root_height=1 leaf_visits=1 branch_visits=1 leaf_visit_records=99 branch_visit_children=4 leaf_writes=1 branch_writes=1 leaf_write_records=101 branch_write_children=4 leaf_min=101 leaf_max=101 child_edges_added=4 custody_edges_added=50
LFS_EXTENT_SPLICE v=1 root_height=1 leaf_visits=1 branch_visits=1 leaf_visit_records=101 branch_visit_children=4 leaf_writes=1 branch_writes=1 leaf_write_records=103 branch_write_children=4 leaf_min=103 leaf_max=103 child_edges_added=4 custody_edges_added=51
LFS_EXTENT_SPLICE v=1 root_height=1 leaf_visits=1 branch_visits=1 leaf_visit_records=103 branch_visit_children=4 leaf_writes=1 branch_writes=1 leaf_write_records=105 branch_write_children=4 leaf_min=105 leaf_max=105 child_edges_added=4 custody_edges_added=52
LFS_EXTENT_SPLICE v=1 root_height=1 leaf_visits=1 branch_visits=1 leaf_visit_records=105 branch_visit_children=4 leaf_writes=1 branch_writes=1 leaf_write_records=107 branch_write_children=4 leaf_min=107 leaf_max=107 child_edges_added=4 custody_edges_added=53
LFS_EXTENT_SPLICE v=1 root_height=1 leaf_visits=1 branch_visits=1 leaf_visit_records=107 branch_visit_children=4 leaf_writes=1 branch_writes=1 leaf_write_records=109 branch_write_children=4 leaf_min=109 leaf_max=109 child_edges_added=4 custody_edges_added=54
LFS_EXTENT_SPLICE v=1 root_height=1 leaf_visits=1 branch_visits=1 leaf_visit_records=109 branch_visit_children=4 leaf_writes=1 branch_writes=1 leaf_write_records=111 branch_write_children=4 leaf_min=111 leaf_max=111 child_edges_added=4 custody_edges_added=55
LFS_EXTENT_SPLICE v=1 root_height=1 leaf_visits=1 branch_visits=1 leaf_visit_records=111 branch_visit_children=4 leaf_writes=1 branch_writes=1 leaf_write_records=113 branch_write_children=4 leaf_min=113 leaf_max=113 child_edges_added=4 custody_edges_added=56
LFS_EXTENT_SPLICE v=1 root_height=1 leaf_visits=1 branch_visits=1 leaf_visit_records=113 branch_visit_children=4 leaf_writes=1 branch_writes=1 leaf_write_records=115 branch_write_children=4 leaf_min=115 leaf_max=115 child_edges_added=4 custody_edges_added=57
LFS_EXTENT_SPLICE v=1 root_height=1 leaf_visits=1 branch_visits=1 leaf_visit_records=115 branch_visit_children=4 leaf_writes=1 branch_writes=1 leaf_write_records=117 branch_write_children=4 leaf_min=117 leaf_max=117 child_edges_added=4 custody_edges_added=58
LFS_EXTENT_SPLICE v=1 root_height=1 leaf_visits=1 branch_visits=1 leaf_visit_records=117 branch_visit_children=4 leaf_writes=1 branch_writes=1 leaf_write_records=119 branch_write_children=4 leaf_min=119 leaf_max=119 child_edges_added=4 custody_edges_added=59
LFS_EXTENT_SPLICE v=1 root_height=1 leaf_visits=1 branch_visits=1 leaf_visit_records=119 branch_visit_children=4 leaf_writes=1 branch_writes=1 leaf_write_records=121 branch_write_children=4 leaf_min=121 leaf_max=121 child_edges_added=4 custody_edges_added=60
LFS_EXTENT_SPLICE v=1 root_height=1 leaf_visits=1 branch_visits=1 leaf_visit_records=121 branch_visit_children=4 leaf_writes=1 branch_writes=1 leaf_write_records=123 branch_write_children=4 leaf_min=123 leaf_max=123 child_edges_added=4 custody_edges_added=61
LFS_EXTENT_SPLICE v=1 root_height=1 leaf_visits=1 branch_visits=1 leaf_visit_records=123 branch_visit_children=4 leaf_writes=2 branch_writes=1 leaf_write_records=125 branch_write_children=5 leaf_min=62 leaf_max=63 child_edges_added=5 custody_edges_added=62
LFS_EXTENT_SPLICE v=1 root_height=1 leaf_visits=1 branch_visits=1 leaf_visit_records=62 branch_visit_children=5 leaf_writes=1 branch_writes=1 leaf_write_records=64 branch_write_children=5 leaf_min=64 leaf_max=64 child_edges_added=5 custody_edges_added=32
LFS_EXTENT_SPLICE v=1 root_height=1 leaf_visits=1 branch_visits=1 leaf_visit_records=64 branch_visit_children=5 leaf_writes=1 branch_writes=1 leaf_write_records=66 branch_write_children=5 leaf_min=66 leaf_max=66 child_edges_added=5 custody_edges_added=33
LFS_EXTENT_SPLICE v=1 root_height=1 leaf_visits=1 branch_visits=1 leaf_visit_records=66 branch_visit_children=5 leaf_writes=1 branch_writes=1 leaf_write_records=68 branch_write_children=5 leaf_min=68 leaf_max=68 child_edges_added=5 custody_edges_added=34
LFS_EXTENT_SPLICE v=1 root_height=1 leaf_visits=1 branch_visits=1 leaf_visit_records=68 branch_visit_children=5 leaf_writes=1 branch_writes=1 leaf_write_records=70 branch_write_children=5 leaf_min=70 leaf_max=70 child_edges_added=5 custody_edges_added=35
LFS_EXTENT_SPLICE v=1 root_height=1 leaf_visits=1 branch_visits=1 leaf_visit_records=70 branch_visit_children=5 leaf_writes=1 branch_writes=1 leaf_write_records=72 branch_write_children=5 leaf_min=72 leaf_max=72 child_edges_added=5 custody_edges_added=36
LFS_EXTENT_SPLICE v=1 root_height=1 leaf_visits=1 branch_visits=1 leaf_visit_records=72 branch_visit_children=5 leaf_writes=1 branch_writes=1 leaf_write_records=74 branch_write_children=5 leaf_min=74 leaf_max=74 child_edges_added=5 custody_edges_added=37
LFS_EXTENT_SPLICE v=1 root_height=1 leaf_visits=1 branch_visits=1 leaf_visit_records=74 branch_visit_children=5 leaf_writes=1 branch_writes=1 leaf_write_records=76 branch_write_children=5 leaf_min=76 leaf_max=76 child_edges_added=5 custody_edges_added=38
LFS_EXTENT_SPLICE v=1 root_height=1 leaf_visits=1 branch_visits=1 leaf_visit_records=76 branch_visit_children=5 leaf_writes=1 branch_writes=1 leaf_write_records=78 branch_write_children=5 leaf_min=78 leaf_max=78 child_edges_added=5 custody_edges_added=39
LFS_EXTENT_SPLICE v=1 root_height=1 leaf_visits=1 branch_visits=1 leaf_visit_records=78 branch_visit_children=5 leaf_writes=1 branch_writes=1 leaf_write_records=80 branch_write_children=5 leaf_min=80 leaf_max=80 child_edges_added=5 custody_edges_added=40
LFS_EXTENT_SPLICE v=1 root_height=1 leaf_visits=1 branch_visits=1 leaf_visit_records=80 branch_visit_children=5 leaf_writes=1 branch_writes=1 leaf_write_records=82 branch_write_children=5 leaf_min=82 leaf_max=82 child_edges_added=5 custody_edges_added=41
LFS_EXTENT_SPLICE v=1 root_height=1 leaf_visits=1 branch_visits=1 leaf_visit_records=82 branch_visit_children=5 leaf_writes=1 branch_writes=1 leaf_write_records=84 branch_write_children=5 leaf_min=84 leaf_max=84 child_edges_added=5 custody_edges_added=42
LFS_EXTENT_SPLICE v=1 root_height=1 leaf_visits=1 branch_visits=1 leaf_visit_records=84 branch_visit_children=5 leaf_writes=1 branch_writes=1 leaf_write_records=86 branch_write_children=5 leaf_min=86 leaf_max=86 child_edges_added=5 custody_edges_added=43
LFS_EXTENT_SPLICE v=1 root_height=1 leaf_visits=1 branch_visits=1 leaf_visit_records=86 branch_visit_children=5 leaf_writes=1 branch_writes=1 leaf_write_records=88 branch_write_children=5 leaf_min=88 leaf_max=88 child_edges_added=5 custody_edges_added=44
LFS_EXTENT_SPLICE v=1 root_height=1 leaf_visits=1 branch_visits=1 leaf_visit_records=88 branch_visit_children=5 leaf_writes=1 branch_writes=1 leaf_write_records=90 branch_write_children=5 leaf_min=90 leaf_max=90 child_edges_added=5 custody_edges_added=45
LFS_EXTENT_SPLICE v=1 root_height=1 leaf_visits=1 branch_visits=1 leaf_visit_records=90 branch_visit_children=5 leaf_writes=1 branch_writes=1 leaf_write_records=92 branch_write_children=5 leaf_min=92 leaf_max=92 child_edges_added=5 custody_edges_added=46
LFS_EXTENT_SPLICE v=1 root_height=1 leaf_visits=1 branch_visits=1 leaf_visit_records=92 branch_visit_children=5 leaf_writes=1 branch_writes=1 leaf_write_records=94 branch_write_children=5 leaf_min=94 leaf_max=94 child_edges_added=5 custody_edges_added=47
LFS_EXTENT_SPLICE v=1 root_height=1 leaf_visits=1 branch_visits=1 leaf_visit_records=94 branch_visit_children=5 leaf_writes=1 branch_writes=1 leaf_write_records=96 branch_write_children=5 leaf_min=96 leaf_max=96 child_edges_added=5 custody_edges_added=48
LFS_EXTENT_SPLICE v=1 root_height=1 leaf_visits=1 branch_visits=1 leaf_visit_records=96 branch_visit_children=5 leaf_writes=1 branch_writes=1 leaf_write_records=98 branch_write_children=5 leaf_min=98 leaf_max=98 child_edges_added=5 custody_edges_added=49
LFS_EXTENT_SPLICE v=1 root_height=1 leaf_visits=1 branch_visits=1 leaf_visit_records=98 branch_visit_children=5 leaf_writes=1 branch_writes=1 leaf_write_records=100 branch_write_children=5 leaf_min=100 leaf_max=100 child_edges_added=5 custody_edges_added=50
LFS_EXTENT_SPLICE v=1 root_height=1 leaf_visits=1 branch_visits=1 leaf_visit_records=100 branch_visit_children=5 leaf_writes=1 branch_writes=1 leaf_write_records=102 branch_write_children=5 leaf_min=102 leaf_max=102 child_edges_added=5 custody_edges_added=51
LFS_EXTENT_SPLICE v=1 root_height=1 leaf_visits=1 branch_visits=1 leaf_visit_records=102 branch_visit_children=5 leaf_writes=1 branch_writes=1 leaf_write_records=104 branch_write_children=5 leaf_min=104 leaf_max=104 child_edges_added=5 custody_edges_added=52
LFS_EXTENT_SPLICE v=1 root_height=1 leaf_visits=1 branch_visits=1 leaf_visit_records=104 branch_visit_children=5 leaf_writes=1 branch_writes=1 leaf_write_records=106 branch_write_children=5 leaf_min=106 leaf_max=106 child_edges_added=5 custody_edges_added=53
LFS_EXTENT_SPLICE v=1 root_height=1 leaf_visits=1 branch_visits=1 leaf_visit_records=106 branch_visit_children=5 leaf_writes=1 branch_writes=1 leaf_write_records=108 branch_write_children=5 leaf_min=108 leaf_max=108 child_edges_added=5 custody_edges_added=54
LFS_EXTENT_SPLICE v=1 root_height=1 leaf_visits=1 branch_visits=1 leaf_visit_records=108 branch_visit_children=5 leaf_writes=1 branch_writes=1 leaf_write_records=110 branch_write_children=5 leaf_min=110 leaf_max=110 child_edges_added=5 custody_edges_added=55
LFS_EXTENT_SPLICE v=1 root_height=1 leaf_visits=1 branch_visits=1 leaf_visit_records=110 branch_visit_children=5 leaf_writes=1 branch_writes=1 leaf_write_records=112 branch_write_children=5 leaf_min=112 leaf_max=112 child_edges_added=5 custody_edges_added=56
LFS_EXTENT_SPLICE v=1 root_height=1 leaf_visits=1 branch_visits=1 leaf_visit_records=112 branch_visit_children=5 leaf_writes=1 branch_writes=1 leaf_write_records=114 branch_write_children=5 leaf_min=114 leaf_max=114 child_edges_added=5 custody_edges_added=57
LFS_EXTENT_SPLICE v=1 root_height=1 leaf_visits=1 branch_visits=1 leaf_visit_records=114 branch_visit_children=5 leaf_writes=1 branch_writes=1 leaf_write_records=116 branch_write_children=5 leaf_min=116 leaf_max=116 child_edges_added=5 custody_edges_added=58
LFS_EXTENT_SPLICE v=1 root_height=1 leaf_visits=1 branch_visits=1 leaf_visit_records=116 branch_visit_children=5 leaf_writes=1 branch_writes=1 leaf_write_records=118 branch_write_children=5 leaf_min=118 leaf_max=118 child_edges_added=5 custody_edges_added=59
LFS_EXTENT_SPLICE v=1 root_height=1 leaf_visits=1 branch_visits=1 leaf_visit_records=118 branch_visit_children=5 leaf_writes=1 branch_writes=1 leaf_write_records=120 branch_write_children=5 leaf_min=120 leaf_max=120 child_edges_added=5 custody_edges_added=60
LFS_EXTENT_SPLICE v=1 root_height=1 leaf_visits=1 branch_visits=1 leaf_visit_records=120 branch_visit_children=5 leaf_writes=1 branch_writes=1 leaf_write_records=122 branch_write_children=5 leaf_min=122 leaf_max=122 child_edges_added=5 custody_edges_added=61
LFT1 {"v":1,"namespace":13710895918682022928,"run":"0388b7df3c6bbe5fc5bf9044daa9cf3f","pid":1,"role":2,"kind":"resource","scope":"process-shared","clock":"local-monitor","at_ns":1000817041,"incarnation":8311343,"user_ns":290000000,"source":"procfs+sysconf","probe_ns":13125,"selected":3,"system_ns":150000000,"rss":37330944}
LFS_EXTENT_SPLICE v=1 root_height=1 leaf_visits=1 branch_visits=1 leaf_visit_records=122 branch_visit_children=5 leaf_writes=1 branch_writes=1 leaf_write_records=124 branch_write_children=5 leaf_min=124 leaf_max=124 child_edges_added=5 custody_edges_added=62
LFS_EXTENT_SPLICE v=1 root_height=1 leaf_visits=1 branch_visits=1 leaf_visit_records=124 branch_visit_children=5 leaf_writes=2 branch_writes=1 leaf_write_records=126 branch_write_children=6 leaf_min=63 leaf_max=63 child_edges_added=6 custody_edges_added=63
LFS_EXTENT_SPLICE v=1 root_height=1 leaf_visits=1 branch_visits=1 leaf_visit_records=63 branch_visit_children=6 leaf_writes=1 branch_writes=1 leaf_write_records=65 branch_write_children=6 leaf_min=65 leaf_max=65 child_edges_added=6 custody_edges_added=32
LFS_EXTENT_SPLICE v=1 root_height=1 leaf_visits=1 branch_visits=1 leaf_visit_records=65 branch_visit_children=6 leaf_writes=1 branch_writes=1 leaf_write_records=67 branch_write_children=6 leaf_min=67 leaf_max=67 child_edges_added=6 custody_edges_added=33
LFS_EXTENT_SPLICE v=1 root_height=1 leaf_visits=1 branch_visits=1 leaf_visit_records=67 branch_visit_children=6 leaf_writes=1 branch_writes=1 leaf_write_records=69 branch_write_children=6 leaf_min=69 leaf_max=69 child_edges_added=6 custody_edges_added=34
LFS_EXTENT_SPLICE v=1 root_height=1 leaf_visits=1 branch_visits=1 leaf_visit_records=69 branch_visit_children=6 leaf_writes=1 branch_writes=1 leaf_write_records=71 branch_write_children=6 leaf_min=71 leaf_max=71 child_edges_added=6 custody_edges_added=35
LFS_EXTENT_SPLICE v=1 root_height=1 leaf_visits=1 branch_visits=1 leaf_visit_records=71 branch_visit_children=6 leaf_writes=1 branch_writes=1 leaf_write_records=73 branch_write_children=6 leaf_min=73 leaf_max=73 child_edges_added=6 custody_edges_added=36
LFS_EXTENT_SPLICE v=1 root_height=1 leaf_visits=1 branch_visits=1 leaf_visit_records=73 branch_visit_children=6 leaf_writes=1 branch_writes=1 leaf_write_records=75 branch_write_children=6 leaf_min=75 leaf_max=75 child_edges_added=6 custody_edges_added=37
LFS_EXTENT_SPLICE v=1 root_height=1 leaf_visits=1 branch_visits=1 leaf_visit_records=75 branch_visit_children=6 leaf_writes=1 branch_writes=1 leaf_write_records=77 branch_write_children=6 leaf_min=77 leaf_max=77 child_edges_added=6 custody_edges_added=38
LFS_EXTENT_SPLICE v=1 root_height=1 leaf_visits=1 branch_visits=1 leaf_visit_records=77 branch_visit_children=6 leaf_writes=1 branch_writes=1 leaf_write_records=79 branch_write_children=6 leaf_min=79 leaf_max=79 child_edges_added=6 custody_edges_added=39
LFS_EXTENT_SPLICE v=1 root_height=1 leaf_visits=1 branch_visits=1 leaf_visit_records=79 branch_visit_children=6 leaf_writes=1 branch_writes=1 leaf_write_records=81 branch_write_children=6 leaf_min=81 leaf_max=81 child_edges_added=6 custody_edges_added=40
LFS_EXTENT_SPLICE v=1 root_height=1 leaf_visits=1 branch_visits=1 leaf_visit_records=81 branch_visit_children=6 leaf_writes=1 branch_writes=1 leaf_write_records=83 branch_write_children=6 leaf_min=83 leaf_max=83 child_edges_added=6 custody_edges_added=41
LFS_EXTENT_SPLICE v=1 root_height=1 leaf_visits=1 branch_visits=1 leaf_visit_records=83 branch_visit_children=6 leaf_writes=1 branch_writes=1 leaf_write_records=85 branch_write_children=6 leaf_min=85 leaf_max=85 child_edges_added=6 custody_edges_added=42
LFS_EXTENT_SPLICE v=1 root_height=1 leaf_visits=1 branch_visits=1 leaf_visit_records=85 branch_visit_children=6 leaf_writes=1 branch_writes=1 leaf_write_records=87 branch_write_children=6 leaf_min=87 leaf_max=87 child_edges_added=6 custody_edges_added=43
LFS_EXTENT_SPLICE v=1 root_height=1 leaf_visits=1 branch_visits=1 leaf_visit_records=87 branch_visit_children=6 leaf_writes=1 branch_writes=1 leaf_write_records=89 branch_write_children=6 leaf_min=89 leaf_max=89 child_edges_added=6 custody_edges_added=44
LFS_EXTENT_SPLICE v=1 root_height=1 leaf_visits=1 branch_visits=1 leaf_visit_records=89 branch_visit_children=6 leaf_writes=1 branch_writes=1 leaf_write_records=91 branch_write_children=6 leaf_min=91 leaf_max=91 child_edges_added=6 custody_edges_added=45
LFS_EXTENT_SPLICE v=1 root_height=1 leaf_visits=1 branch_visits=1 leaf_visit_records=91 branch_visit_children=6 leaf_writes=1 branch_writes=1 leaf_write_records=93 branch_write_children=6 leaf_min=93 leaf_max=93 child_edges_added=6 custody_edges_added=46
LFS_EXTENT_SPLICE v=1 root_height=1 leaf_visits=1 branch_visits=1 leaf_visit_records=93 branch_visit_children=6 leaf_writes=1 branch_writes=1 leaf_write_records=95 branch_write_children=6 leaf_min=95 leaf_max=95 child_edges_added=6 custody_edges_added=47
LFS_EXTENT_SPLICE v=1 root_height=1 leaf_visits=1 branch_visits=1 leaf_visit_records=95 branch_visit_children=6 leaf_writes=1 branch_writes=1 leaf_write_records=97 branch_write_children=6 leaf_min=97 leaf_max=97 child_edges_added=6 custody_edges_added=48
LFS_EXTENT_SPLICE v=1 root_height=1 leaf_visits=1 branch_visits=1 leaf_visit_records=97 branch_visit_children=6 leaf_writes=1 branch_writes=1 leaf_write_records=99 branch_write_children=6 leaf_min=99 leaf_max=99 child_edges_added=6 custody_edges_added=49
LFS_EXTENT_SPLICE v=1 root_height=1 leaf_visits=1 branch_visits=1 leaf_visit_records=99 branch_visit_children=6 leaf_writes=1 branch_writes=1 leaf_write_records=101 branch_write_children=6 leaf_min=101 leaf_max=101 child_edges_added=6 custody_edges_added=50
LFS_EXTENT_SPLICE v=1 root_height=1 leaf_visits=1 branch_visits=1 leaf_visit_records=101 branch_visit_children=6 leaf_writes=1 branch_writes=1 leaf_write_records=103 branch_write_children=6 leaf_min=103 leaf_max=103 child_edges_added=6 custody_edges_added=51
LFS_EXTENT_SPLICE v=1 root_height=1 leaf_visits=1 branch_visits=1 leaf_visit_records=103 branch_visit_children=6 leaf_writes=1 branch_writes=1 leaf_write_records=105 branch_write_children=6 leaf_min=105 leaf_max=105 child_edges_added=6 custody_edges_added=52
LFS_EXTENT_SPLICE v=1 root_height=1 leaf_visits=1 branch_visits=1 leaf_visit_records=105 branch_visit_children=6 leaf_writes=1 branch_writes=1 leaf_write_records=107 branch_write_children=6 leaf_min=107 leaf_max=107 child_edges_added=6 custody_edges_added=53
LFS_EXTENT_SPLICE v=1 root_height=1 leaf_visits=1 branch_visits=1 leaf_visit_records=107 branch_visit_children=6 leaf_writes=1 branch_writes=1 leaf_write_records=109 branch_write_children=6 leaf_min=109 leaf_max=109 child_edges_added=6 custody_edges_added=54
LFS_EXTENT_SPLICE v=1 root_height=1 leaf_visits=1 branch_visits=1 leaf_visit_records=109 branch_visit_children=6 leaf_writes=1 branch_writes=1 leaf_write_records=111 branch_write_children=6 leaf_min=111 leaf_max=111 child_edges_added=6 custody_edges_added=55
LFS_EXTENT_SPLICE v=1 root_height=1 leaf_visits=1 branch_visits=1 leaf_visit_records=111 branch_visit_children=6 leaf_writes=1 branch_writes=1 leaf_write_records=113 branch_write_children=6 leaf_min=113 leaf_max=113 child_edges_added=6 custody_edges_added=56
LFS_EXTENT_SPLICE v=1 root_height=1 leaf_visits=1 branch_visits=1 leaf_visit_records=113 branch_visit_children=6 leaf_writes=1 branch_writes=1 leaf_write_records=115 branch_write_children=6 leaf_min=115 leaf_max=115 child_edges_added=6 custody_edges_added=57
LFS_EXTENT_SPLICE v=1 root_height=1 leaf_visits=1 branch_visits=1 leaf_visit_records=115 branch_visit_children=6 leaf_writes=1 branch_writes=1 leaf_write_records=117 branch_write_children=6 leaf_min=117 leaf_max=117 child_edges_added=6 custody_edges_added=58
LFS_EXTENT_SPLICE v=1 root_height=1 leaf_visits=1 branch_visits=1 leaf_visit_records=117 branch_visit_children=6 leaf_writes=1 branch_writes=1 leaf_write_records=119 branch_write_children=6 leaf_min=119 leaf_max=119 child_edges_added=6 custody_edges_added=59
LFS_EXTENT_SPLICE v=1 root_height=1 leaf_visits=1 branch_visits=1 leaf_visit_records=119 branch_visit_children=6 leaf_writes=1 branch_writes=1 leaf_write_records=121 branch_write_children=6 leaf_min=121 leaf_max=121 child_edges_added=6 custody_edges_added=60
LFS_EXTENT_SPLICE v=1 root_height=1 leaf_visits=1 branch_visits=1 leaf_visit_records=121 branch_visit_children=6 leaf_writes=1 branch_writes=1 leaf_write_records=123 branch_write_children=6 leaf_min=123 leaf_max=123 child_edges_added=6 custody_edges_added=61
LFS_EXTENT_SPLICE v=1 root_height=1 leaf_visits=1 branch_visits=1 leaf_visit_records=123 branch_visit_children=6 leaf_writes=2 branch_writes=1 leaf_write_records=125 branch_write_children=7 leaf_min=62 leaf_max=63 child_edges_added=7 custody_edges_added=62
LFS_EXTENT_SPLICE v=1 root_height=1 leaf_visits=1 branch_visits=1 leaf_visit_records=62 branch_visit_children=7 leaf_writes=1 branch_writes=1 leaf_write_records=64 branch_write_children=7 leaf_min=64 leaf_max=64 child_edges_added=7 custody_edges_added=32
LFS_EXTENT_SPLICE v=1 root_height=1 leaf_visits=1 branch_visits=1 leaf_visit_records=64 branch_visit_children=7 leaf_writes=1 branch_writes=1 leaf_write_records=66 branch_write_children=7 leaf_min=66 leaf_max=66 child_edges_added=7 custody_edges_added=33
LFS_EXTENT_SPLICE v=1 root_height=1 leaf_visits=1 branch_visits=1 leaf_visit_records=66 branch_visit_children=7 leaf_writes=1 branch_writes=1 leaf_write_records=68 branch_write_children=7 leaf_min=68 leaf_max=68 child_edges_added=7 custody_edges_added=34
LFS_EXTENT_SPLICE v=1 root_height=1 leaf_visits=1 branch_visits=1 leaf_visit_records=68 branch_visit_children=7 leaf_writes=1 branch_writes=1 leaf_write_records=70 branch_write_children=7 leaf_min=70 leaf_max=70 child_edges_added=7 custody_edges_added=35
LFS_EXTENT_SPLICE v=1 root_height=1 leaf_visits=1 branch_visits=1 leaf_visit_records=70 branch_visit_children=7 leaf_writes=1 branch_writes=1 leaf_write_records=72 branch_write_children=7 leaf_min=72 leaf_max=72 child_edges_added=7 custody_edges_added=36
LFS_EXTENT_SPLICE v=1 root_height=1 leaf_visits=1 branch_visits=1 leaf_visit_records=72 branch_visit_children=7 leaf_writes=1 branch_writes=1 leaf_write_records=74 branch_write_children=7 leaf_min=74 leaf_max=74 child_edges_added=7 custody_edges_added=37
LFS_EXTENT_SPLICE v=1 root_height=1 leaf_visits=1 branch_visits=1 leaf_visit_records=74 branch_visit_children=7 leaf_writes=1 branch_writes=1 leaf_write_records=76 branch_write_children=7 leaf_min=76 leaf_max=76 child_edges_added=7 custody_edges_added=38
LFS_EXTENT_SPLICE v=1 root_height=1 leaf_visits=1 branch_visits=1 leaf_visit_records=76 branch_visit_children=7 leaf_writes=1 branch_writes=1 leaf_write_records=78 branch_write_children=7 leaf_min=78 leaf_max=78 child_edges_added=7 custody_edges_added=39
LFS_EXTENT_SPLICE v=1 root_height=1 leaf_visits=1 branch_visits=1 leaf_visit_records=78 branch_visit_children=7 leaf_writes=1 branch_writes=1 leaf_write_records=80 branch_write_children=7 leaf_min=80 leaf_max=80 child_edges_added=7 custody_edges_added=40
LFS_EXTENT_SPLICE v=1 root_height=1 leaf_visits=1 branch_visits=1 leaf_visit_records=80 branch_visit_children=7 leaf_writes=1 branch_writes=1 leaf_write_records=82 branch_write_children=7 leaf_min=82 leaf_max=82 child_edges_added=7 custody_edges_added=41
LFS_EXTENT_SPLICE v=1 root_height=1 leaf_visits=1 branch_visits=1 leaf_visit_records=82 branch_visit_children=7 leaf_writes=1 branch_writes=1 leaf_write_records=84 branch_write_children=7 leaf_min=84 leaf_max=84 child_edges_added=7 custody_edges_added=42
LFS_EXTENT_SPLICE v=1 root_height=1 leaf_visits=1 branch_visits=1 leaf_visit_records=84 branch_visit_children=7 leaf_writes=1 branch_writes=1 leaf_write_records=86 branch_write_children=7 leaf_min=86 leaf_max=86 child_edges_added=7 custody_edges_added=43
LFS_EXTENT_SPLICE v=1 root_height=1 leaf_visits=1 branch_visits=1 leaf_visit_records=86 branch_visit_children=7 leaf_writes=1 branch_writes=1 leaf_write_records=88 branch_write_children=7 leaf_min=88 leaf_max=88 child_edges_added=7 custody_edges_added=44
LFS_EXTENT_SPLICE v=1 root_height=1 leaf_visits=1 branch_visits=1 leaf_visit_records=88 branch_visit_children=7 leaf_writes=1 branch_writes=1 leaf_write_records=90 branch_write_children=7 leaf_min=90 leaf_max=90 child_edges_added=7 custody_edges_added=45
LFS_EXTENT_SPLICE v=1 root_height=1 leaf_visits=1 branch_visits=1 leaf_visit_records=90 branch_visit_children=7 leaf_writes=1 branch_writes=1 leaf_write_records=92 branch_write_children=7 leaf_min=92 leaf_max=92 child_edges_added=7 custody_edges_added=46
LFS_EXTENT_SPLICE v=1 root_height=1 leaf_visits=1 branch_visits=1 leaf_visit_records=92 branch_visit_children=7 leaf_writes=1 branch_writes=1 leaf_write_records=94 branch_write_children=7 leaf_min=94 leaf_max=94 child_edges_added=7 custody_edges_added=47
LFS_EXTENT_SPLICE v=1 root_height=1 leaf_visits=1 branch_visits=1 leaf_visit_records=94 branch_visit_children=7 leaf_writes=1 branch_writes=1 leaf_write_records=96 branch_write_children=7 leaf_min=96 leaf_max=96 child_edges_added=7 custody_edges_added=48
LFS_EXTENT_SPLICE v=1 root_height=1 leaf_visits=1 branch_visits=1 leaf_visit_records=96 branch_visit_children=7 leaf_writes=1 branch_writes=1 leaf_write_records=98 branch_write_children=7 leaf_min=98 leaf_max=98 child_edges_added=7 custody_edges_added=49
LFS_EXTENT_SPLICE v=1 root_height=1 leaf_visits=1 branch_visits=1 leaf_visit_records=98 branch_visit_children=7 leaf_writes=1 branch_writes=1 leaf_write_records=100 branch_write_children=7 leaf_min=100 leaf_max=100 child_edges_added=7 custody_edges_added=50
LFS_EXTENT_SPLICE v=1 root_height=1 leaf_visits=1 branch_visits=1 leaf_visit_records=100 branch_visit_children=7 leaf_writes=1 branch_writes=1 leaf_write_records=102 branch_write_children=7 leaf_min=102 leaf_max=102 child_edges_added=7 custody_edges_added=51
LFS_EXTENT_SPLICE v=1 root_height=1 leaf_visits=1 branch_visits=1 leaf_visit_records=102 branch_visit_children=7 leaf_writes=1 branch_writes=1 leaf_write_records=104 branch_write_children=7 leaf_min=104 leaf_max=104 child_edges_added=7 custody_edges_added=52
LFS_EXTENT_SPLICE v=1 root_height=1 leaf_visits=1 branch_visits=1 leaf_visit_records=104 branch_visit_children=7 leaf_writes=1 branch_writes=1 leaf_write_records=106 branch_write_children=7 leaf_min=106 leaf_max=106 child_edges_added=7 custody_edges_added=53
LFS_EXTENT_SPLICE v=1 root_height=1 leaf_visits=1 branch_visits=1 leaf_visit_records=106 branch_visit_children=7 leaf_writes=1 branch_writes=1 leaf_write_records=108 branch_write_children=7 leaf_min=108 leaf_max=108 child_edges_added=7 custody_edges_added=54
LFS_EXTENT_SPLICE v=1 root_height=1 leaf_visits=1 branch_visits=1 leaf_visit_records=108 branch_visit_children=7 leaf_writes=1 branch_writes=1 leaf_write_records=110 branch_write_children=7 leaf_min=110 leaf_max=110 child_edges_added=7 custody_edges_added=55
LFS_EXTENT_SPLICE v=1 root_height=1 leaf_visits=1 branch_visits=1 leaf_visit_records=110 branch_visit_children=7 leaf_writes=1 branch_writes=1 leaf_write_records=112 branch_write_children=7 leaf_min=112 leaf_max=112 child_edges_added=7 custody_edges_added=56
LFS_EXTENT_SPLICE v=1 root_height=1 leaf_visits=1 branch_visits=1 leaf_visit_records=112 branch_visit_children=7 leaf_writes=1 branch_writes=1 leaf_write_records=114 branch_write_children=7 leaf_min=114 leaf_max=114 child_edges_added=7 custody_edges_added=57
LFS_EXTENT_SPLICE v=1 root_height=1 leaf_visits=1 branch_visits=1 leaf_visit_records=114 branch_visit_children=7 leaf_writes=1 branch_writes=1 leaf_write_records=116 branch_write_children=7 leaf_min=116 leaf_max=116 child_edges_added=7 custody_edges_added=58
LFS_EXTENT_SPLICE v=1 root_height=1 leaf_visits=1 branch_visits=1 leaf_visit_records=116 branch_visit_children=7 leaf_writes=1 branch_writes=1 leaf_write_records=118 branch_write_children=7 leaf_min=118 leaf_max=118 child_edges_added=7 custody_edges_added=59
LFS_EXTENT_SPLICE v=1 root_height=1 leaf_visits=1 branch_visits=1 leaf_visit_records=118 branch_visit_children=7 leaf_writes=1 branch_writes=1 leaf_write_records=120 branch_write_children=7 leaf_min=120 leaf_max=120 child_edges_added=7 custody_edges_added=60
LFS_EXTENT_SPLICE v=1 root_height=1 leaf_visits=1 branch_visits=1 leaf_visit_records=120 branch_visit_children=7 leaf_writes=1 branch_writes=1 leaf_write_records=122 branch_write_children=7 leaf_min=122 leaf_max=122 child_edges_added=7 custody_edges_added=61
LFS_EXTENT_SPLICE v=1 root_height=1 leaf_visits=1 branch_visits=1 leaf_visit_records=122 branch_visit_children=7 leaf_writes=1 branch_writes=1 leaf_write_records=124 branch_write_children=7 leaf_min=124 leaf_max=124 child_edges_added=7 custody_edges_added=62
LFS_EXTENT_SPLICE v=1 root_height=1 leaf_visits=1 branch_visits=1 leaf_visit_records=124 branch_visit_children=7 leaf_writes=2 branch_writes=1 leaf_write_records=126 branch_write_children=8 leaf_min=63 leaf_max=63 child_edges_added=8 custody_edges_added=63
LFS_EXTENT_SPLICE v=1 root_height=1 leaf_visits=1 branch_visits=1 leaf_visit_records=63 branch_visit_children=8 leaf_writes=1 branch_writes=1 leaf_write_records=65 branch_write_children=8 leaf_min=65 leaf_max=65 child_edges_added=8 custody_edges_added=32
LFS_EXTENT_SPLICE v=1 root_height=1 leaf_visits=1 branch_visits=1 leaf_visit_records=65 branch_visit_children=8 leaf_writes=1 branch_writes=1 leaf_write_records=67 branch_write_children=8 leaf_min=67 leaf_max=67 child_edges_added=8 custody_edges_added=33
LFS_EXTENT_SPLICE v=1 root_height=1 leaf_visits=1 branch_visits=1 leaf_visit_records=67 branch_visit_children=8 leaf_writes=1 branch_writes=1 leaf_write_records=69 branch_write_children=8 leaf_min=69 leaf_max=69 child_edges_added=8 custody_edges_added=34
LFS_EXTENT_SPLICE v=1 root_height=1 leaf_visits=1 branch_visits=1 leaf_visit_records=69 branch_visit_children=8 leaf_writes=1 branch_writes=1 leaf_write_records=71 branch_write_children=8 leaf_min=71 leaf_max=71 child_edges_added=8 custody_edges_added=35
LFS_EXTENT_SPLICE v=1 root_height=1 leaf_visits=1 branch_visits=1 leaf_visit_records=71 branch_visit_children=8 leaf_writes=1 branch_writes=1 leaf_write_records=73 branch_write_children=8 leaf_min=73 leaf_max=73 child_edges_added=8 custody_edges_added=36
LFS_EXTENT_SPLICE v=1 root_height=1 leaf_visits=1 branch_visits=1 leaf_visit_records=73 branch_visit_children=8 leaf_writes=1 branch_writes=1 leaf_write_records=75 branch_write_children=8 leaf_min=75 leaf_max=75 child_edges_added=8 custody_edges_added=37
LFS_EXTENT_SPLICE v=1 root_height=1 leaf_visits=1 branch_visits=1 leaf_visit_records=75 branch_visit_children=8 leaf_writes=1 branch_writes=1 leaf_write_records=77 branch_write_children=8 leaf_min=77 leaf_max=77 child_edges_added=8 custody_edges_added=38
LFS_EXTENT_SPLICE v=1 root_height=1 leaf_visits=1 branch_visits=1 leaf_visit_records=77 branch_visit_children=8 leaf_writes=1 branch_writes=1 leaf_write_records=79 branch_write_children=8 leaf_min=79 leaf_max=79 child_edges_added=8 custody_edges_added=39
LFS_EXTENT_SPLICE v=1 root_height=1 leaf_visits=1 branch_visits=1 leaf_visit_records=79 branch_visit_children=8 leaf_writes=1 branch_writes=1 leaf_write_records=81 branch_write_children=8 leaf_min=81 leaf_max=81 child_edges_added=8 custody_edges_added=40
LFS_EXTENT_SPLICE v=1 root_height=1 leaf_visits=1 branch_visits=1 leaf_visit_records=81 branch_visit_children=8 leaf_writes=1 branch_writes=1 leaf_write_records=83 branch_write_children=8 leaf_min=83 leaf_max=83 child_edges_added=8 custody_edges_added=41
LFS_EXTENT_SPLICE v=1 root_height=1 leaf_visits=1 branch_visits=1 leaf_visit_records=83 branch_visit_children=8 leaf_writes=1 branch_writes=1 leaf_write_records=85 branch_write_children=8 leaf_min=85 leaf_max=85 child_edges_added=8 custody_edges_added=42
LFS_EXTENT_SPLICE v=1 root_height=1 leaf_visits=1 branch_visits=1 leaf_visit_records=85 branch_visit_children=8 leaf_writes=1 branch_writes=1 leaf_write_records=87 branch_write_children=8 leaf_min=87 leaf_max=87 child_edges_added=8 custody_edges_added=43
LFS_EXTENT_SPLICE v=1 root_height=1 leaf_visits=1 branch_visits=1 leaf_visit_records=87 branch_visit_children=8 leaf_writes=1 branch_writes=1 leaf_write_records=89 branch_write_children=8 leaf_min=89 leaf_max=89 child_edges_added=8 custody_edges_added=44
LFS_EXTENT_SPLICE v=1 root_height=1 leaf_visits=1 branch_visits=1 leaf_visit_records=89 branch_visit_children=8 leaf_writes=1 branch_writes=1 leaf_write_records=91 branch_write_children=8 leaf_min=91 leaf_max=91 child_edges_added=8 custody_edges_added=45
LFS_EXTENT_SPLICE v=1 root_height=1 leaf_visits=1 branch_visits=1 leaf_visit_records=91 branch_visit_children=8 leaf_writes=1 branch_writes=1 leaf_write_records=93 branch_write_children=8 leaf_min=93 leaf_max=93 child_edges_added=8 custody_edges_added=46
LFS_EXTENT_SPLICE v=1 root_height=1 leaf_visits=1 branch_visits=1 leaf_visit_records=93 branch_visit_children=8 leaf_writes=1 branch_writes=1 leaf_write_records=95 branch_write_children=8 leaf_min=95 leaf_max=95 child_edges_added=8 custody_edges_added=47
LFS_EXTENT_SPLICE v=1 root_height=1 leaf_visits=1 branch_visits=1 leaf_visit_records=95 branch_visit_children=8 leaf_writes=1 branch_writes=1 leaf_write_records=97 branch_write_children=8 leaf_min=97 leaf_max=97 child_edges_added=8 custody_edges_added=48
LFS_EXTENT_SPLICE v=1 root_height=1 leaf_visits=1 branch_visits=1 leaf_visit_records=97 branch_visit_children=8 leaf_writes=1 branch_writes=1 leaf_write_records=99 branch_write_children=8 leaf_min=99 leaf_max=99 child_edges_added=8 custody_edges_added=49
LFS_EXTENT_SPLICE v=1 root_height=1 leaf_visits=1 branch_visits=1 leaf_visit_records=99 branch_visit_children=8 leaf_writes=1 branch_writes=1 leaf_write_records=101 branch_write_children=8 leaf_min=101 leaf_max=101 child_edges_added=8 custody_edges_added=50
LFS_EXTENT_SPLICE v=1 root_height=1 leaf_visits=1 branch_visits=1 leaf_visit_records=101 branch_visit_children=8 leaf_writes=1 branch_writes=1 leaf_write_records=103 branch_write_children=8 leaf_min=103 leaf_max=103 child_edges_added=8 custody_edges_added=51
LFS_EXTENT_SPLICE v=1 root_height=1 leaf_visits=1 branch_visits=1 leaf_visit_records=103 branch_visit_children=8 leaf_writes=1 branch_writes=1 leaf_write_records=105 branch_write_children=8 leaf_min=105 leaf_max=105 child_edges_added=8 custody_edges_added=52
LFS_EXTENT_SPLICE v=1 root_height=1 leaf_visits=1 branch_visits=1 leaf_visit_records=105 branch_visit_children=8 leaf_writes=1 branch_writes=1 leaf_write_records=107 branch_write_children=8 leaf_min=107 leaf_max=107 child_edges_added=8 custody_edges_added=53
LFS_EXTENT_SPLICE v=1 root_height=1 leaf_visits=1 branch_visits=1 leaf_visit_records=107 branch_visit_children=8 leaf_writes=1 branch_writes=1 leaf_write_records=109 branch_write_children=8 leaf_min=109 leaf_max=109 child_edges_added=8 custody_edges_added=54
LFS_EXTENT_SPLICE v=1 root_height=1 leaf_visits=1 branch_visits=1 leaf_visit_records=109 branch_visit_children=8 leaf_writes=1 branch_writes=1 leaf_write_records=111 branch_write_children=8 leaf_min=111 leaf_max=111 child_edges_added=8 custody_edges_added=55
LFS_EXTENT_SPLICE v=1 root_height=1 leaf_visits=1 branch_visits=1 leaf_visit_records=111 branch_visit_children=8 leaf_writes=1 branch_writes=1 leaf_write_records=113 branch_write_children=8 leaf_min=113 leaf_max=113 child_edges_added=8 custody_edges_added=56
LFS_EXTENT_SPLICE v=1 root_height=1 leaf_visits=1 branch_visits=1 leaf_visit_records=113 branch_visit_children=8 leaf_writes=1 branch_writes=1 leaf_write_records=115 branch_write_children=8 leaf_min=115 leaf_max=115 child_edges_added=8 custody_edges_added=57
LFS_EXTENT_SPLICE v=1 root_height=1 leaf_visits=1 branch_visits=1 leaf_visit_records=115 branch_visit_children=8 leaf_writes=1 branch_writes=1 leaf_write_records=117 branch_write_children=8 leaf_min=117 leaf_max=117 child_edges_added=8 custody_edges_added=58
LFS_EXTENT_SPLICE v=1 root_height=1 leaf_visits=1 branch_visits=1 leaf_visit_records=117 branch_visit_children=8 leaf_writes=1 branch_writes=1 leaf_write_records=119 branch_write_children=8 leaf_min=119 leaf_max=119 child_edges_added=8 custody_edges_added=59
LFS_EXTENT_SPLICE v=1 root_height=1 leaf_visits=1 branch_visits=1 leaf_visit_records=119 branch_visit_children=8 leaf_writes=1 branch_writes=1 leaf_write_records=121 branch_write_children=8 leaf_min=121 leaf_max=121 child_edges_added=8 custody_edges_added=60
LFS_EXTENT_SPLICE v=1 root_height=1 leaf_visits=1 branch_visits=1 leaf_visit_records=121 branch_visit_children=8 leaf_writes=1 branch_writes=1 leaf_write_records=123 branch_write_children=8 leaf_min=123 leaf_max=123 child_edges_added=8 custody_edges_added=61
LFS_EXTENT_SPLICE v=1 root_height=1 leaf_visits=1 branch_visits=1 leaf_visit_records=123 branch_visit_children=8 leaf_writes=2 branch_writes=1 leaf_write_records=125 branch_write_children=9 leaf_min=62 leaf_max=63 child_edges_added=9 custody_edges_added=62
LFS_EXTENT_SPLICE v=1 root_height=1 leaf_visits=1 branch_visits=1 leaf_visit_records=62 branch_visit_children=9 leaf_writes=1 branch_writes=1 leaf_write_records=64 branch_write_children=9 leaf_min=64 leaf_max=64 child_edges_added=9 custody_edges_added=32
LFS_EXTENT_SPLICE v=1 root_height=1 leaf_visits=1 branch_visits=1 leaf_visit_records=64 branch_visit_children=9 leaf_writes=1 branch_writes=1 leaf_write_records=66 branch_write_children=9 leaf_min=66 leaf_max=66 child_edges_added=9 custody_edges_added=33
LFS_EXTENT_SPLICE v=1 root_height=1 leaf_visits=1 branch_visits=1 leaf_visit_records=66 branch_visit_children=9 leaf_writes=1 branch_writes=1 leaf_write_records=68 branch_write_children=9 leaf_min=68 leaf_max=68 child_edges_added=9 custody_edges_added=34
LFS_EXTENT_SPLICE v=1 root_height=1 leaf_visits=1 branch_visits=1 leaf_visit_records=68 branch_visit_children=9 leaf_writes=1 branch_writes=1 leaf_write_records=70 branch_write_children=9 leaf_min=70 leaf_max=70 child_edges_added=9 custody_edges_added=35
LFS_EXTENT_SPLICE v=1 root_height=1 leaf_visits=1 branch_visits=1 leaf_visit_records=70 branch_visit_children=9 leaf_writes=1 branch_writes=1 leaf_write_records=72 branch_write_children=9 leaf_min=72 leaf_max=72 child_edges_added=9 custody_edges_added=36
LFS_EXTENT_SPLICE v=1 root_height=1 leaf_visits=1 branch_visits=1 leaf_visit_records=72 branch_visit_children=9 leaf_writes=1 branch_writes=1 leaf_write_records=74 branch_write_children=9 leaf_min=74 leaf_max=74 child_edges_added=9 custody_edges_added=37
LFS_EXTENT_SPLICE v=1 root_height=1 leaf_visits=1 branch_visits=1 leaf_visit_records=74 branch_visit_children=9 leaf_writes=1 branch_writes=1 leaf_write_records=76 branch_write_children=9 leaf_min=76 leaf_max=76 child_edges_added=9 custody_edges_added=38
LFS_EXTENT_SPLICE v=1 root_height=1 leaf_visits=1 branch_visits=1 leaf_visit_records=76 branch_visit_children=9 leaf_writes=1 branch_writes=1 leaf_write_records=78 branch_write_children=9 leaf_min=78 leaf_max=78 child_edges_added=9 custody_edges_added=39
LFS_EXTENT_SPLICE v=1 root_height=1 leaf_visits=1 branch_visits=1 leaf_visit_records=78 branch_visit_children=9 leaf_writes=1 branch_writes=1 leaf_write_records=80 branch_write_children=9 leaf_min=80 leaf_max=80 child_edges_added=9 custody_edges_added=40
LFS_EXTENT_SPLICE v=1 root_height=1 leaf_visits=1 branch_visits=1 leaf_visit_records=80 branch_visit_children=9 leaf_writes=1 branch_writes=1 leaf_write_records=82 branch_write_children=9 leaf_min=82 leaf_max=82 child_edges_added=9 custody_edges_added=41
LFS_EXTENT_SPLICE v=1 root_height=1 leaf_visits=1 branch_visits=1 leaf_visit_records=82 branch_visit_children=9 leaf_writes=1 branch_writes=1 leaf_write_records=84 branch_write_children=9 leaf_min=84 leaf_max=84 child_edges_added=9 custody_edges_added=42
LFS_EXTENT_SPLICE v=1 root_height=1 leaf_visits=1 branch_visits=1 leaf_visit_records=84 branch_visit_children=9 leaf_writes=1 branch_writes=1 leaf_write_records=86 branch_write_children=9 leaf_min=86 leaf_max=86 child_edges_added=9 custody_edges_added=43
LFS_EXTENT_SPLICE v=1 root_height=1 leaf_visits=1 branch_visits=1 leaf_visit_records=86 branch_visit_children=9 leaf_writes=1 branch_writes=1 leaf_write_records=88 branch_write_children=9 leaf_min=88 leaf_max=88 child_edges_added=9 custody_edges_added=44
LFS_EXTENT_SPLICE v=1 root_height=1 leaf_visits=1 branch_visits=1 leaf_visit_records=88 branch_visit_children=9 leaf_writes=1 branch_writes=1 leaf_write_records=90 branch_write_children=9 leaf_min=90 leaf_max=90 child_edges_added=9 custody_edges_added=45
LFS_EXTENT_SPLICE v=1 root_height=1 leaf_visits=1 branch_visits=1 leaf_visit_records=90 branch_visit_children=9 leaf_writes=1 branch_writes=1 leaf_write_records=92 branch_write_children=9 leaf_min=92 leaf_max=92 child_edges_added=9 custody_edges_added=46
LFS_EXTENT_SPLICE v=1 root_height=1 leaf_visits=1 branch_visits=1 leaf_visit_records=92 branch_visit_children=9 leaf_writes=1 branch_writes=1 leaf_write_records=94 branch_write_children=9 leaf_min=94 leaf_max=94 child_edges_added=9 custody_edges_added=47
LFS_EXTENT_SPLICE v=1 root_height=1 leaf_visits=1 branch_visits=1 leaf_visit_records=94 branch_visit_children=9 leaf_writes=1 branch_writes=1 leaf_write_records=96 branch_write_children=9 leaf_min=96 leaf_max=96 child_edges_added=9 custody_edges_added=48
LFS_EXTENT_SPLICE v=1 root_height=1 leaf_visits=1 branch_visits=1 leaf_visit_records=96 branch_visit_children=9 leaf_writes=1 branch_writes=1 leaf_write_records=98 branch_write_children=9 leaf_min=98 leaf_max=98 child_edges_added=9 custody_edges_added=49
LFS_EXTENT_SPLICE v=1 root_height=1 leaf_visits=1 branch_visits=1 leaf_visit_records=98 branch_visit_children=9 leaf_writes=1 branch_writes=1 leaf_write_records=100 branch_write_children=9 leaf_min=100 leaf_max=100 child_edges_added=9 custody_edges_added=50
LFS_EXTENT_SPLICE v=1 root_height=1 leaf_visits=1 branch_visits=1 leaf_visit_records=100 branch_visit_children=9 leaf_writes=1 branch_writes=1 leaf_write_records=102 branch_write_children=9 leaf_min=102 leaf_max=102 child_edges_added=9 custody_edges_added=51
LFS_EXTENT_SPLICE v=1 root_height=1 leaf_visits=1 branch_visits=1 leaf_visit_records=102 branch_visit_children=9 leaf_writes=1 branch_writes=1 leaf_write_records=104 branch_write_children=9 leaf_min=104 leaf_max=104 child_edges_added=9 custody_edges_added=52
LFS_EXTENT_SPLICE v=1 root_height=1 leaf_visits=1 branch_visits=1 leaf_visit_records=104 branch_visit_children=9 leaf_writes=1 branch_writes=1 leaf_write_records=106 branch_write_children=9 leaf_min=106 leaf_max=106 child_edges_added=9 custody_edges_added=53
LFS_EXTENT_SPLICE v=1 root_height=1 leaf_visits=1 branch_visits=1 leaf_visit_records=106 branch_visit_children=9 leaf_writes=1 branch_writes=1 leaf_write_records=108 branch_write_children=9 leaf_min=108 leaf_max=108 child_edges_added=9 custody_edges_added=54
LFS_EXTENT_SPLICE v=1 root_height=1 leaf_visits=1 branch_visits=1 leaf_visit_records=108 branch_visit_children=9 leaf_writes=1 branch_writes=1 leaf_write_records=110 branch_write_children=9 leaf_min=110 leaf_max=110 child_edges_added=9 custody_edges_added=55
LFS_EXTENT_SPLICE v=1 root_height=1 leaf_visits=1 branch_visits=1 leaf_visit_records=110 branch_visit_children=9 leaf_writes=1 branch_writes=1 leaf_write_records=112 branch_write_children=9 leaf_min=112 leaf_max=112 child_edges_added=9 custody_edges_added=56
LFS_EXTENT_SPLICE v=1 root_height=1 leaf_visits=1 branch_visits=1 leaf_visit_records=112 branch_visit_children=9 leaf_writes=1 branch_writes=1 leaf_write_records=114 branch_write_children=9 leaf_min=114 leaf_max=114 child_edges_added=9 custody_edges_added=57
LFS_EXTENT_SPLICE v=1 root_height=1 leaf_visits=1 branch_visits=1 leaf_visit_records=114 branch_visit_children=9 leaf_writes=1 branch_writes=1 leaf_write_records=116 branch_write_children=9 leaf_min=116 leaf_max=116 child_edges_added=9 custody_edges_added=58
LFS_EXTENT_SPLICE v=1 root_height=1 leaf_visits=1 branch_visits=1 leaf_visit_records=116 branch_visit_children=9 leaf_writes=1 branch_writes=1 leaf_write_records=118 branch_write_children=9 leaf_min=118 leaf_max=118 child_edges_added=9 custody_edges_added=59
LFS_EXTENT_SPLICE v=1 root_height=1 leaf_visits=1 branch_visits=1 leaf_visit_records=118 branch_visit_children=9 leaf_writes=1 branch_writes=1 leaf_write_records=120 branch_write_children=9 leaf_min=120 leaf_max=120 child_edges_added=9 custody_edges_added=60
LFS_EXTENT_SPLICE v=1 root_height=1 leaf_visits=1 branch_visits=1 leaf_visit_records=120 branch_visit_children=9 leaf_writes=1 branch_writes=1 leaf_write_records=122 branch_write_children=9 leaf_min=122 leaf_max=122 child_edges_added=9 custody_edges_added=61
LFS_EXTENT_SPLICE v=1 root_height=1 leaf_visits=1 branch_visits=1 leaf_visit_records=122 branch_visit_children=9 leaf_writes=1 branch_writes=1 leaf_write_records=124 branch_write_children=9 leaf_min=124 leaf_max=124 child_edges_added=9 custody_edges_added=62
LFS_EXTENT_SPLICE v=1 root_height=1 leaf_visits=1 branch_visits=1 leaf_visit_records=124 branch_visit_children=9 leaf_writes=2 branch_writes=1 leaf_write_records=126 branch_write_children=10 leaf_min=63 leaf_max=63 child_edges_added=10 custody_edges_added=63
LFS_EXTENT_SPLICE v=1 root_height=1 leaf_visits=1 branch_visits=1 leaf_visit_records=63 branch_visit_children=10 leaf_writes=1 branch_writes=1 leaf_write_records=65 branch_write_children=10 leaf_min=65 leaf_max=65 child_edges_added=10 custody_edges_added=32
LFS_EXTENT_SPLICE v=1 root_height=1 leaf_visits=1 branch_visits=1 leaf_visit_records=65 branch_visit_children=10 leaf_writes=1 branch_writes=1 leaf_write_records=67 branch_write_children=10 leaf_min=67 leaf_max=67 child_edges_added=10 custody_edges_added=33
LFS_EXTENT_SPLICE v=1 root_height=1 leaf_visits=1 branch_visits=1 leaf_visit_records=67 branch_visit_children=10 leaf_writes=1 branch_writes=1 leaf_write_records=69 branch_write_children=10 leaf_min=69 leaf_max=69 child_edges_added=10 custody_edges_added=34
LFS_EXTENT_SPLICE v=1 root_height=1 leaf_visits=1 branch_visits=1 leaf_visit_records=69 branch_visit_children=10 leaf_writes=1 branch_writes=1 leaf_write_records=71 branch_write_children=10 leaf_min=71 leaf_max=71 child_edges_added=10 custody_edges_added=35
LFS_EXTENT_SPLICE v=1 root_height=1 leaf_visits=1 branch_visits=1 leaf_visit_records=71 branch_visit_children=10 leaf_writes=1 branch_writes=1 leaf_write_records=73 branch_write_children=10 leaf_min=73 leaf_max=73 child_edges_added=10 custody_edges_added=36
LFS_EXTENT_SPLICE v=1 root_height=1 leaf_visits=1 branch_visits=1 leaf_visit_records=73 branch_visit_children=10 leaf_writes=1 branch_writes=1 leaf_write_records=75 branch_write_children=10 leaf_min=75 leaf_max=75 child_edges_added=10 custody_edges_added=37
LFS_EXTENT_SPLICE v=1 root_height=1 leaf_visits=1 branch_visits=1 leaf_visit_records=75 branch_visit_children=10 leaf_writes=1 branch_writes=1 leaf_write_records=77 branch_write_children=10 leaf_min=77 leaf_max=77 child_edges_added=10 custody_edges_added=38
LFS_EXTENT_SPLICE v=1 root_height=1 leaf_visits=1 branch_visits=1 leaf_visit_records=77 branch_visit_children=10 leaf_writes=1 branch_writes=1 leaf_write_records=79 branch_write_children=10 leaf_min=79 leaf_max=79 child_edges_added=10 custody_edges_added=39
LFS_EXTENT_SPLICE v=1 root_height=1 leaf_visits=1 branch_visits=1 leaf_visit_records=79 branch_visit_children=10 leaf_writes=1 branch_writes=1 leaf_write_records=81 branch_write_children=10 leaf_min=81 leaf_max=81 child_edges_added=10 custody_edges_added=40
LFS_EXTENT_SPLICE v=1 root_height=1 leaf_visits=1 branch_visits=1 leaf_visit_records=81 branch_visit_children=10 leaf_writes=1 branch_writes=1 leaf_write_records=83 branch_write_children=10 leaf_min=83 leaf_max=83 child_edges_added=10 custody_edges_added=41
LFS_EXTENT_SPLICE v=1 root_height=1 leaf_visits=1 branch_visits=1 leaf_visit_records=83 branch_visit_children=10 leaf_writes=1 branch_writes=1 leaf_write_records=85 branch_write_children=10 leaf_min=85 leaf_max=85 child_edges_added=10 custody_edges_added=42
LFS_EXTENT_SPLICE v=1 root_height=1 leaf_visits=1 branch_visits=1 leaf_visit_records=85 branch_visit_children=10 leaf_writes=1 branch_writes=1 leaf_write_records=87 branch_write_children=10 leaf_min=87 leaf_max=87 child_edges_added=10 custody_edges_added=43
LFS_EXTENT_SPLICE v=1 root_height=1 leaf_visits=1 branch_visits=1 leaf_visit_records=87 branch_visit_children=10 leaf_writes=1 branch_writes=1 leaf_write_records=89 branch_write_children=10 leaf_min=89 leaf_max=89 child_edges_added=10 custody_edges_added=44
LFS_EXTENT_SPLICE v=1 root_height=1 leaf_visits=1 branch_visits=1 leaf_visit_records=89 branch_visit_children=10 leaf_writes=1 branch_writes=1 leaf_write_records=91 branch_write_children=10 leaf_min=91 leaf_max=91 child_edges_added=10 custody_edges_added=45
LFS_EXTENT_SPLICE v=1 root_height=1 leaf_visits=1 branch_visits=1 leaf_visit_records=91 branch_visit_children=10 leaf_writes=1 branch_writes=1 leaf_write_records=93 branch_write_children=10 leaf_min=93 leaf_max=93 child_edges_added=10 custody_edges_added=46
LFS_EXTENT_SPLICE v=1 root_height=1 leaf_visits=1 branch_visits=1 leaf_visit_records=93 branch_visit_children=10 leaf_writes=1 branch_writes=1 leaf_write_records=95 branch_write_children=10 leaf_min=95 leaf_max=95 child_edges_added=10 custody_edges_added=47
LFS_EXTENT_SPLICE v=1 root_height=1 leaf_visits=1 branch_visits=1 leaf_visit_records=95 branch_visit_children=10 leaf_writes=1 branch_writes=1 leaf_write_records=97 branch_write_children=10 leaf_min=97 leaf_max=97 child_edges_added=10 custody_edges_added=48
LFS_EXTENT_SPLICE v=1 root_height=1 leaf_visits=1 branch_visits=1 leaf_visit_records=97 branch_visit_children=10 leaf_writes=1 branch_writes=1 leaf_write_records=99 branch_write_children=10 leaf_min=99 leaf_max=99 child_edges_added=10 custody_edges_added=49
LFS_EXTENT_SPLICE v=1 root_height=1 leaf_visits=1 branch_visits=1 leaf_visit_records=99 branch_visit_children=10 leaf_writes=1 branch_writes=1 leaf_write_records=101 branch_write_children=10 leaf_min=101 leaf_max=101 child_edges_added=10 custody_edges_added=50
LFS_EXTENT_SPLICE v=1 root_height=1 leaf_visits=1 branch_visits=1 leaf_visit_records=101 branch_visit_children=10 leaf_writes=1 branch_writes=1 leaf_write_records=103 branch_write_children=10 leaf_min=103 leaf_max=103 child_edges_added=10 custody_edges_added=51
LFS_EXTENT_SPLICE v=1 root_height=1 leaf_visits=1 branch_visits=1 leaf_visit_records=103 branch_visit_children=10 leaf_writes=1 branch_writes=1 leaf_write_records=105 branch_write_children=10 leaf_min=105 leaf_max=105 child_edges_added=10 custody_edges_added=52
LFS_EXTENT_SPLICE v=1 root_height=1 leaf_visits=1 branch_visits=1 leaf_visit_records=105 branch_visit_children=10 leaf_writes=1 branch_writes=1 leaf_write_records=107 branch_write_children=10 leaf_min=107 leaf_max=107 child_edges_added=10 custody_edges_added=53
LFS_EXTENT_SPLICE v=1 root_height=1 leaf_visits=1 branch_visits=1 leaf_visit_records=107 branch_visit_children=10 leaf_writes=1 branch_writes=1 leaf_write_records=109 branch_write_children=10 leaf_min=109 leaf_max=109 child_edges_added=10 custody_edges_added=54
LFS_EXTENT_SPLICE v=1 root_height=1 leaf_visits=1 branch_visits=1 leaf_visit_records=109 branch_visit_children=10 leaf_writes=1 branch_writes=1 leaf_write_records=111 branch_write_children=10 leaf_min=111 leaf_max=111 child_edges_added=10 custody_edges_added=55
LFS_EXTENT_SPLICE v=1 root_height=1 leaf_visits=1 branch_visits=1 leaf_visit_records=111 branch_visit_children=10 leaf_writes=1 branch_writes=1 leaf_write_records=113 branch_write_children=10 leaf_min=113 leaf_max=113 child_edges_added=10 custody_edges_added=56
LFS_EXTENT_SPLICE v=1 root_height=1 leaf_visits=1 branch_visits=1 leaf_visit_records=113 branch_visit_children=10 leaf_writes=1 branch_writes=1 leaf_write_records=115 branch_write_children=10 leaf_min=115 leaf_max=115 child_edges_added=10 custody_edges_added=57
LFS_EXTENT_SPLICE v=1 root_height=1 leaf_visits=1 branch_visits=1 leaf_visit_records=115 branch_visit_children=10 leaf_writes=1 branch_writes=1 leaf_write_records=117 branch_write_children=10 leaf_min=117 leaf_max=117 child_edges_added=10 custody_edges_added=58
LFS_EXTENT_SPLICE v=1 root_height=1 leaf_visits=1 branch_visits=1 leaf_visit_records=117 branch_visit_children=10 leaf_writes=1 branch_writes=1 leaf_write_records=119 branch_write_children=10 leaf_min=119 leaf_max=119 child_edges_added=10 custody_edges_added=59
LFS_EXTENT_SPLICE v=1 root_height=1 leaf_visits=1 branch_visits=1 leaf_visit_records=119 branch_visit_children=10 leaf_writes=1 branch_writes=1 leaf_write_records=121 branch_write_children=10 leaf_min=121 leaf_max=121 child_edges_added=10 custody_edges_added=60
LFS_EXTENT_SPLICE v=1 root_height=1 leaf_visits=1 branch_visits=1 leaf_visit_records=121 branch_visit_children=10 leaf_writes=1 branch_writes=1 leaf_write_records=123 branch_write_children=10 leaf_min=123 leaf_max=123 child_edges_added=10 custody_edges_added=61
LFS_EXTENT_SPLICE v=1 root_height=1 leaf_visits=1 branch_visits=1 leaf_visit_records=123 branch_visit_children=10 leaf_writes=2 branch_writes=1 leaf_write_records=125 branch_write_children=11 leaf_min=62 leaf_max=63 child_edges_added=11 custody_edges_added=62
LFS_EXTENT_SPLICE v=1 root_height=1 leaf_visits=1 branch_visits=1 leaf_visit_records=62 branch_visit_children=11 leaf_writes=1 branch_writes=1 leaf_write_records=64 branch_write_children=11 leaf_min=64 leaf_max=64 child_edges_added=11 custody_edges_added=32
LFS_EXTENT_SPLICE v=1 root_height=1 leaf_visits=1 branch_visits=1 leaf_visit_records=64 branch_visit_children=11 leaf_writes=1 branch_writes=1 leaf_write_records=66 branch_write_children=11 leaf_min=66 leaf_max=66 child_edges_added=11 custody_edges_added=33
LFS_EXTENT_SPLICE v=1 root_height=1 leaf_visits=1 branch_visits=1 leaf_visit_records=66 branch_visit_children=11 leaf_writes=1 branch_writes=1 leaf_write_records=68 branch_write_children=11 leaf_min=68 leaf_max=68 child_edges_added=11 custody_edges_added=34
LFS_EXTENT_SPLICE v=1 root_height=1 leaf_visits=1 branch_visits=1 leaf_visit_records=68 branch_visit_children=11 leaf_writes=1 branch_writes=1 leaf_write_records=70 branch_write_children=11 leaf_min=70 leaf_max=70 child_edges_added=11 custody_edges_added=35
LFS_EXTENT_SPLICE v=1 root_height=1 leaf_visits=1 branch_visits=1 leaf_visit_records=70 branch_visit_children=11 leaf_writes=1 branch_writes=1 leaf_write_records=72 branch_write_children=11 leaf_min=72 leaf_max=72 child_edges_added=11 custody_edges_added=36
LFS_EXTENT_SPLICE v=1 root_height=1 leaf_visits=1 branch_visits=1 leaf_visit_records=72 branch_visit_children=11 leaf_writes=1 branch_writes=1 leaf_write_records=74 branch_write_children=11 leaf_min=74 leaf_max=74 child_edges_added=11 custody_edges_added=37
LFS_EXTENT_SPLICE v=1 root_height=1 leaf_visits=1 branch_visits=1 leaf_visit_records=74 branch_visit_children=11 leaf_writes=1 branch_writes=1 leaf_write_records=76 branch_write_children=11 leaf_min=76 leaf_max=76 child_edges_added=11 custody_edges_added=38
LFS_EXTENT_SPLICE v=1 root_height=1 leaf_visits=1 branch_visits=1 leaf_visit_records=76 branch_visit_children=11 leaf_writes=1 branch_writes=1 leaf_write_records=78 branch_write_children=11 leaf_min=78 leaf_max=78 child_edges_added=11 custody_edges_added=39
LFS_EXTENT_SPLICE v=1 root_height=1 leaf_visits=1 branch_visits=1 leaf_visit_records=78 branch_visit_children=11 leaf_writes=1 branch_writes=1 leaf_write_records=80 branch_write_children=11 leaf_min=80 leaf_max=80 child_edges_added=11 custody_edges_added=40
LFS_EXTENT_SPLICE v=1 root_height=1 leaf_visits=1 branch_visits=1 leaf_visit_records=80 branch_visit_children=11 leaf_writes=1 branch_writes=1 leaf_write_records=82 branch_write_children=11 leaf_min=82 leaf_max=82 child_edges_added=11 custody_edges_added=41
LFS_EXTENT_SPLICE v=1 root_height=1 leaf_visits=1 branch_visits=1 leaf_visit_records=82 branch_visit_children=11 leaf_writes=1 branch_writes=1 leaf_write_records=84 branch_write_children=11 leaf_min=84 leaf_max=84 child_edges_added=11 custody_edges_added=42
LFS_EXTENT_SPLICE v=1 root_height=1 leaf_visits=1 branch_visits=1 leaf_visit_records=84 branch_visit_children=11 leaf_writes=1 branch_writes=1 leaf_write_records=86 branch_write_children=11 leaf_min=86 leaf_max=86 child_edges_added=11 custody_edges_added=43
LFS_EXTENT_SPLICE v=1 root_height=1 leaf_visits=1 branch_visits=1 leaf_visit_records=86 branch_visit_children=11 leaf_writes=1 branch_writes=1 leaf_write_records=88 branch_write_children=11 leaf_min=88 leaf_max=88 child_edges_added=11 custody_edges_added=44
LFS_EXTENT_SPLICE v=1 root_height=1 leaf_visits=1 branch_visits=1 leaf_visit_records=88 branch_visit_children=11 leaf_writes=1 branch_writes=1 leaf_write_records=90 branch_write_children=11 leaf_min=90 leaf_max=90 child_edges_added=11 custody_edges_added=45
LFS_EXTENT_SPLICE v=1 root_height=1 leaf_visits=1 branch_visits=1 leaf_visit_records=90 branch_visit_children=11 leaf_writes=1 branch_writes=1 leaf_write_records=92 branch_write_children=11 leaf_min=92 leaf_max=92 child_edges_added=11 custody_edges_added=46
LFT1 {"v":1,"namespace":13710895918682022928,"run":"0388b7df3c6bbe5fc5bf9044daa9cf3f","pid":1,"role":2,"kind":"resource","scope":"process-shared","clock":"local-monitor","at_ns":2001777750,"incarnation":8311343,"user_ns":600000000,"source":"procfs+sysconf","probe_ns":12917,"selected":3,"system_ns":310000000,"rss":39165952}
LFS_EXTENT_SPLICE v=1 root_height=1 leaf_visits=1 branch_visits=1 leaf_visit_records=92 branch_visit_children=11 leaf_writes=1 branch_writes=1 leaf_write_records=94 branch_write_children=11 leaf_min=94 leaf_max=94 child_edges_added=11 custody_edges_added=47
LFS_EXTENT_SPLICE v=1 root_height=1 leaf_visits=1 branch_visits=1 leaf_visit_records=94 branch_visit_children=11 leaf_writes=1 branch_writes=1 leaf_write_records=96 branch_write_children=11 leaf_min=96 leaf_max=96 child_edges_added=11 custody_edges_added=48
LFS_EXTENT_SPLICE v=1 root_height=1 leaf_visits=1 branch_visits=1 leaf_visit_records=96 branch_visit_children=11 leaf_writes=1 branch_writes=1 leaf_write_records=98 branch_write_children=11 leaf_min=98 leaf_max=98 child_edges_added=11 custody_edges_added=49
LFS_EXTENT_SPLICE v=1 root_height=1 leaf_visits=1 branch_visits=1 leaf_visit_records=98 branch_visit_children=11 leaf_writes=1 branch_writes=1 leaf_write_records=100 branch_write_children=11 leaf_min=100 leaf_max=100 child_edges_added=11 custody_edges_added=50
LFS_EXTENT_SPLICE v=1 root_height=1 leaf_visits=1 branch_visits=1 leaf_visit_records=100 branch_visit_children=11 leaf_writes=1 branch_writes=1 leaf_write_records=102 branch_write_children=11 leaf_min=102 leaf_max=102 child_edges_added=11 custody_edges_added=51
LFS_EXTENT_SPLICE v=1 root_height=1 leaf_visits=1 branch_visits=1 leaf_visit_records=102 branch_visit_children=11 leaf_writes=1 branch_writes=1 leaf_write_records=104 branch_write_children=11 leaf_min=104 leaf_max=104 child_edges_added=11 custody_edges_added=52
LFS_EXTENT_SPLICE v=1 root_height=1 leaf_visits=1 branch_visits=1 leaf_visit_records=104 branch_visit_children=11 leaf_writes=1 branch_writes=1 leaf_write_records=106 branch_write_children=11 leaf_min=106 leaf_max=106 child_edges_added=11 custody_edges_added=53
LFS_EXTENT_SPLICE v=1 root_height=1 leaf_visits=1 branch_visits=1 leaf_visit_records=106 branch_visit_children=11 leaf_writes=1 branch_writes=1 leaf_write_records=108 branch_write_children=11 leaf_min=108 leaf_max=108 child_edges_added=11 custody_edges_added=54
LFS_EXTENT_SPLICE v=1 root_height=1 leaf_visits=1 branch_visits=1 leaf_visit_records=108 branch_visit_children=11 leaf_writes=1 branch_writes=1 leaf_write_records=110 branch_write_children=11 leaf_min=110 leaf_max=110 child_edges_added=11 custody_edges_added=55
LFS_EXTENT_SPLICE v=1 root_height=1 leaf_visits=1 branch_visits=1 leaf_visit_records=110 branch_visit_children=11 leaf_writes=1 branch_writes=1 leaf_write_records=112 branch_write_children=11 leaf_min=112 leaf_max=112 child_edges_added=11 custody_edges_added=56
LFS_EXTENT_SPLICE v=1 root_height=1 leaf_visits=1 branch_visits=1 leaf_visit_records=112 branch_visit_children=11 leaf_writes=1 branch_writes=1 leaf_write_records=114 branch_write_children=11 leaf_min=114 leaf_max=114 child_edges_added=11 custody_edges_added=57
LFS_EXTENT_SPLICE v=1 root_height=1 leaf_visits=1 branch_visits=1 leaf_visit_records=114 branch_visit_children=11 leaf_writes=1 branch_writes=1 leaf_write_records=116 branch_write_children=11 leaf_min=116 leaf_max=116 child_edges_added=11 custody_edges_added=58
LFS_EXTENT_SPLICE v=1 root_height=1 leaf_visits=1 branch_visits=1 leaf_visit_records=116 branch_visit_children=11 leaf_writes=1 branch_writes=1 leaf_write_records=118 branch_write_children=11 leaf_min=118 leaf_max=118 child_edges_added=11 custody_edges_added=59
LFS_EXTENT_SPLICE v=1 root_height=1 leaf_visits=1 branch_visits=1 leaf_visit_records=118 branch_visit_children=11 leaf_writes=1 branch_writes=1 leaf_write_records=120 branch_write_children=11 leaf_min=120 leaf_max=120 child_edges_added=11 custody_edges_added=60
LFS_EXTENT_SPLICE v=1 root_height=1 leaf_visits=1 branch_visits=1 leaf_visit_records=120 branch_visit_children=11 leaf_writes=1 branch_writes=1 leaf_write_records=122 branch_write_children=11 leaf_min=122 leaf_max=122 child_edges_added=11 custody_edges_added=61
LFS_EXTENT_SPLICE v=1 root_height=1 leaf_visits=1 branch_visits=1 leaf_visit_records=122 branch_visit_children=11 leaf_writes=1 branch_writes=1 leaf_write_records=124 branch_write_children=11 leaf_min=124 leaf_max=124 child_edges_added=11 custody_edges_added=62
LFS_EXTENT_SPLICE v=1 root_height=1 leaf_visits=1 branch_visits=1 leaf_visit_records=124 branch_visit_children=11 leaf_writes=2 branch_writes=1 leaf_write_records=126 branch_write_children=12 leaf_min=63 leaf_max=63 child_edges_added=12 custody_edges_added=63
LFS_EXTENT_SPLICE v=1 root_height=1 leaf_visits=1 branch_visits=1 leaf_visit_records=63 branch_visit_children=12 leaf_writes=1 branch_writes=1 leaf_write_records=65 branch_write_children=12 leaf_min=65 leaf_max=65 child_edges_added=12 custody_edges_added=32
LFS_EXTENT_SPLICE v=1 root_height=1 leaf_visits=1 branch_visits=1 leaf_visit_records=65 branch_visit_children=12 leaf_writes=1 branch_writes=1 leaf_write_records=67 branch_write_children=12 leaf_min=67 leaf_max=67 child_edges_added=12 custody_edges_added=33
LFS_EXTENT_SPLICE v=1 root_height=1 leaf_visits=1 branch_visits=1 leaf_visit_records=67 branch_visit_children=12 leaf_writes=1 branch_writes=1 leaf_write_records=69 branch_write_children=12 leaf_min=69 leaf_max=69 child_edges_added=12 custody_edges_added=34
LFS_EXTENT_SPLICE v=1 root_height=1 leaf_visits=1 branch_visits=1 leaf_visit_records=69 branch_visit_children=12 leaf_writes=1 branch_writes=1 leaf_write_records=71 branch_write_children=12 leaf_min=71 leaf_max=71 child_edges_added=12 custody_edges_added=35
LFS_EXTENT_SPLICE v=1 root_height=1 leaf_visits=1 branch_visits=1 leaf_visit_records=71 branch_visit_children=12 leaf_writes=1 branch_writes=1 leaf_write_records=73 branch_write_children=12 leaf_min=73 leaf_max=73 child_edges_added=12 custody_edges_added=36
LFS_EXTENT_SPLICE v=1 root_height=1 leaf_visits=1 branch_visits=1 leaf_visit_records=73 branch_visit_children=12 leaf_writes=1 branch_writes=1 leaf_write_records=75 branch_write_children=12 leaf_min=75 leaf_max=75 child_edges_added=12 custody_edges_added=37
LFS_EXTENT_SPLICE v=1 root_height=1 leaf_visits=1 branch_visits=1 leaf_visit_records=75 branch_visit_children=12 leaf_writes=1 branch_writes=1 leaf_write_records=77 branch_write_children=12 leaf_min=77 leaf_max=77 child_edges_added=12 custody_edges_added=38
LFS_EXTENT_SPLICE v=1 root_height=1 leaf_visits=1 branch_visits=1 leaf_visit_records=77 branch_visit_children=12 leaf_writes=1 branch_writes=1 leaf_write_records=79 branch_write_children=12 leaf_min=79 leaf_max=79 child_edges_added=12 custody_edges_added=39
LFS_EXTENT_SPLICE v=1 root_height=1 leaf_visits=1 branch_visits=1 leaf_visit_records=79 branch_visit_children=12 leaf_writes=1 branch_writes=1 leaf_write_records=81 branch_write_children=12 leaf_min=81 leaf_max=81 child_edges_added=12 custody_edges_added=40
LFS_EXTENT_SPLICE v=1 root_height=1 leaf_visits=1 branch_visits=1 leaf_visit_records=81 branch_visit_children=12 leaf_writes=1 branch_writes=1 leaf_write_records=83 branch_write_children=12 leaf_min=83 leaf_max=83 child_edges_added=12 custody_edges_added=41
LFS_EXTENT_SPLICE v=1 root_height=1 leaf_visits=1 branch_visits=1 leaf_visit_records=83 branch_visit_children=12 leaf_writes=1 branch_writes=1 leaf_write_records=85 branch_write_children=12 leaf_min=85 leaf_max=85 child_edges_added=12 custody_edges_added=42
LFS_EXTENT_SPLICE v=1 root_height=1 leaf_visits=1 branch_visits=1 leaf_visit_records=85 branch_visit_children=12 leaf_writes=1 branch_writes=1 leaf_write_records=87 branch_write_children=12 leaf_min=87 leaf_max=87 child_edges_added=12 custody_edges_added=43
LFS_EXTENT_SPLICE v=1 root_height=1 leaf_visits=1 branch_visits=1 leaf_visit_records=87 branch_visit_children=12 leaf_writes=1 branch_writes=1 leaf_write_records=89 branch_write_children=12 leaf_min=89 leaf_max=89 child_edges_added=12 custody_edges_added=44
LFS_EXTENT_SPLICE v=1 root_height=1 leaf_visits=1 branch_visits=1 leaf_visit_records=89 branch_visit_children=12 leaf_writes=1 branch_writes=1 leaf_write_records=91 branch_write_children=12 leaf_min=91 leaf_max=91 child_edges_added=12 custody_edges_added=45
LFS_EXTENT_SPLICE v=1 root_height=1 leaf_visits=1 branch_visits=1 leaf_visit_records=91 branch_visit_children=12 leaf_writes=1 branch_writes=1 leaf_write_records=93 branch_write_children=12 leaf_min=93 leaf_max=93 child_edges_added=12 custody_edges_added=46
LFS_EXTENT_SPLICE v=1 root_height=1 leaf_visits=1 branch_visits=1 leaf_visit_records=93 branch_visit_children=12 leaf_writes=1 branch_writes=1 leaf_write_records=95 branch_write_children=12 leaf_min=95 leaf_max=95 child_edges_added=12 custody_edges_added=47
LFS_EXTENT_SPLICE v=1 root_height=1 leaf_visits=1 branch_visits=1 leaf_visit_records=95 branch_visit_children=12 leaf_writes=1 branch_writes=1 leaf_write_records=97 branch_write_children=12 leaf_min=97 leaf_max=97 child_edges_added=12 custody_edges_added=48
LFS_EXTENT_SPLICE v=1 root_height=1 leaf_visits=1 branch_visits=1 leaf_visit_records=97 branch_visit_children=12 leaf_writes=1 branch_writes=1 leaf_write_records=99 branch_write_children=12 leaf_min=99 leaf_max=99 child_edges_added=12 custody_edges_added=49
LFS_EXTENT_SPLICE v=1 root_height=1 leaf_visits=1 branch_visits=1 leaf_visit_records=99 branch_visit_children=12 leaf_writes=1 branch_writes=1 leaf_write_records=101 branch_write_children=12 leaf_min=101 leaf_max=101 child_edges_added=12 custody_edges_added=50
LFS_EXTENT_SPLICE v=1 root_height=1 leaf_visits=1 branch_visits=1 leaf_visit_records=101 branch_visit_children=12 leaf_writes=1 branch_writes=1 leaf_write_records=103 branch_write_children=12 leaf_min=103 leaf_max=103 child_edges_added=12 custody_edges_added=51
LFS_EXTENT_SPLICE v=1 root_height=1 leaf_visits=1 branch_visits=1 leaf_visit_records=103 branch_visit_children=12 leaf_writes=1 branch_writes=1 leaf_write_records=105 branch_write_children=12 leaf_min=105 leaf_max=105 child_edges_added=12 custody_edges_added=52
LFS_EXTENT_SPLICE v=1 root_height=1 leaf_visits=1 branch_visits=1 leaf_visit_records=105 branch_visit_children=12 leaf_writes=1 branch_writes=1 leaf_write_records=107 branch_write_children=12 leaf_min=107 leaf_max=107 child_edges_added=12 custody_edges_added=53
LFS_EXTENT_SPLICE v=1 root_height=1 leaf_visits=1 branch_visits=1 leaf_visit_records=107 branch_visit_children=12 leaf_writes=1 branch_writes=1 leaf_write_records=109 branch_write_children=12 leaf_min=109 leaf_max=109 child_edges_added=12 custody_edges_added=54
LFS_EXTENT_SPLICE v=1 root_height=1 leaf_visits=1 branch_visits=1 leaf_visit_records=109 branch_visit_children=12 leaf_writes=1 branch_writes=1 leaf_write_records=111 branch_write_children=12 leaf_min=111 leaf_max=111 child_edges_added=12 custody_edges_added=55
LFS_EXTENT_SPLICE v=1 root_height=1 leaf_visits=1 branch_visits=1 leaf_visit_records=111 branch_visit_children=12 leaf_writes=1 branch_writes=1 leaf_write_records=113 branch_write_children=12 leaf_min=113 leaf_max=113 child_edges_added=12 custody_edges_added=56
LFS_EXTENT_SPLICE v=1 root_height=1 leaf_visits=1 branch_visits=1 leaf_visit_records=113 branch_visit_children=12 leaf_writes=1 branch_writes=1 leaf_write_records=115 branch_write_children=12 leaf_min=115 leaf_max=115 child_edges_added=12 custody_edges_added=57
LFS_EXTENT_SPLICE v=1 root_height=1 leaf_visits=1 branch_visits=1 leaf_visit_records=115 branch_visit_children=12 leaf_writes=1 branch_writes=1 leaf_write_records=117 branch_write_children=12 leaf_min=117 leaf_max=117 child_edges_added=12 custody_edges_added=58
LFS_EXTENT_SPLICE v=1 root_height=1 leaf_visits=1 branch_visits=1 leaf_visit_records=117 branch_visit_children=12 leaf_writes=1 branch_writes=1 leaf_write_records=119 branch_write_children=12 leaf_min=119 leaf_max=119 child_edges_added=12 custody_edges_added=59
LFS_EXTENT_SPLICE v=1 root_height=1 leaf_visits=1 branch_visits=1 leaf_visit_records=119 branch_visit_children=12 leaf_writes=1 branch_writes=1 leaf_write_records=121 branch_write_children=12 leaf_min=121 leaf_max=121 child_edges_added=12 custody_edges_added=60
LFS_EXTENT_SPLICE v=1 root_height=1 leaf_visits=1 branch_visits=1 leaf_visit_records=121 branch_visit_children=12 leaf_writes=1 branch_writes=1 leaf_write_records=123 branch_write_children=12 leaf_min=123 leaf_max=123 child_edges_added=12 custody_edges_added=61
LFS_EXTENT_SPLICE v=1 root_height=1 leaf_visits=1 branch_visits=1 leaf_visit_records=123 branch_visit_children=12 leaf_writes=2 branch_writes=1 leaf_write_records=125 branch_write_children=13 leaf_min=62 leaf_max=63 child_edges_added=13 custody_edges_added=62
LFS_EXTENT_SPLICE v=1 root_height=1 leaf_visits=1 branch_visits=1 leaf_visit_records=62 branch_visit_children=13 leaf_writes=1 branch_writes=1 leaf_write_records=64 branch_write_children=13 leaf_min=64 leaf_max=64 child_edges_added=13 custody_edges_added=32
LFS_EXTENT_SPLICE v=1 root_height=1 leaf_visits=1 branch_visits=1 leaf_visit_records=64 branch_visit_children=13 leaf_writes=1 branch_writes=1 leaf_write_records=66 branch_write_children=13 leaf_min=66 leaf_max=66 child_edges_added=13 custody_edges_added=33
LFS_EXTENT_SPLICE v=1 root_height=1 leaf_visits=1 branch_visits=1 leaf_visit_records=66 branch_visit_children=13 leaf_writes=1 branch_writes=1 leaf_write_records=68 branch_write_children=13 leaf_min=68 leaf_max=68 child_edges_added=13 custody_edges_added=34
LFS_EXTENT_SPLICE v=1 root_height=1 leaf_visits=1 branch_visits=1 leaf_visit_records=68 branch_visit_children=13 leaf_writes=1 branch_writes=1 leaf_write_records=70 branch_write_children=13 leaf_min=70 leaf_max=70 child_edges_added=13 custody_edges_added=35
LFS_EXTENT_SPLICE v=1 root_height=1 leaf_visits=1 branch_visits=1 leaf_visit_records=70 branch_visit_children=13 leaf_writes=1 branch_writes=1 leaf_write_records=72 branch_write_children=13 leaf_min=72 leaf_max=72 child_edges_added=13 custody_edges_added=36
LFS_EXTENT_SPLICE v=1 root_height=1 leaf_visits=1 branch_visits=1 leaf_visit_records=72 branch_visit_children=13 leaf_writes=1 branch_writes=1 leaf_write_records=74 branch_write_children=13 leaf_min=74 leaf_max=74 child_edges_added=13 custody_edges_added=37
LFS_EXTENT_SPLICE v=1 root_height=1 leaf_visits=1 branch_visits=1 leaf_visit_records=74 branch_visit_children=13 leaf_writes=1 branch_writes=1 leaf_write_records=76 branch_write_children=13 leaf_min=76 leaf_max=76 child_edges_added=13 custody_edges_added=38
LFS_EXTENT_SPLICE v=1 root_height=1 leaf_visits=1 branch_visits=1 leaf_visit_records=76 branch_visit_children=13 leaf_writes=1 branch_writes=1 leaf_write_records=78 branch_write_children=13 leaf_min=78 leaf_max=78 child_edges_added=13 custody_edges_added=39
LFS_EXTENT_SPLICE v=1 root_height=1 leaf_visits=1 branch_visits=1 leaf_visit_records=78 branch_visit_children=13 leaf_writes=1 branch_writes=1 leaf_write_records=80 branch_write_children=13 leaf_min=80 leaf_max=80 child_edges_added=13 custody_edges_added=40
LFS_EXTENT_SPLICE v=1 root_height=1 leaf_visits=1 branch_visits=1 leaf_visit_records=80 branch_visit_children=13 leaf_writes=1 branch_writes=1 leaf_write_records=82 branch_write_children=13 leaf_min=82 leaf_max=82 child_edges_added=13 custody_edges_added=41
LFS_EXTENT_SPLICE v=1 root_height=1 leaf_visits=1 branch_visits=1 leaf_visit_records=82 branch_visit_children=13 leaf_writes=1 branch_writes=1 leaf_write_records=84 branch_write_children=13 leaf_min=84 leaf_max=84 child_edges_added=13 custody_edges_added=42
LFS_EXTENT_SPLICE v=1 root_height=1 leaf_visits=1 branch_visits=1 leaf_visit_records=84 branch_visit_children=13 leaf_writes=1 branch_writes=1 leaf_write_records=86 branch_write_children=13 leaf_min=86 leaf_max=86 child_edges_added=13 custody_edges_added=43
LFS_EXTENT_SPLICE v=1 root_height=1 leaf_visits=1 branch_visits=1 leaf_visit_records=86 branch_visit_children=13 leaf_writes=1 branch_writes=1 leaf_write_records=88 branch_write_children=13 leaf_min=88 leaf_max=88 child_edges_added=13 custody_edges_added=44
LFS_EXTENT_SPLICE v=1 root_height=1 leaf_visits=1 branch_visits=1 leaf_visit_records=88 branch_visit_children=13 leaf_writes=1 branch_writes=1 leaf_write_records=90 branch_write_children=13 leaf_min=90 leaf_max=90 child_edges_added=13 custody_edges_added=45
LFS_EXTENT_SPLICE v=1 root_height=1 leaf_visits=1 branch_visits=1 leaf_visit_records=90 branch_visit_children=13 leaf_writes=1 branch_writes=1 leaf_write_records=92 branch_write_children=13 leaf_min=92 leaf_max=92 child_edges_added=13 custody_edges_added=46
LFS_EXTENT_SPLICE v=1 root_height=1 leaf_visits=1 branch_visits=1 leaf_visit_records=92 branch_visit_children=13 leaf_writes=1 branch_writes=1 leaf_write_records=94 branch_write_children=13 leaf_min=94 leaf_max=94 child_edges_added=13 custody_edges_added=47
LFS_EXTENT_SPLICE v=1 root_height=1 leaf_visits=1 branch_visits=1 leaf_visit_records=94 branch_visit_children=13 leaf_writes=1 branch_writes=1 leaf_write_records=96 branch_write_children=13 leaf_min=96 leaf_max=96 child_edges_added=13 custody_edges_added=48
LFS_EXTENT_SPLICE v=1 root_height=1 leaf_visits=1 branch_visits=1 leaf_visit_records=96 branch_visit_children=13 leaf_writes=1 branch_writes=1 leaf_write_records=98 branch_write_children=13 leaf_min=98 leaf_max=98 child_edges_added=13 custody_edges_added=49
LFS_EXTENT_SPLICE v=1 root_height=1 leaf_visits=1 branch_visits=1 leaf_visit_records=98 branch_visit_children=13 leaf_writes=1 branch_writes=1 leaf_write_records=100 branch_write_children=13 leaf_min=100 leaf_max=100 child_edges_added=13 custody_edges_added=50
LFS_EXTENT_SPLICE v=1 root_height=1 leaf_visits=1 branch_visits=1 leaf_visit_records=100 branch_visit_children=13 leaf_writes=1 branch_writes=1 leaf_write_records=102 branch_write_children=13 leaf_min=102 leaf_max=102 child_edges_added=13 custody_edges_added=51
LFS_EXTENT_SPLICE v=1 root_height=1 leaf_visits=1 branch_visits=1 leaf_visit_records=102 branch_visit_children=13 leaf_writes=1 branch_writes=1 leaf_write_records=104 branch_write_children=13 leaf_min=104 leaf_max=104 child_edges_added=13 custody_edges_added=52
LFS_EXTENT_SPLICE v=1 root_height=1 leaf_visits=1 branch_visits=1 leaf_visit_records=104 branch_visit_children=13 leaf_writes=1 branch_writes=1 leaf_write_records=106 branch_write_children=13 leaf_min=106 leaf_max=106 child_edges_added=13 custody_edges_added=53
LFS_EXTENT_SPLICE v=1 root_height=1 leaf_visits=1 branch_visits=1 leaf_visit_records=106 branch_visit_children=13 leaf_writes=1 branch_writes=1 leaf_write_records=108 branch_write_children=13 leaf_min=108 leaf_max=108 child_edges_added=13 custody_edges_added=54
LFS_EXTENT_SPLICE v=1 root_height=1 leaf_visits=1 branch_visits=1 leaf_visit_records=108 branch_visit_children=13 leaf_writes=1 branch_writes=1 leaf_write_records=110 branch_write_children=13 leaf_min=110 leaf_max=110 child_edges_added=13 custody_edges_added=55
LFS_EXTENT_SPLICE v=1 root_height=1 leaf_visits=1 branch_visits=1 leaf_visit_records=110 branch_visit_children=13 leaf_writes=1 branch_writes=1 leaf_write_records=112 branch_write_children=13 leaf_min=112 leaf_max=112 child_edges_added=13 custody_edges_added=56
LFS_EXTENT_SPLICE v=1 root_height=1 leaf_visits=1 branch_visits=1 leaf_visit_records=112 branch_visit_children=13 leaf_writes=1 branch_writes=1 leaf_write_records=114 branch_write_children=13 leaf_min=114 leaf_max=114 child_edges_added=13 custody_edges_added=57
LFS_EXTENT_SPLICE v=1 root_height=1 leaf_visits=1 branch_visits=1 leaf_visit_records=114 branch_visit_children=13 leaf_writes=1 branch_writes=1 leaf_write_records=116 branch_write_children=13 leaf_min=116 leaf_max=116 child_edges_added=13 custody_edges_added=58
LFS_EXTENT_SPLICE v=1 root_height=1 leaf_visits=1 branch_visits=1 leaf_visit_records=116 branch_visit_children=13 leaf_writes=1 branch_writes=1 leaf_write_records=118 branch_write_children=13 leaf_min=118 leaf_max=118 child_edges_added=13 custody_edges_added=59
LFS_EXTENT_SPLICE v=1 root_height=1 leaf_visits=1 branch_visits=1 leaf_visit_records=118 branch_visit_children=13 leaf_writes=1 branch_writes=1 leaf_write_records=120 branch_write_children=13 leaf_min=120 leaf_max=120 child_edges_added=13 custody_edges_added=60
LFS_EXTENT_SPLICE v=1 root_height=1 leaf_visits=1 branch_visits=1 leaf_visit_records=120 branch_visit_children=13 leaf_writes=1 branch_writes=1 leaf_write_records=122 branch_write_children=13 leaf_min=122 leaf_max=122 child_edges_added=13 custody_edges_added=61
LFS_EXTENT_SPLICE v=1 root_height=1 leaf_visits=1 branch_visits=1 leaf_visit_records=122 branch_visit_children=13 leaf_writes=1 branch_writes=1 leaf_write_records=124 branch_write_children=13 leaf_min=124 leaf_max=124 child_edges_added=13 custody_edges_added=62
LFS_EXTENT_SPLICE v=1 root_height=1 leaf_visits=1 branch_visits=1 leaf_visit_records=124 branch_visit_children=13 leaf_writes=2 branch_writes=1 leaf_write_records=126 branch_write_children=14 leaf_min=63 leaf_max=63 child_edges_added=14 custody_edges_added=63
LFS_EXTENT_SPLICE v=1 root_height=1 leaf_visits=1 branch_visits=1 leaf_visit_records=63 branch_visit_children=14 leaf_writes=1 branch_writes=1 leaf_write_records=65 branch_write_children=14 leaf_min=65 leaf_max=65 child_edges_added=14 custody_edges_added=32
LFS_EXTENT_SPLICE v=1 root_height=1 leaf_visits=1 branch_visits=1 leaf_visit_records=65 branch_visit_children=14 leaf_writes=1 branch_writes=1 leaf_write_records=67 branch_write_children=14 leaf_min=67 leaf_max=67 child_edges_added=14 custody_edges_added=33
LFS_EXTENT_SPLICE v=1 root_height=1 leaf_visits=1 branch_visits=1 leaf_visit_records=67 branch_visit_children=14 leaf_writes=1 branch_writes=1 leaf_write_records=69 branch_write_children=14 leaf_min=69 leaf_max=69 child_edges_added=14 custody_edges_added=34
LFS_EXTENT_SPLICE v=1 root_height=1 leaf_visits=1 branch_visits=1 leaf_visit_records=69 branch_visit_children=14 leaf_writes=1 branch_writes=1 leaf_write_records=71 branch_write_children=14 leaf_min=71 leaf_max=71 child_edges_added=14 custody_edges_added=35
LFS_EXTENT_SPLICE v=1 root_height=1 leaf_visits=1 branch_visits=1 leaf_visit_records=71 branch_visit_children=14 leaf_writes=1 branch_writes=1 leaf_write_records=73 branch_write_children=14 leaf_min=73 leaf_max=73 child_edges_added=14 custody_edges_added=36
LFS_EXTENT_SPLICE v=1 root_height=1 leaf_visits=1 branch_visits=1 leaf_visit_records=73 branch_visit_children=14 leaf_writes=1 branch_writes=1 leaf_write_records=75 branch_write_children=14 leaf_min=75 leaf_max=75 child_edges_added=14 custody_edges_added=37
LFS_EXTENT_SPLICE v=1 root_height=1 leaf_visits=1 branch_visits=1 leaf_visit_records=75 branch_visit_children=14 leaf_writes=1 branch_writes=1 leaf_write_records=77 branch_write_children=14 leaf_min=77 leaf_max=77 child_edges_added=14 custody_edges_added=38
LFS_EXTENT_SPLICE v=1 root_height=1 leaf_visits=1 branch_visits=1 leaf_visit_records=77 branch_visit_children=14 leaf_writes=1 branch_writes=1 leaf_write_records=79 branch_write_children=14 leaf_min=79 leaf_max=79 child_edges_added=14 custody_edges_added=39
LFS_EXTENT_SPLICE v=1 root_height=1 leaf_visits=1 branch_visits=1 leaf_visit_records=79 branch_visit_children=14 leaf_writes=1 branch_writes=1 leaf_write_records=81 branch_write_children=14 leaf_min=81 leaf_max=81 child_edges_added=14 custody_edges_added=40
LFS_EXTENT_SPLICE v=1 root_height=1 leaf_visits=1 branch_visits=1 leaf_visit_records=81 branch_visit_children=14 leaf_writes=1 branch_writes=1 leaf_write_records=83 branch_write_children=14 leaf_min=83 leaf_max=83 child_edges_added=14 custody_edges_added=41
LFS_EXTENT_SPLICE v=1 root_height=1 leaf_visits=1 branch_visits=1 leaf_visit_records=83 branch_visit_children=14 leaf_writes=1 branch_writes=1 leaf_write_records=85 branch_write_children=14 leaf_min=85 leaf_max=85 child_edges_added=14 custody_edges_added=42
LFS_EXTENT_SPLICE v=1 root_height=1 leaf_visits=1 branch_visits=1 leaf_visit_records=85 branch_visit_children=14 leaf_writes=1 branch_writes=1 leaf_write_records=87 branch_write_children=14 leaf_min=87 leaf_max=87 child_edges_added=14 custody_edges_added=43
LFS_EXTENT_SPLICE v=1 root_height=1 leaf_visits=1 branch_visits=1 leaf_visit_records=87 branch_visit_children=14 leaf_writes=1 branch_writes=1 leaf_write_records=89 branch_write_children=14 leaf_min=89 leaf_max=89 child_edges_added=14 custody_edges_added=44
LFS_EXTENT_SPLICE v=1 root_height=1 leaf_visits=1 branch_visits=1 leaf_visit_records=89 branch_visit_children=14 leaf_writes=1 branch_writes=1 leaf_write_records=91 branch_write_children=14 leaf_min=91 leaf_max=91 child_edges_added=14 custody_edges_added=45
LFS_EXTENT_SPLICE v=1 root_height=1 leaf_visits=1 branch_visits=1 leaf_visit_records=91 branch_visit_children=14 leaf_writes=1 branch_writes=1 leaf_write_records=93 branch_write_children=14 leaf_min=93 leaf_max=93 child_edges_added=14 custody_edges_added=46
LFS_EXTENT_SPLICE v=1 root_height=1 leaf_visits=1 branch_visits=1 leaf_visit_records=93 branch_visit_children=14 leaf_writes=1 branch_writes=1 leaf_write_records=95 branch_write_children=14 leaf_min=95 leaf_max=95 child_edges_added=14 custody_edges_added=47
LFS_EXTENT_SPLICE v=1 root_height=1 leaf_visits=1 branch_visits=1 leaf_visit_records=95 branch_visit_children=14 leaf_writes=1 branch_writes=1 leaf_write_records=97 branch_write_children=14 leaf_min=97 leaf_max=97 child_edges_added=14 custody_edges_added=48
LFS_EXTENT_SPLICE v=1 root_height=1 leaf_visits=1 branch_visits=1 leaf_visit_records=97 branch_visit_children=14 leaf_writes=1 branch_writes=1 leaf_write_records=99 branch_write_children=14 leaf_min=99 leaf_max=99 child_edges_added=14 custody_edges_added=49
LFS_EXTENT_SPLICE v=1 root_height=1 leaf_visits=1 branch_visits=1 leaf_visit_records=99 branch_visit_children=14 leaf_writes=1 branch_writes=1 leaf_write_records=101 branch_write_children=14 leaf_min=101 leaf_max=101 child_edges_added=14 custody_edges_added=50
LFS_EXTENT_SPLICE v=1 root_height=1 leaf_visits=1 branch_visits=1 leaf_visit_records=101 branch_visit_children=14 leaf_writes=1 branch_writes=1 leaf_write_records=103 branch_write_children=14 leaf_min=103 leaf_max=103 child_edges_added=14 custody_edges_added=51
LFS_EXTENT_SPLICE v=1 root_height=1 leaf_visits=1 branch_visits=1 leaf_visit_records=103 branch_visit_children=14 leaf_writes=1 branch_writes=1 leaf_write_records=105 branch_write_children=14 leaf_min=105 leaf_max=105 child_edges_added=14 custody_edges_added=52
LFS_EXTENT_SPLICE v=1 root_height=1 leaf_visits=1 branch_visits=1 leaf_visit_records=105 branch_visit_children=14 leaf_writes=1 branch_writes=1 leaf_write_records=107 branch_write_children=14 leaf_min=107 leaf_max=107 child_edges_added=14 custody_edges_added=53
LFS_EXTENT_SPLICE v=1 root_height=1 leaf_visits=1 branch_visits=1 leaf_visit_records=107 branch_visit_children=14 leaf_writes=1 branch_writes=1 leaf_write_records=109 branch_write_children=14 leaf_min=109 leaf_max=109 child_edges_added=14 custody_edges_added=54
LFS_EXTENT_SPLICE v=1 root_height=1 leaf_visits=1 branch_visits=1 leaf_visit_records=109 branch_visit_children=14 leaf_writes=1 branch_writes=1 leaf_write_records=111 branch_write_children=14 leaf_min=111 leaf_max=111 child_edges_added=14 custody_edges_added=55
LFS_EXTENT_SPLICE v=1 root_height=1 leaf_visits=1 branch_visits=1 leaf_visit_records=111 branch_visit_children=14 leaf_writes=1 branch_writes=1 leaf_write_records=113 branch_write_children=14 leaf_min=113 leaf_max=113 child_edges_added=14 custody_edges_added=56
LFS_EXTENT_SPLICE v=1 root_height=1 leaf_visits=1 branch_visits=1 leaf_visit_records=113 branch_visit_children=14 leaf_writes=1 branch_writes=1 leaf_write_records=115 branch_write_children=14 leaf_min=115 leaf_max=115 child_edges_added=14 custody_edges_added=57
LFS_EXTENT_SPLICE v=1 root_height=1 leaf_visits=1 branch_visits=1 leaf_visit_records=115 branch_visit_children=14 leaf_writes=1 branch_writes=1 leaf_write_records=117 branch_write_children=14 leaf_min=117 leaf_max=117 child_edges_added=14 custody_edges_added=58
LFS_EXTENT_SPLICE v=1 root_height=1 leaf_visits=1 branch_visits=1 leaf_visit_records=117 branch_visit_children=14 leaf_writes=1 branch_writes=1 leaf_write_records=119 branch_write_children=14 leaf_min=119 leaf_max=119 child_edges_added=14 custody_edges_added=59
LFS_EXTENT_SPLICE v=1 root_height=1 leaf_visits=1 branch_visits=1 leaf_visit_records=119 branch_visit_children=14 leaf_writes=1 branch_writes=1 leaf_write_records=121 branch_write_children=14 leaf_min=121 leaf_max=121 child_edges_added=14 custody_edges_added=60
LFS_EXTENT_SPLICE v=1 root_height=1 leaf_visits=1 branch_visits=1 leaf_visit_records=121 branch_visit_children=14 leaf_writes=1 branch_writes=1 leaf_write_records=123 branch_write_children=14 leaf_min=123 leaf_max=123 child_edges_added=14 custody_edges_added=61
LFS_EXTENT_SPLICE v=1 root_height=1 leaf_visits=1 branch_visits=1 leaf_visit_records=123 branch_visit_children=14 leaf_writes=2 branch_writes=1 leaf_write_records=125 branch_write_children=15 leaf_min=62 leaf_max=63 child_edges_added=15 custody_edges_added=62
LFS_EXTENT_SPLICE v=1 root_height=1 leaf_visits=1 branch_visits=1 leaf_visit_records=62 branch_visit_children=15 leaf_writes=1 branch_writes=1 leaf_write_records=64 branch_write_children=15 leaf_min=64 leaf_max=64 child_edges_added=15 custody_edges_added=32
LFS_EXTENT_SPLICE v=1 root_height=1 leaf_visits=1 branch_visits=1 leaf_visit_records=64 branch_visit_children=15 leaf_writes=1 branch_writes=1 leaf_write_records=66 branch_write_children=15 leaf_min=66 leaf_max=66 child_edges_added=15 custody_edges_added=33
LFS_EXTENT_SPLICE v=1 root_height=1 leaf_visits=1 branch_visits=1 leaf_visit_records=66 branch_visit_children=15 leaf_writes=1 branch_writes=1 leaf_write_records=68 branch_write_children=15 leaf_min=68 leaf_max=68 child_edges_added=15 custody_edges_added=34
LFS_EXTENT_SPLICE v=1 root_height=1 leaf_visits=1 branch_visits=1 leaf_visit_records=68 branch_visit_children=15 leaf_writes=1 branch_writes=1 leaf_write_records=70 branch_write_children=15 leaf_min=70 leaf_max=70 child_edges_added=15 custody_edges_added=35
LFS_EXTENT_SPLICE v=1 root_height=1 leaf_visits=1 branch_visits=1 leaf_visit_records=70 branch_visit_children=15 leaf_writes=1 branch_writes=1 leaf_write_records=72 branch_write_children=15 leaf_min=72 leaf_max=72 child_edges_added=15 custody_edges_added=36
LFS_EXTENT_SPLICE v=1 root_height=1 leaf_visits=1 branch_visits=1 leaf_visit_records=72 branch_visit_children=15 leaf_writes=1 branch_writes=1 leaf_write_records=74 branch_write_children=15 leaf_min=74 leaf_max=74 child_edges_added=15 custody_edges_added=37
LFS_EXTENT_SPLICE v=1 root_height=1 leaf_visits=1 branch_visits=1 leaf_visit_records=74 branch_visit_children=15 leaf_writes=1 branch_writes=1 leaf_write_records=76 branch_write_children=15 leaf_min=76 leaf_max=76 child_edges_added=15 custody_edges_added=38
LFS_EXTENT_SPLICE v=1 root_height=1 leaf_visits=1 branch_visits=1 leaf_visit_records=76 branch_visit_children=15 leaf_writes=1 branch_writes=1 leaf_write_records=78 branch_write_children=15 leaf_min=78 leaf_max=78 child_edges_added=15 custody_edges_added=39
LFS_EXTENT_SPLICE v=1 root_height=1 leaf_visits=1 branch_visits=1 leaf_visit_records=78 branch_visit_children=15 leaf_writes=1 branch_writes=1 leaf_write_records=80 branch_write_children=15 leaf_min=80 leaf_max=80 child_edges_added=15 custody_edges_added=40
LFS_EXTENT_SPLICE v=1 root_height=1 leaf_visits=1 branch_visits=1 leaf_visit_records=80 branch_visit_children=15 leaf_writes=1 branch_writes=1 leaf_write_records=82 branch_write_children=15 leaf_min=82 leaf_max=82 child_edges_added=15 custody_edges_added=41
LFS_EXTENT_SPLICE v=1 root_height=1 leaf_visits=1 branch_visits=1 leaf_visit_records=82 branch_visit_children=15 leaf_writes=1 branch_writes=1 leaf_write_records=84 branch_write_children=15 leaf_min=84 leaf_max=84 child_edges_added=15 custody_edges_added=42
LFS_EXTENT_SPLICE v=1 root_height=1 leaf_visits=1 branch_visits=1 leaf_visit_records=84 branch_visit_children=15 leaf_writes=1 branch_writes=1 leaf_write_records=86 branch_write_children=15 leaf_min=86 leaf_max=86 child_edges_added=15 custody_edges_added=43
LFS_EXTENT_SPLICE v=1 root_height=1 leaf_visits=1 branch_visits=1 leaf_visit_records=86 branch_visit_children=15 leaf_writes=1 branch_writes=1 leaf_write_records=88 branch_write_children=15 leaf_min=88 leaf_max=88 child_edges_added=15 custody_edges_added=44
LFS_EXTENT_SPLICE v=1 root_height=1 leaf_visits=1 branch_visits=1 leaf_visit_records=88 branch_visit_children=15 leaf_writes=1 branch_writes=1 leaf_write_records=90 branch_write_children=15 leaf_min=90 leaf_max=90 child_edges_added=15 custody_edges_added=45
LFS_EXTENT_SPLICE v=1 root_height=1 leaf_visits=1 branch_visits=1 leaf_visit_records=90 branch_visit_children=15 leaf_writes=1 branch_writes=1 leaf_write_records=92 branch_write_children=15 leaf_min=92 leaf_max=92 child_edges_added=15 custody_edges_added=46
LFS_EXTENT_SPLICE v=1 root_height=1 leaf_visits=1 branch_visits=1 leaf_visit_records=92 branch_visit_children=15 leaf_writes=1 branch_writes=1 leaf_write_records=94 branch_write_children=15 leaf_min=94 leaf_max=94 child_edges_added=15 custody_edges_added=47
LFS_EXTENT_SPLICE v=1 root_height=1 leaf_visits=1 branch_visits=1 leaf_visit_records=94 branch_visit_children=15 leaf_writes=1 branch_writes=1 leaf_write_records=96 branch_write_children=15 leaf_min=96 leaf_max=96 child_edges_added=15 custody_edges_added=48
LFS_EXTENT_SPLICE v=1 root_height=1 leaf_visits=1 branch_visits=1 leaf_visit_records=96 branch_visit_children=15 leaf_writes=1 branch_writes=1 leaf_write_records=98 branch_write_children=15 leaf_min=98 leaf_max=98 child_edges_added=15 custody_edges_added=49
LFS_EXTENT_SPLICE v=1 root_height=1 leaf_visits=1 branch_visits=1 leaf_visit_records=98 branch_visit_children=15 leaf_writes=1 branch_writes=1 leaf_write_records=100 branch_write_children=15 leaf_min=100 leaf_max=100 child_edges_added=15 custody_edges_added=50
LFS_EXTENT_SPLICE v=1 root_height=1 leaf_visits=1 branch_visits=1 leaf_visit_records=100 branch_visit_children=15 leaf_writes=1 branch_writes=1 leaf_write_records=102 branch_write_children=15 leaf_min=102 leaf_max=102 child_edges_added=15 custody_edges_added=51
LFS_EXTENT_SPLICE v=1 root_height=1 leaf_visits=1 branch_visits=1 leaf_visit_records=102 branch_visit_children=15 leaf_writes=1 branch_writes=1 leaf_write_records=104 branch_write_children=15 leaf_min=104 leaf_max=104 child_edges_added=15 custody_edges_added=52
LFS_EXTENT_SPLICE v=1 root_height=1 leaf_visits=1 branch_visits=1 leaf_visit_records=104 branch_visit_children=15 leaf_writes=1 branch_writes=1 leaf_write_records=106 branch_write_children=15 leaf_min=106 leaf_max=106 child_edges_added=15 custody_edges_added=53
LFS_EXTENT_SPLICE v=1 root_height=1 leaf_visits=1 branch_visits=1 leaf_visit_records=106 branch_visit_children=15 leaf_writes=1 branch_writes=1 leaf_write_records=108 branch_write_children=15 leaf_min=108 leaf_max=108 child_edges_added=15 custody_edges_added=54
LFS_EXTENT_SPLICE v=1 root_height=1 leaf_visits=1 branch_visits=1 leaf_visit_records=108 branch_visit_children=15 leaf_writes=1 branch_writes=1 leaf_write_records=110 branch_write_children=15 leaf_min=110 leaf_max=110 child_edges_added=15 custody_edges_added=55
LFS_EXTENT_SPLICE v=1 root_height=1 leaf_visits=1 branch_visits=1 leaf_visit_records=110 branch_visit_children=15 leaf_writes=1 branch_writes=1 leaf_write_records=112 branch_write_children=15 leaf_min=112 leaf_max=112 child_edges_added=15 custody_edges_added=56
LFS_EXTENT_SPLICE v=1 root_height=1 leaf_visits=1 branch_visits=1 leaf_visit_records=112 branch_visit_children=15 leaf_writes=1 branch_writes=1 leaf_write_records=114 branch_write_children=15 leaf_min=114 leaf_max=114 child_edges_added=15 custody_edges_added=57
LFS_EXTENT_SPLICE v=1 root_height=1 leaf_visits=1 branch_visits=1 leaf_visit_records=114 branch_visit_children=15 leaf_writes=1 branch_writes=1 leaf_write_records=116 branch_write_children=15 leaf_min=116 leaf_max=116 child_edges_added=15 custody_edges_added=58
LFS_EXTENT_SPLICE v=1 root_height=1 leaf_visits=1 branch_visits=1 leaf_visit_records=116 branch_visit_children=15 leaf_writes=1 branch_writes=1 leaf_write_records=118 branch_write_children=15 leaf_min=118 leaf_max=118 child_edges_added=15 custody_edges_added=59
LFS_EXTENT_SPLICE v=1 root_height=1 leaf_visits=1 branch_visits=1 leaf_visit_records=118 branch_visit_children=15 leaf_writes=1 branch_writes=1 leaf_write_records=120 branch_write_children=15 leaf_min=120 leaf_max=120 child_edges_added=15 custody_edges_added=60
LFS_EXTENT_SPLICE v=1 root_height=1 leaf_visits=1 branch_visits=1 leaf_visit_records=120 branch_visit_children=15 leaf_writes=1 branch_writes=1 leaf_write_records=122 branch_write_children=15 leaf_min=122 leaf_max=122 child_edges_added=15 custody_edges_added=61
LFS_EXTENT_SPLICE v=1 root_height=1 leaf_visits=1 branch_visits=1 leaf_visit_records=122 branch_visit_children=15 leaf_writes=1 branch_writes=1 leaf_write_records=124 branch_write_children=15 leaf_min=124 leaf_max=124 child_edges_added=15 custody_edges_added=62
LFS_EXTENT_SPLICE v=1 root_height=1 leaf_visits=1 branch_visits=1 leaf_visit_records=124 branch_visit_children=15 leaf_writes=2 branch_writes=1 leaf_write_records=126 branch_write_children=16 leaf_min=63 leaf_max=63 child_edges_added=16 custody_edges_added=63
LFS_EXTENT_SPLICE v=1 root_height=1 leaf_visits=1 branch_visits=1 leaf_visit_records=63 branch_visit_children=16 leaf_writes=1 branch_writes=1 leaf_write_records=65 branch_write_children=16 leaf_min=65 leaf_max=65 child_edges_added=16 custody_edges_added=32
LFS_EXTENT_SPLICE v=1 root_height=1 leaf_visits=1 branch_visits=1 leaf_visit_records=65 branch_visit_children=16 leaf_writes=1 branch_writes=1 leaf_write_records=67 branch_write_children=16 leaf_min=67 leaf_max=67 child_edges_added=16 custody_edges_added=33
LFS_EXTENT_SPLICE v=1 root_height=1 leaf_visits=1 branch_visits=1 leaf_visit_records=67 branch_visit_children=16 leaf_writes=1 branch_writes=1 leaf_write_records=69 branch_write_children=16 leaf_min=69 leaf_max=69 child_edges_added=16 custody_edges_added=34
LFS_EXTENT_SPLICE v=1 root_height=1 leaf_visits=1 branch_visits=1 leaf_visit_records=69 branch_visit_children=16 leaf_writes=1 branch_writes=1 leaf_write_records=71 branch_write_children=16 leaf_min=71 leaf_max=71 child_edges_added=16 custody_edges_added=35
LFS_EXTENT_SPLICE v=1 root_height=1 leaf_visits=1 branch_visits=1 leaf_visit_records=71 branch_visit_children=16 leaf_writes=1 branch_writes=1 leaf_write_records=73 branch_write_children=16 leaf_min=73 leaf_max=73 child_edges_added=16 custody_edges_added=36
LFS_EXTENT_SPLICE v=1 root_height=1 leaf_visits=1 branch_visits=1 leaf_visit_records=73 branch_visit_children=16 leaf_writes=1 branch_writes=1 leaf_write_records=75 branch_write_children=16 leaf_min=75 leaf_max=75 child_edges_added=16 custody_edges_added=37
LFS_EXTENT_SPLICE v=1 root_height=1 leaf_visits=1 branch_visits=1 leaf_visit_records=75 branch_visit_children=16 leaf_writes=1 branch_writes=1 leaf_write_records=77 branch_write_children=16 leaf_min=77 leaf_max=77 child_edges_added=16 custody_edges_added=38
LFS_EXTENT_SPLICE v=1 root_height=1 leaf_visits=1 branch_visits=1 leaf_visit_records=77 branch_visit_children=16 leaf_writes=1 branch_writes=1 leaf_write_records=79 branch_write_children=16 leaf_min=79 leaf_max=79 child_edges_added=16 custody_edges_added=39
LFS_EXTENT_EDGE v=1 child_edges_removed=3864 custody_edges_removed=22589
LFS_METADATA_OWNER v=1 finalizations=1489
LFS_WRITE_SAMPLE v=2 write_class=Some(512) elapsed_ns=2727102250 backing=Ok(BackingStatus { quota_bytes: 1073741824, allocated_bytes: 2220032, reserved_bytes: 851968, payloads: 512, retained_payloads: 512, failed_payloads: 0, routine_scans: 511, lookup_scans: 0, metadata_reads: 4408, ledger_reads: 20953, ledger_writes: 12150, readers: 0, acquiring: false, cleaning: false, admission_stopped: false, accounting_complete: true }) metadata=Ok(MetadataStatus { allocated_pages: 21, reusable_pages: 0, reserved_slots: 0, roots: 2, external_roots: 1, allocated_bytes: 122880, reserved_bytes: 851968, working_bytes: 4584, accounting_complete: true, admission_stopped: false }) acquisition_ns=1265541922 publication_ns=1418950883
LFS_EXTENT_SPLICE v=1 root_height=1 leaf_visits=1 branch_visits=1 leaf_visit_records=79 branch_visit_children=16 leaf_writes=1 branch_writes=1 leaf_write_records=81 branch_write_children=16 leaf_min=81 leaf_max=81 child_edges_added=16 custody_edges_added=40
LFS_EXTENT_SPLICE v=1 root_height=1 leaf_visits=1 branch_visits=1 leaf_visit_records=81 branch_visit_children=16 leaf_writes=1 branch_writes=1 leaf_write_records=83 branch_write_children=16 leaf_min=83 leaf_max=83 child_edges_added=16 custody_edges_added=41
LFS_EXTENT_SPLICE v=1 root_height=1 leaf_visits=1 branch_visits=1 leaf_visit_records=83 branch_visit_children=16 leaf_writes=1 branch_writes=1 leaf_write_records=85 branch_write_children=16 leaf_min=85 leaf_max=85 child_edges_added=16 custody_edges_added=42
LFS_EXTENT_SPLICE v=1 root_height=1 leaf_visits=1 branch_visits=1 leaf_visit_records=85 branch_visit_children=16 leaf_writes=1 branch_writes=1 leaf_write_records=87 branch_write_children=16 leaf_min=87 leaf_max=87 child_edges_added=16 custody_edges_added=43
LFS_EXTENT_SPLICE v=1 root_height=1 leaf_visits=1 branch_visits=1 leaf_visit_records=87 branch_visit_children=16 leaf_writes=1 branch_writes=1 leaf_write_records=89 branch_write_children=16 leaf_min=89 leaf_max=89 child_edges_added=16 custody_edges_added=44
LFS_EXTENT_SPLICE v=1 root_height=1 leaf_visits=1 branch_visits=1 leaf_visit_records=89 branch_visit_children=16 leaf_writes=1 branch_writes=1 leaf_write_records=91 branch_write_children=16 leaf_min=91 leaf_max=91 child_edges_added=16 custody_edges_added=45
LFS_EXTENT_SPLICE v=1 root_height=1 leaf_visits=1 branch_visits=1 leaf_visit_records=91 branch_visit_children=16 leaf_writes=1 branch_writes=1 leaf_write_records=93 branch_write_children=16 leaf_min=93 leaf_max=93 child_edges_added=16 custody_edges_added=46
LFS_EXTENT_SPLICE v=1 root_height=1 leaf_visits=1 branch_visits=1 leaf_visit_records=93 branch_visit_children=16 leaf_writes=1 branch_writes=1 leaf_write_records=95 branch_write_children=16 leaf_min=95 leaf_max=95 child_edges_added=16 custody_edges_added=47
LFS_EXTENT_SPLICE v=1 root_height=1 leaf_visits=1 branch_visits=1 leaf_visit_records=95 branch_visit_children=16 leaf_writes=1 branch_writes=1 leaf_write_records=97 branch_write_children=16 leaf_min=97 leaf_max=97 child_edges_added=16 custody_edges_added=48
LFS_EXTENT_SPLICE v=1 root_height=1 leaf_visits=1 branch_visits=1 leaf_visit_records=97 branch_visit_children=16 leaf_writes=1 branch_writes=1 leaf_write_records=99 branch_write_children=16 leaf_min=99 leaf_max=99 child_edges_added=16 custody_edges_added=49
LFS_EXTENT_SPLICE v=1 root_height=1 leaf_visits=1 branch_visits=1 leaf_visit_records=99 branch_visit_children=16 leaf_writes=1 branch_writes=1 leaf_write_records=101 branch_write_children=16 leaf_min=101 leaf_max=101 child_edges_added=16 custody_edges_added=50
LFS_EXTENT_SPLICE v=1 root_height=1 leaf_visits=1 branch_visits=1 leaf_visit_records=101 branch_visit_children=16 leaf_writes=1 branch_writes=1 leaf_write_records=103 branch_write_children=16 leaf_min=103 leaf_max=103 child_edges_added=16 custody_edges_added=51
LFS_EXTENT_SPLICE v=1 root_height=1 leaf_visits=1 branch_visits=1 leaf_visit_records=103 branch_visit_children=16 leaf_writes=1 branch_writes=1 leaf_write_records=105 branch_write_children=16 leaf_min=105 leaf_max=105 child_edges_added=16 custody_edges_added=52
LFS_EXTENT_SPLICE v=1 root_height=1 leaf_visits=1 branch_visits=1 leaf_visit_records=105 branch_visit_children=16 leaf_writes=1 branch_writes=1 leaf_write_records=107 branch_write_children=16 leaf_min=107 leaf_max=107 child_edges_added=16 custody_edges_added=53
LFS_EXTENT_SPLICE v=1 root_height=1 leaf_visits=1 branch_visits=1 leaf_visit_records=107 branch_visit_children=16 leaf_writes=1 branch_writes=1 leaf_write_records=109 branch_write_children=16 leaf_min=109 leaf_max=109 child_edges_added=16 custody_edges_added=54
LFS_EXTENT_SPLICE v=1 root_height=1 leaf_visits=1 branch_visits=1 leaf_visit_records=109 branch_visit_children=16 leaf_writes=1 branch_writes=1 leaf_write_records=111 branch_write_children=16 leaf_min=111 leaf_max=111 child_edges_added=16 custody_edges_added=55
LFS_EXTENT_SPLICE v=1 root_height=1 leaf_visits=1 branch_visits=1 leaf_visit_records=111 branch_visit_children=16 leaf_writes=1 branch_writes=1 leaf_write_records=113 branch_write_children=16 leaf_min=113 leaf_max=113 child_edges_added=16 custody_edges_added=56
LFS_EXTENT_SPLICE v=1 root_height=1 leaf_visits=1 branch_visits=1 leaf_visit_records=113 branch_visit_children=16 leaf_writes=1 branch_writes=1 leaf_write_records=115 branch_write_children=16 leaf_min=115 leaf_max=115 child_edges_added=16 custody_edges_added=57
LFS_EXTENT_SPLICE v=1 root_height=1 leaf_visits=1 branch_visits=1 leaf_visit_records=115 branch_visit_children=16 leaf_writes=1 branch_writes=1 leaf_write_records=117 branch_write_children=16 leaf_min=117 leaf_max=117 child_edges_added=16 custody_edges_added=58
LFS_EXTENT_SPLICE v=1 root_height=1 leaf_visits=1 branch_visits=1 leaf_visit_records=117 branch_visit_children=16 leaf_writes=1 branch_writes=1 leaf_write_records=119 branch_write_children=16 leaf_min=119 leaf_max=119 child_edges_added=16 custody_edges_added=59
LFS_EXTENT_SPLICE v=1 root_height=1 leaf_visits=1 branch_visits=1 leaf_visit_records=119 branch_visit_children=16 leaf_writes=1 branch_writes=1 leaf_write_records=121 branch_write_children=16 leaf_min=121 leaf_max=121 child_edges_added=16 custody_edges_added=60
LFS_EXTENT_SPLICE v=1 root_height=1 leaf_visits=1 branch_visits=1 leaf_visit_records=121 branch_visit_children=16 leaf_writes=1 branch_writes=1 leaf_write_records=123 branch_write_children=16 leaf_min=123 leaf_max=123 child_edges_added=16 custody_edges_added=61
LFS_EXTENT_SPLICE v=1 root_height=1 leaf_visits=1 branch_visits=1 leaf_visit_records=123 branch_visit_children=16 leaf_writes=2 branch_writes=1 leaf_write_records=125 branch_write_children=17 leaf_min=62 leaf_max=63 child_edges_added=17 custody_edges_added=62
LFS_EXTENT_SPLICE v=1 root_height=1 leaf_visits=1 branch_visits=1 leaf_visit_records=62 branch_visit_children=17 leaf_writes=1 branch_writes=1 leaf_write_records=64 branch_write_children=17 leaf_min=64 leaf_max=64 child_edges_added=17 custody_edges_added=32
LFS_EXTENT_SPLICE v=1 root_height=1 leaf_visits=1 branch_visits=1 leaf_visit_records=64 branch_visit_children=17 leaf_writes=1 branch_writes=1 leaf_write_records=66 branch_write_children=17 leaf_min=66 leaf_max=66 child_edges_added=17 custody_edges_added=33
LFS_EXTENT_SPLICE v=1 root_height=1 leaf_visits=1 branch_visits=1 leaf_visit_records=66 branch_visit_children=17 leaf_writes=1 branch_writes=1 leaf_write_records=68 branch_write_children=17 leaf_min=68 leaf_max=68 child_edges_added=17 custody_edges_added=34
LFS_EXTENT_SPLICE v=1 root_height=1 leaf_visits=1 branch_visits=1 leaf_visit_records=68 branch_visit_children=17 leaf_writes=1 branch_writes=1 leaf_write_records=70 branch_write_children=17 leaf_min=70 leaf_max=70 child_edges_added=17 custody_edges_added=35
LFT1 {"v":1,"namespace":13710895918682022928,"run":"0388b7df3c6bbe5fc5bf9044daa9cf3f","pid":1,"role":2,"kind":"resource","scope":"process-shared","clock":"local-monitor","at_ns":3011105667,"incarnation":8311343,"user_ns":920000000,"source":"procfs+sysconf","probe_ns":24917,"selected":3,"system_ns":470000000,"rss":40738816}
LFS_EXTENT_SPLICE v=1 root_height=1 leaf_visits=1 branch_visits=1 leaf_visit_records=70 branch_visit_children=17 leaf_writes=1 branch_writes=1 leaf_write_records=72 branch_write_children=17 leaf_min=72 leaf_max=72 child_edges_added=17 custody_edges_added=36
LFS_EXTENT_SPLICE v=1 root_height=1 leaf_visits=1 branch_visits=1 leaf_visit_records=72 branch_visit_children=17 leaf_writes=1 branch_writes=1 leaf_write_records=74 branch_write_children=17 leaf_min=74 leaf_max=74 child_edges_added=17 custody_edges_added=37
LFS_EXTENT_SPLICE v=1 root_height=1 leaf_visits=1 branch_visits=1 leaf_visit_records=74 branch_visit_children=17 leaf_writes=1 branch_writes=1 leaf_write_records=76 branch_write_children=17 leaf_min=76 leaf_max=76 child_edges_added=17 custody_edges_added=38
LFS_EXTENT_SPLICE v=1 root_height=1 leaf_visits=1 branch_visits=1 leaf_visit_records=76 branch_visit_children=17 leaf_writes=1 branch_writes=1 leaf_write_records=78 branch_write_children=17 leaf_min=78 leaf_max=78 child_edges_added=17 custody_edges_added=39
LFS_EXTENT_SPLICE v=1 root_height=1 leaf_visits=1 branch_visits=1 leaf_visit_records=78 branch_visit_children=17 leaf_writes=1 branch_writes=1 leaf_write_records=80 branch_write_children=17 leaf_min=80 leaf_max=80 child_edges_added=17 custody_edges_added=40
LFS_EXTENT_SPLICE v=1 root_height=1 leaf_visits=1 branch_visits=1 leaf_visit_records=80 branch_visit_children=17 leaf_writes=1 branch_writes=1 leaf_write_records=82 branch_write_children=17 leaf_min=82 leaf_max=82 child_edges_added=17 custody_edges_added=41
LFS_EXTENT_SPLICE v=1 root_height=1 leaf_visits=1 branch_visits=1 leaf_visit_records=82 branch_visit_children=17 leaf_writes=1 branch_writes=1 leaf_write_records=84 branch_write_children=17 leaf_min=84 leaf_max=84 child_edges_added=17 custody_edges_added=42
LFS_EXTENT_SPLICE v=1 root_height=1 leaf_visits=1 branch_visits=1 leaf_visit_records=84 branch_visit_children=17 leaf_writes=1 branch_writes=1 leaf_write_records=86 branch_write_children=17 leaf_min=86 leaf_max=86 child_edges_added=17 custody_edges_added=43
LFS_EXTENT_SPLICE v=1 root_height=1 leaf_visits=1 branch_visits=1 leaf_visit_records=86 branch_visit_children=17 leaf_writes=1 branch_writes=1 leaf_write_records=88 branch_write_children=17 leaf_min=88 leaf_max=88 child_edges_added=17 custody_edges_added=44
LFS_EXTENT_SPLICE v=1 root_height=1 leaf_visits=1 branch_visits=1 leaf_visit_records=88 branch_visit_children=17 leaf_writes=1 branch_writes=1 leaf_write_records=90 branch_write_children=17 leaf_min=90 leaf_max=90 child_edges_added=17 custody_edges_added=45
LFS_EXTENT_SPLICE v=1 root_height=1 leaf_visits=1 branch_visits=1 leaf_visit_records=90 branch_visit_children=17 leaf_writes=1 branch_writes=1 leaf_write_records=92 branch_write_children=17 leaf_min=92 leaf_max=92 child_edges_added=17 custody_edges_added=46
LFS_EXTENT_SPLICE v=1 root_height=1 leaf_visits=1 branch_visits=1 leaf_visit_records=92 branch_visit_children=17 leaf_writes=1 branch_writes=1 leaf_write_records=94 branch_write_children=17 leaf_min=94 leaf_max=94 child_edges_added=17 custody_edges_added=47
LFS_EXTENT_SPLICE v=1 root_height=1 leaf_visits=1 branch_visits=1 leaf_visit_records=94 branch_visit_children=17 leaf_writes=1 branch_writes=1 leaf_write_records=96 branch_write_children=17 leaf_min=96 leaf_max=96 child_edges_added=17 custody_edges_added=48
LFS_EXTENT_SPLICE v=1 root_height=1 leaf_visits=1 branch_visits=1 leaf_visit_records=96 branch_visit_children=17 leaf_writes=1 branch_writes=1 leaf_write_records=98 branch_write_children=17 leaf_min=98 leaf_max=98 child_edges_added=17 custody_edges_added=49
LFS_EXTENT_SPLICE v=1 root_height=1 leaf_visits=1 branch_visits=1 leaf_visit_records=98 branch_visit_children=17 leaf_writes=1 branch_writes=1 leaf_write_records=100 branch_write_children=17 leaf_min=100 leaf_max=100 child_edges_added=17 custody_edges_added=50
LFS_EXTENT_SPLICE v=1 root_height=1 leaf_visits=1 branch_visits=1 leaf_visit_records=100 branch_visit_children=17 leaf_writes=1 branch_writes=1 leaf_write_records=102 branch_write_children=17 leaf_min=102 leaf_max=102 child_edges_added=17 custody_edges_added=51
LFS_EXTENT_SPLICE v=1 root_height=1 leaf_visits=1 branch_visits=1 leaf_visit_records=102 branch_visit_children=17 leaf_writes=1 branch_writes=1 leaf_write_records=104 branch_write_children=17 leaf_min=104 leaf_max=104 child_edges_added=17 custody_edges_added=52
LFS_EXTENT_SPLICE v=1 root_height=1 leaf_visits=1 branch_visits=1 leaf_visit_records=104 branch_visit_children=17 leaf_writes=1 branch_writes=1 leaf_write_records=106 branch_write_children=17 leaf_min=106 leaf_max=106 child_edges_added=17 custody_edges_added=53
LFS_EXTENT_SPLICE v=1 root_height=1 leaf_visits=1 branch_visits=1 leaf_visit_records=106 branch_visit_children=17 leaf_writes=1 branch_writes=1 leaf_write_records=108 branch_write_children=17 leaf_min=108 leaf_max=108 child_edges_added=17 custody_edges_added=54
LFS_EXTENT_SPLICE v=1 root_height=1 leaf_visits=1 branch_visits=1 leaf_visit_records=108 branch_visit_children=17 leaf_writes=1 branch_writes=1 leaf_write_records=110 branch_write_children=17 leaf_min=110 leaf_max=110 child_edges_added=17 custody_edges_added=55
LFS_EXTENT_SPLICE v=1 root_height=1 leaf_visits=1 branch_visits=1 leaf_visit_records=110 branch_visit_children=17 leaf_writes=1 branch_writes=1 leaf_write_records=112 branch_write_children=17 leaf_min=112 leaf_max=112 child_edges_added=17 custody_edges_added=56
LFS_EXTENT_SPLICE v=1 root_height=1 leaf_visits=1 branch_visits=1 leaf_visit_records=112 branch_visit_children=17 leaf_writes=1 branch_writes=1 leaf_write_records=114 branch_write_children=17 leaf_min=114 leaf_max=114 child_edges_added=17 custody_edges_added=57
LFS_EXTENT_SPLICE v=1 root_height=1 leaf_visits=1 branch_visits=1 leaf_visit_records=114 branch_visit_children=17 leaf_writes=1 branch_writes=1 leaf_write_records=116 branch_write_children=17 leaf_min=116 leaf_max=116 child_edges_added=17 custody_edges_added=58
LFS_EXTENT_SPLICE v=1 root_height=1 leaf_visits=1 branch_visits=1 leaf_visit_records=116 branch_visit_children=17 leaf_writes=1 branch_writes=1 leaf_write_records=118 branch_write_children=17 leaf_min=118 leaf_max=118 child_edges_added=17 custody_edges_added=59
LFS_EXTENT_SPLICE v=1 root_height=1 leaf_visits=1 branch_visits=1 leaf_visit_records=118 branch_visit_children=17 leaf_writes=1 branch_writes=1 leaf_write_records=120 branch_write_children=17 leaf_min=120 leaf_max=120 child_edges_added=17 custody_edges_added=60
LFS_EXTENT_SPLICE v=1 root_height=1 leaf_visits=1 branch_visits=1 leaf_visit_records=120 branch_visit_children=17 leaf_writes=1 branch_writes=1 leaf_write_records=122 branch_write_children=17 leaf_min=122 leaf_max=122 child_edges_added=17 custody_edges_added=61
LFS_EXTENT_SPLICE v=1 root_height=1 leaf_visits=1 branch_visits=1 leaf_visit_records=122 branch_visit_children=17 leaf_writes=1 branch_writes=1 leaf_write_records=124 branch_write_children=17 leaf_min=124 leaf_max=124 child_edges_added=17 custody_edges_added=62
LFS_EXTENT_SPLICE v=1 root_height=1 leaf_visits=1 branch_visits=1 leaf_visit_records=124 branch_visit_children=17 leaf_writes=2 branch_writes=1 leaf_write_records=126 branch_write_children=18 leaf_min=63 leaf_max=63 child_edges_added=18 custody_edges_added=63
LFS_EXTENT_SPLICE v=1 root_height=1 leaf_visits=1 branch_visits=1 leaf_visit_records=63 branch_visit_children=18 leaf_writes=1 branch_writes=1 leaf_write_records=65 branch_write_children=18 leaf_min=65 leaf_max=65 child_edges_added=18 custody_edges_added=32
LFS_EXTENT_SPLICE v=1 root_height=1 leaf_visits=1 branch_visits=1 leaf_visit_records=65 branch_visit_children=18 leaf_writes=1 branch_writes=1 leaf_write_records=67 branch_write_children=18 leaf_min=67 leaf_max=67 child_edges_added=18 custody_edges_added=33
LFS_EXTENT_SPLICE v=1 root_height=1 leaf_visits=1 branch_visits=1 leaf_visit_records=67 branch_visit_children=18 leaf_writes=1 branch_writes=1 leaf_write_records=69 branch_write_children=18 leaf_min=69 leaf_max=69 child_edges_added=18 custody_edges_added=34
LFS_EXTENT_SPLICE v=1 root_height=1 leaf_visits=1 branch_visits=1 leaf_visit_records=69 branch_visit_children=18 leaf_writes=1 branch_writes=1 leaf_write_records=71 branch_write_children=18 leaf_min=71 leaf_max=71 child_edges_added=18 custody_edges_added=35
LFS_EXTENT_SPLICE v=1 root_height=1 leaf_visits=1 branch_visits=1 leaf_visit_records=71 branch_visit_children=18 leaf_writes=1 branch_writes=1 leaf_write_records=73 branch_write_children=18 leaf_min=73 leaf_max=73 child_edges_added=18 custody_edges_added=36
LFS_EXTENT_SPLICE v=1 root_height=1 leaf_visits=1 branch_visits=1 leaf_visit_records=73 branch_visit_children=18 leaf_writes=1 branch_writes=1 leaf_write_records=75 branch_write_children=18 leaf_min=75 leaf_max=75 child_edges_added=18 custody_edges_added=37
LFS_EXTENT_SPLICE v=1 root_height=1 leaf_visits=1 branch_visits=1 leaf_visit_records=75 branch_visit_children=18 leaf_writes=1 branch_writes=1 leaf_write_records=77 branch_write_children=18 leaf_min=77 leaf_max=77 child_edges_added=18 custody_edges_added=38
LFS_EXTENT_SPLICE v=1 root_height=1 leaf_visits=1 branch_visits=1 leaf_visit_records=77 branch_visit_children=18 leaf_writes=1 branch_writes=1 leaf_write_records=79 branch_write_children=18 leaf_min=79 leaf_max=79 child_edges_added=18 custody_edges_added=39
LFS_EXTENT_SPLICE v=1 root_height=1 leaf_visits=1 branch_visits=1 leaf_visit_records=79 branch_visit_children=18 leaf_writes=1 branch_writes=1 leaf_write_records=81 branch_write_children=18 leaf_min=81 leaf_max=81 child_edges_added=18 custody_edges_added=40
LFS_EXTENT_SPLICE v=1 root_height=1 leaf_visits=1 branch_visits=1 leaf_visit_records=81 branch_visit_children=18 leaf_writes=1 branch_writes=1 leaf_write_records=83 branch_write_children=18 leaf_min=83 leaf_max=83 child_edges_added=18 custody_edges_added=41
LFS_EXTENT_SPLICE v=1 root_height=1 leaf_visits=1 branch_visits=1 leaf_visit_records=83 branch_visit_children=18 leaf_writes=1 branch_writes=1 leaf_write_records=85 branch_write_children=18 leaf_min=85 leaf_max=85 child_edges_added=18 custody_edges_added=42
LFS_EXTENT_SPLICE v=1 root_height=1 leaf_visits=1 branch_visits=1 leaf_visit_records=85 branch_visit_children=18 leaf_writes=1 branch_writes=1 leaf_write_records=87 branch_write_children=18 leaf_min=87 leaf_max=87 child_edges_added=18 custody_edges_added=43
LFS_EXTENT_SPLICE v=1 root_height=1 leaf_visits=1 branch_visits=1 leaf_visit_records=87 branch_visit_children=18 leaf_writes=1 branch_writes=1 leaf_write_records=89 branch_write_children=18 leaf_min=89 leaf_max=89 child_edges_added=18 custody_edges_added=44
LFS_EXTENT_SPLICE v=1 root_height=1 leaf_visits=1 branch_visits=1 leaf_visit_records=89 branch_visit_children=18 leaf_writes=1 branch_writes=1 leaf_write_records=91 branch_write_children=18 leaf_min=91 leaf_max=91 child_edges_added=18 custody_edges_added=45
LFS_EXTENT_SPLICE v=1 root_height=1 leaf_visits=1 branch_visits=1 leaf_visit_records=91 branch_visit_children=18 leaf_writes=1 branch_writes=1 leaf_write_records=93 branch_write_children=18 leaf_min=93 leaf_max=93 child_edges_added=18 custody_edges_added=46
LFS_EXTENT_SPLICE v=1 root_height=1 leaf_visits=1 branch_visits=1 leaf_visit_records=93 branch_visit_children=18 leaf_writes=1 branch_writes=1 leaf_write_records=95 branch_write_children=18 leaf_min=95 leaf_max=95 child_edges_added=18 custody_edges_added=47
LFS_EXTENT_SPLICE v=1 root_height=1 leaf_visits=1 branch_visits=1 leaf_visit_records=95 branch_visit_children=18 leaf_writes=1 branch_writes=1 leaf_write_records=97 branch_write_children=18 leaf_min=97 leaf_max=97 child_edges_added=18 custody_edges_added=48
LFS_EXTENT_SPLICE v=1 root_height=1 leaf_visits=1 branch_visits=1 leaf_visit_records=97 branch_visit_children=18 leaf_writes=1 branch_writes=1 leaf_write_records=99 branch_write_children=18 leaf_min=99 leaf_max=99 child_edges_added=18 custody_edges_added=49
LFS_EXTENT_SPLICE v=1 root_height=1 leaf_visits=1 branch_visits=1 leaf_visit_records=99 branch_visit_children=18 leaf_writes=1 branch_writes=1 leaf_write_records=101 branch_write_children=18 leaf_min=101 leaf_max=101 child_edges_added=18 custody_edges_added=50
LFS_EXTENT_SPLICE v=1 root_height=1 leaf_visits=1 branch_visits=1 leaf_visit_records=101 branch_visit_children=18 leaf_writes=1 branch_writes=1 leaf_write_records=103 branch_write_children=18 leaf_min=103 leaf_max=103 child_edges_added=18 custody_edges_added=51
LFS_EXTENT_SPLICE v=1 root_height=1 leaf_visits=1 branch_visits=1 leaf_visit_records=103 branch_visit_children=18 leaf_writes=1 branch_writes=1 leaf_write_records=105 branch_write_children=18 leaf_min=105 leaf_max=105 child_edges_added=18 custody_edges_added=52
LFS_EXTENT_SPLICE v=1 root_height=1 leaf_visits=1 branch_visits=1 leaf_visit_records=105 branch_visit_children=18 leaf_writes=1 branch_writes=1 leaf_write_records=107 branch_write_children=18 leaf_min=107 leaf_max=107 child_edges_added=18 custody_edges_added=53
LFS_EXTENT_SPLICE v=1 root_height=1 leaf_visits=1 branch_visits=1 leaf_visit_records=107 branch_visit_children=18 leaf_writes=1 branch_writes=1 leaf_write_records=109 branch_write_children=18 leaf_min=109 leaf_max=109 child_edges_added=18 custody_edges_added=54
LFS_EXTENT_SPLICE v=1 root_height=1 leaf_visits=1 branch_visits=1 leaf_visit_records=109 branch_visit_children=18 leaf_writes=1 branch_writes=1 leaf_write_records=111 branch_write_children=18 leaf_min=111 leaf_max=111 child_edges_added=18 custody_edges_added=55
LFS_EXTENT_SPLICE v=1 root_height=1 leaf_visits=1 branch_visits=1 leaf_visit_records=111 branch_visit_children=18 leaf_writes=1 branch_writes=1 leaf_write_records=113 branch_write_children=18 leaf_min=113 leaf_max=113 child_edges_added=18 custody_edges_added=56
LFS_EXTENT_SPLICE v=1 root_height=1 leaf_visits=1 branch_visits=1 leaf_visit_records=113 branch_visit_children=18 leaf_writes=1 branch_writes=1 leaf_write_records=115 branch_write_children=18 leaf_min=115 leaf_max=115 child_edges_added=18 custody_edges_added=57
LFS_EXTENT_SPLICE v=1 root_height=1 leaf_visits=1 branch_visits=1 leaf_visit_records=115 branch_visit_children=18 leaf_writes=1 branch_writes=1 leaf_write_records=117 branch_write_children=18 leaf_min=117 leaf_max=117 child_edges_added=18 custody_edges_added=58
LFS_EXTENT_SPLICE v=1 root_height=1 leaf_visits=1 branch_visits=1 leaf_visit_records=117 branch_visit_children=18 leaf_writes=1 branch_writes=1 leaf_write_records=119 branch_write_children=18 leaf_min=119 leaf_max=119 child_edges_added=18 custody_edges_added=59
LFS_EXTENT_SPLICE v=1 root_height=1 leaf_visits=1 branch_visits=1 leaf_visit_records=119 branch_visit_children=18 leaf_writes=1 branch_writes=1 leaf_write_records=121 branch_write_children=18 leaf_min=121 leaf_max=121 child_edges_added=18 custody_edges_added=60
LFS_EXTENT_SPLICE v=1 root_height=1 leaf_visits=1 branch_visits=1 leaf_visit_records=121 branch_visit_children=18 leaf_writes=1 branch_writes=1 leaf_write_records=123 branch_write_children=18 leaf_min=123 leaf_max=123 child_edges_added=18 custody_edges_added=61
LFS_EXTENT_SPLICE v=1 root_height=1 leaf_visits=1 branch_visits=1 leaf_visit_records=123 branch_visit_children=18 leaf_writes=2 branch_writes=1 leaf_write_records=125 branch_write_children=19 leaf_min=62 leaf_max=63 child_edges_added=19 custody_edges_added=62
LFS_EXTENT_SPLICE v=1 root_height=1 leaf_visits=1 branch_visits=1 leaf_visit_records=62 branch_visit_children=19 leaf_writes=1 branch_writes=1 leaf_write_records=64 branch_write_children=19 leaf_min=64 leaf_max=64 child_edges_added=19 custody_edges_added=32
LFS_EXTENT_SPLICE v=1 root_height=1 leaf_visits=1 branch_visits=1 leaf_visit_records=64 branch_visit_children=19 leaf_writes=1 branch_writes=1 leaf_write_records=66 branch_write_children=19 leaf_min=66 leaf_max=66 child_edges_added=19 custody_edges_added=33
LFS_EXTENT_SPLICE v=1 root_height=1 leaf_visits=1 branch_visits=1 leaf_visit_records=66 branch_visit_children=19 leaf_writes=1 branch_writes=1 leaf_write_records=68 branch_write_children=19 leaf_min=68 leaf_max=68 child_edges_added=19 custody_edges_added=34
LFS_EXTENT_SPLICE v=1 root_height=1 leaf_visits=1 branch_visits=1 leaf_visit_records=68 branch_visit_children=19 leaf_writes=1 branch_writes=1 leaf_write_records=70 branch_write_children=19 leaf_min=70 leaf_max=70 child_edges_added=19 custody_edges_added=35
LFS_EXTENT_SPLICE v=1 root_height=1 leaf_visits=1 branch_visits=1 leaf_visit_records=70 branch_visit_children=19 leaf_writes=1 branch_writes=1 leaf_write_records=72 branch_write_children=19 leaf_min=72 leaf_max=72 child_edges_added=19 custody_edges_added=36
LFS_EXTENT_SPLICE v=1 root_height=1 leaf_visits=1 branch_visits=1 leaf_visit_records=72 branch_visit_children=19 leaf_writes=1 branch_writes=1 leaf_write_records=74 branch_write_children=19 leaf_min=74 leaf_max=74 child_edges_added=19 custody_edges_added=37
LFS_EXTENT_SPLICE v=1 root_height=1 leaf_visits=1 branch_visits=1 leaf_visit_records=74 branch_visit_children=19 leaf_writes=1 branch_writes=1 leaf_write_records=76 branch_write_children=19 leaf_min=76 leaf_max=76 child_edges_added=19 custody_edges_added=38
LFS_EXTENT_SPLICE v=1 root_height=1 leaf_visits=1 branch_visits=1 leaf_visit_records=76 branch_visit_children=19 leaf_writes=1 branch_writes=1 leaf_write_records=78 branch_write_children=19 leaf_min=78 leaf_max=78 child_edges_added=19 custody_edges_added=39
LFS_EXTENT_SPLICE v=1 root_height=1 leaf_visits=1 branch_visits=1 leaf_visit_records=78 branch_visit_children=19 leaf_writes=1 branch_writes=1 leaf_write_records=80 branch_write_children=19 leaf_min=80 leaf_max=80 child_edges_added=19 custody_edges_added=40
LFS_EXTENT_SPLICE v=1 root_height=1 leaf_visits=1 branch_visits=1 leaf_visit_records=80 branch_visit_children=19 leaf_writes=1 branch_writes=1 leaf_write_records=82 branch_write_children=19 leaf_min=82 leaf_max=82 child_edges_added=19 custody_edges_added=41
LFS_EXTENT_SPLICE v=1 root_height=1 leaf_visits=1 branch_visits=1 leaf_visit_records=82 branch_visit_children=19 leaf_writes=1 branch_writes=1 leaf_write_records=84 branch_write_children=19 leaf_min=84 leaf_max=84 child_edges_added=19 custody_edges_added=42
LFS_EXTENT_SPLICE v=1 root_height=1 leaf_visits=1 branch_visits=1 leaf_visit_records=84 branch_visit_children=19 leaf_writes=1 branch_writes=1 leaf_write_records=86 branch_write_children=19 leaf_min=86 leaf_max=86 child_edges_added=19 custody_edges_added=43
LFS_EXTENT_SPLICE v=1 root_height=1 leaf_visits=1 branch_visits=1 leaf_visit_records=86 branch_visit_children=19 leaf_writes=1 branch_writes=1 leaf_write_records=88 branch_write_children=19 leaf_min=88 leaf_max=88 child_edges_added=19 custody_edges_added=44
LFS_EXTENT_SPLICE v=1 root_height=1 leaf_visits=1 branch_visits=1 leaf_visit_records=88 branch_visit_children=19 leaf_writes=1 branch_writes=1 leaf_write_records=90 branch_write_children=19 leaf_min=90 leaf_max=90 child_edges_added=19 custody_edges_added=45
LFS_EXTENT_SPLICE v=1 root_height=1 leaf_visits=1 branch_visits=1 leaf_visit_records=90 branch_visit_children=19 leaf_writes=1 branch_writes=1 leaf_write_records=92 branch_write_children=19 leaf_min=92 leaf_max=92 child_edges_added=19 custody_edges_added=46
LFS_EXTENT_SPLICE v=1 root_height=1 leaf_visits=1 branch_visits=1 leaf_visit_records=92 branch_visit_children=19 leaf_writes=1 branch_writes=1 leaf_write_records=94 branch_write_children=19 leaf_min=94 leaf_max=94 child_edges_added=19 custody_edges_added=47
LFS_EXTENT_SPLICE v=1 root_height=1 leaf_visits=1 branch_visits=1 leaf_visit_records=94 branch_visit_children=19 leaf_writes=1 branch_writes=1 leaf_write_records=96 branch_write_children=19 leaf_min=96 leaf_max=96 child_edges_added=19 custody_edges_added=48
LFS_EXTENT_SPLICE v=1 root_height=1 leaf_visits=1 branch_visits=1 leaf_visit_records=96 branch_visit_children=19 leaf_writes=1 branch_writes=1 leaf_write_records=98 branch_write_children=19 leaf_min=98 leaf_max=98 child_edges_added=19 custody_edges_added=49
LFS_EXTENT_SPLICE v=1 root_height=1 leaf_visits=1 branch_visits=1 leaf_visit_records=98 branch_visit_children=19 leaf_writes=1 branch_writes=1 leaf_write_records=100 branch_write_children=19 leaf_min=100 leaf_max=100 child_edges_added=19 custody_edges_added=50
LFS_EXTENT_SPLICE v=1 root_height=1 leaf_visits=1 branch_visits=1 leaf_visit_records=100 branch_visit_children=19 leaf_writes=1 branch_writes=1 leaf_write_records=102 branch_write_children=19 leaf_min=102 leaf_max=102 child_edges_added=19 custody_edges_added=51
LFS_EXTENT_SPLICE v=1 root_height=1 leaf_visits=1 branch_visits=1 leaf_visit_records=102 branch_visit_children=19 leaf_writes=1 branch_writes=1 leaf_write_records=104 branch_write_children=19 leaf_min=104 leaf_max=104 child_edges_added=19 custody_edges_added=52
LFS_EXTENT_SPLICE v=1 root_height=1 leaf_visits=1 branch_visits=1 leaf_visit_records=104 branch_visit_children=19 leaf_writes=1 branch_writes=1 leaf_write_records=106 branch_write_children=19 leaf_min=106 leaf_max=106 child_edges_added=19 custody_edges_added=53
LFS_EXTENT_SPLICE v=1 root_height=1 leaf_visits=1 branch_visits=1 leaf_visit_records=106 branch_visit_children=19 leaf_writes=1 branch_writes=1 leaf_write_records=108 branch_write_children=19 leaf_min=108 leaf_max=108 child_edges_added=19 custody_edges_added=54
LFS_EXTENT_SPLICE v=1 root_height=1 leaf_visits=1 branch_visits=1 leaf_visit_records=108 branch_visit_children=19 leaf_writes=1 branch_writes=1 leaf_write_records=110 branch_write_children=19 leaf_min=110 leaf_max=110 child_edges_added=19 custody_edges_added=55
LFS_EXTENT_SPLICE v=1 root_height=1 leaf_visits=1 branch_visits=1 leaf_visit_records=110 branch_visit_children=19 leaf_writes=1 branch_writes=1 leaf_write_records=112 branch_write_children=19 leaf_min=112 leaf_max=112 child_edges_added=19 custody_edges_added=56
LFS_EXTENT_SPLICE v=1 root_height=1 leaf_visits=1 branch_visits=1 leaf_visit_records=112 branch_visit_children=19 leaf_writes=1 branch_writes=1 leaf_write_records=114 branch_write_children=19 leaf_min=114 leaf_max=114 child_edges_added=19 custody_edges_added=57
LFS_EXTENT_SPLICE v=1 root_height=1 leaf_visits=1 branch_visits=1 leaf_visit_records=114 branch_visit_children=19 leaf_writes=1 branch_writes=1 leaf_write_records=116 branch_write_children=19 leaf_min=116 leaf_max=116 child_edges_added=19 custody_edges_added=58
LFS_EXTENT_SPLICE v=1 root_height=1 leaf_visits=1 branch_visits=1 leaf_visit_records=116 branch_visit_children=19 leaf_writes=1 branch_writes=1 leaf_write_records=118 branch_write_children=19 leaf_min=118 leaf_max=118 child_edges_added=19 custody_edges_added=59
LFS_EXTENT_SPLICE v=1 root_height=1 leaf_visits=1 branch_visits=1 leaf_visit_records=118 branch_visit_children=19 leaf_writes=1 branch_writes=1 leaf_write_records=120 branch_write_children=19 leaf_min=120 leaf_max=120 child_edges_added=19 custody_edges_added=60
LFS_EXTENT_SPLICE v=1 root_height=1 leaf_visits=1 branch_visits=1 leaf_visit_records=120 branch_visit_children=19 leaf_writes=1 branch_writes=1 leaf_write_records=122 branch_write_children=19 leaf_min=122 leaf_max=122 child_edges_added=19 custody_edges_added=61
LFS_EXTENT_SPLICE v=1 root_height=1 leaf_visits=1 branch_visits=1 leaf_visit_records=122 branch_visit_children=19 leaf_writes=1 branch_writes=1 leaf_write_records=124 branch_write_children=19 leaf_min=124 leaf_max=124 child_edges_added=19 custody_edges_added=62
LFS_EXTENT_SPLICE v=1 root_height=1 leaf_visits=1 branch_visits=1 leaf_visit_records=124 branch_visit_children=19 leaf_writes=2 branch_writes=1 leaf_write_records=126 branch_write_children=20 leaf_min=63 leaf_max=63 child_edges_added=20 custody_edges_added=63
LFS_EXTENT_SPLICE v=1 root_height=1 leaf_visits=1 branch_visits=1 leaf_visit_records=63 branch_visit_children=20 leaf_writes=1 branch_writes=1 leaf_write_records=65 branch_write_children=20 leaf_min=65 leaf_max=65 child_edges_added=20 custody_edges_added=32
LFS_EXTENT_SPLICE v=1 root_height=1 leaf_visits=1 branch_visits=1 leaf_visit_records=65 branch_visit_children=20 leaf_writes=1 branch_writes=1 leaf_write_records=67 branch_write_children=20 leaf_min=67 leaf_max=67 child_edges_added=20 custody_edges_added=33
LFS_EXTENT_SPLICE v=1 root_height=1 leaf_visits=1 branch_visits=1 leaf_visit_records=67 branch_visit_children=20 leaf_writes=1 branch_writes=1 leaf_write_records=69 branch_write_children=20 leaf_min=69 leaf_max=69 child_edges_added=20 custody_edges_added=34
LFS_EXTENT_SPLICE v=1 root_height=1 leaf_visits=1 branch_visits=1 leaf_visit_records=69 branch_visit_children=20 leaf_writes=1 branch_writes=1 leaf_write_records=71 branch_write_children=20 leaf_min=71 leaf_max=71 child_edges_added=20 custody_edges_added=35
LFS_EXTENT_SPLICE v=1 root_height=1 leaf_visits=1 branch_visits=1 leaf_visit_records=71 branch_visit_children=20 leaf_writes=1 branch_writes=1 leaf_write_records=73 branch_write_children=20 leaf_min=73 leaf_max=73 child_edges_added=20 custody_edges_added=36
LFS_EXTENT_SPLICE v=1 root_height=1 leaf_visits=1 branch_visits=1 leaf_visit_records=73 branch_visit_children=20 leaf_writes=1 branch_writes=1 leaf_write_records=75 branch_write_children=20 leaf_min=75 leaf_max=75 child_edges_added=20 custody_edges_added=37
LFS_EXTENT_SPLICE v=1 root_height=1 leaf_visits=1 branch_visits=1 leaf_visit_records=75 branch_visit_children=20 leaf_writes=1 branch_writes=1 leaf_write_records=77 branch_write_children=20 leaf_min=77 leaf_max=77 child_edges_added=20 custody_edges_added=38
LFS_EXTENT_SPLICE v=1 root_height=1 leaf_visits=1 branch_visits=1 leaf_visit_records=77 branch_visit_children=20 leaf_writes=1 branch_writes=1 leaf_write_records=79 branch_write_children=20 leaf_min=79 leaf_max=79 child_edges_added=20 custody_edges_added=39
LFS_EXTENT_SPLICE v=1 root_height=1 leaf_visits=1 branch_visits=1 leaf_visit_records=79 branch_visit_children=20 leaf_writes=1 branch_writes=1 leaf_write_records=81 branch_write_children=20 leaf_min=81 leaf_max=81 child_edges_added=20 custody_edges_added=40
LFS_EXTENT_SPLICE v=1 root_height=1 leaf_visits=1 branch_visits=1 leaf_visit_records=81 branch_visit_children=20 leaf_writes=1 branch_writes=1 leaf_write_records=83 branch_write_children=20 leaf_min=83 leaf_max=83 child_edges_added=20 custody_edges_added=41
LFS_EXTENT_SPLICE v=1 root_height=1 leaf_visits=1 branch_visits=1 leaf_visit_records=83 branch_visit_children=20 leaf_writes=1 branch_writes=1 leaf_write_records=85 branch_write_children=20 leaf_min=85 leaf_max=85 child_edges_added=20 custody_edges_added=42
LFS_EXTENT_SPLICE v=1 root_height=1 leaf_visits=1 branch_visits=1 leaf_visit_records=85 branch_visit_children=20 leaf_writes=1 branch_writes=1 leaf_write_records=87 branch_write_children=20 leaf_min=87 leaf_max=87 child_edges_added=20 custody_edges_added=43
LFS_EXTENT_SPLICE v=1 root_height=1 leaf_visits=1 branch_visits=1 leaf_visit_records=87 branch_visit_children=20 leaf_writes=1 branch_writes=1 leaf_write_records=89 branch_write_children=20 leaf_min=89 leaf_max=89 child_edges_added=20 custody_edges_added=44
LFS_EXTENT_SPLICE v=1 root_height=1 leaf_visits=1 branch_visits=1 leaf_visit_records=89 branch_visit_children=20 leaf_writes=1 branch_writes=1 leaf_write_records=91 branch_write_children=20 leaf_min=91 leaf_max=91 child_edges_added=20 custody_edges_added=45
LFS_EXTENT_SPLICE v=1 root_height=1 leaf_visits=1 branch_visits=1 leaf_visit_records=91 branch_visit_children=20 leaf_writes=1 branch_writes=1 leaf_write_records=93 branch_write_children=20 leaf_min=93 leaf_max=93 child_edges_added=20 custody_edges_added=46
LFS_EXTENT_SPLICE v=1 root_height=1 leaf_visits=1 branch_visits=1 leaf_visit_records=93 branch_visit_children=20 leaf_writes=1 branch_writes=1 leaf_write_records=95 branch_write_children=20 leaf_min=95 leaf_max=95 child_edges_added=20 custody_edges_added=47
LFS_EXTENT_SPLICE v=1 root_height=1 leaf_visits=1 branch_visits=1 leaf_visit_records=95 branch_visit_children=20 leaf_writes=1 branch_writes=1 leaf_write_records=97 branch_write_children=20 leaf_min=97 leaf_max=97 child_edges_added=20 custody_edges_added=48
LFS_EXTENT_SPLICE v=1 root_height=1 leaf_visits=1 branch_visits=1 leaf_visit_records=97 branch_visit_children=20 leaf_writes=1 branch_writes=1 leaf_write_records=99 branch_write_children=20 leaf_min=99 leaf_max=99 child_edges_added=20 custody_edges_added=49
LFS_EXTENT_SPLICE v=1 root_height=1 leaf_visits=1 branch_visits=1 leaf_visit_records=99 branch_visit_children=20 leaf_writes=1 branch_writes=1 leaf_write_records=101 branch_write_children=20 leaf_min=101 leaf_max=101 child_edges_added=20 custody_edges_added=50
LFS_EXTENT_SPLICE v=1 root_height=1 leaf_visits=1 branch_visits=1 leaf_visit_records=101 branch_visit_children=20 leaf_writes=1 branch_writes=1 leaf_write_records=103 branch_write_children=20 leaf_min=103 leaf_max=103 child_edges_added=20 custody_edges_added=51
LFS_EXTENT_SPLICE v=1 root_height=1 leaf_visits=1 branch_visits=1 leaf_visit_records=103 branch_visit_children=20 leaf_writes=1 branch_writes=1 leaf_write_records=105 branch_write_children=20 leaf_min=105 leaf_max=105 child_edges_added=20 custody_edges_added=52
LFS_EXTENT_SPLICE v=1 root_height=1 leaf_visits=1 branch_visits=1 leaf_visit_records=105 branch_visit_children=20 leaf_writes=1 branch_writes=1 leaf_write_records=107 branch_write_children=20 leaf_min=107 leaf_max=107 child_edges_added=20 custody_edges_added=53
LFS_EXTENT_SPLICE v=1 root_height=1 leaf_visits=1 branch_visits=1 leaf_visit_records=107 branch_visit_children=20 leaf_writes=1 branch_writes=1 leaf_write_records=109 branch_write_children=20 leaf_min=109 leaf_max=109 child_edges_added=20 custody_edges_added=54
LFS_EXTENT_SPLICE v=1 root_height=1 leaf_visits=1 branch_visits=1 leaf_visit_records=109 branch_visit_children=20 leaf_writes=1 branch_writes=1 leaf_write_records=111 branch_write_children=20 leaf_min=111 leaf_max=111 child_edges_added=20 custody_edges_added=55
LFS_EXTENT_SPLICE v=1 root_height=1 leaf_visits=1 branch_visits=1 leaf_visit_records=111 branch_visit_children=20 leaf_writes=1 branch_writes=1 leaf_write_records=113 branch_write_children=20 leaf_min=113 leaf_max=113 child_edges_added=20 custody_edges_added=56
LFS_EXTENT_SPLICE v=1 root_height=1 leaf_visits=1 branch_visits=1 leaf_visit_records=113 branch_visit_children=20 leaf_writes=1 branch_writes=1 leaf_write_records=115 branch_write_children=20 leaf_min=115 leaf_max=115 child_edges_added=20 custody_edges_added=57
LFS_EXTENT_SPLICE v=1 root_height=1 leaf_visits=1 branch_visits=1 leaf_visit_records=115 branch_visit_children=20 leaf_writes=1 branch_writes=1 leaf_write_records=117 branch_write_children=20 leaf_min=117 leaf_max=117 child_edges_added=20 custody_edges_added=58
LFS_EXTENT_SPLICE v=1 root_height=1 leaf_visits=1 branch_visits=1 leaf_visit_records=117 branch_visit_children=20 leaf_writes=1 branch_writes=1 leaf_write_records=119 branch_write_children=20 leaf_min=119 leaf_max=119 child_edges_added=20 custody_edges_added=59
LFS_EXTENT_SPLICE v=1 root_height=1 leaf_visits=1 branch_visits=1 leaf_visit_records=119 branch_visit_children=20 leaf_writes=1 branch_writes=1 leaf_write_records=121 branch_write_children=20 leaf_min=121 leaf_max=121 child_edges_added=20 custody_edges_added=60
LFS_EXTENT_SPLICE v=1 root_height=1 leaf_visits=1 branch_visits=1 leaf_visit_records=121 branch_visit_children=20 leaf_writes=1 branch_writes=1 leaf_write_records=123 branch_write_children=20 leaf_min=123 leaf_max=123 child_edges_added=20 custody_edges_added=61
LFS_EXTENT_SPLICE v=1 root_height=1 leaf_visits=1 branch_visits=1 leaf_visit_records=123 branch_visit_children=20 leaf_writes=2 branch_writes=1 leaf_write_records=125 branch_write_children=21 leaf_min=62 leaf_max=63 child_edges_added=21 custody_edges_added=62
LFS_EXTENT_SPLICE v=1 root_height=1 leaf_visits=1 branch_visits=1 leaf_visit_records=62 branch_visit_children=21 leaf_writes=1 branch_writes=1 leaf_write_records=64 branch_write_children=21 leaf_min=64 leaf_max=64 child_edges_added=21 custody_edges_added=32
LFS_EXTENT_SPLICE v=1 root_height=1 leaf_visits=1 branch_visits=1 leaf_visit_records=64 branch_visit_children=21 leaf_writes=1 branch_writes=1 leaf_write_records=66 branch_write_children=21 leaf_min=66 leaf_max=66 child_edges_added=21 custody_edges_added=33
LFS_EXTENT_SPLICE v=1 root_height=1 leaf_visits=1 branch_visits=1 leaf_visit_records=66 branch_visit_children=21 leaf_writes=1 branch_writes=1 leaf_write_records=68 branch_write_children=21 leaf_min=68 leaf_max=68 child_edges_added=21 custody_edges_added=34
LFS_EXTENT_SPLICE v=1 root_height=1 leaf_visits=1 branch_visits=1 leaf_visit_records=68 branch_visit_children=21 leaf_writes=1 branch_writes=1 leaf_write_records=70 branch_write_children=21 leaf_min=70 leaf_max=70 child_edges_added=21 custody_edges_added=35
LFS_EXTENT_SPLICE v=1 root_height=1 leaf_visits=1 branch_visits=1 leaf_visit_records=70 branch_visit_children=21 leaf_writes=1 branch_writes=1 leaf_write_records=72 branch_write_children=21 leaf_min=72 leaf_max=72 child_edges_added=21 custody_edges_added=36
LFS_EXTENT_SPLICE v=1 root_height=1 leaf_visits=1 branch_visits=1 leaf_visit_records=72 branch_visit_children=21 leaf_writes=1 branch_writes=1 leaf_write_records=74 branch_write_children=21 leaf_min=74 leaf_max=74 child_edges_added=21 custody_edges_added=37
LFS_EXTENT_SPLICE v=1 root_height=1 leaf_visits=1 branch_visits=1 leaf_visit_records=74 branch_visit_children=21 leaf_writes=1 branch_writes=1 leaf_write_records=76 branch_write_children=21 leaf_min=76 leaf_max=76 child_edges_added=21 custody_edges_added=38
LFS_EXTENT_SPLICE v=1 root_height=1 leaf_visits=1 branch_visits=1 leaf_visit_records=76 branch_visit_children=21 leaf_writes=1 branch_writes=1 leaf_write_records=78 branch_write_children=21 leaf_min=78 leaf_max=78 child_edges_added=21 custody_edges_added=39
LFS_EXTENT_SPLICE v=1 root_height=1 leaf_visits=1 branch_visits=1 leaf_visit_records=78 branch_visit_children=21 leaf_writes=1 branch_writes=1 leaf_write_records=80 branch_write_children=21 leaf_min=80 leaf_max=80 child_edges_added=21 custody_edges_added=40
LFS_EXTENT_SPLICE v=1 root_height=1 leaf_visits=1 branch_visits=1 leaf_visit_records=80 branch_visit_children=21 leaf_writes=1 branch_writes=1 leaf_write_records=82 branch_write_children=21 leaf_min=82 leaf_max=82 child_edges_added=21 custody_edges_added=41
LFS_EXTENT_SPLICE v=1 root_height=1 leaf_visits=1 branch_visits=1 leaf_visit_records=82 branch_visit_children=21 leaf_writes=1 branch_writes=1 leaf_write_records=84 branch_write_children=21 leaf_min=84 leaf_max=84 child_edges_added=21 custody_edges_added=42
LFS_EXTENT_SPLICE v=1 root_height=1 leaf_visits=1 branch_visits=1 leaf_visit_records=84 branch_visit_children=21 leaf_writes=1 branch_writes=1 leaf_write_records=86 branch_write_children=21 leaf_min=86 leaf_max=86 child_edges_added=21 custody_edges_added=43
LFS_EXTENT_SPLICE v=1 root_height=1 leaf_visits=1 branch_visits=1 leaf_visit_records=86 branch_visit_children=21 leaf_writes=1 branch_writes=1 leaf_write_records=88 branch_write_children=21 leaf_min=88 leaf_max=88 child_edges_added=21 custody_edges_added=44
LFS_EXTENT_SPLICE v=1 root_height=1 leaf_visits=1 branch_visits=1 leaf_visit_records=88 branch_visit_children=21 leaf_writes=1 branch_writes=1 leaf_write_records=90 branch_write_children=21 leaf_min=90 leaf_max=90 child_edges_added=21 custody_edges_added=45
LFS_EXTENT_SPLICE v=1 root_height=1 leaf_visits=1 branch_visits=1 leaf_visit_records=90 branch_visit_children=21 leaf_writes=1 branch_writes=1 leaf_write_records=92 branch_write_children=21 leaf_min=92 leaf_max=92 child_edges_added=21 custody_edges_added=46
LFS_EXTENT_SPLICE v=1 root_height=1 leaf_visits=1 branch_visits=1 leaf_visit_records=92 branch_visit_children=21 leaf_writes=1 branch_writes=1 leaf_write_records=94 branch_write_children=21 leaf_min=94 leaf_max=94 child_edges_added=21 custody_edges_added=47
LFS_EXTENT_SPLICE v=1 root_height=1 leaf_visits=1 branch_visits=1 leaf_visit_records=94 branch_visit_children=21 leaf_writes=1 branch_writes=1 leaf_write_records=96 branch_write_children=21 leaf_min=96 leaf_max=96 child_edges_added=21 custody_edges_added=48
LFS_EXTENT_SPLICE v=1 root_height=1 leaf_visits=1 branch_visits=1 leaf_visit_records=96 branch_visit_children=21 leaf_writes=1 branch_writes=1 leaf_write_records=98 branch_write_children=21 leaf_min=98 leaf_max=98 child_edges_added=21 custody_edges_added=49
LFS_EXTENT_SPLICE v=1 root_height=1 leaf_visits=1 branch_visits=1 leaf_visit_records=98 branch_visit_children=21 leaf_writes=1 branch_writes=1 leaf_write_records=100 branch_write_children=21 leaf_min=100 leaf_max=100 child_edges_added=21 custody_edges_added=50
LFS_EXTENT_SPLICE v=1 root_height=1 leaf_visits=1 branch_visits=1 leaf_visit_records=100 branch_visit_children=21 leaf_writes=1 branch_writes=1 leaf_write_records=102 branch_write_children=21 leaf_min=102 leaf_max=102 child_edges_added=21 custody_edges_added=51
LFS_EXTENT_SPLICE v=1 root_height=1 leaf_visits=1 branch_visits=1 leaf_visit_records=102 branch_visit_children=21 leaf_writes=1 branch_writes=1 leaf_write_records=104 branch_write_children=21 leaf_min=104 leaf_max=104 child_edges_added=21 custody_edges_added=52
LFS_EXTENT_SPLICE v=1 root_height=1 leaf_visits=1 branch_visits=1 leaf_visit_records=104 branch_visit_children=21 leaf_writes=1 branch_writes=1 leaf_write_records=106 branch_write_children=21 leaf_min=106 leaf_max=106 child_edges_added=21 custody_edges_added=53
LFS_EXTENT_SPLICE v=1 root_height=1 leaf_visits=1 branch_visits=1 leaf_visit_records=106 branch_visit_children=21 leaf_writes=1 branch_writes=1 leaf_write_records=108 branch_write_children=21 leaf_min=108 leaf_max=108 child_edges_added=21 custody_edges_added=54
LFS_EXTENT_SPLICE v=1 root_height=1 leaf_visits=1 branch_visits=1 leaf_visit_records=108 branch_visit_children=21 leaf_writes=1 branch_writes=1 leaf_write_records=110 branch_write_children=21 leaf_min=110 leaf_max=110 child_edges_added=21 custody_edges_added=55
LFS_EXTENT_SPLICE v=1 root_height=1 leaf_visits=1 branch_visits=1 leaf_visit_records=110 branch_visit_children=21 leaf_writes=1 branch_writes=1 leaf_write_records=112 branch_write_children=21 leaf_min=112 leaf_max=112 child_edges_added=21 custody_edges_added=56
LFS_EXTENT_SPLICE v=1 root_height=1 leaf_visits=1 branch_visits=1 leaf_visit_records=112 branch_visit_children=21 leaf_writes=1 branch_writes=1 leaf_write_records=114 branch_write_children=21 leaf_min=114 leaf_max=114 child_edges_added=21 custody_edges_added=57
LFS_EXTENT_SPLICE v=1 root_height=1 leaf_visits=1 branch_visits=1 leaf_visit_records=114 branch_visit_children=21 leaf_writes=1 branch_writes=1 leaf_write_records=116 branch_write_children=21 leaf_min=116 leaf_max=116 child_edges_added=21 custody_edges_added=58
LFS_EXTENT_SPLICE v=1 root_height=1 leaf_visits=1 branch_visits=1 leaf_visit_records=116 branch_visit_children=21 leaf_writes=1 branch_writes=1 leaf_write_records=118 branch_write_children=21 leaf_min=118 leaf_max=118 child_edges_added=21 custody_edges_added=59
LFS_EXTENT_SPLICE v=1 root_height=1 leaf_visits=1 branch_visits=1 leaf_visit_records=118 branch_visit_children=21 leaf_writes=1 branch_writes=1 leaf_write_records=120 branch_write_children=21 leaf_min=120 leaf_max=120 child_edges_added=21 custody_edges_added=60
LFS_EXTENT_SPLICE v=1 root_height=1 leaf_visits=1 branch_visits=1 leaf_visit_records=120 branch_visit_children=21 leaf_writes=1 branch_writes=1 leaf_write_records=122 branch_write_children=21 leaf_min=122 leaf_max=122 child_edges_added=21 custody_edges_added=61
LFS_EXTENT_SPLICE v=1 root_height=1 leaf_visits=1 branch_visits=1 leaf_visit_records=122 branch_visit_children=21 leaf_writes=1 branch_writes=1 leaf_write_records=124 branch_write_children=21 leaf_min=124 leaf_max=124 child_edges_added=21 custody_edges_added=62
LFS_EXTENT_SPLICE v=1 root_height=1 leaf_visits=1 branch_visits=1 leaf_visit_records=124 branch_visit_children=21 leaf_writes=2 branch_writes=1 leaf_write_records=126 branch_write_children=22 leaf_min=63 leaf_max=63 child_edges_added=22 custody_edges_added=63
LFS_EXTENT_SPLICE v=1 root_height=1 leaf_visits=1 branch_visits=1 leaf_visit_records=63 branch_visit_children=22 leaf_writes=1 branch_writes=1 leaf_write_records=65 branch_write_children=22 leaf_min=65 leaf_max=65 child_edges_added=22 custody_edges_added=32
LFS_EXTENT_SPLICE v=1 root_height=1 leaf_visits=1 branch_visits=1 leaf_visit_records=65 branch_visit_children=22 leaf_writes=1 branch_writes=1 leaf_write_records=67 branch_write_children=22 leaf_min=67 leaf_max=67 child_edges_added=22 custody_edges_added=33
LFS_EXTENT_SPLICE v=1 root_height=1 leaf_visits=1 branch_visits=1 leaf_visit_records=67 branch_visit_children=22 leaf_writes=1 branch_writes=1 leaf_write_records=69 branch_write_children=22 leaf_min=69 leaf_max=69 child_edges_added=22 custody_edges_added=34
LFS_EXTENT_SPLICE v=1 root_height=1 leaf_visits=1 branch_visits=1 leaf_visit_records=69 branch_visit_children=22 leaf_writes=1 branch_writes=1 leaf_write_records=71 branch_write_children=22 leaf_min=71 leaf_max=71 child_edges_added=22 custody_edges_added=35
LFS_EXTENT_SPLICE v=1 root_height=1 leaf_visits=1 branch_visits=1 leaf_visit_records=71 branch_visit_children=22 leaf_writes=1 branch_writes=1 leaf_write_records=73 branch_write_children=22 leaf_min=73 leaf_max=73 child_edges_added=22 custody_edges_added=36
LFS_EXTENT_SPLICE v=1 root_height=1 leaf_visits=1 branch_visits=1 leaf_visit_records=73 branch_visit_children=22 leaf_writes=1 branch_writes=1 leaf_write_records=75 branch_write_children=22 leaf_min=75 leaf_max=75 child_edges_added=22 custody_edges_added=37
LFS_EXTENT_SPLICE v=1 root_height=1 leaf_visits=1 branch_visits=1 leaf_visit_records=75 branch_visit_children=22 leaf_writes=1 branch_writes=1 leaf_write_records=77 branch_write_children=22 leaf_min=77 leaf_max=77 child_edges_added=22 custody_edges_added=38
LFS_EXTENT_SPLICE v=1 root_height=1 leaf_visits=1 branch_visits=1 leaf_visit_records=77 branch_visit_children=22 leaf_writes=1 branch_writes=1 leaf_write_records=79 branch_write_children=22 leaf_min=79 leaf_max=79 child_edges_added=22 custody_edges_added=39
LFS_EXTENT_SPLICE v=1 root_height=1 leaf_visits=1 branch_visits=1 leaf_visit_records=79 branch_visit_children=22 leaf_writes=1 branch_writes=1 leaf_write_records=81 branch_write_children=22 leaf_min=81 leaf_max=81 child_edges_added=22 custody_edges_added=40
LFS_EXTENT_SPLICE v=1 root_height=1 leaf_visits=1 branch_visits=1 leaf_visit_records=81 branch_visit_children=22 leaf_writes=1 branch_writes=1 leaf_write_records=83 branch_write_children=22 leaf_min=83 leaf_max=83 child_edges_added=22 custody_edges_added=41
LFS_EXTENT_SPLICE v=1 root_height=1 leaf_visits=1 branch_visits=1 leaf_visit_records=83 branch_visit_children=22 leaf_writes=1 branch_writes=1 leaf_write_records=85 branch_write_children=22 leaf_min=85 leaf_max=85 child_edges_added=22 custody_edges_added=42
LFS_EXTENT_SPLICE v=1 root_height=1 leaf_visits=1 branch_visits=1 leaf_visit_records=85 branch_visit_children=22 leaf_writes=1 branch_writes=1 leaf_write_records=87 branch_write_children=22 leaf_min=87 leaf_max=87 child_edges_added=22 custody_edges_added=43
LFS_EXTENT_SPLICE v=1 root_height=1 leaf_visits=1 branch_visits=1 leaf_visit_records=87 branch_visit_children=22 leaf_writes=1 branch_writes=1 leaf_write_records=89 branch_write_children=22 leaf_min=89 leaf_max=89 child_edges_added=22 custody_edges_added=44
LFS_EXTENT_SPLICE v=1 root_height=1 leaf_visits=1 branch_visits=1 leaf_visit_records=89 branch_visit_children=22 leaf_writes=1 branch_writes=1 leaf_write_records=91 branch_write_children=22 leaf_min=91 leaf_max=91 child_edges_added=22 custody_edges_added=45
LFT1 {"v":1,"namespace":13710895918682022928,"run":"0388b7df3c6bbe5fc5bf9044daa9cf3f","pid":1,"role":2,"kind":"resource","scope":"process-shared","clock":"local-monitor","at_ns":4011434043,"incarnation":8311343,"user_ns":1270000000,"source":"procfs+sysconf","probe_ns":11458,"selected":3,"system_ns":600000000,"rss":40738816}
LFS_EXTENT_SPLICE v=1 root_height=1 leaf_visits=1 branch_visits=1 leaf_visit_records=91 branch_visit_children=22 leaf_writes=1 branch_writes=1 leaf_write_records=93 branch_write_children=22 leaf_min=93 leaf_max=93 child_edges_added=22 custody_edges_added=46
LFS_EXTENT_SPLICE v=1 root_height=1 leaf_visits=1 branch_visits=1 leaf_visit_records=93 branch_visit_children=22 leaf_writes=1 branch_writes=1 leaf_write_records=95 branch_write_children=22 leaf_min=95 leaf_max=95 child_edges_added=22 custody_edges_added=47
LFS_EXTENT_SPLICE v=1 root_height=1 leaf_visits=1 branch_visits=1 leaf_visit_records=95 branch_visit_children=22 leaf_writes=1 branch_writes=1 leaf_write_records=97 branch_write_children=22 leaf_min=97 leaf_max=97 child_edges_added=22 custody_edges_added=48
LFS_EXTENT_SPLICE v=1 root_height=1 leaf_visits=1 branch_visits=1 leaf_visit_records=97 branch_visit_children=22 leaf_writes=1 branch_writes=1 leaf_write_records=99 branch_write_children=22 leaf_min=99 leaf_max=99 child_edges_added=22 custody_edges_added=49
LFS_EXTENT_SPLICE v=1 root_height=1 leaf_visits=1 branch_visits=1 leaf_visit_records=99 branch_visit_children=22 leaf_writes=1 branch_writes=1 leaf_write_records=101 branch_write_children=22 leaf_min=101 leaf_max=101 child_edges_added=22 custody_edges_added=50
LFS_EXTENT_SPLICE v=1 root_height=1 leaf_visits=1 branch_visits=1 leaf_visit_records=101 branch_visit_children=22 leaf_writes=1 branch_writes=1 leaf_write_records=103 branch_write_children=22 leaf_min=103 leaf_max=103 child_edges_added=22 custody_edges_added=51
LFS_EXTENT_SPLICE v=1 root_height=1 leaf_visits=1 branch_visits=1 leaf_visit_records=103 branch_visit_children=22 leaf_writes=1 branch_writes=1 leaf_write_records=105 branch_write_children=22 leaf_min=105 leaf_max=105 child_edges_added=22 custody_edges_added=52
LFS_EXTENT_SPLICE v=1 root_height=1 leaf_visits=1 branch_visits=1 leaf_visit_records=105 branch_visit_children=22 leaf_writes=1 branch_writes=1 leaf_write_records=107 branch_write_children=22 leaf_min=107 leaf_max=107 child_edges_added=22 custody_edges_added=53
LFS_EXTENT_SPLICE v=1 root_height=1 leaf_visits=1 branch_visits=1 leaf_visit_records=107 branch_visit_children=22 leaf_writes=1 branch_writes=1 leaf_write_records=109 branch_write_children=22 leaf_min=109 leaf_max=109 child_edges_added=22 custody_edges_added=54
LFS_EXTENT_SPLICE v=1 root_height=1 leaf_visits=1 branch_visits=1 leaf_visit_records=109 branch_visit_children=22 leaf_writes=1 branch_writes=1 leaf_write_records=111 branch_write_children=22 leaf_min=111 leaf_max=111 child_edges_added=22 custody_edges_added=55
LFS_EXTENT_SPLICE v=1 root_height=1 leaf_visits=1 branch_visits=1 leaf_visit_records=111 branch_visit_children=22 leaf_writes=1 branch_writes=1 leaf_write_records=113 branch_write_children=22 leaf_min=113 leaf_max=113 child_edges_added=22 custody_edges_added=56
LFS_EXTENT_SPLICE v=1 root_height=1 leaf_visits=1 branch_visits=1 leaf_visit_records=113 branch_visit_children=22 leaf_writes=1 branch_writes=1 leaf_write_records=115 branch_write_children=22 leaf_min=115 leaf_max=115 child_edges_added=22 custody_edges_added=57
LFS_EXTENT_SPLICE v=1 root_height=1 leaf_visits=1 branch_visits=1 leaf_visit_records=115 branch_visit_children=22 leaf_writes=1 branch_writes=1 leaf_write_records=117 branch_write_children=22 leaf_min=117 leaf_max=117 child_edges_added=22 custody_edges_added=58
LFS_EXTENT_SPLICE v=1 root_height=1 leaf_visits=1 branch_visits=1 leaf_visit_records=117 branch_visit_children=22 leaf_writes=1 branch_writes=1 leaf_write_records=119 branch_write_children=22 leaf_min=119 leaf_max=119 child_edges_added=22 custody_edges_added=59
LFS_EXTENT_SPLICE v=1 root_height=1 leaf_visits=1 branch_visits=1 leaf_visit_records=119 branch_visit_children=22 leaf_writes=1 branch_writes=1 leaf_write_records=121 branch_write_children=22 leaf_min=121 leaf_max=121 child_edges_added=22 custody_edges_added=60
LFS_EXTENT_SPLICE v=1 root_height=1 leaf_visits=1 branch_visits=1 leaf_visit_records=121 branch_visit_children=22 leaf_writes=1 branch_writes=1 leaf_write_records=123 branch_write_children=22 leaf_min=123 leaf_max=123 child_edges_added=22 custody_edges_added=61
LFS_EXTENT_SPLICE v=1 root_height=1 leaf_visits=1 branch_visits=1 leaf_visit_records=123 branch_visit_children=22 leaf_writes=2 branch_writes=1 leaf_write_records=125 branch_write_children=23 leaf_min=62 leaf_max=63 child_edges_added=23 custody_edges_added=62
LFS_EXTENT_SPLICE v=1 root_height=1 leaf_visits=1 branch_visits=1 leaf_visit_records=62 branch_visit_children=23 leaf_writes=1 branch_writes=1 leaf_write_records=64 branch_write_children=23 leaf_min=64 leaf_max=64 child_edges_added=23 custody_edges_added=32
LFS_EXTENT_SPLICE v=1 root_height=1 leaf_visits=1 branch_visits=1 leaf_visit_records=64 branch_visit_children=23 leaf_writes=1 branch_writes=1 leaf_write_records=66 branch_write_children=23 leaf_min=66 leaf_max=66 child_edges_added=23 custody_edges_added=33
LFS_EXTENT_SPLICE v=1 root_height=1 leaf_visits=1 branch_visits=1 leaf_visit_records=66 branch_visit_children=23 leaf_writes=1 branch_writes=1 leaf_write_records=68 branch_write_children=23 leaf_min=68 leaf_max=68 child_edges_added=23 custody_edges_added=34
LFS_EXTENT_SPLICE v=1 root_height=1 leaf_visits=1 branch_visits=1 leaf_visit_records=68 branch_visit_children=23 leaf_writes=1 branch_writes=1 leaf_write_records=70 branch_write_children=23 leaf_min=70 leaf_max=70 child_edges_added=23 custody_edges_added=35
LFS_EXTENT_SPLICE v=1 root_height=1 leaf_visits=1 branch_visits=1 leaf_visit_records=70 branch_visit_children=23 leaf_writes=1 branch_writes=1 leaf_write_records=72 branch_write_children=23 leaf_min=72 leaf_max=72 child_edges_added=23 custody_edges_added=36
LFS_EXTENT_SPLICE v=1 root_height=1 leaf_visits=1 branch_visits=1 leaf_visit_records=72 branch_visit_children=23 leaf_writes=1 branch_writes=1 leaf_write_records=74 branch_write_children=23 leaf_min=74 leaf_max=74 child_edges_added=23 custody_edges_added=37
LFS_EXTENT_SPLICE v=1 root_height=1 leaf_visits=1 branch_visits=1 leaf_visit_records=74 branch_visit_children=23 leaf_writes=1 branch_writes=1 leaf_write_records=76 branch_write_children=23 leaf_min=76 leaf_max=76 child_edges_added=23 custody_edges_added=38
LFS_EXTENT_SPLICE v=1 root_height=1 leaf_visits=1 branch_visits=1 leaf_visit_records=76 branch_visit_children=23 leaf_writes=1 branch_writes=1 leaf_write_records=78 branch_write_children=23 leaf_min=78 leaf_max=78 child_edges_added=23 custody_edges_added=39
LFS_EXTENT_SPLICE v=1 root_height=1 leaf_visits=1 branch_visits=1 leaf_visit_records=78 branch_visit_children=23 leaf_writes=1 branch_writes=1 leaf_write_records=80 branch_write_children=23 leaf_min=80 leaf_max=80 child_edges_added=23 custody_edges_added=40
LFS_EXTENT_SPLICE v=1 root_height=1 leaf_visits=1 branch_visits=1 leaf_visit_records=80 branch_visit_children=23 leaf_writes=1 branch_writes=1 leaf_write_records=82 branch_write_children=23 leaf_min=82 leaf_max=82 child_edges_added=23 custody_edges_added=41
LFS_EXTENT_SPLICE v=1 root_height=1 leaf_visits=1 branch_visits=1 leaf_visit_records=82 branch_visit_children=23 leaf_writes=1 branch_writes=1 leaf_write_records=84 branch_write_children=23 leaf_min=84 leaf_max=84 child_edges_added=23 custody_edges_added=42
LFS_EXTENT_SPLICE v=1 root_height=1 leaf_visits=1 branch_visits=1 leaf_visit_records=84 branch_visit_children=23 leaf_writes=1 branch_writes=1 leaf_write_records=86 branch_write_children=23 leaf_min=86 leaf_max=86 child_edges_added=23 custody_edges_added=43
LFS_EXTENT_SPLICE v=1 root_height=1 leaf_visits=1 branch_visits=1 leaf_visit_records=86 branch_visit_children=23 leaf_writes=1 branch_writes=1 leaf_write_records=88 branch_write_children=23 leaf_min=88 leaf_max=88 child_edges_added=23 custody_edges_added=44
LFS_EXTENT_SPLICE v=1 root_height=1 leaf_visits=1 branch_visits=1 leaf_visit_records=88 branch_visit_children=23 leaf_writes=1 branch_writes=1 leaf_write_records=90 branch_write_children=23 leaf_min=90 leaf_max=90 child_edges_added=23 custody_edges_added=45
LFS_EXTENT_SPLICE v=1 root_height=1 leaf_visits=1 branch_visits=1 leaf_visit_records=90 branch_visit_children=23 leaf_writes=1 branch_writes=1 leaf_write_records=92 branch_write_children=23 leaf_min=92 leaf_max=92 child_edges_added=23 custody_edges_added=46
LFS_EXTENT_SPLICE v=1 root_height=1 leaf_visits=1 branch_visits=1 leaf_visit_records=92 branch_visit_children=23 leaf_writes=1 branch_writes=1 leaf_write_records=94 branch_write_children=23 leaf_min=94 leaf_max=94 child_edges_added=23 custody_edges_added=47
LFS_EXTENT_SPLICE v=1 root_height=1 leaf_visits=1 branch_visits=1 leaf_visit_records=94 branch_visit_children=23 leaf_writes=1 branch_writes=1 leaf_write_records=96 branch_write_children=23 leaf_min=96 leaf_max=96 child_edges_added=23 custody_edges_added=48
LFS_EXTENT_SPLICE v=1 root_height=1 leaf_visits=1 branch_visits=1 leaf_visit_records=96 branch_visit_children=23 leaf_writes=1 branch_writes=1 leaf_write_records=98 branch_write_children=23 leaf_min=98 leaf_max=98 child_edges_added=23 custody_edges_added=49
LFS_EXTENT_SPLICE v=1 root_height=1 leaf_visits=1 branch_visits=1 leaf_visit_records=98 branch_visit_children=23 leaf_writes=1 branch_writes=1 leaf_write_records=100 branch_write_children=23 leaf_min=100 leaf_max=100 child_edges_added=23 custody_edges_added=50
LFS_EXTENT_SPLICE v=1 root_height=1 leaf_visits=1 branch_visits=1 leaf_visit_records=100 branch_visit_children=23 leaf_writes=1 branch_writes=1 leaf_write_records=102 branch_write_children=23 leaf_min=102 leaf_max=102 child_edges_added=23 custody_edges_added=51
LFS_EXTENT_SPLICE v=1 root_height=1 leaf_visits=1 branch_visits=1 leaf_visit_records=102 branch_visit_children=23 leaf_writes=1 branch_writes=1 leaf_write_records=104 branch_write_children=23 leaf_min=104 leaf_max=104 child_edges_added=23 custody_edges_added=52
LFS_EXTENT_SPLICE v=1 root_height=1 leaf_visits=1 branch_visits=1 leaf_visit_records=104 branch_visit_children=23 leaf_writes=1 branch_writes=1 leaf_write_records=106 branch_write_children=23 leaf_min=106 leaf_max=106 child_edges_added=23 custody_edges_added=53
LFS_EXTENT_SPLICE v=1 root_height=1 leaf_visits=1 branch_visits=1 leaf_visit_records=106 branch_visit_children=23 leaf_writes=1 branch_writes=1 leaf_write_records=108 branch_write_children=23 leaf_min=108 leaf_max=108 child_edges_added=23 custody_edges_added=54
LFS_EXTENT_SPLICE v=1 root_height=1 leaf_visits=1 branch_visits=1 leaf_visit_records=108 branch_visit_children=23 leaf_writes=1 branch_writes=1 leaf_write_records=110 branch_write_children=23 leaf_min=110 leaf_max=110 child_edges_added=23 custody_edges_added=55
LFS_EXTENT_SPLICE v=1 root_height=1 leaf_visits=1 branch_visits=1 leaf_visit_records=110 branch_visit_children=23 leaf_writes=1 branch_writes=1 leaf_write_records=112 branch_write_children=23 leaf_min=112 leaf_max=112 child_edges_added=23 custody_edges_added=56
LFS_EXTENT_SPLICE v=1 root_height=1 leaf_visits=1 branch_visits=1 leaf_visit_records=112 branch_visit_children=23 leaf_writes=1 branch_writes=1 leaf_write_records=114 branch_write_children=23 leaf_min=114 leaf_max=114 child_edges_added=23 custody_edges_added=57
LFS_EXTENT_SPLICE v=1 root_height=1 leaf_visits=1 branch_visits=1 leaf_visit_records=114 branch_visit_children=23 leaf_writes=1 branch_writes=1 leaf_write_records=116 branch_write_children=23 leaf_min=116 leaf_max=116 child_edges_added=23 custody_edges_added=58
LFS_EXTENT_SPLICE v=1 root_height=1 leaf_visits=1 branch_visits=1 leaf_visit_records=116 branch_visit_children=23 leaf_writes=1 branch_writes=1 leaf_write_records=118 branch_write_children=23 leaf_min=118 leaf_max=118 child_edges_added=23 custody_edges_added=59
LFS_EXTENT_SPLICE v=1 root_height=1 leaf_visits=1 branch_visits=1 leaf_visit_records=118 branch_visit_children=23 leaf_writes=1 branch_writes=1 leaf_write_records=120 branch_write_children=23 leaf_min=120 leaf_max=120 child_edges_added=23 custody_edges_added=60
LFS_EXTENT_SPLICE v=1 root_height=1 leaf_visits=1 branch_visits=1 leaf_visit_records=120 branch_visit_children=23 leaf_writes=1 branch_writes=1 leaf_write_records=122 branch_write_children=23 leaf_min=122 leaf_max=122 child_edges_added=23 custody_edges_added=61
LFS_EXTENT_SPLICE v=1 root_height=1 leaf_visits=1 branch_visits=1 leaf_visit_records=122 branch_visit_children=23 leaf_writes=1 branch_writes=1 leaf_write_records=124 branch_write_children=23 leaf_min=124 leaf_max=124 child_edges_added=23 custody_edges_added=62
LFS_EXTENT_SPLICE v=1 root_height=1 leaf_visits=1 branch_visits=1 leaf_visit_records=124 branch_visit_children=23 leaf_writes=2 branch_writes=1 leaf_write_records=126 branch_write_children=24 leaf_min=63 leaf_max=63 child_edges_added=24 custody_edges_added=63
LFS_EXTENT_SPLICE v=1 root_height=1 leaf_visits=1 branch_visits=1 leaf_visit_records=63 branch_visit_children=24 leaf_writes=1 branch_writes=1 leaf_write_records=65 branch_write_children=24 leaf_min=65 leaf_max=65 child_edges_added=24 custody_edges_added=32
LFS_EXTENT_SPLICE v=1 root_height=1 leaf_visits=1 branch_visits=1 leaf_visit_records=65 branch_visit_children=24 leaf_writes=1 branch_writes=1 leaf_write_records=67 branch_write_children=24 leaf_min=67 leaf_max=67 child_edges_added=24 custody_edges_added=33
LFS_EXTENT_SPLICE v=1 root_height=1 leaf_visits=1 branch_visits=1 leaf_visit_records=67 branch_visit_children=24 leaf_writes=1 branch_writes=1 leaf_write_records=69 branch_write_children=24 leaf_min=69 leaf_max=69 child_edges_added=24 custody_edges_added=34
LFS_EXTENT_SPLICE v=1 root_height=1 leaf_visits=1 branch_visits=1 leaf_visit_records=69 branch_visit_children=24 leaf_writes=1 branch_writes=1 leaf_write_records=71 branch_write_children=24 leaf_min=71 leaf_max=71 child_edges_added=24 custody_edges_added=35
LFS_EXTENT_SPLICE v=1 root_height=1 leaf_visits=1 branch_visits=1 leaf_visit_records=71 branch_visit_children=24 leaf_writes=1 branch_writes=1 leaf_write_records=73 branch_write_children=24 leaf_min=73 leaf_max=73 child_edges_added=24 custody_edges_added=36
LFS_EXTENT_SPLICE v=1 root_height=1 leaf_visits=1 branch_visits=1 leaf_visit_records=73 branch_visit_children=24 leaf_writes=1 branch_writes=1 leaf_write_records=75 branch_write_children=24 leaf_min=75 leaf_max=75 child_edges_added=24 custody_edges_added=37
LFS_EXTENT_SPLICE v=1 root_height=1 leaf_visits=1 branch_visits=1 leaf_visit_records=75 branch_visit_children=24 leaf_writes=1 branch_writes=1 leaf_write_records=77 branch_write_children=24 leaf_min=77 leaf_max=77 child_edges_added=24 custody_edges_added=38
LFS_EXTENT_SPLICE v=1 root_height=1 leaf_visits=1 branch_visits=1 leaf_visit_records=77 branch_visit_children=24 leaf_writes=1 branch_writes=1 leaf_write_records=79 branch_write_children=24 leaf_min=79 leaf_max=79 child_edges_added=24 custody_edges_added=39
LFS_EXTENT_SPLICE v=1 root_height=1 leaf_visits=1 branch_visits=1 leaf_visit_records=79 branch_visit_children=24 leaf_writes=1 branch_writes=1 leaf_write_records=81 branch_write_children=24 leaf_min=81 leaf_max=81 child_edges_added=24 custody_edges_added=40
LFS_EXTENT_SPLICE v=1 root_height=1 leaf_visits=1 branch_visits=1 leaf_visit_records=81 branch_visit_children=24 leaf_writes=1 branch_writes=1 leaf_write_records=83 branch_write_children=24 leaf_min=83 leaf_max=83 child_edges_added=24 custody_edges_added=41
LFS_EXTENT_SPLICE v=1 root_height=1 leaf_visits=1 branch_visits=1 leaf_visit_records=83 branch_visit_children=24 leaf_writes=1 branch_writes=1 leaf_write_records=85 branch_write_children=24 leaf_min=85 leaf_max=85 child_edges_added=24 custody_edges_added=42
LFS_EXTENT_SPLICE v=1 root_height=1 leaf_visits=1 branch_visits=1 leaf_visit_records=85 branch_visit_children=24 leaf_writes=1 branch_writes=1 leaf_write_records=87 branch_write_children=24 leaf_min=87 leaf_max=87 child_edges_added=24 custody_edges_added=43
LFS_EXTENT_SPLICE v=1 root_height=1 leaf_visits=1 branch_visits=1 leaf_visit_records=87 branch_visit_children=24 leaf_writes=1 branch_writes=1 leaf_write_records=89 branch_write_children=24 leaf_min=89 leaf_max=89 child_edges_added=24 custody_edges_added=44
LFS_EXTENT_SPLICE v=1 root_height=1 leaf_visits=1 branch_visits=1 leaf_visit_records=89 branch_visit_children=24 leaf_writes=1 branch_writes=1 leaf_write_records=91 branch_write_children=24 leaf_min=91 leaf_max=91 child_edges_added=24 custody_edges_added=45
LFS_EXTENT_SPLICE v=1 root_height=1 leaf_visits=1 branch_visits=1 leaf_visit_records=91 branch_visit_children=24 leaf_writes=1 branch_writes=1 leaf_write_records=93 branch_write_children=24 leaf_min=93 leaf_max=93 child_edges_added=24 custody_edges_added=46
LFS_EXTENT_SPLICE v=1 root_height=1 leaf_visits=1 branch_visits=1 leaf_visit_records=93 branch_visit_children=24 leaf_writes=1 branch_writes=1 leaf_write_records=95 branch_write_children=24 leaf_min=95 leaf_max=95 child_edges_added=24 custody_edges_added=47
LFS_EXTENT_SPLICE v=1 root_height=1 leaf_visits=1 branch_visits=1 leaf_visit_records=95 branch_visit_children=24 leaf_writes=1 branch_writes=1 leaf_write_records=97 branch_write_children=24 leaf_min=97 leaf_max=97 child_edges_added=24 custody_edges_added=48
LFS_EXTENT_SPLICE v=1 root_height=1 leaf_visits=1 branch_visits=1 leaf_visit_records=97 branch_visit_children=24 leaf_writes=1 branch_writes=1 leaf_write_records=99 branch_write_children=24 leaf_min=99 leaf_max=99 child_edges_added=24 custody_edges_added=49
LFS_EXTENT_SPLICE v=1 root_height=1 leaf_visits=1 branch_visits=1 leaf_visit_records=99 branch_visit_children=24 leaf_writes=1 branch_writes=1 leaf_write_records=101 branch_write_children=24 leaf_min=101 leaf_max=101 child_edges_added=24 custody_edges_added=50
LFS_EXTENT_SPLICE v=1 root_height=1 leaf_visits=1 branch_visits=1 leaf_visit_records=101 branch_visit_children=24 leaf_writes=1 branch_writes=1 leaf_write_records=103 branch_write_children=24 leaf_min=103 leaf_max=103 child_edges_added=24 custody_edges_added=51
LFS_EXTENT_SPLICE v=1 root_height=1 leaf_visits=1 branch_visits=1 leaf_visit_records=103 branch_visit_children=24 leaf_writes=1 branch_writes=1 leaf_write_records=105 branch_write_children=24 leaf_min=105 leaf_max=105 child_edges_added=24 custody_edges_added=52
LFS_EXTENT_SPLICE v=1 root_height=1 leaf_visits=1 branch_visits=1 leaf_visit_records=105 branch_visit_children=24 leaf_writes=1 branch_writes=1 leaf_write_records=107 branch_write_children=24 leaf_min=107 leaf_max=107 child_edges_added=24 custody_edges_added=53
LFS_EXTENT_SPLICE v=1 root_height=1 leaf_visits=1 branch_visits=1 leaf_visit_records=107 branch_visit_children=24 leaf_writes=1 branch_writes=1 leaf_write_records=109 branch_write_children=24 leaf_min=109 leaf_max=109 child_edges_added=24 custody_edges_added=54
LFS_EXTENT_SPLICE v=1 root_height=1 leaf_visits=1 branch_visits=1 leaf_visit_records=109 branch_visit_children=24 leaf_writes=1 branch_writes=1 leaf_write_records=111 branch_write_children=24 leaf_min=111 leaf_max=111 child_edges_added=24 custody_edges_added=55
LFS_EXTENT_SPLICE v=1 root_height=1 leaf_visits=1 branch_visits=1 leaf_visit_records=111 branch_visit_children=24 leaf_writes=1 branch_writes=1 leaf_write_records=113 branch_write_children=24 leaf_min=113 leaf_max=113 child_edges_added=24 custody_edges_added=56
LFS_EXTENT_SPLICE v=1 root_height=1 leaf_visits=1 branch_visits=1 leaf_visit_records=113 branch_visit_children=24 leaf_writes=1 branch_writes=1 leaf_write_records=115 branch_write_children=24 leaf_min=115 leaf_max=115 child_edges_added=24 custody_edges_added=57
LFS_EXTENT_SPLICE v=1 root_height=1 leaf_visits=1 branch_visits=1 leaf_visit_records=115 branch_visit_children=24 leaf_writes=1 branch_writes=1 leaf_write_records=117 branch_write_children=24 leaf_min=117 leaf_max=117 child_edges_added=24 custody_edges_added=58
LFS_EXTENT_SPLICE v=1 root_height=1 leaf_visits=1 branch_visits=1 leaf_visit_records=117 branch_visit_children=24 leaf_writes=1 branch_writes=1 leaf_write_records=119 branch_write_children=24 leaf_min=119 leaf_max=119 child_edges_added=24 custody_edges_added=59
LFS_EXTENT_SPLICE v=1 root_height=1 leaf_visits=1 branch_visits=1 leaf_visit_records=119 branch_visit_children=24 leaf_writes=1 branch_writes=1 leaf_write_records=121 branch_write_children=24 leaf_min=121 leaf_max=121 child_edges_added=24 custody_edges_added=60
LFS_EXTENT_SPLICE v=1 root_height=1 leaf_visits=1 branch_visits=1 leaf_visit_records=121 branch_visit_children=24 leaf_writes=1 branch_writes=1 leaf_write_records=123 branch_write_children=24 leaf_min=123 leaf_max=123 child_edges_added=24 custody_edges_added=61
LFS_EXTENT_SPLICE v=1 root_height=1 leaf_visits=1 branch_visits=1 leaf_visit_records=123 branch_visit_children=24 leaf_writes=2 branch_writes=1 leaf_write_records=125 branch_write_children=25 leaf_min=62 leaf_max=63 child_edges_added=25 custody_edges_added=62
LFS_EXTENT_SPLICE v=1 root_height=1 leaf_visits=1 branch_visits=1 leaf_visit_records=62 branch_visit_children=25 leaf_writes=1 branch_writes=1 leaf_write_records=64 branch_write_children=25 leaf_min=64 leaf_max=64 child_edges_added=25 custody_edges_added=32
LFS_EXTENT_SPLICE v=1 root_height=1 leaf_visits=1 branch_visits=1 leaf_visit_records=64 branch_visit_children=25 leaf_writes=1 branch_writes=1 leaf_write_records=66 branch_write_children=25 leaf_min=66 leaf_max=66 child_edges_added=25 custody_edges_added=33
LFS_EXTENT_SPLICE v=1 root_height=1 leaf_visits=1 branch_visits=1 leaf_visit_records=66 branch_visit_children=25 leaf_writes=1 branch_writes=1 leaf_write_records=68 branch_write_children=25 leaf_min=68 leaf_max=68 child_edges_added=25 custody_edges_added=34
LFS_EXTENT_SPLICE v=1 root_height=1 leaf_visits=1 branch_visits=1 leaf_visit_records=68 branch_visit_children=25 leaf_writes=1 branch_writes=1 leaf_write_records=70 branch_write_children=25 leaf_min=70 leaf_max=70 child_edges_added=25 custody_edges_added=35
LFS_EXTENT_SPLICE v=1 root_height=1 leaf_visits=1 branch_visits=1 leaf_visit_records=70 branch_visit_children=25 leaf_writes=1 branch_writes=1 leaf_write_records=72 branch_write_children=25 leaf_min=72 leaf_max=72 child_edges_added=25 custody_edges_added=36
LFS_EXTENT_SPLICE v=1 root_height=1 leaf_visits=1 branch_visits=1 leaf_visit_records=72 branch_visit_children=25 leaf_writes=1 branch_writes=1 leaf_write_records=74 branch_write_children=25 leaf_min=74 leaf_max=74 child_edges_added=25 custody_edges_added=37
LFS_EXTENT_SPLICE v=1 root_height=1 leaf_visits=1 branch_visits=1 leaf_visit_records=74 branch_visit_children=25 leaf_writes=1 branch_writes=1 leaf_write_records=76 branch_write_children=25 leaf_min=76 leaf_max=76 child_edges_added=25 custody_edges_added=38
LFS_EXTENT_SPLICE v=1 root_height=1 leaf_visits=1 branch_visits=1 leaf_visit_records=76 branch_visit_children=25 leaf_writes=1 branch_writes=1 leaf_write_records=78 branch_write_children=25 leaf_min=78 leaf_max=78 child_edges_added=25 custody_edges_added=39
LFS_EXTENT_SPLICE v=1 root_height=1 leaf_visits=1 branch_visits=1 leaf_visit_records=78 branch_visit_children=25 leaf_writes=1 branch_writes=1 leaf_write_records=80 branch_write_children=25 leaf_min=80 leaf_max=80 child_edges_added=25 custody_edges_added=40
LFS_EXTENT_SPLICE v=1 root_height=1 leaf_visits=1 branch_visits=1 leaf_visit_records=80 branch_visit_children=25 leaf_writes=1 branch_writes=1 leaf_write_records=82 branch_write_children=25 leaf_min=82 leaf_max=82 child_edges_added=25 custody_edges_added=41
LFS_EXTENT_SPLICE v=1 root_height=1 leaf_visits=1 branch_visits=1 leaf_visit_records=82 branch_visit_children=25 leaf_writes=1 branch_writes=1 leaf_write_records=84 branch_write_children=25 leaf_min=84 leaf_max=84 child_edges_added=25 custody_edges_added=42
LFS_EXTENT_SPLICE v=1 root_height=1 leaf_visits=1 branch_visits=1 leaf_visit_records=84 branch_visit_children=25 leaf_writes=1 branch_writes=1 leaf_write_records=86 branch_write_children=25 leaf_min=86 leaf_max=86 child_edges_added=25 custody_edges_added=43
LFS_EXTENT_SPLICE v=1 root_height=1 leaf_visits=1 branch_visits=1 leaf_visit_records=86 branch_visit_children=25 leaf_writes=1 branch_writes=1 leaf_write_records=88 branch_write_children=25 leaf_min=88 leaf_max=88 child_edges_added=25 custody_edges_added=44
LFS_EXTENT_SPLICE v=1 root_height=1 leaf_visits=1 branch_visits=1 leaf_visit_records=88 branch_visit_children=25 leaf_writes=1 branch_writes=1 leaf_write_records=90 branch_write_children=25 leaf_min=90 leaf_max=90 child_edges_added=25 custody_edges_added=45
LFS_EXTENT_SPLICE v=1 root_height=1 leaf_visits=1 branch_visits=1 leaf_visit_records=90 branch_visit_children=25 leaf_writes=1 branch_writes=1 leaf_write_records=92 branch_write_children=25 leaf_min=92 leaf_max=92 child_edges_added=25 custody_edges_added=46
LFS_EXTENT_SPLICE v=1 root_height=1 leaf_visits=1 branch_visits=1 leaf_visit_records=92 branch_visit_children=25 leaf_writes=1 branch_writes=1 leaf_write_records=94 branch_write_children=25 leaf_min=94 leaf_max=94 child_edges_added=25 custody_edges_added=47
LFS_EXTENT_SPLICE v=1 root_height=1 leaf_visits=1 branch_visits=1 leaf_visit_records=94 branch_visit_children=25 leaf_writes=1 branch_writes=1 leaf_write_records=96 branch_write_children=25 leaf_min=96 leaf_max=96 child_edges_added=25 custody_edges_added=48
LFS_EXTENT_SPLICE v=1 root_height=1 leaf_visits=1 branch_visits=1 leaf_visit_records=96 branch_visit_children=25 leaf_writes=1 branch_writes=1 leaf_write_records=98 branch_write_children=25 leaf_min=98 leaf_max=98 child_edges_added=25 custody_edges_added=49
LFS_EXTENT_SPLICE v=1 root_height=1 leaf_visits=1 branch_visits=1 leaf_visit_records=98 branch_visit_children=25 leaf_writes=1 branch_writes=1 leaf_write_records=100 branch_write_children=25 leaf_min=100 leaf_max=100 child_edges_added=25 custody_edges_added=50
LFS_EXTENT_SPLICE v=1 root_height=1 leaf_visits=1 branch_visits=1 leaf_visit_records=100 branch_visit_children=25 leaf_writes=1 branch_writes=1 leaf_write_records=102 branch_write_children=25 leaf_min=102 leaf_max=102 child_edges_added=25 custody_edges_added=51
LFS_EXTENT_SPLICE v=1 root_height=1 leaf_visits=1 branch_visits=1 leaf_visit_records=102 branch_visit_children=25 leaf_writes=1 branch_writes=1 leaf_write_records=104 branch_write_children=25 leaf_min=104 leaf_max=104 child_edges_added=25 custody_edges_added=52
LFS_EXTENT_SPLICE v=1 root_height=1 leaf_visits=1 branch_visits=1 leaf_visit_records=104 branch_visit_children=25 leaf_writes=1 branch_writes=1 leaf_write_records=106 branch_write_children=25 leaf_min=106 leaf_max=106 child_edges_added=25 custody_edges_added=53
LFS_EXTENT_SPLICE v=1 root_height=1 leaf_visits=1 branch_visits=1 leaf_visit_records=106 branch_visit_children=25 leaf_writes=1 branch_writes=1 leaf_write_records=108 branch_write_children=25 leaf_min=108 leaf_max=108 child_edges_added=25 custody_edges_added=54
LFS_EXTENT_SPLICE v=1 root_height=1 leaf_visits=1 branch_visits=1 leaf_visit_records=108 branch_visit_children=25 leaf_writes=1 branch_writes=1 leaf_write_records=110 branch_write_children=25 leaf_min=110 leaf_max=110 child_edges_added=25 custody_edges_added=55
LFS_EXTENT_SPLICE v=1 root_height=1 leaf_visits=1 branch_visits=1 leaf_visit_records=110 branch_visit_children=25 leaf_writes=1 branch_writes=1 leaf_write_records=112 branch_write_children=25 leaf_min=112 leaf_max=112 child_edges_added=25 custody_edges_added=56
LFS_EXTENT_SPLICE v=1 root_height=1 leaf_visits=1 branch_visits=1 leaf_visit_records=112 branch_visit_children=25 leaf_writes=1 branch_writes=1 leaf_write_records=114 branch_write_children=25 leaf_min=114 leaf_max=114 child_edges_added=25 custody_edges_added=57
LFS_EXTENT_SPLICE v=1 root_height=1 leaf_visits=1 branch_visits=1 leaf_visit_records=114 branch_visit_children=25 leaf_writes=1 branch_writes=1 leaf_write_records=116 branch_write_children=25 leaf_min=116 leaf_max=116 child_edges_added=25 custody_edges_added=58
LFS_EXTENT_SPLICE v=1 root_height=1 leaf_visits=1 branch_visits=1 leaf_visit_records=116 branch_visit_children=25 leaf_writes=1 branch_writes=1 leaf_write_records=118 branch_write_children=25 leaf_min=118 leaf_max=118 child_edges_added=25 custody_edges_added=59
LFS_EXTENT_SPLICE v=1 root_height=1 leaf_visits=1 branch_visits=1 leaf_visit_records=118 branch_visit_children=25 leaf_writes=1 branch_writes=1 leaf_write_records=120 branch_write_children=25 leaf_min=120 leaf_max=120 child_edges_added=25 custody_edges_added=60
LFS_EXTENT_SPLICE v=1 root_height=1 leaf_visits=1 branch_visits=1 leaf_visit_records=120 branch_visit_children=25 leaf_writes=1 branch_writes=1 leaf_write_records=122 branch_write_children=25 leaf_min=122 leaf_max=122 child_edges_added=25 custody_edges_added=61
LFS_EXTENT_SPLICE v=1 root_height=1 leaf_visits=1 branch_visits=1 leaf_visit_records=122 branch_visit_children=25 leaf_writes=1 branch_writes=1 leaf_write_records=124 branch_write_children=25 leaf_min=124 leaf_max=124 child_edges_added=25 custody_edges_added=62
LFS_EXTENT_SPLICE v=1 root_height=1 leaf_visits=1 branch_visits=1 leaf_visit_records=124 branch_visit_children=25 leaf_writes=2 branch_writes=1 leaf_write_records=126 branch_write_children=26 leaf_min=63 leaf_max=63 child_edges_added=26 custody_edges_added=63
LFS_EXTENT_SPLICE v=1 root_height=1 leaf_visits=1 branch_visits=1 leaf_visit_records=63 branch_visit_children=26 leaf_writes=1 branch_writes=1 leaf_write_records=65 branch_write_children=26 leaf_min=65 leaf_max=65 child_edges_added=26 custody_edges_added=32
LFS_EXTENT_SPLICE v=1 root_height=1 leaf_visits=1 branch_visits=1 leaf_visit_records=65 branch_visit_children=26 leaf_writes=1 branch_writes=1 leaf_write_records=67 branch_write_children=26 leaf_min=67 leaf_max=67 child_edges_added=26 custody_edges_added=33
LFS_EXTENT_SPLICE v=1 root_height=1 leaf_visits=1 branch_visits=1 leaf_visit_records=67 branch_visit_children=26 leaf_writes=1 branch_writes=1 leaf_write_records=69 branch_write_children=26 leaf_min=69 leaf_max=69 child_edges_added=26 custody_edges_added=34
LFS_EXTENT_SPLICE v=1 root_height=1 leaf_visits=1 branch_visits=1 leaf_visit_records=69 branch_visit_children=26 leaf_writes=1 branch_writes=1 leaf_write_records=71 branch_write_children=26 leaf_min=71 leaf_max=71 child_edges_added=26 custody_edges_added=35
LFS_EXTENT_SPLICE v=1 root_height=1 leaf_visits=1 branch_visits=1 leaf_visit_records=71 branch_visit_children=26 leaf_writes=1 branch_writes=1 leaf_write_records=73 branch_write_children=26 leaf_min=73 leaf_max=73 child_edges_added=26 custody_edges_added=36
LFS_EXTENT_SPLICE v=1 root_height=1 leaf_visits=1 branch_visits=1 leaf_visit_records=73 branch_visit_children=26 leaf_writes=1 branch_writes=1 leaf_write_records=75 branch_write_children=26 leaf_min=75 leaf_max=75 child_edges_added=26 custody_edges_added=37
LFS_EXTENT_SPLICE v=1 root_height=1 leaf_visits=1 branch_visits=1 leaf_visit_records=75 branch_visit_children=26 leaf_writes=1 branch_writes=1 leaf_write_records=77 branch_write_children=26 leaf_min=77 leaf_max=77 child_edges_added=26 custody_edges_added=38
LFS_EXTENT_SPLICE v=1 root_height=1 leaf_visits=1 branch_visits=1 leaf_visit_records=77 branch_visit_children=26 leaf_writes=1 branch_writes=1 leaf_write_records=79 branch_write_children=26 leaf_min=79 leaf_max=79 child_edges_added=26 custody_edges_added=39
LFS_EXTENT_SPLICE v=1 root_height=1 leaf_visits=1 branch_visits=1 leaf_visit_records=79 branch_visit_children=26 leaf_writes=1 branch_writes=1 leaf_write_records=81 branch_write_children=26 leaf_min=81 leaf_max=81 child_edges_added=26 custody_edges_added=40
LFS_EXTENT_SPLICE v=1 root_height=1 leaf_visits=1 branch_visits=1 leaf_visit_records=81 branch_visit_children=26 leaf_writes=1 branch_writes=1 leaf_write_records=83 branch_write_children=26 leaf_min=83 leaf_max=83 child_edges_added=26 custody_edges_added=41
LFS_EXTENT_SPLICE v=1 root_height=1 leaf_visits=1 branch_visits=1 leaf_visit_records=83 branch_visit_children=26 leaf_writes=1 branch_writes=1 leaf_write_records=85 branch_write_children=26 leaf_min=85 leaf_max=85 child_edges_added=26 custody_edges_added=42
LFS_EXTENT_SPLICE v=1 root_height=1 leaf_visits=1 branch_visits=1 leaf_visit_records=85 branch_visit_children=26 leaf_writes=1 branch_writes=1 leaf_write_records=87 branch_write_children=26 leaf_min=87 leaf_max=87 child_edges_added=26 custody_edges_added=43
LFS_EXTENT_SPLICE v=1 root_height=1 leaf_visits=1 branch_visits=1 leaf_visit_records=87 branch_visit_children=26 leaf_writes=1 branch_writes=1 leaf_write_records=89 branch_write_children=26 leaf_min=89 leaf_max=89 child_edges_added=26 custody_edges_added=44
LFS_EXTENT_SPLICE v=1 root_height=1 leaf_visits=1 branch_visits=1 leaf_visit_records=89 branch_visit_children=26 leaf_writes=1 branch_writes=1 leaf_write_records=91 branch_write_children=26 leaf_min=91 leaf_max=91 child_edges_added=26 custody_edges_added=45
LFS_EXTENT_SPLICE v=1 root_height=1 leaf_visits=1 branch_visits=1 leaf_visit_records=91 branch_visit_children=26 leaf_writes=1 branch_writes=1 leaf_write_records=93 branch_write_children=26 leaf_min=93 leaf_max=93 child_edges_added=26 custody_edges_added=46
LFS_EXTENT_SPLICE v=1 root_height=1 leaf_visits=1 branch_visits=1 leaf_visit_records=93 branch_visit_children=26 leaf_writes=1 branch_writes=1 leaf_write_records=95 branch_write_children=26 leaf_min=95 leaf_max=95 child_edges_added=26 custody_edges_added=47
LFS_EXTENT_SPLICE v=1 root_height=1 leaf_visits=1 branch_visits=1 leaf_visit_records=95 branch_visit_children=26 leaf_writes=1 branch_writes=1 leaf_write_records=97 branch_write_children=26 leaf_min=97 leaf_max=97 child_edges_added=26 custody_edges_added=48
LFS_EXTENT_SPLICE v=1 root_height=1 leaf_visits=1 branch_visits=1 leaf_visit_records=97 branch_visit_children=26 leaf_writes=1 branch_writes=1 leaf_write_records=99 branch_write_children=26 leaf_min=99 leaf_max=99 child_edges_added=26 custody_edges_added=49
LFS_EXTENT_SPLICE v=1 root_height=1 leaf_visits=1 branch_visits=1 leaf_visit_records=99 branch_visit_children=26 leaf_writes=1 branch_writes=1 leaf_write_records=101 branch_write_children=26 leaf_min=101 leaf_max=101 child_edges_added=26 custody_edges_added=50
LFS_EXTENT_SPLICE v=1 root_height=1 leaf_visits=1 branch_visits=1 leaf_visit_records=101 branch_visit_children=26 leaf_writes=1 branch_writes=1 leaf_write_records=103 branch_write_children=26 leaf_min=103 leaf_max=103 child_edges_added=26 custody_edges_added=51
LFS_EXTENT_SPLICE v=1 root_height=1 leaf_visits=1 branch_visits=1 leaf_visit_records=103 branch_visit_children=26 leaf_writes=1 branch_writes=1 leaf_write_records=105 branch_write_children=26 leaf_min=105 leaf_max=105 child_edges_added=26 custody_edges_added=52
LFS_EXTENT_SPLICE v=1 root_height=1 leaf_visits=1 branch_visits=1 leaf_visit_records=105 branch_visit_children=26 leaf_writes=1 branch_writes=1 leaf_write_records=107 branch_write_children=26 leaf_min=107 leaf_max=107 child_edges_added=26 custody_edges_added=53
LFS_EXTENT_SPLICE v=1 root_height=1 leaf_visits=1 branch_visits=1 leaf_visit_records=107 branch_visit_children=26 leaf_writes=1 branch_writes=1 leaf_write_records=109 branch_write_children=26 leaf_min=109 leaf_max=109 child_edges_added=26 custody_edges_added=54
LFS_EXTENT_SPLICE v=1 root_height=1 leaf_visits=1 branch_visits=1 leaf_visit_records=109 branch_visit_children=26 leaf_writes=1 branch_writes=1 leaf_write_records=111 branch_write_children=26 leaf_min=111 leaf_max=111 child_edges_added=26 custody_edges_added=55
LFS_EXTENT_SPLICE v=1 root_height=1 leaf_visits=1 branch_visits=1 leaf_visit_records=111 branch_visit_children=26 leaf_writes=1 branch_writes=1 leaf_write_records=113 branch_write_children=26 leaf_min=113 leaf_max=113 child_edges_added=26 custody_edges_added=56
LFS_EXTENT_SPLICE v=1 root_height=1 leaf_visits=1 branch_visits=1 leaf_visit_records=113 branch_visit_children=26 leaf_writes=1 branch_writes=1 leaf_write_records=115 branch_write_children=26 leaf_min=115 leaf_max=115 child_edges_added=26 custody_edges_added=57
LFS_EXTENT_SPLICE v=1 root_height=1 leaf_visits=1 branch_visits=1 leaf_visit_records=115 branch_visit_children=26 leaf_writes=1 branch_writes=1 leaf_write_records=117 branch_write_children=26 leaf_min=117 leaf_max=117 child_edges_added=26 custody_edges_added=58
LFS_EXTENT_SPLICE v=1 root_height=1 leaf_visits=1 branch_visits=1 leaf_visit_records=117 branch_visit_children=26 leaf_writes=1 branch_writes=1 leaf_write_records=119 branch_write_children=26 leaf_min=119 leaf_max=119 child_edges_added=26 custody_edges_added=59
LFS_EXTENT_SPLICE v=1 root_height=1 leaf_visits=1 branch_visits=1 leaf_visit_records=119 branch_visit_children=26 leaf_writes=1 branch_writes=1 leaf_write_records=121 branch_write_children=26 leaf_min=121 leaf_max=121 child_edges_added=26 custody_edges_added=60
LFS_EXTENT_SPLICE v=1 root_height=1 leaf_visits=1 branch_visits=1 leaf_visit_records=121 branch_visit_children=26 leaf_writes=1 branch_writes=1 leaf_write_records=123 branch_write_children=26 leaf_min=123 leaf_max=123 child_edges_added=26 custody_edges_added=61
LFS_EXTENT_SPLICE v=1 root_height=1 leaf_visits=1 branch_visits=1 leaf_visit_records=123 branch_visit_children=26 leaf_writes=2 branch_writes=1 leaf_write_records=125 branch_write_children=27 leaf_min=62 leaf_max=63 child_edges_added=27 custody_edges_added=62
LFS_EXTENT_SPLICE v=1 root_height=1 leaf_visits=1 branch_visits=1 leaf_visit_records=62 branch_visit_children=27 leaf_writes=1 branch_writes=1 leaf_write_records=64 branch_write_children=27 leaf_min=64 leaf_max=64 child_edges_added=27 custody_edges_added=32
LFS_EXTENT_SPLICE v=1 root_height=1 leaf_visits=1 branch_visits=1 leaf_visit_records=64 branch_visit_children=27 leaf_writes=1 branch_writes=1 leaf_write_records=66 branch_write_children=27 leaf_min=66 leaf_max=66 child_edges_added=27 custody_edges_added=33
LFS_EXTENT_SPLICE v=1 root_height=1 leaf_visits=1 branch_visits=1 leaf_visit_records=66 branch_visit_children=27 leaf_writes=1 branch_writes=1 leaf_write_records=68 branch_write_children=27 leaf_min=68 leaf_max=68 child_edges_added=27 custody_edges_added=34
LFS_EXTENT_SPLICE v=1 root_height=1 leaf_visits=1 branch_visits=1 leaf_visit_records=68 branch_visit_children=27 leaf_writes=1 branch_writes=1 leaf_write_records=70 branch_write_children=27 leaf_min=70 leaf_max=70 child_edges_added=27 custody_edges_added=35
LFS_EXTENT_SPLICE v=1 root_height=1 leaf_visits=1 branch_visits=1 leaf_visit_records=70 branch_visit_children=27 leaf_writes=1 branch_writes=1 leaf_write_records=72 branch_write_children=27 leaf_min=72 leaf_max=72 child_edges_added=27 custody_edges_added=36
LFS_EXTENT_SPLICE v=1 root_height=1 leaf_visits=1 branch_visits=1 leaf_visit_records=72 branch_visit_children=27 leaf_writes=1 branch_writes=1 leaf_write_records=74 branch_write_children=27 leaf_min=74 leaf_max=74 child_edges_added=27 custody_edges_added=37
LFS_EXTENT_SPLICE v=1 root_height=1 leaf_visits=1 branch_visits=1 leaf_visit_records=74 branch_visit_children=27 leaf_writes=1 branch_writes=1 leaf_write_records=76 branch_write_children=27 leaf_min=76 leaf_max=76 child_edges_added=27 custody_edges_added=38
LFS_EXTENT_SPLICE v=1 root_height=1 leaf_visits=1 branch_visits=1 leaf_visit_records=76 branch_visit_children=27 leaf_writes=1 branch_writes=1 leaf_write_records=78 branch_write_children=27 leaf_min=78 leaf_max=78 child_edges_added=27 custody_edges_added=39
LFS_EXTENT_SPLICE v=1 root_height=1 leaf_visits=1 branch_visits=1 leaf_visit_records=78 branch_visit_children=27 leaf_writes=1 branch_writes=1 leaf_write_records=80 branch_write_children=27 leaf_min=80 leaf_max=80 child_edges_added=27 custody_edges_added=40
LFS_EXTENT_SPLICE v=1 root_height=1 leaf_visits=1 branch_visits=1 leaf_visit_records=80 branch_visit_children=27 leaf_writes=1 branch_writes=1 leaf_write_records=82 branch_write_children=27 leaf_min=82 leaf_max=82 child_edges_added=27 custody_edges_added=41
LFT1 {"v":1,"namespace":13710895918682022928,"run":"0388b7df3c6bbe5fc5bf9044daa9cf3f","pid":1,"role":2,"kind":"resource","scope":"process-shared","clock":"local-monitor","at_ns":5022252126,"incarnation":8311343,"user_ns":1610000000,"source":"procfs+sysconf","probe_ns":12042,"selected":3,"system_ns":740000000,"rss":40869888}
LFS_EXTENT_SPLICE v=1 root_height=1 leaf_visits=1 branch_visits=1 leaf_visit_records=82 branch_visit_children=27 leaf_writes=1 branch_writes=1 leaf_write_records=84 branch_write_children=27 leaf_min=84 leaf_max=84 child_edges_added=27 custody_edges_added=42
LFS_EXTENT_SPLICE v=1 root_height=1 leaf_visits=1 branch_visits=1 leaf_visit_records=84 branch_visit_children=27 leaf_writes=1 branch_writes=1 leaf_write_records=86 branch_write_children=27 leaf_min=86 leaf_max=86 child_edges_added=27 custody_edges_added=43
LFS_EXTENT_SPLICE v=1 root_height=1 leaf_visits=1 branch_visits=1 leaf_visit_records=86 branch_visit_children=27 leaf_writes=1 branch_writes=1 leaf_write_records=88 branch_write_children=27 leaf_min=88 leaf_max=88 child_edges_added=27 custody_edges_added=44
LFS_EXTENT_SPLICE v=1 root_height=1 leaf_visits=1 branch_visits=1 leaf_visit_records=88 branch_visit_children=27 leaf_writes=1 branch_writes=1 leaf_write_records=90 branch_write_children=27 leaf_min=90 leaf_max=90 child_edges_added=27 custody_edges_added=45
LFS_EXTENT_SPLICE v=1 root_height=1 leaf_visits=1 branch_visits=1 leaf_visit_records=90 branch_visit_children=27 leaf_writes=1 branch_writes=1 leaf_write_records=92 branch_write_children=27 leaf_min=92 leaf_max=92 child_edges_added=27 custody_edges_added=46
LFS_EXTENT_SPLICE v=1 root_height=1 leaf_visits=1 branch_visits=1 leaf_visit_records=92 branch_visit_children=27 leaf_writes=1 branch_writes=1 leaf_write_records=94 branch_write_children=27 leaf_min=94 leaf_max=94 child_edges_added=27 custody_edges_added=47
LFS_EXTENT_SPLICE v=1 root_height=1 leaf_visits=1 branch_visits=1 leaf_visit_records=94 branch_visit_children=27 leaf_writes=1 branch_writes=1 leaf_write_records=96 branch_write_children=27 leaf_min=96 leaf_max=96 child_edges_added=27 custody_edges_added=48
LFS_EXTENT_SPLICE v=1 root_height=1 leaf_visits=1 branch_visits=1 leaf_visit_records=96 branch_visit_children=27 leaf_writes=1 branch_writes=1 leaf_write_records=98 branch_write_children=27 leaf_min=98 leaf_max=98 child_edges_added=27 custody_edges_added=49
LFS_EXTENT_SPLICE v=1 root_height=1 leaf_visits=1 branch_visits=1 leaf_visit_records=98 branch_visit_children=27 leaf_writes=1 branch_writes=1 leaf_write_records=100 branch_write_children=27 leaf_min=100 leaf_max=100 child_edges_added=27 custody_edges_added=50
LFS_EXTENT_SPLICE v=1 root_height=1 leaf_visits=1 branch_visits=1 leaf_visit_records=100 branch_visit_children=27 leaf_writes=1 branch_writes=1 leaf_write_records=102 branch_write_children=27 leaf_min=102 leaf_max=102 child_edges_added=27 custody_edges_added=51
LFS_EXTENT_SPLICE v=1 root_height=1 leaf_visits=1 branch_visits=1 leaf_visit_records=102 branch_visit_children=27 leaf_writes=1 branch_writes=1 leaf_write_records=104 branch_write_children=27 leaf_min=104 leaf_max=104 child_edges_added=27 custody_edges_added=52
LFS_EXTENT_SPLICE v=1 root_height=1 leaf_visits=1 branch_visits=1 leaf_visit_records=104 branch_visit_children=27 leaf_writes=1 branch_writes=1 leaf_write_records=106 branch_write_children=27 leaf_min=106 leaf_max=106 child_edges_added=27 custody_edges_added=53
LFS_EXTENT_SPLICE v=1 root_height=1 leaf_visits=1 branch_visits=1 leaf_visit_records=106 branch_visit_children=27 leaf_writes=1 branch_writes=1 leaf_write_records=108 branch_write_children=27 leaf_min=108 leaf_max=108 child_edges_added=27 custody_edges_added=54
LFS_EXTENT_SPLICE v=1 root_height=1 leaf_visits=1 branch_visits=1 leaf_visit_records=108 branch_visit_children=27 leaf_writes=1 branch_writes=1 leaf_write_records=110 branch_write_children=27 leaf_min=110 leaf_max=110 child_edges_added=27 custody_edges_added=55
LFS_EXTENT_SPLICE v=1 root_height=1 leaf_visits=1 branch_visits=1 leaf_visit_records=110 branch_visit_children=27 leaf_writes=1 branch_writes=1 leaf_write_records=112 branch_write_children=27 leaf_min=112 leaf_max=112 child_edges_added=27 custody_edges_added=56
LFS_EXTENT_SPLICE v=1 root_height=1 leaf_visits=1 branch_visits=1 leaf_visit_records=112 branch_visit_children=27 leaf_writes=1 branch_writes=1 leaf_write_records=114 branch_write_children=27 leaf_min=114 leaf_max=114 child_edges_added=27 custody_edges_added=57
LFS_EXTENT_SPLICE v=1 root_height=1 leaf_visits=1 branch_visits=1 leaf_visit_records=114 branch_visit_children=27 leaf_writes=1 branch_writes=1 leaf_write_records=116 branch_write_children=27 leaf_min=116 leaf_max=116 child_edges_added=27 custody_edges_added=58
LFS_EXTENT_SPLICE v=1 root_height=1 leaf_visits=1 branch_visits=1 leaf_visit_records=116 branch_visit_children=27 leaf_writes=1 branch_writes=1 leaf_write_records=118 branch_write_children=27 leaf_min=118 leaf_max=118 child_edges_added=27 custody_edges_added=59
LFS_EXTENT_SPLICE v=1 root_height=1 leaf_visits=1 branch_visits=1 leaf_visit_records=118 branch_visit_children=27 leaf_writes=1 branch_writes=1 leaf_write_records=120 branch_write_children=27 leaf_min=120 leaf_max=120 child_edges_added=27 custody_edges_added=60
LFS_EXTENT_SPLICE v=1 root_height=1 leaf_visits=1 branch_visits=1 leaf_visit_records=120 branch_visit_children=27 leaf_writes=1 branch_writes=1 leaf_write_records=122 branch_write_children=27 leaf_min=122 leaf_max=122 child_edges_added=27 custody_edges_added=61
LFS_EXTENT_SPLICE v=1 root_height=1 leaf_visits=1 branch_visits=1 leaf_visit_records=122 branch_visit_children=27 leaf_writes=1 branch_writes=1 leaf_write_records=124 branch_write_children=27 leaf_min=124 leaf_max=124 child_edges_added=27 custody_edges_added=62
LFS_EXTENT_SPLICE v=1 root_height=1 leaf_visits=1 branch_visits=1 leaf_visit_records=124 branch_visit_children=27 leaf_writes=2 branch_writes=1 leaf_write_records=126 branch_write_children=28 leaf_min=63 leaf_max=63 child_edges_added=28 custody_edges_added=63
LFS_EXTENT_SPLICE v=1 root_height=1 leaf_visits=1 branch_visits=1 leaf_visit_records=63 branch_visit_children=28 leaf_writes=1 branch_writes=1 leaf_write_records=65 branch_write_children=28 leaf_min=65 leaf_max=65 child_edges_added=28 custody_edges_added=32
LFS_EXTENT_SPLICE v=1 root_height=1 leaf_visits=1 branch_visits=1 leaf_visit_records=65 branch_visit_children=28 leaf_writes=1 branch_writes=1 leaf_write_records=67 branch_write_children=28 leaf_min=67 leaf_max=67 child_edges_added=28 custody_edges_added=33
LFS_EXTENT_SPLICE v=1 root_height=1 leaf_visits=1 branch_visits=1 leaf_visit_records=67 branch_visit_children=28 leaf_writes=1 branch_writes=1 leaf_write_records=69 branch_write_children=28 leaf_min=69 leaf_max=69 child_edges_added=28 custody_edges_added=34
LFS_EXTENT_SPLICE v=1 root_height=1 leaf_visits=1 branch_visits=1 leaf_visit_records=69 branch_visit_children=28 leaf_writes=1 branch_writes=1 leaf_write_records=71 branch_write_children=28 leaf_min=71 leaf_max=71 child_edges_added=28 custody_edges_added=35
LFS_EXTENT_SPLICE v=1 root_height=1 leaf_visits=1 branch_visits=1 leaf_visit_records=71 branch_visit_children=28 leaf_writes=1 branch_writes=1 leaf_write_records=73 branch_write_children=28 leaf_min=73 leaf_max=73 child_edges_added=28 custody_edges_added=36
LFS_EXTENT_SPLICE v=1 root_height=1 leaf_visits=1 branch_visits=1 leaf_visit_records=73 branch_visit_children=28 leaf_writes=1 branch_writes=1 leaf_write_records=75 branch_write_children=28 leaf_min=75 leaf_max=75 child_edges_added=28 custody_edges_added=37
LFS_EXTENT_SPLICE v=1 root_height=1 leaf_visits=1 branch_visits=1 leaf_visit_records=75 branch_visit_children=28 leaf_writes=1 branch_writes=1 leaf_write_records=77 branch_write_children=28 leaf_min=77 leaf_max=77 child_edges_added=28 custody_edges_added=38
LFS_EXTENT_SPLICE v=1 root_height=1 leaf_visits=1 branch_visits=1 leaf_visit_records=77 branch_visit_children=28 leaf_writes=1 branch_writes=1 leaf_write_records=79 branch_write_children=28 leaf_min=79 leaf_max=79 child_edges_added=28 custody_edges_added=39
LFS_EXTENT_SPLICE v=1 root_height=1 leaf_visits=1 branch_visits=1 leaf_visit_records=79 branch_visit_children=28 leaf_writes=1 branch_writes=1 leaf_write_records=81 branch_write_children=28 leaf_min=81 leaf_max=81 child_edges_added=28 custody_edges_added=40
LFS_EXTENT_SPLICE v=1 root_height=1 leaf_visits=1 branch_visits=1 leaf_visit_records=81 branch_visit_children=28 leaf_writes=1 branch_writes=1 leaf_write_records=83 branch_write_children=28 leaf_min=83 leaf_max=83 child_edges_added=28 custody_edges_added=41
LFS_EXTENT_SPLICE v=1 root_height=1 leaf_visits=1 branch_visits=1 leaf_visit_records=83 branch_visit_children=28 leaf_writes=1 branch_writes=1 leaf_write_records=85 branch_write_children=28 leaf_min=85 leaf_max=85 child_edges_added=28 custody_edges_added=42
LFS_EXTENT_SPLICE v=1 root_height=1 leaf_visits=1 branch_visits=1 leaf_visit_records=85 branch_visit_children=28 leaf_writes=1 branch_writes=1 leaf_write_records=87 branch_write_children=28 leaf_min=87 leaf_max=87 child_edges_added=28 custody_edges_added=43
LFS_EXTENT_SPLICE v=1 root_height=1 leaf_visits=1 branch_visits=1 leaf_visit_records=87 branch_visit_children=28 leaf_writes=1 branch_writes=1 leaf_write_records=89 branch_write_children=28 leaf_min=89 leaf_max=89 child_edges_added=28 custody_edges_added=44
LFS_EXTENT_SPLICE v=1 root_height=1 leaf_visits=1 branch_visits=1 leaf_visit_records=89 branch_visit_children=28 leaf_writes=1 branch_writes=1 leaf_write_records=91 branch_write_children=28 leaf_min=91 leaf_max=91 child_edges_added=28 custody_edges_added=45
LFS_EXTENT_SPLICE v=1 root_height=1 leaf_visits=1 branch_visits=1 leaf_visit_records=91 branch_visit_children=28 leaf_writes=1 branch_writes=1 leaf_write_records=93 branch_write_children=28 leaf_min=93 leaf_max=93 child_edges_added=28 custody_edges_added=46
LFS_EXTENT_SPLICE v=1 root_height=1 leaf_visits=1 branch_visits=1 leaf_visit_records=93 branch_visit_children=28 leaf_writes=1 branch_writes=1 leaf_write_records=95 branch_write_children=28 leaf_min=95 leaf_max=95 child_edges_added=28 custody_edges_added=47
LFS_EXTENT_SPLICE v=1 root_height=1 leaf_visits=1 branch_visits=1 leaf_visit_records=95 branch_visit_children=28 leaf_writes=1 branch_writes=1 leaf_write_records=97 branch_write_children=28 leaf_min=97 leaf_max=97 child_edges_added=28 custody_edges_added=48
LFS_EXTENT_SPLICE v=1 root_height=1 leaf_visits=1 branch_visits=1 leaf_visit_records=97 branch_visit_children=28 leaf_writes=1 branch_writes=1 leaf_write_records=99 branch_write_children=28 leaf_min=99 leaf_max=99 child_edges_added=28 custody_edges_added=49
LFS_EXTENT_SPLICE v=1 root_height=1 leaf_visits=1 branch_visits=1 leaf_visit_records=99 branch_visit_children=28 leaf_writes=1 branch_writes=1 leaf_write_records=101 branch_write_children=28 leaf_min=101 leaf_max=101 child_edges_added=28 custody_edges_added=50
LFS_EXTENT_SPLICE v=1 root_height=1 leaf_visits=1 branch_visits=1 leaf_visit_records=101 branch_visit_children=28 leaf_writes=1 branch_writes=1 leaf_write_records=103 branch_write_children=28 leaf_min=103 leaf_max=103 child_edges_added=28 custody_edges_added=51
LFS_EXTENT_SPLICE v=1 root_height=1 leaf_visits=1 branch_visits=1 leaf_visit_records=103 branch_visit_children=28 leaf_writes=1 branch_writes=1 leaf_write_records=105 branch_write_children=28 leaf_min=105 leaf_max=105 child_edges_added=28 custody_edges_added=52
LFS_EXTENT_SPLICE v=1 root_height=1 leaf_visits=1 branch_visits=1 leaf_visit_records=105 branch_visit_children=28 leaf_writes=1 branch_writes=1 leaf_write_records=107 branch_write_children=28 leaf_min=107 leaf_max=107 child_edges_added=28 custody_edges_added=53
LFS_EXTENT_SPLICE v=1 root_height=1 leaf_visits=1 branch_visits=1 leaf_visit_records=107 branch_visit_children=28 leaf_writes=1 branch_writes=1 leaf_write_records=109 branch_write_children=28 leaf_min=109 leaf_max=109 child_edges_added=28 custody_edges_added=54
LFS_EXTENT_SPLICE v=1 root_height=1 leaf_visits=1 branch_visits=1 leaf_visit_records=109 branch_visit_children=28 leaf_writes=1 branch_writes=1 leaf_write_records=111 branch_write_children=28 leaf_min=111 leaf_max=111 child_edges_added=28 custody_edges_added=55
LFS_EXTENT_SPLICE v=1 root_height=1 leaf_visits=1 branch_visits=1 leaf_visit_records=111 branch_visit_children=28 leaf_writes=1 branch_writes=1 leaf_write_records=113 branch_write_children=28 leaf_min=113 leaf_max=113 child_edges_added=28 custody_edges_added=56
LFS_EXTENT_SPLICE v=1 root_height=1 leaf_visits=1 branch_visits=1 leaf_visit_records=113 branch_visit_children=28 leaf_writes=1 branch_writes=1 leaf_write_records=115 branch_write_children=28 leaf_min=115 leaf_max=115 child_edges_added=28 custody_edges_added=57
LFS_EXTENT_SPLICE v=1 root_height=1 leaf_visits=1 branch_visits=1 leaf_visit_records=115 branch_visit_children=28 leaf_writes=1 branch_writes=1 leaf_write_records=117 branch_write_children=28 leaf_min=117 leaf_max=117 child_edges_added=28 custody_edges_added=58
LFS_EXTENT_SPLICE v=1 root_height=1 leaf_visits=1 branch_visits=1 leaf_visit_records=117 branch_visit_children=28 leaf_writes=1 branch_writes=1 leaf_write_records=119 branch_write_children=28 leaf_min=119 leaf_max=119 child_edges_added=28 custody_edges_added=59
LFS_EXTENT_SPLICE v=1 root_height=1 leaf_visits=1 branch_visits=1 leaf_visit_records=119 branch_visit_children=28 leaf_writes=1 branch_writes=1 leaf_write_records=121 branch_write_children=28 leaf_min=121 leaf_max=121 child_edges_added=28 custody_edges_added=60
LFS_EXTENT_SPLICE v=1 root_height=1 leaf_visits=1 branch_visits=1 leaf_visit_records=121 branch_visit_children=28 leaf_writes=1 branch_writes=1 leaf_write_records=123 branch_write_children=28 leaf_min=123 leaf_max=123 child_edges_added=28 custody_edges_added=61
LFS_EXTENT_SPLICE v=1 root_height=1 leaf_visits=1 branch_visits=1 leaf_visit_records=123 branch_visit_children=28 leaf_writes=2 branch_writes=1 leaf_write_records=125 branch_write_children=29 leaf_min=62 leaf_max=63 child_edges_added=29 custody_edges_added=62
LFS_EXTENT_SPLICE v=1 root_height=1 leaf_visits=1 branch_visits=1 leaf_visit_records=62 branch_visit_children=29 leaf_writes=1 branch_writes=1 leaf_write_records=64 branch_write_children=29 leaf_min=64 leaf_max=64 child_edges_added=29 custody_edges_added=32
LFS_EXTENT_SPLICE v=1 root_height=1 leaf_visits=1 branch_visits=1 leaf_visit_records=64 branch_visit_children=29 leaf_writes=1 branch_writes=1 leaf_write_records=66 branch_write_children=29 leaf_min=66 leaf_max=66 child_edges_added=29 custody_edges_added=33
LFS_EXTENT_SPLICE v=1 root_height=1 leaf_visits=1 branch_visits=1 leaf_visit_records=66 branch_visit_children=29 leaf_writes=1 branch_writes=1 leaf_write_records=68 branch_write_children=29 leaf_min=68 leaf_max=68 child_edges_added=29 custody_edges_added=34
LFS_EXTENT_SPLICE v=1 root_height=1 leaf_visits=1 branch_visits=1 leaf_visit_records=68 branch_visit_children=29 leaf_writes=1 branch_writes=1 leaf_write_records=70 branch_write_children=29 leaf_min=70 leaf_max=70 child_edges_added=29 custody_edges_added=35
LFS_EXTENT_SPLICE v=1 root_height=1 leaf_visits=1 branch_visits=1 leaf_visit_records=70 branch_visit_children=29 leaf_writes=1 branch_writes=1 leaf_write_records=72 branch_write_children=29 leaf_min=72 leaf_max=72 child_edges_added=29 custody_edges_added=36
LFS_EXTENT_SPLICE v=1 root_height=1 leaf_visits=1 branch_visits=1 leaf_visit_records=72 branch_visit_children=29 leaf_writes=1 branch_writes=1 leaf_write_records=74 branch_write_children=29 leaf_min=74 leaf_max=74 child_edges_added=29 custody_edges_added=37
LFS_EXTENT_SPLICE v=1 root_height=1 leaf_visits=1 branch_visits=1 leaf_visit_records=74 branch_visit_children=29 leaf_writes=1 branch_writes=1 leaf_write_records=76 branch_write_children=29 leaf_min=76 leaf_max=76 child_edges_added=29 custody_edges_added=38
LFS_EXTENT_SPLICE v=1 root_height=1 leaf_visits=1 branch_visits=1 leaf_visit_records=76 branch_visit_children=29 leaf_writes=1 branch_writes=1 leaf_write_records=78 branch_write_children=29 leaf_min=78 leaf_max=78 child_edges_added=29 custody_edges_added=39
LFS_EXTENT_SPLICE v=1 root_height=1 leaf_visits=1 branch_visits=1 leaf_visit_records=78 branch_visit_children=29 leaf_writes=1 branch_writes=1 leaf_write_records=80 branch_write_children=29 leaf_min=80 leaf_max=80 child_edges_added=29 custody_edges_added=40
LFS_EXTENT_SPLICE v=1 root_height=1 leaf_visits=1 branch_visits=1 leaf_visit_records=80 branch_visit_children=29 leaf_writes=1 branch_writes=1 leaf_write_records=82 branch_write_children=29 leaf_min=82 leaf_max=82 child_edges_added=29 custody_edges_added=41
LFS_EXTENT_SPLICE v=1 root_height=1 leaf_visits=1 branch_visits=1 leaf_visit_records=82 branch_visit_children=29 leaf_writes=1 branch_writes=1 leaf_write_records=84 branch_write_children=29 leaf_min=84 leaf_max=84 child_edges_added=29 custody_edges_added=42
LFS_EXTENT_SPLICE v=1 root_height=1 leaf_visits=1 branch_visits=1 leaf_visit_records=84 branch_visit_children=29 leaf_writes=1 branch_writes=1 leaf_write_records=86 branch_write_children=29 leaf_min=86 leaf_max=86 child_edges_added=29 custody_edges_added=43
LFS_EXTENT_SPLICE v=1 root_height=1 leaf_visits=1 branch_visits=1 leaf_visit_records=86 branch_visit_children=29 leaf_writes=1 branch_writes=1 leaf_write_records=88 branch_write_children=29 leaf_min=88 leaf_max=88 child_edges_added=29 custody_edges_added=44
LFS_EXTENT_SPLICE v=1 root_height=1 leaf_visits=1 branch_visits=1 leaf_visit_records=88 branch_visit_children=29 leaf_writes=1 branch_writes=1 leaf_write_records=90 branch_write_children=29 leaf_min=90 leaf_max=90 child_edges_added=29 custody_edges_added=45
LFS_EXTENT_SPLICE v=1 root_height=1 leaf_visits=1 branch_visits=1 leaf_visit_records=90 branch_visit_children=29 leaf_writes=1 branch_writes=1 leaf_write_records=92 branch_write_children=29 leaf_min=92 leaf_max=92 child_edges_added=29 custody_edges_added=46
LFS_EXTENT_SPLICE v=1 root_height=1 leaf_visits=1 branch_visits=1 leaf_visit_records=92 branch_visit_children=29 leaf_writes=1 branch_writes=1 leaf_write_records=94 branch_write_children=29 leaf_min=94 leaf_max=94 child_edges_added=29 custody_edges_added=47
LFS_EXTENT_SPLICE v=1 root_height=1 leaf_visits=1 branch_visits=1 leaf_visit_records=94 branch_visit_children=29 leaf_writes=1 branch_writes=1 leaf_write_records=96 branch_write_children=29 leaf_min=96 leaf_max=96 child_edges_added=29 custody_edges_added=48
LFS_EXTENT_SPLICE v=1 root_height=1 leaf_visits=1 branch_visits=1 leaf_visit_records=96 branch_visit_children=29 leaf_writes=1 branch_writes=1 leaf_write_records=98 branch_write_children=29 leaf_min=98 leaf_max=98 child_edges_added=29 custody_edges_added=49
LFS_EXTENT_SPLICE v=1 root_height=1 leaf_visits=1 branch_visits=1 leaf_visit_records=98 branch_visit_children=29 leaf_writes=1 branch_writes=1 leaf_write_records=100 branch_write_children=29 leaf_min=100 leaf_max=100 child_edges_added=29 custody_edges_added=50
LFS_EXTENT_SPLICE v=1 root_height=1 leaf_visits=1 branch_visits=1 leaf_visit_records=100 branch_visit_children=29 leaf_writes=1 branch_writes=1 leaf_write_records=102 branch_write_children=29 leaf_min=102 leaf_max=102 child_edges_added=29 custody_edges_added=51
LFS_EXTENT_SPLICE v=1 root_height=1 leaf_visits=1 branch_visits=1 leaf_visit_records=102 branch_visit_children=29 leaf_writes=1 branch_writes=1 leaf_write_records=104 branch_write_children=29 leaf_min=104 leaf_max=104 child_edges_added=29 custody_edges_added=52
LFS_EXTENT_SPLICE v=1 root_height=1 leaf_visits=1 branch_visits=1 leaf_visit_records=104 branch_visit_children=29 leaf_writes=1 branch_writes=1 leaf_write_records=106 branch_write_children=29 leaf_min=106 leaf_max=106 child_edges_added=29 custody_edges_added=53
LFS_EXTENT_SPLICE v=1 root_height=1 leaf_visits=1 branch_visits=1 leaf_visit_records=106 branch_visit_children=29 leaf_writes=1 branch_writes=1 leaf_write_records=108 branch_write_children=29 leaf_min=108 leaf_max=108 child_edges_added=29 custody_edges_added=54
LFS_EXTENT_SPLICE v=1 root_height=1 leaf_visits=1 branch_visits=1 leaf_visit_records=108 branch_visit_children=29 leaf_writes=1 branch_writes=1 leaf_write_records=110 branch_write_children=29 leaf_min=110 leaf_max=110 child_edges_added=29 custody_edges_added=55
LFS_EXTENT_SPLICE v=1 root_height=1 leaf_visits=1 branch_visits=1 leaf_visit_records=110 branch_visit_children=29 leaf_writes=1 branch_writes=1 leaf_write_records=112 branch_write_children=29 leaf_min=112 leaf_max=112 child_edges_added=29 custody_edges_added=56
LFS_EXTENT_SPLICE v=1 root_height=1 leaf_visits=1 branch_visits=1 leaf_visit_records=112 branch_visit_children=29 leaf_writes=1 branch_writes=1 leaf_write_records=114 branch_write_children=29 leaf_min=114 leaf_max=114 child_edges_added=29 custody_edges_added=57
LFS_EXTENT_SPLICE v=1 root_height=1 leaf_visits=1 branch_visits=1 leaf_visit_records=114 branch_visit_children=29 leaf_writes=1 branch_writes=1 leaf_write_records=116 branch_write_children=29 leaf_min=116 leaf_max=116 child_edges_added=29 custody_edges_added=58
LFS_EXTENT_SPLICE v=1 root_height=1 leaf_visits=1 branch_visits=1 leaf_visit_records=116 branch_visit_children=29 leaf_writes=1 branch_writes=1 leaf_write_records=118 branch_write_children=29 leaf_min=118 leaf_max=118 child_edges_added=29 custody_edges_added=59
LFS_EXTENT_SPLICE v=1 root_height=1 leaf_visits=1 branch_visits=1 leaf_visit_records=118 branch_visit_children=29 leaf_writes=1 branch_writes=1 leaf_write_records=120 branch_write_children=29 leaf_min=120 leaf_max=120 child_edges_added=29 custody_edges_added=60
LFS_EXTENT_SPLICE v=1 root_height=1 leaf_visits=1 branch_visits=1 leaf_visit_records=120 branch_visit_children=29 leaf_writes=1 branch_writes=1 leaf_write_records=122 branch_write_children=29 leaf_min=122 leaf_max=122 child_edges_added=29 custody_edges_added=61
LFS_EXTENT_SPLICE v=1 root_height=1 leaf_visits=1 branch_visits=1 leaf_visit_records=122 branch_visit_children=29 leaf_writes=1 branch_writes=1 leaf_write_records=124 branch_write_children=29 leaf_min=124 leaf_max=124 child_edges_added=29 custody_edges_added=62
LFS_EXTENT_SPLICE v=1 root_height=1 leaf_visits=1 branch_visits=1 leaf_visit_records=124 branch_visit_children=29 leaf_writes=2 branch_writes=1 leaf_write_records=126 branch_write_children=30 leaf_min=63 leaf_max=63 child_edges_added=30 custody_edges_added=63
LFS_EXTENT_SPLICE v=1 root_height=1 leaf_visits=1 branch_visits=1 leaf_visit_records=63 branch_visit_children=30 leaf_writes=1 branch_writes=1 leaf_write_records=65 branch_write_children=30 leaf_min=65 leaf_max=65 child_edges_added=30 custody_edges_added=32
LFS_EXTENT_SPLICE v=1 root_height=1 leaf_visits=1 branch_visits=1 leaf_visit_records=65 branch_visit_children=30 leaf_writes=1 branch_writes=1 leaf_write_records=67 branch_write_children=30 leaf_min=67 leaf_max=67 child_edges_added=30 custody_edges_added=33
LFS_EXTENT_SPLICE v=1 root_height=1 leaf_visits=1 branch_visits=1 leaf_visit_records=67 branch_visit_children=30 leaf_writes=1 branch_writes=1 leaf_write_records=69 branch_write_children=30 leaf_min=69 leaf_max=69 child_edges_added=30 custody_edges_added=34
LFS_EXTENT_SPLICE v=1 root_height=1 leaf_visits=1 branch_visits=1 leaf_visit_records=69 branch_visit_children=30 leaf_writes=1 branch_writes=1 leaf_write_records=71 branch_write_children=30 leaf_min=71 leaf_max=71 child_edges_added=30 custody_edges_added=35
LFS_EXTENT_SPLICE v=1 root_height=1 leaf_visits=1 branch_visits=1 leaf_visit_records=71 branch_visit_children=30 leaf_writes=1 branch_writes=1 leaf_write_records=73 branch_write_children=30 leaf_min=73 leaf_max=73 child_edges_added=30 custody_edges_added=36
LFS_EXTENT_SPLICE v=1 root_height=1 leaf_visits=1 branch_visits=1 leaf_visit_records=73 branch_visit_children=30 leaf_writes=1 branch_writes=1 leaf_write_records=75 branch_write_children=30 leaf_min=75 leaf_max=75 child_edges_added=30 custody_edges_added=37
LFS_EXTENT_SPLICE v=1 root_height=1 leaf_visits=1 branch_visits=1 leaf_visit_records=75 branch_visit_children=30 leaf_writes=1 branch_writes=1 leaf_write_records=77 branch_write_children=30 leaf_min=77 leaf_max=77 child_edges_added=30 custody_edges_added=38
LFS_EXTENT_SPLICE v=1 root_height=1 leaf_visits=1 branch_visits=1 leaf_visit_records=77 branch_visit_children=30 leaf_writes=1 branch_writes=1 leaf_write_records=79 branch_write_children=30 leaf_min=79 leaf_max=79 child_edges_added=30 custody_edges_added=39
LFS_EXTENT_SPLICE v=1 root_height=1 leaf_visits=1 branch_visits=1 leaf_visit_records=79 branch_visit_children=30 leaf_writes=1 branch_writes=1 leaf_write_records=81 branch_write_children=30 leaf_min=81 leaf_max=81 child_edges_added=30 custody_edges_added=40
LFS_EXTENT_SPLICE v=1 root_height=1 leaf_visits=1 branch_visits=1 leaf_visit_records=81 branch_visit_children=30 leaf_writes=1 branch_writes=1 leaf_write_records=83 branch_write_children=30 leaf_min=83 leaf_max=83 child_edges_added=30 custody_edges_added=41
LFS_EXTENT_SPLICE v=1 root_height=1 leaf_visits=1 branch_visits=1 leaf_visit_records=83 branch_visit_children=30 leaf_writes=1 branch_writes=1 leaf_write_records=85 branch_write_children=30 leaf_min=85 leaf_max=85 child_edges_added=30 custody_edges_added=42
LFS_EXTENT_SPLICE v=1 root_height=1 leaf_visits=1 branch_visits=1 leaf_visit_records=85 branch_visit_children=30 leaf_writes=1 branch_writes=1 leaf_write_records=87 branch_write_children=30 leaf_min=87 leaf_max=87 child_edges_added=30 custody_edges_added=43
LFS_EXTENT_SPLICE v=1 root_height=1 leaf_visits=1 branch_visits=1 leaf_visit_records=87 branch_visit_children=30 leaf_writes=1 branch_writes=1 leaf_write_records=89 branch_write_children=30 leaf_min=89 leaf_max=89 child_edges_added=30 custody_edges_added=44
LFS_EXTENT_SPLICE v=1 root_height=1 leaf_visits=1 branch_visits=1 leaf_visit_records=89 branch_visit_children=30 leaf_writes=1 branch_writes=1 leaf_write_records=91 branch_write_children=30 leaf_min=91 leaf_max=91 child_edges_added=30 custody_edges_added=45
LFS_EXTENT_SPLICE v=1 root_height=1 leaf_visits=1 branch_visits=1 leaf_visit_records=91 branch_visit_children=30 leaf_writes=1 branch_writes=1 leaf_write_records=93 branch_write_children=30 leaf_min=93 leaf_max=93 child_edges_added=30 custody_edges_added=46
LFS_EXTENT_SPLICE v=1 root_height=1 leaf_visits=1 branch_visits=1 leaf_visit_records=93 branch_visit_children=30 leaf_writes=1 branch_writes=1 leaf_write_records=95 branch_write_children=30 leaf_min=95 leaf_max=95 child_edges_added=30 custody_edges_added=47
LFS_EXTENT_SPLICE v=1 root_height=1 leaf_visits=1 branch_visits=1 leaf_visit_records=95 branch_visit_children=30 leaf_writes=1 branch_writes=1 leaf_write_records=97 branch_write_children=30 leaf_min=97 leaf_max=97 child_edges_added=30 custody_edges_added=48
LFS_EXTENT_SPLICE v=1 root_height=1 leaf_visits=1 branch_visits=1 leaf_visit_records=97 branch_visit_children=30 leaf_writes=1 branch_writes=1 leaf_write_records=99 branch_write_children=30 leaf_min=99 leaf_max=99 child_edges_added=30 custody_edges_added=49
LFS_EXTENT_SPLICE v=1 root_height=1 leaf_visits=1 branch_visits=1 leaf_visit_records=99 branch_visit_children=30 leaf_writes=1 branch_writes=1 leaf_write_records=101 branch_write_children=30 leaf_min=101 leaf_max=101 child_edges_added=30 custody_edges_added=50
LFS_EXTENT_SPLICE v=1 root_height=1 leaf_visits=1 branch_visits=1 leaf_visit_records=101 branch_visit_children=30 leaf_writes=1 branch_writes=1 leaf_write_records=103 branch_write_children=30 leaf_min=103 leaf_max=103 child_edges_added=30 custody_edges_added=51
LFS_EXTENT_SPLICE v=1 root_height=1 leaf_visits=1 branch_visits=1 leaf_visit_records=103 branch_visit_children=30 leaf_writes=1 branch_writes=1 leaf_write_records=105 branch_write_children=30 leaf_min=105 leaf_max=105 child_edges_added=30 custody_edges_added=52
LFS_EXTENT_SPLICE v=1 root_height=1 leaf_visits=1 branch_visits=1 leaf_visit_records=105 branch_visit_children=30 leaf_writes=1 branch_writes=1 leaf_write_records=107 branch_write_children=30 leaf_min=107 leaf_max=107 child_edges_added=30 custody_edges_added=53
LFS_EXTENT_SPLICE v=1 root_height=1 leaf_visits=1 branch_visits=1 leaf_visit_records=107 branch_visit_children=30 leaf_writes=1 branch_writes=1 leaf_write_records=109 branch_write_children=30 leaf_min=109 leaf_max=109 child_edges_added=30 custody_edges_added=54
LFS_EXTENT_SPLICE v=1 root_height=1 leaf_visits=1 branch_visits=1 leaf_visit_records=109 branch_visit_children=30 leaf_writes=1 branch_writes=1 leaf_write_records=111 branch_write_children=30 leaf_min=111 leaf_max=111 child_edges_added=30 custody_edges_added=55
LFS_EXTENT_SPLICE v=1 root_height=1 leaf_visits=1 branch_visits=1 leaf_visit_records=111 branch_visit_children=30 leaf_writes=1 branch_writes=1 leaf_write_records=113 branch_write_children=30 leaf_min=113 leaf_max=113 child_edges_added=30 custody_edges_added=56
LFS_EXTENT_SPLICE v=1 root_height=1 leaf_visits=1 branch_visits=1 leaf_visit_records=113 branch_visit_children=30 leaf_writes=1 branch_writes=1 leaf_write_records=115 branch_write_children=30 leaf_min=115 leaf_max=115 child_edges_added=30 custody_edges_added=57
LFS_EXTENT_SPLICE v=1 root_height=1 leaf_visits=1 branch_visits=1 leaf_visit_records=115 branch_visit_children=30 leaf_writes=1 branch_writes=1 leaf_write_records=117 branch_write_children=30 leaf_min=117 leaf_max=117 child_edges_added=30 custody_edges_added=58
LFS_EXTENT_SPLICE v=1 root_height=1 leaf_visits=1 branch_visits=1 leaf_visit_records=117 branch_visit_children=30 leaf_writes=1 branch_writes=1 leaf_write_records=119 branch_write_children=30 leaf_min=119 leaf_max=119 child_edges_added=30 custody_edges_added=59
LFS_EXTENT_SPLICE v=1 root_height=1 leaf_visits=1 branch_visits=1 leaf_visit_records=119 branch_visit_children=30 leaf_writes=1 branch_writes=1 leaf_write_records=121 branch_write_children=30 leaf_min=121 leaf_max=121 child_edges_added=30 custody_edges_added=60
LFS_EXTENT_SPLICE v=1 root_height=1 leaf_visits=1 branch_visits=1 leaf_visit_records=121 branch_visit_children=30 leaf_writes=1 branch_writes=1 leaf_write_records=123 branch_write_children=30 leaf_min=123 leaf_max=123 child_edges_added=30 custody_edges_added=61
LFS_EXTENT_SPLICE v=1 root_height=1 leaf_visits=1 branch_visits=1 leaf_visit_records=123 branch_visit_children=30 leaf_writes=2 branch_writes=1 leaf_write_records=125 branch_write_children=31 leaf_min=62 leaf_max=63 child_edges_added=31 custody_edges_added=62
LFS_EXTENT_SPLICE v=1 root_height=1 leaf_visits=1 branch_visits=1 leaf_visit_records=62 branch_visit_children=31 leaf_writes=1 branch_writes=1 leaf_write_records=64 branch_write_children=31 leaf_min=64 leaf_max=64 child_edges_added=31 custody_edges_added=32
LFS_EXTENT_SPLICE v=1 root_height=1 leaf_visits=1 branch_visits=1 leaf_visit_records=64 branch_visit_children=31 leaf_writes=1 branch_writes=1 leaf_write_records=66 branch_write_children=31 leaf_min=66 leaf_max=66 child_edges_added=31 custody_edges_added=33
LFS_EXTENT_SPLICE v=1 root_height=1 leaf_visits=1 branch_visits=1 leaf_visit_records=66 branch_visit_children=31 leaf_writes=1 branch_writes=1 leaf_write_records=68 branch_write_children=31 leaf_min=68 leaf_max=68 child_edges_added=31 custody_edges_added=34
LFS_EXTENT_SPLICE v=1 root_height=1 leaf_visits=1 branch_visits=1 leaf_visit_records=68 branch_visit_children=31 leaf_writes=1 branch_writes=1 leaf_write_records=70 branch_write_children=31 leaf_min=70 leaf_max=70 child_edges_added=31 custody_edges_added=35
LFS_EXTENT_SPLICE v=1 root_height=1 leaf_visits=1 branch_visits=1 leaf_visit_records=70 branch_visit_children=31 leaf_writes=1 branch_writes=1 leaf_write_records=72 branch_write_children=31 leaf_min=72 leaf_max=72 child_edges_added=31 custody_edges_added=36
LFS_EXTENT_SPLICE v=1 root_height=1 leaf_visits=1 branch_visits=1 leaf_visit_records=72 branch_visit_children=31 leaf_writes=1 branch_writes=1 leaf_write_records=74 branch_write_children=31 leaf_min=74 leaf_max=74 child_edges_added=31 custody_edges_added=37
LFS_EXTENT_SPLICE v=1 root_height=1 leaf_visits=1 branch_visits=1 leaf_visit_records=74 branch_visit_children=31 leaf_writes=1 branch_writes=1 leaf_write_records=76 branch_write_children=31 leaf_min=76 leaf_max=76 child_edges_added=31 custody_edges_added=38
LFS_EXTENT_SPLICE v=1 root_height=1 leaf_visits=1 branch_visits=1 leaf_visit_records=76 branch_visit_children=31 leaf_writes=1 branch_writes=1 leaf_write_records=78 branch_write_children=31 leaf_min=78 leaf_max=78 child_edges_added=31 custody_edges_added=39
LFS_EXTENT_SPLICE v=1 root_height=1 leaf_visits=1 branch_visits=1 leaf_visit_records=78 branch_visit_children=31 leaf_writes=1 branch_writes=1 leaf_write_records=80 branch_write_children=31 leaf_min=80 leaf_max=80 child_edges_added=31 custody_edges_added=40
LFS_EXTENT_SPLICE v=1 root_height=1 leaf_visits=1 branch_visits=1 leaf_visit_records=80 branch_visit_children=31 leaf_writes=1 branch_writes=1 leaf_write_records=82 branch_write_children=31 leaf_min=82 leaf_max=82 child_edges_added=31 custody_edges_added=41
LFS_EXTENT_SPLICE v=1 root_height=1 leaf_visits=1 branch_visits=1 leaf_visit_records=82 branch_visit_children=31 leaf_writes=1 branch_writes=1 leaf_write_records=84 branch_write_children=31 leaf_min=84 leaf_max=84 child_edges_added=31 custody_edges_added=42
LFS_EXTENT_SPLICE v=1 root_height=1 leaf_visits=1 branch_visits=1 leaf_visit_records=84 branch_visit_children=31 leaf_writes=1 branch_writes=1 leaf_write_records=86 branch_write_children=31 leaf_min=86 leaf_max=86 child_edges_added=31 custody_edges_added=43
LFS_EXTENT_SPLICE v=1 root_height=1 leaf_visits=1 branch_visits=1 leaf_visit_records=86 branch_visit_children=31 leaf_writes=1 branch_writes=1 leaf_write_records=88 branch_write_children=31 leaf_min=88 leaf_max=88 child_edges_added=31 custody_edges_added=44
LFS_EXTENT_SPLICE v=1 root_height=1 leaf_visits=1 branch_visits=1 leaf_visit_records=88 branch_visit_children=31 leaf_writes=1 branch_writes=1 leaf_write_records=90 branch_write_children=31 leaf_min=90 leaf_max=90 child_edges_added=31 custody_edges_added=45
LFS_EXTENT_SPLICE v=1 root_height=1 leaf_visits=1 branch_visits=1 leaf_visit_records=90 branch_visit_children=31 leaf_writes=1 branch_writes=1 leaf_write_records=92 branch_write_children=31 leaf_min=92 leaf_max=92 child_edges_added=31 custody_edges_added=46
LFS_EXTENT_SPLICE v=1 root_height=1 leaf_visits=1 branch_visits=1 leaf_visit_records=92 branch_visit_children=31 leaf_writes=1 branch_writes=1 leaf_write_records=94 branch_write_children=31 leaf_min=94 leaf_max=94 child_edges_added=31 custody_edges_added=47
LFS_EXTENT_SPLICE v=1 root_height=1 leaf_visits=1 branch_visits=1 leaf_visit_records=94 branch_visit_children=31 leaf_writes=1 branch_writes=1 leaf_write_records=96 branch_write_children=31 leaf_min=96 leaf_max=96 child_edges_added=31 custody_edges_added=48
LFS_EXTENT_SPLICE v=1 root_height=1 leaf_visits=1 branch_visits=1 leaf_visit_records=96 branch_visit_children=31 leaf_writes=1 branch_writes=1 leaf_write_records=98 branch_write_children=31 leaf_min=98 leaf_max=98 child_edges_added=31 custody_edges_added=49
LFS_EXTENT_SPLICE v=1 root_height=1 leaf_visits=1 branch_visits=1 leaf_visit_records=98 branch_visit_children=31 leaf_writes=1 branch_writes=1 leaf_write_records=100 branch_write_children=31 leaf_min=100 leaf_max=100 child_edges_added=31 custody_edges_added=50
LFS_EXTENT_SPLICE v=1 root_height=1 leaf_visits=1 branch_visits=1 leaf_visit_records=100 branch_visit_children=31 leaf_writes=1 branch_writes=1 leaf_write_records=102 branch_write_children=31 leaf_min=102 leaf_max=102 child_edges_added=31 custody_edges_added=51
LFS_EXTENT_SPLICE v=1 root_height=1 leaf_visits=1 branch_visits=1 leaf_visit_records=102 branch_visit_children=31 leaf_writes=1 branch_writes=1 leaf_write_records=104 branch_write_children=31 leaf_min=104 leaf_max=104 child_edges_added=31 custody_edges_added=52
LFT1 {"v":1,"namespace":13710895918682022928,"run":"0388b7df3c6bbe5fc5bf9044daa9cf3f","pid":1,"role":2,"kind":"resource","scope":"process-shared","clock":"local-monitor","at_ns":6022676919,"incarnation":8311343,"user_ns":1920000000,"source":"procfs+sysconf","probe_ns":15500,"selected":3,"system_ns":890000000,"rss":40869888}
LFS_EXTENT_SPLICE v=1 root_height=1 leaf_visits=1 branch_visits=1 leaf_visit_records=104 branch_visit_children=31 leaf_writes=1 branch_writes=1 leaf_write_records=106 branch_write_children=31 leaf_min=106 leaf_max=106 child_edges_added=31 custody_edges_added=53
LFS_EXTENT_SPLICE v=1 root_height=1 leaf_visits=1 branch_visits=1 leaf_visit_records=106 branch_visit_children=31 leaf_writes=1 branch_writes=1 leaf_write_records=108 branch_write_children=31 leaf_min=108 leaf_max=108 child_edges_added=31 custody_edges_added=54
LFS_EXTENT_SPLICE v=1 root_height=1 leaf_visits=1 branch_visits=1 leaf_visit_records=108 branch_visit_children=31 leaf_writes=1 branch_writes=1 leaf_write_records=110 branch_write_children=31 leaf_min=110 leaf_max=110 child_edges_added=31 custody_edges_added=55
LFS_EXTENT_SPLICE v=1 root_height=1 leaf_visits=1 branch_visits=1 leaf_visit_records=110 branch_visit_children=31 leaf_writes=1 branch_writes=1 leaf_write_records=112 branch_write_children=31 leaf_min=112 leaf_max=112 child_edges_added=31 custody_edges_added=56
LFS_EXTENT_SPLICE v=1 root_height=1 leaf_visits=1 branch_visits=1 leaf_visit_records=112 branch_visit_children=31 leaf_writes=1 branch_writes=1 leaf_write_records=114 branch_write_children=31 leaf_min=114 leaf_max=114 child_edges_added=31 custody_edges_added=57
LFS_EXTENT_SPLICE v=1 root_height=1 leaf_visits=1 branch_visits=1 leaf_visit_records=114 branch_visit_children=31 leaf_writes=1 branch_writes=1 leaf_write_records=116 branch_write_children=31 leaf_min=116 leaf_max=116 child_edges_added=31 custody_edges_added=58
LFS_EXTENT_SPLICE v=1 root_height=1 leaf_visits=1 branch_visits=1 leaf_visit_records=116 branch_visit_children=31 leaf_writes=1 branch_writes=1 leaf_write_records=118 branch_write_children=31 leaf_min=118 leaf_max=118 child_edges_added=31 custody_edges_added=59
LFS_EXTENT_SPLICE v=1 root_height=1 leaf_visits=1 branch_visits=1 leaf_visit_records=118 branch_visit_children=31 leaf_writes=1 branch_writes=1 leaf_write_records=120 branch_write_children=31 leaf_min=120 leaf_max=120 child_edges_added=31 custody_edges_added=60
LFS_EXTENT_SPLICE v=1 root_height=1 leaf_visits=1 branch_visits=1 leaf_visit_records=120 branch_visit_children=31 leaf_writes=1 branch_writes=1 leaf_write_records=122 branch_write_children=31 leaf_min=122 leaf_max=122 child_edges_added=31 custody_edges_added=61
LFS_EXTENT_SPLICE v=1 root_height=1 leaf_visits=1 branch_visits=1 leaf_visit_records=122 branch_visit_children=31 leaf_writes=1 branch_writes=1 leaf_write_records=124 branch_write_children=31 leaf_min=124 leaf_max=124 child_edges_added=31 custody_edges_added=62
LFS_EXTENT_SPLICE v=1 root_height=1 leaf_visits=1 branch_visits=1 leaf_visit_records=124 branch_visit_children=31 leaf_writes=2 branch_writes=1 leaf_write_records=126 branch_write_children=32 leaf_min=63 leaf_max=63 child_edges_added=32 custody_edges_added=63
LFS_EXTENT_SPLICE v=1 root_height=1 leaf_visits=1 branch_visits=1 leaf_visit_records=63 branch_visit_children=32 leaf_writes=1 branch_writes=1 leaf_write_records=65 branch_write_children=32 leaf_min=65 leaf_max=65 child_edges_added=32 custody_edges_added=32
LFS_EXTENT_SPLICE v=1 root_height=1 leaf_visits=1 branch_visits=1 leaf_visit_records=65 branch_visit_children=32 leaf_writes=1 branch_writes=1 leaf_write_records=67 branch_write_children=32 leaf_min=67 leaf_max=67 child_edges_added=32 custody_edges_added=33
LFS_EXTENT_SPLICE v=1 root_height=1 leaf_visits=1 branch_visits=1 leaf_visit_records=67 branch_visit_children=32 leaf_writes=1 branch_writes=1 leaf_write_records=69 branch_write_children=32 leaf_min=69 leaf_max=69 child_edges_added=32 custody_edges_added=34
LFS_EXTENT_SPLICE v=1 root_height=1 leaf_visits=1 branch_visits=1 leaf_visit_records=69 branch_visit_children=32 leaf_writes=1 branch_writes=1 leaf_write_records=71 branch_write_children=32 leaf_min=71 leaf_max=71 child_edges_added=32 custody_edges_added=35
LFS_EXTENT_SPLICE v=1 root_height=1 leaf_visits=1 branch_visits=1 leaf_visit_records=71 branch_visit_children=32 leaf_writes=1 branch_writes=1 leaf_write_records=73 branch_write_children=32 leaf_min=73 leaf_max=73 child_edges_added=32 custody_edges_added=36
LFS_EXTENT_SPLICE v=1 root_height=1 leaf_visits=1 branch_visits=1 leaf_visit_records=73 branch_visit_children=32 leaf_writes=1 branch_writes=1 leaf_write_records=75 branch_write_children=32 leaf_min=75 leaf_max=75 child_edges_added=32 custody_edges_added=37
LFS_EXTENT_SPLICE v=1 root_height=1 leaf_visits=1 branch_visits=1 leaf_visit_records=75 branch_visit_children=32 leaf_writes=1 branch_writes=1 leaf_write_records=77 branch_write_children=32 leaf_min=77 leaf_max=77 child_edges_added=32 custody_edges_added=38
LFS_EXTENT_SPLICE v=1 root_height=1 leaf_visits=1 branch_visits=1 leaf_visit_records=77 branch_visit_children=32 leaf_writes=1 branch_writes=1 leaf_write_records=79 branch_write_children=32 leaf_min=79 leaf_max=79 child_edges_added=32 custody_edges_added=39
LFS_EXTENT_SPLICE v=1 root_height=1 leaf_visits=1 branch_visits=1 leaf_visit_records=79 branch_visit_children=32 leaf_writes=1 branch_writes=1 leaf_write_records=81 branch_write_children=32 leaf_min=81 leaf_max=81 child_edges_added=32 custody_edges_added=40
LFS_EXTENT_SPLICE v=1 root_height=1 leaf_visits=1 branch_visits=1 leaf_visit_records=81 branch_visit_children=32 leaf_writes=1 branch_writes=1 leaf_write_records=83 branch_write_children=32 leaf_min=83 leaf_max=83 child_edges_added=32 custody_edges_added=41
LFS_EXTENT_SPLICE v=1 root_height=1 leaf_visits=1 branch_visits=1 leaf_visit_records=83 branch_visit_children=32 leaf_writes=1 branch_writes=1 leaf_write_records=85 branch_write_children=32 leaf_min=85 leaf_max=85 child_edges_added=32 custody_edges_added=42
LFS_EXTENT_SPLICE v=1 root_height=1 leaf_visits=1 branch_visits=1 leaf_visit_records=85 branch_visit_children=32 leaf_writes=1 branch_writes=1 leaf_write_records=87 branch_write_children=32 leaf_min=87 leaf_max=87 child_edges_added=32 custody_edges_added=43
LFS_EXTENT_SPLICE v=1 root_height=1 leaf_visits=1 branch_visits=1 leaf_visit_records=87 branch_visit_children=32 leaf_writes=1 branch_writes=1 leaf_write_records=89 branch_write_children=32 leaf_min=89 leaf_max=89 child_edges_added=32 custody_edges_added=44
LFS_EXTENT_SPLICE v=1 root_height=1 leaf_visits=1 branch_visits=1 leaf_visit_records=89 branch_visit_children=32 leaf_writes=1 branch_writes=1 leaf_write_records=91 branch_write_children=32 leaf_min=91 leaf_max=91 child_edges_added=32 custody_edges_added=45
LFS_EXTENT_SPLICE v=1 root_height=1 leaf_visits=1 branch_visits=1 leaf_visit_records=91 branch_visit_children=32 leaf_writes=1 branch_writes=1 leaf_write_records=93 branch_write_children=32 leaf_min=93 leaf_max=93 child_edges_added=32 custody_edges_added=46
LFS_EXTENT_SPLICE v=1 root_height=1 leaf_visits=1 branch_visits=1 leaf_visit_records=93 branch_visit_children=32 leaf_writes=1 branch_writes=1 leaf_write_records=95 branch_write_children=32 leaf_min=95 leaf_max=95 child_edges_added=32 custody_edges_added=47
LFS_EXTENT_EDGE v=1 child_edges_removed=16080 custody_edges_removed=46233
LFS_METADATA_OWNER v=1 finalizations=3041
LFS_WRITE_SAMPLE v=2 write_class=Some(1024) elapsed_ns=6110846127 backing=Ok(BackingStatus { quota_bytes: 1073741824, allocated_bytes: 4419584, reserved_bytes: 851968, payloads: 1024, retained_payloads: 1024, failed_payloads: 0, routine_scans: 1023, lookup_scans: 0, metadata_reads: 9016, ledger_reads: 50947, ledger_writes: 32937, readers: 0, acquiring: false, cleaning: false, admission_stopped: false, accounting_complete: true }) metadata=Ok(MetadataStatus { allocated_pages: 37, reusable_pages: 0, reserved_slots: 0, roots: 2, external_roots: 1, allocated_bytes: 225280, reserved_bytes: 851968, working_bytes: 4840, accounting_complete: true, admission_stopped: false }) acquisition_ns=2875966094 publication_ns=3176385461
LFS_EXTENT_SPLICE v=1 root_height=1 leaf_visits=1 branch_visits=1 leaf_visit_records=95 branch_visit_children=32 leaf_writes=1 branch_writes=1 leaf_write_records=97 branch_write_children=32 leaf_min=97 leaf_max=97 child_edges_added=32 custody_edges_added=48
LFS_EXTENT_SPLICE v=1 root_height=1 leaf_visits=1 branch_visits=1 leaf_visit_records=97 branch_visit_children=32 leaf_writes=1 branch_writes=1 leaf_write_records=99 branch_write_children=32 leaf_min=99 leaf_max=99 child_edges_added=32 custody_edges_added=49
LFS_EXTENT_SPLICE v=1 root_height=1 leaf_visits=1 branch_visits=1 leaf_visit_records=99 branch_visit_children=32 leaf_writes=1 branch_writes=1 leaf_write_records=101 branch_write_children=32 leaf_min=101 leaf_max=101 child_edges_added=32 custody_edges_added=50
LFS_EXTENT_SPLICE v=1 root_height=1 leaf_visits=1 branch_visits=1 leaf_visit_records=101 branch_visit_children=32 leaf_writes=1 branch_writes=1 leaf_write_records=103 branch_write_children=32 leaf_min=103 leaf_max=103 child_edges_added=32 custody_edges_added=51
LFS_EXTENT_SPLICE v=1 root_height=1 leaf_visits=1 branch_visits=1 leaf_visit_records=103 branch_visit_children=32 leaf_writes=1 branch_writes=1 leaf_write_records=105 branch_write_children=32 leaf_min=105 leaf_max=105 child_edges_added=32 custody_edges_added=52
LFS_EXTENT_SPLICE v=1 root_height=1 leaf_visits=1 branch_visits=1 leaf_visit_records=105 branch_visit_children=32 leaf_writes=1 branch_writes=1 leaf_write_records=107 branch_write_children=32 leaf_min=107 leaf_max=107 child_edges_added=32 custody_edges_added=53
LFS_EXTENT_SPLICE v=1 root_height=1 leaf_visits=1 branch_visits=1 leaf_visit_records=107 branch_visit_children=32 leaf_writes=1 branch_writes=1 leaf_write_records=109 branch_write_children=32 leaf_min=109 leaf_max=109 child_edges_added=32 custody_edges_added=54
LFS_EXTENT_SPLICE v=1 root_height=1 leaf_visits=1 branch_visits=1 leaf_visit_records=109 branch_visit_children=32 leaf_writes=1 branch_writes=1 leaf_write_records=111 branch_write_children=32 leaf_min=111 leaf_max=111 child_edges_added=32 custody_edges_added=55
LFS_EXTENT_SPLICE v=1 root_height=1 leaf_visits=1 branch_visits=1 leaf_visit_records=111 branch_visit_children=32 leaf_writes=1 branch_writes=1 leaf_write_records=113 branch_write_children=32 leaf_min=113 leaf_max=113 child_edges_added=32 custody_edges_added=56
LFS_EXTENT_SPLICE v=1 root_height=1 leaf_visits=1 branch_visits=1 leaf_visit_records=113 branch_visit_children=32 leaf_writes=1 branch_writes=1 leaf_write_records=115 branch_write_children=32 leaf_min=115 leaf_max=115 child_edges_added=32 custody_edges_added=57
LFS_EXTENT_SPLICE v=1 root_height=1 leaf_visits=1 branch_visits=1 leaf_visit_records=115 branch_visit_children=32 leaf_writes=1 branch_writes=1 leaf_write_records=117 branch_write_children=32 leaf_min=117 leaf_max=117 child_edges_added=32 custody_edges_added=58
LFS_EXTENT_SPLICE v=1 root_height=1 leaf_visits=1 branch_visits=1 leaf_visit_records=117 branch_visit_children=32 leaf_writes=1 branch_writes=1 leaf_write_records=119 branch_write_children=32 leaf_min=119 leaf_max=119 child_edges_added=32 custody_edges_added=59
LFS_EXTENT_SPLICE v=1 root_height=1 leaf_visits=1 branch_visits=1 leaf_visit_records=119 branch_visit_children=32 leaf_writes=1 branch_writes=1 leaf_write_records=121 branch_write_children=32 leaf_min=121 leaf_max=121 child_edges_added=32 custody_edges_added=60
LFS_EXTENT_SPLICE v=1 root_height=1 leaf_visits=1 branch_visits=1 leaf_visit_records=121 branch_visit_children=32 leaf_writes=1 branch_writes=1 leaf_write_records=123 branch_write_children=32 leaf_min=123 leaf_max=123 child_edges_added=32 custody_edges_added=61
LFS_EXTENT_SPLICE v=1 root_height=2 leaf_visits=1 branch_visits=1 leaf_visit_records=123 branch_visit_children=32 leaf_writes=2 branch_writes=3 leaf_write_records=125 branch_write_children=35 leaf_min=62 leaf_max=63 child_edges_added=35 custody_edges_added=62
LFS_EXTENT_SPLICE v=1 root_height=2 leaf_visits=1 branch_visits=2 leaf_visit_records=62 branch_visit_children=18 leaf_writes=1 branch_writes=2 leaf_write_records=64 branch_write_children=18 leaf_min=64 leaf_max=64 child_edges_added=18 custody_edges_added=32
LFS_EXTENT_SPLICE v=1 root_height=2 leaf_visits=1 branch_visits=2 leaf_visit_records=64 branch_visit_children=18 leaf_writes=1 branch_writes=2 leaf_write_records=66 branch_write_children=18 leaf_min=66 leaf_max=66 child_edges_added=18 custody_edges_added=33
LFS_EXTENT_SPLICE v=1 root_height=2 leaf_visits=1 branch_visits=2 leaf_visit_records=66 branch_visit_children=18 leaf_writes=1 branch_writes=2 leaf_write_records=68 branch_write_children=18 leaf_min=68 leaf_max=68 child_edges_added=18 custody_edges_added=34
LFS_EXTENT_SPLICE v=1 root_height=2 leaf_visits=1 branch_visits=2 leaf_visit_records=68 branch_visit_children=18 leaf_writes=1 branch_writes=2 leaf_write_records=70 branch_write_children=18 leaf_min=70 leaf_max=70 child_edges_added=18 custody_edges_added=35
LFS_EXTENT_SPLICE v=1 root_height=2 leaf_visits=1 branch_visits=2 leaf_visit_records=70 branch_visit_children=18 leaf_writes=1 branch_writes=2 leaf_write_records=72 branch_write_children=18 leaf_min=72 leaf_max=72 child_edges_added=18 custody_edges_added=36
LFS_EXTENT_SPLICE v=1 root_height=2 leaf_visits=1 branch_visits=2 leaf_visit_records=72 branch_visit_children=18 leaf_writes=1 branch_writes=2 leaf_write_records=74 branch_write_children=18 leaf_min=74 leaf_max=74 child_edges_added=18 custody_edges_added=37
LFS_EXTENT_SPLICE v=1 root_height=2 leaf_visits=1 branch_visits=2 leaf_visit_records=74 branch_visit_children=18 leaf_writes=1 branch_writes=2 leaf_write_records=76 branch_write_children=18 leaf_min=76 leaf_max=76 child_edges_added=18 custody_edges_added=38
LFS_EXTENT_SPLICE v=1 root_height=2 leaf_visits=1 branch_visits=2 leaf_visit_records=76 branch_visit_children=18 leaf_writes=1 branch_writes=2 leaf_write_records=78 branch_write_children=18 leaf_min=78 leaf_max=78 child_edges_added=18 custody_edges_added=39
LFS_EXTENT_SPLICE v=1 root_height=2 leaf_visits=1 branch_visits=2 leaf_visit_records=78 branch_visit_children=18 leaf_writes=1 branch_writes=2 leaf_write_records=80 branch_write_children=18 leaf_min=80 leaf_max=80 child_edges_added=18 custody_edges_added=40
LFS_EXTENT_SPLICE v=1 root_height=2 leaf_visits=1 branch_visits=2 leaf_visit_records=80 branch_visit_children=18 leaf_writes=1 branch_writes=2 leaf_write_records=82 branch_write_children=18 leaf_min=82 leaf_max=82 child_edges_added=18 custody_edges_added=41
LFS_EXTENT_SPLICE v=1 root_height=2 leaf_visits=1 branch_visits=2 leaf_visit_records=82 branch_visit_children=18 leaf_writes=1 branch_writes=2 leaf_write_records=84 branch_write_children=18 leaf_min=84 leaf_max=84 child_edges_added=18 custody_edges_added=42
LFS_EXTENT_SPLICE v=1 root_height=2 leaf_visits=1 branch_visits=2 leaf_visit_records=84 branch_visit_children=18 leaf_writes=1 branch_writes=2 leaf_write_records=86 branch_write_children=18 leaf_min=86 leaf_max=86 child_edges_added=18 custody_edges_added=43
LFS_EXTENT_SPLICE v=1 root_height=2 leaf_visits=1 branch_visits=2 leaf_visit_records=86 branch_visit_children=18 leaf_writes=1 branch_writes=2 leaf_write_records=88 branch_write_children=18 leaf_min=88 leaf_max=88 child_edges_added=18 custody_edges_added=44
LFS_EXTENT_SPLICE v=1 root_height=2 leaf_visits=1 branch_visits=2 leaf_visit_records=88 branch_visit_children=18 leaf_writes=1 branch_writes=2 leaf_write_records=90 branch_write_children=18 leaf_min=90 leaf_max=90 child_edges_added=18 custody_edges_added=45
LFS_EXTENT_SPLICE v=1 root_height=2 leaf_visits=1 branch_visits=2 leaf_visit_records=90 branch_visit_children=18 leaf_writes=1 branch_writes=2 leaf_write_records=92 branch_write_children=18 leaf_min=92 leaf_max=92 child_edges_added=18 custody_edges_added=46
LFS_EXTENT_SPLICE v=1 root_height=2 leaf_visits=1 branch_visits=2 leaf_visit_records=92 branch_visit_children=18 leaf_writes=1 branch_writes=2 leaf_write_records=94 branch_write_children=18 leaf_min=94 leaf_max=94 child_edges_added=18 custody_edges_added=47
LFS_EXTENT_SPLICE v=1 root_height=2 leaf_visits=1 branch_visits=2 leaf_visit_records=94 branch_visit_children=18 leaf_writes=1 branch_writes=2 leaf_write_records=96 branch_write_children=18 leaf_min=96 leaf_max=96 child_edges_added=18 custody_edges_added=48
LFS_EXTENT_SPLICE v=1 root_height=2 leaf_visits=1 branch_visits=2 leaf_visit_records=96 branch_visit_children=18 leaf_writes=1 branch_writes=2 leaf_write_records=98 branch_write_children=18 leaf_min=98 leaf_max=98 child_edges_added=18 custody_edges_added=49
LFS_EXTENT_SPLICE v=1 root_height=2 leaf_visits=1 branch_visits=2 leaf_visit_records=98 branch_visit_children=18 leaf_writes=1 branch_writes=2 leaf_write_records=100 branch_write_children=18 leaf_min=100 leaf_max=100 child_edges_added=18 custody_edges_added=50
LFS_EXTENT_SPLICE v=1 root_height=2 leaf_visits=1 branch_visits=2 leaf_visit_records=100 branch_visit_children=18 leaf_writes=1 branch_writes=2 leaf_write_records=102 branch_write_children=18 leaf_min=102 leaf_max=102 child_edges_added=18 custody_edges_added=51
LFS_EXTENT_SPLICE v=1 root_height=2 leaf_visits=1 branch_visits=2 leaf_visit_records=102 branch_visit_children=18 leaf_writes=1 branch_writes=2 leaf_write_records=104 branch_write_children=18 leaf_min=104 leaf_max=104 child_edges_added=18 custody_edges_added=52
LFS_EXTENT_SPLICE v=1 root_height=2 leaf_visits=1 branch_visits=2 leaf_visit_records=104 branch_visit_children=18 leaf_writes=1 branch_writes=2 leaf_write_records=106 branch_write_children=18 leaf_min=106 leaf_max=106 child_edges_added=18 custody_edges_added=53
LFS_EXTENT_SPLICE v=1 root_height=2 leaf_visits=1 branch_visits=2 leaf_visit_records=106 branch_visit_children=18 leaf_writes=1 branch_writes=2 leaf_write_records=108 branch_write_children=18 leaf_min=108 leaf_max=108 child_edges_added=18 custody_edges_added=54
LFS_EXTENT_SPLICE v=1 root_height=2 leaf_visits=1 branch_visits=2 leaf_visit_records=108 branch_visit_children=18 leaf_writes=1 branch_writes=2 leaf_write_records=110 branch_write_children=18 leaf_min=110 leaf_max=110 child_edges_added=18 custody_edges_added=55
LFS_EXTENT_SPLICE v=1 root_height=2 leaf_visits=1 branch_visits=2 leaf_visit_records=110 branch_visit_children=18 leaf_writes=1 branch_writes=2 leaf_write_records=112 branch_write_children=18 leaf_min=112 leaf_max=112 child_edges_added=18 custody_edges_added=56
LFS_EXTENT_SPLICE v=1 root_height=2 leaf_visits=1 branch_visits=2 leaf_visit_records=112 branch_visit_children=18 leaf_writes=1 branch_writes=2 leaf_write_records=114 branch_write_children=18 leaf_min=114 leaf_max=114 child_edges_added=18 custody_edges_added=57
LFS_EXTENT_SPLICE v=1 root_height=2 leaf_visits=1 branch_visits=2 leaf_visit_records=114 branch_visit_children=18 leaf_writes=1 branch_writes=2 leaf_write_records=116 branch_write_children=18 leaf_min=116 leaf_max=116 child_edges_added=18 custody_edges_added=58
LFS_EXTENT_SPLICE v=1 root_height=2 leaf_visits=1 branch_visits=2 leaf_visit_records=116 branch_visit_children=18 leaf_writes=1 branch_writes=2 leaf_write_records=118 branch_write_children=18 leaf_min=118 leaf_max=118 child_edges_added=18 custody_edges_added=59
LFS_EXTENT_SPLICE v=1 root_height=2 leaf_visits=1 branch_visits=2 leaf_visit_records=118 branch_visit_children=18 leaf_writes=1 branch_writes=2 leaf_write_records=120 branch_write_children=18 leaf_min=120 leaf_max=120 child_edges_added=18 custody_edges_added=60
LFS_EXTENT_SPLICE v=1 root_height=2 leaf_visits=1 branch_visits=2 leaf_visit_records=120 branch_visit_children=18 leaf_writes=1 branch_writes=2 leaf_write_records=122 branch_write_children=18 leaf_min=122 leaf_max=122 child_edges_added=18 custody_edges_added=61
LFS_EXTENT_SPLICE v=1 root_height=2 leaf_visits=1 branch_visits=2 leaf_visit_records=122 branch_visit_children=18 leaf_writes=1 branch_writes=2 leaf_write_records=124 branch_write_children=18 leaf_min=124 leaf_max=124 child_edges_added=18 custody_edges_added=62
LFS_EXTENT_SPLICE v=1 root_height=2 leaf_visits=1 branch_visits=2 leaf_visit_records=124 branch_visit_children=18 leaf_writes=2 branch_writes=2 leaf_write_records=126 branch_write_children=19 leaf_min=63 leaf_max=63 child_edges_added=19 custody_edges_added=63
LFS_EXTENT_SPLICE v=1 root_height=2 leaf_visits=1 branch_visits=2 leaf_visit_records=63 branch_visit_children=19 leaf_writes=1 branch_writes=2 leaf_write_records=65 branch_write_children=19 leaf_min=65 leaf_max=65 child_edges_added=19 custody_edges_added=32
LFS_EXTENT_SPLICE v=1 root_height=2 leaf_visits=1 branch_visits=2 leaf_visit_records=65 branch_visit_children=19 leaf_writes=1 branch_writes=2 leaf_write_records=67 branch_write_children=19 leaf_min=67 leaf_max=67 child_edges_added=19 custody_edges_added=33
LFS_EXTENT_SPLICE v=1 root_height=2 leaf_visits=1 branch_visits=2 leaf_visit_records=67 branch_visit_children=19 leaf_writes=1 branch_writes=2 leaf_write_records=69 branch_write_children=19 leaf_min=69 leaf_max=69 child_edges_added=19 custody_edges_added=34
LFS_EXTENT_SPLICE v=1 root_height=2 leaf_visits=1 branch_visits=2 leaf_visit_records=69 branch_visit_children=19 leaf_writes=1 branch_writes=2 leaf_write_records=71 branch_write_children=19 leaf_min=71 leaf_max=71 child_edges_added=19 custody_edges_added=35
LFS_EXTENT_SPLICE v=1 root_height=2 leaf_visits=1 branch_visits=2 leaf_visit_records=71 branch_visit_children=19 leaf_writes=1 branch_writes=2 leaf_write_records=73 branch_write_children=19 leaf_min=73 leaf_max=73 child_edges_added=19 custody_edges_added=36
LFS_EXTENT_SPLICE v=1 root_height=2 leaf_visits=1 branch_visits=2 leaf_visit_records=73 branch_visit_children=19 leaf_writes=1 branch_writes=2 leaf_write_records=75 branch_write_children=19 leaf_min=75 leaf_max=75 child_edges_added=19 custody_edges_added=37
LFS_EXTENT_SPLICE v=1 root_height=2 leaf_visits=1 branch_visits=2 leaf_visit_records=75 branch_visit_children=19 leaf_writes=1 branch_writes=2 leaf_write_records=77 branch_write_children=19 leaf_min=77 leaf_max=77 child_edges_added=19 custody_edges_added=38
LFS_EXTENT_SPLICE v=1 root_height=2 leaf_visits=1 branch_visits=2 leaf_visit_records=77 branch_visit_children=19 leaf_writes=1 branch_writes=2 leaf_write_records=79 branch_write_children=19 leaf_min=79 leaf_max=79 child_edges_added=19 custody_edges_added=39
LFS_EXTENT_SPLICE v=1 root_height=2 leaf_visits=1 branch_visits=2 leaf_visit_records=79 branch_visit_children=19 leaf_writes=1 branch_writes=2 leaf_write_records=81 branch_write_children=19 leaf_min=81 leaf_max=81 child_edges_added=19 custody_edges_added=40
LFS_EXTENT_SPLICE v=1 root_height=2 leaf_visits=1 branch_visits=2 leaf_visit_records=81 branch_visit_children=19 leaf_writes=1 branch_writes=2 leaf_write_records=83 branch_write_children=19 leaf_min=83 leaf_max=83 child_edges_added=19 custody_edges_added=41
LFS_EXTENT_SPLICE v=1 root_height=2 leaf_visits=1 branch_visits=2 leaf_visit_records=83 branch_visit_children=19 leaf_writes=1 branch_writes=2 leaf_write_records=85 branch_write_children=19 leaf_min=85 leaf_max=85 child_edges_added=19 custody_edges_added=42
LFS_EXTENT_SPLICE v=1 root_height=2 leaf_visits=1 branch_visits=2 leaf_visit_records=85 branch_visit_children=19 leaf_writes=1 branch_writes=2 leaf_write_records=87 branch_write_children=19 leaf_min=87 leaf_max=87 child_edges_added=19 custody_edges_added=43
LFS_EXTENT_SPLICE v=1 root_height=2 leaf_visits=1 branch_visits=2 leaf_visit_records=87 branch_visit_children=19 leaf_writes=1 branch_writes=2 leaf_write_records=89 branch_write_children=19 leaf_min=89 leaf_max=89 child_edges_added=19 custody_edges_added=44
LFS_EXTENT_SPLICE v=1 root_height=2 leaf_visits=1 branch_visits=2 leaf_visit_records=89 branch_visit_children=19 leaf_writes=1 branch_writes=2 leaf_write_records=91 branch_write_children=19 leaf_min=91 leaf_max=91 child_edges_added=19 custody_edges_added=45
LFS_EXTENT_SPLICE v=1 root_height=2 leaf_visits=1 branch_visits=2 leaf_visit_records=91 branch_visit_children=19 leaf_writes=1 branch_writes=2 leaf_write_records=93 branch_write_children=19 leaf_min=93 leaf_max=93 child_edges_added=19 custody_edges_added=46
LFS_EXTENT_SPLICE v=1 root_height=2 leaf_visits=1 branch_visits=2 leaf_visit_records=93 branch_visit_children=19 leaf_writes=1 branch_writes=2 leaf_write_records=95 branch_write_children=19 leaf_min=95 leaf_max=95 child_edges_added=19 custody_edges_added=47
LFS_EXTENT_SPLICE v=1 root_height=2 leaf_visits=1 branch_visits=2 leaf_visit_records=95 branch_visit_children=19 leaf_writes=1 branch_writes=2 leaf_write_records=97 branch_write_children=19 leaf_min=97 leaf_max=97 child_edges_added=19 custody_edges_added=48
LFS_EXTENT_SPLICE v=1 root_height=2 leaf_visits=1 branch_visits=2 leaf_visit_records=97 branch_visit_children=19 leaf_writes=1 branch_writes=2 leaf_write_records=99 branch_write_children=19 leaf_min=99 leaf_max=99 child_edges_added=19 custody_edges_added=49
LFS_EXTENT_SPLICE v=1 root_height=2 leaf_visits=1 branch_visits=2 leaf_visit_records=99 branch_visit_children=19 leaf_writes=1 branch_writes=2 leaf_write_records=101 branch_write_children=19 leaf_min=101 leaf_max=101 child_edges_added=19 custody_edges_added=50
LFS_EXTENT_SPLICE v=1 root_height=2 leaf_visits=1 branch_visits=2 leaf_visit_records=101 branch_visit_children=19 leaf_writes=1 branch_writes=2 leaf_write_records=103 branch_write_children=19 leaf_min=103 leaf_max=103 child_edges_added=19 custody_edges_added=51
LFS_EXTENT_SPLICE v=1 root_height=2 leaf_visits=1 branch_visits=2 leaf_visit_records=103 branch_visit_children=19 leaf_writes=1 branch_writes=2 leaf_write_records=105 branch_write_children=19 leaf_min=105 leaf_max=105 child_edges_added=19 custody_edges_added=52
LFS_EXTENT_SPLICE v=1 root_height=2 leaf_visits=1 branch_visits=2 leaf_visit_records=105 branch_visit_children=19 leaf_writes=1 branch_writes=2 leaf_write_records=107 branch_write_children=19 leaf_min=107 leaf_max=107 child_edges_added=19 custody_edges_added=53
LFS_EXTENT_SPLICE v=1 root_height=2 leaf_visits=1 branch_visits=2 leaf_visit_records=107 branch_visit_children=19 leaf_writes=1 branch_writes=2 leaf_write_records=109 branch_write_children=19 leaf_min=109 leaf_max=109 child_edges_added=19 custody_edges_added=54
LFS_EXTENT_SPLICE v=1 root_height=2 leaf_visits=1 branch_visits=2 leaf_visit_records=109 branch_visit_children=19 leaf_writes=1 branch_writes=2 leaf_write_records=111 branch_write_children=19 leaf_min=111 leaf_max=111 child_edges_added=19 custody_edges_added=55
LFS_EXTENT_SPLICE v=1 root_height=2 leaf_visits=1 branch_visits=2 leaf_visit_records=111 branch_visit_children=19 leaf_writes=1 branch_writes=2 leaf_write_records=113 branch_write_children=19 leaf_min=113 leaf_max=113 child_edges_added=19 custody_edges_added=56
LFS_EXTENT_SPLICE v=1 root_height=2 leaf_visits=1 branch_visits=2 leaf_visit_records=113 branch_visit_children=19 leaf_writes=1 branch_writes=2 leaf_write_records=115 branch_write_children=19 leaf_min=115 leaf_max=115 child_edges_added=19 custody_edges_added=57
LFS_EXTENT_SPLICE v=1 root_height=2 leaf_visits=1 branch_visits=2 leaf_visit_records=115 branch_visit_children=19 leaf_writes=1 branch_writes=2 leaf_write_records=117 branch_write_children=19 leaf_min=117 leaf_max=117 child_edges_added=19 custody_edges_added=58
LFS_EXTENT_SPLICE v=1 root_height=2 leaf_visits=1 branch_visits=2 leaf_visit_records=117 branch_visit_children=19 leaf_writes=1 branch_writes=2 leaf_write_records=119 branch_write_children=19 leaf_min=119 leaf_max=119 child_edges_added=19 custody_edges_added=59
LFS_EXTENT_SPLICE v=1 root_height=2 leaf_visits=1 branch_visits=2 leaf_visit_records=119 branch_visit_children=19 leaf_writes=1 branch_writes=2 leaf_write_records=121 branch_write_children=19 leaf_min=121 leaf_max=121 child_edges_added=19 custody_edges_added=60
LFS_EXTENT_SPLICE v=1 root_height=2 leaf_visits=1 branch_visits=2 leaf_visit_records=121 branch_visit_children=19 leaf_writes=1 branch_writes=2 leaf_write_records=123 branch_write_children=19 leaf_min=123 leaf_max=123 child_edges_added=19 custody_edges_added=61
LFS_EXTENT_SPLICE v=1 root_height=2 leaf_visits=1 branch_visits=2 leaf_visit_records=123 branch_visit_children=19 leaf_writes=2 branch_writes=2 leaf_write_records=125 branch_write_children=20 leaf_min=62 leaf_max=63 child_edges_added=20 custody_edges_added=62
LFS_EXTENT_SPLICE v=1 root_height=2 leaf_visits=1 branch_visits=2 leaf_visit_records=62 branch_visit_children=20 leaf_writes=1 branch_writes=2 leaf_write_records=64 branch_write_children=20 leaf_min=64 leaf_max=64 child_edges_added=20 custody_edges_added=32
LFS_EXTENT_SPLICE v=1 root_height=2 leaf_visits=1 branch_visits=2 leaf_visit_records=64 branch_visit_children=20 leaf_writes=1 branch_writes=2 leaf_write_records=66 branch_write_children=20 leaf_min=66 leaf_max=66 child_edges_added=20 custody_edges_added=33
LFS_EXTENT_SPLICE v=1 root_height=2 leaf_visits=1 branch_visits=2 leaf_visit_records=66 branch_visit_children=20 leaf_writes=1 branch_writes=2 leaf_write_records=68 branch_write_children=20 leaf_min=68 leaf_max=68 child_edges_added=20 custody_edges_added=34
LFS_EXTENT_SPLICE v=1 root_height=2 leaf_visits=1 branch_visits=2 leaf_visit_records=68 branch_visit_children=20 leaf_writes=1 branch_writes=2 leaf_write_records=70 branch_write_children=20 leaf_min=70 leaf_max=70 child_edges_added=20 custody_edges_added=35
LFS_EXTENT_SPLICE v=1 root_height=2 leaf_visits=1 branch_visits=2 leaf_visit_records=70 branch_visit_children=20 leaf_writes=1 branch_writes=2 leaf_write_records=72 branch_write_children=20 leaf_min=72 leaf_max=72 child_edges_added=20 custody_edges_added=36
LFS_EXTENT_SPLICE v=1 root_height=2 leaf_visits=1 branch_visits=2 leaf_visit_records=72 branch_visit_children=20 leaf_writes=1 branch_writes=2 leaf_write_records=74 branch_write_children=20 leaf_min=74 leaf_max=74 child_edges_added=20 custody_edges_added=37
LFS_EXTENT_SPLICE v=1 root_height=2 leaf_visits=1 branch_visits=2 leaf_visit_records=74 branch_visit_children=20 leaf_writes=1 branch_writes=2 leaf_write_records=76 branch_write_children=20 leaf_min=76 leaf_max=76 child_edges_added=20 custody_edges_added=38
LFS_EXTENT_SPLICE v=1 root_height=2 leaf_visits=1 branch_visits=2 leaf_visit_records=76 branch_visit_children=20 leaf_writes=1 branch_writes=2 leaf_write_records=78 branch_write_children=20 leaf_min=78 leaf_max=78 child_edges_added=20 custody_edges_added=39
LFS_EXTENT_SPLICE v=1 root_height=2 leaf_visits=1 branch_visits=2 leaf_visit_records=78 branch_visit_children=20 leaf_writes=1 branch_writes=2 leaf_write_records=80 branch_write_children=20 leaf_min=80 leaf_max=80 child_edges_added=20 custody_edges_added=40
LFS_EXTENT_SPLICE v=1 root_height=2 leaf_visits=1 branch_visits=2 leaf_visit_records=80 branch_visit_children=20 leaf_writes=1 branch_writes=2 leaf_write_records=82 branch_write_children=20 leaf_min=82 leaf_max=82 child_edges_added=20 custody_edges_added=41
LFS_EXTENT_SPLICE v=1 root_height=2 leaf_visits=1 branch_visits=2 leaf_visit_records=82 branch_visit_children=20 leaf_writes=1 branch_writes=2 leaf_write_records=84 branch_write_children=20 leaf_min=84 leaf_max=84 child_edges_added=20 custody_edges_added=42
LFS_EXTENT_SPLICE v=1 root_height=2 leaf_visits=1 branch_visits=2 leaf_visit_records=84 branch_visit_children=20 leaf_writes=1 branch_writes=2 leaf_write_records=86 branch_write_children=20 leaf_min=86 leaf_max=86 child_edges_added=20 custody_edges_added=43
LFS_EXTENT_SPLICE v=1 root_height=2 leaf_visits=1 branch_visits=2 leaf_visit_records=86 branch_visit_children=20 leaf_writes=1 branch_writes=2 leaf_write_records=88 branch_write_children=20 leaf_min=88 leaf_max=88 child_edges_added=20 custody_edges_added=44
LFS_EXTENT_SPLICE v=1 root_height=2 leaf_visits=1 branch_visits=2 leaf_visit_records=88 branch_visit_children=20 leaf_writes=1 branch_writes=2 leaf_write_records=90 branch_write_children=20 leaf_min=90 leaf_max=90 child_edges_added=20 custody_edges_added=45
LFS_EXTENT_SPLICE v=1 root_height=2 leaf_visits=1 branch_visits=2 leaf_visit_records=90 branch_visit_children=20 leaf_writes=1 branch_writes=2 leaf_write_records=92 branch_write_children=20 leaf_min=92 leaf_max=92 child_edges_added=20 custody_edges_added=46
LFS_EXTENT_SPLICE v=1 root_height=2 leaf_visits=1 branch_visits=2 leaf_visit_records=92 branch_visit_children=20 leaf_writes=1 branch_writes=2 leaf_write_records=94 branch_write_children=20 leaf_min=94 leaf_max=94 child_edges_added=20 custody_edges_added=47
LFS_EXTENT_SPLICE v=1 root_height=2 leaf_visits=1 branch_visits=2 leaf_visit_records=94 branch_visit_children=20 leaf_writes=1 branch_writes=2 leaf_write_records=96 branch_write_children=20 leaf_min=96 leaf_max=96 child_edges_added=20 custody_edges_added=48
LFS_EXTENT_SPLICE v=1 root_height=2 leaf_visits=1 branch_visits=2 leaf_visit_records=96 branch_visit_children=20 leaf_writes=1 branch_writes=2 leaf_write_records=98 branch_write_children=20 leaf_min=98 leaf_max=98 child_edges_added=20 custody_edges_added=49
LFS_EXTENT_SPLICE v=1 root_height=2 leaf_visits=1 branch_visits=2 leaf_visit_records=98 branch_visit_children=20 leaf_writes=1 branch_writes=2 leaf_write_records=100 branch_write_children=20 leaf_min=100 leaf_max=100 child_edges_added=20 custody_edges_added=50
LFS_EXTENT_SPLICE v=1 root_height=2 leaf_visits=1 branch_visits=2 leaf_visit_records=100 branch_visit_children=20 leaf_writes=1 branch_writes=2 leaf_write_records=102 branch_write_children=20 leaf_min=102 leaf_max=102 child_edges_added=20 custody_edges_added=51
LFS_EXTENT_SPLICE v=1 root_height=2 leaf_visits=1 branch_visits=2 leaf_visit_records=102 branch_visit_children=20 leaf_writes=1 branch_writes=2 leaf_write_records=104 branch_write_children=20 leaf_min=104 leaf_max=104 child_edges_added=20 custody_edges_added=52
LFS_EXTENT_SPLICE v=1 root_height=2 leaf_visits=1 branch_visits=2 leaf_visit_records=104 branch_visit_children=20 leaf_writes=1 branch_writes=2 leaf_write_records=106 branch_write_children=20 leaf_min=106 leaf_max=106 child_edges_added=20 custody_edges_added=53
LFS_EXTENT_SPLICE v=1 root_height=2 leaf_visits=1 branch_visits=2 leaf_visit_records=106 branch_visit_children=20 leaf_writes=1 branch_writes=2 leaf_write_records=108 branch_write_children=20 leaf_min=108 leaf_max=108 child_edges_added=20 custody_edges_added=54
LFS_EXTENT_SPLICE v=1 root_height=2 leaf_visits=1 branch_visits=2 leaf_visit_records=108 branch_visit_children=20 leaf_writes=1 branch_writes=2 leaf_write_records=110 branch_write_children=20 leaf_min=110 leaf_max=110 child_edges_added=20 custody_edges_added=55
LFS_EXTENT_SPLICE v=1 root_height=2 leaf_visits=1 branch_visits=2 leaf_visit_records=110 branch_visit_children=20 leaf_writes=1 branch_writes=2 leaf_write_records=112 branch_write_children=20 leaf_min=112 leaf_max=112 child_edges_added=20 custody_edges_added=56
LFS_EXTENT_SPLICE v=1 root_height=2 leaf_visits=1 branch_visits=2 leaf_visit_records=112 branch_visit_children=20 leaf_writes=1 branch_writes=2 leaf_write_records=114 branch_write_children=20 leaf_min=114 leaf_max=114 child_edges_added=20 custody_edges_added=57
LFS_EXTENT_SPLICE v=1 root_height=2 leaf_visits=1 branch_visits=2 leaf_visit_records=114 branch_visit_children=20 leaf_writes=1 branch_writes=2 leaf_write_records=116 branch_write_children=20 leaf_min=116 leaf_max=116 child_edges_added=20 custody_edges_added=58
LFS_EXTENT_SPLICE v=1 root_height=2 leaf_visits=1 branch_visits=2 leaf_visit_records=116 branch_visit_children=20 leaf_writes=1 branch_writes=2 leaf_write_records=118 branch_write_children=20 leaf_min=118 leaf_max=118 child_edges_added=20 custody_edges_added=59
LFT1 {"v":1,"namespace":13710895918682022928,"run":"0388b7df3c6bbe5fc5bf9044daa9cf3f","pid":1,"role":2,"kind":"resource","scope":"process-shared","clock":"local-monitor","at_ns":7030846044,"incarnation":8311343,"user_ns":2230000000,"source":"procfs+sysconf","probe_ns":9458,"selected":3,"system_ns":1050000000,"rss":41000960}
LFS_EXTENT_SPLICE v=1 root_height=2 leaf_visits=1 branch_visits=2 leaf_visit_records=118 branch_visit_children=20 leaf_writes=1 branch_writes=2 leaf_write_records=120 branch_write_children=20 leaf_min=120 leaf_max=120 child_edges_added=20 custody_edges_added=60
LFS_EXTENT_SPLICE v=1 root_height=2 leaf_visits=1 branch_visits=2 leaf_visit_records=120 branch_visit_children=20 leaf_writes=1 branch_writes=2 leaf_write_records=122 branch_write_children=20 leaf_min=122 leaf_max=122 child_edges_added=20 custody_edges_added=61
LFS_EXTENT_SPLICE v=1 root_height=2 leaf_visits=1 branch_visits=2 leaf_visit_records=122 branch_visit_children=20 leaf_writes=1 branch_writes=2 leaf_write_records=124 branch_write_children=20 leaf_min=124 leaf_max=124 child_edges_added=20 custody_edges_added=62
LFS_EXTENT_SPLICE v=1 root_height=2 leaf_visits=1 branch_visits=2 leaf_visit_records=124 branch_visit_children=20 leaf_writes=2 branch_writes=2 leaf_write_records=126 branch_write_children=21 leaf_min=63 leaf_max=63 child_edges_added=21 custody_edges_added=63
LFS_EXTENT_SPLICE v=1 root_height=2 leaf_visits=1 branch_visits=2 leaf_visit_records=63 branch_visit_children=21 leaf_writes=1 branch_writes=2 leaf_write_records=65 branch_write_children=21 leaf_min=65 leaf_max=65 child_edges_added=21 custody_edges_added=32
LFS_EXTENT_SPLICE v=1 root_height=2 leaf_visits=1 branch_visits=2 leaf_visit_records=65 branch_visit_children=21 leaf_writes=1 branch_writes=2 leaf_write_records=67 branch_write_children=21 leaf_min=67 leaf_max=67 child_edges_added=21 custody_edges_added=33
LFS_EXTENT_SPLICE v=1 root_height=2 leaf_visits=1 branch_visits=2 leaf_visit_records=67 branch_visit_children=21 leaf_writes=1 branch_writes=2 leaf_write_records=69 branch_write_children=21 leaf_min=69 leaf_max=69 child_edges_added=21 custody_edges_added=34
LFS_EXTENT_SPLICE v=1 root_height=2 leaf_visits=1 branch_visits=2 leaf_visit_records=69 branch_visit_children=21 leaf_writes=1 branch_writes=2 leaf_write_records=71 branch_write_children=21 leaf_min=71 leaf_max=71 child_edges_added=21 custody_edges_added=35
LFS_EXTENT_SPLICE v=1 root_height=2 leaf_visits=1 branch_visits=2 leaf_visit_records=71 branch_visit_children=21 leaf_writes=1 branch_writes=2 leaf_write_records=73 branch_write_children=21 leaf_min=73 leaf_max=73 child_edges_added=21 custody_edges_added=36
LFS_EXTENT_SPLICE v=1 root_height=2 leaf_visits=1 branch_visits=2 leaf_visit_records=73 branch_visit_children=21 leaf_writes=1 branch_writes=2 leaf_write_records=75 branch_write_children=21 leaf_min=75 leaf_max=75 child_edges_added=21 custody_edges_added=37
LFS_EXTENT_SPLICE v=1 root_height=2 leaf_visits=1 branch_visits=2 leaf_visit_records=75 branch_visit_children=21 leaf_writes=1 branch_writes=2 leaf_write_records=77 branch_write_children=21 leaf_min=77 leaf_max=77 child_edges_added=21 custody_edges_added=38
LFS_EXTENT_SPLICE v=1 root_height=2 leaf_visits=1 branch_visits=2 leaf_visit_records=77 branch_visit_children=21 leaf_writes=1 branch_writes=2 leaf_write_records=79 branch_write_children=21 leaf_min=79 leaf_max=79 child_edges_added=21 custody_edges_added=39
LFS_EXTENT_SPLICE v=1 root_height=2 leaf_visits=1 branch_visits=2 leaf_visit_records=79 branch_visit_children=21 leaf_writes=1 branch_writes=2 leaf_write_records=81 branch_write_children=21 leaf_min=81 leaf_max=81 child_edges_added=21 custody_edges_added=40
LFS_EXTENT_SPLICE v=1 root_height=2 leaf_visits=1 branch_visits=2 leaf_visit_records=81 branch_visit_children=21 leaf_writes=1 branch_writes=2 leaf_write_records=83 branch_write_children=21 leaf_min=83 leaf_max=83 child_edges_added=21 custody_edges_added=41
LFS_EXTENT_SPLICE v=1 root_height=2 leaf_visits=1 branch_visits=2 leaf_visit_records=83 branch_visit_children=21 leaf_writes=1 branch_writes=2 leaf_write_records=85 branch_write_children=21 leaf_min=85 leaf_max=85 child_edges_added=21 custody_edges_added=42
LFS_EXTENT_SPLICE v=1 root_height=2 leaf_visits=1 branch_visits=2 leaf_visit_records=85 branch_visit_children=21 leaf_writes=1 branch_writes=2 leaf_write_records=87 branch_write_children=21 leaf_min=87 leaf_max=87 child_edges_added=21 custody_edges_added=43
LFS_EXTENT_SPLICE v=1 root_height=2 leaf_visits=1 branch_visits=2 leaf_visit_records=87 branch_visit_children=21 leaf_writes=1 branch_writes=2 leaf_write_records=89 branch_write_children=21 leaf_min=89 leaf_max=89 child_edges_added=21 custody_edges_added=44
LFS_EXTENT_SPLICE v=1 root_height=2 leaf_visits=1 branch_visits=2 leaf_visit_records=89 branch_visit_children=21 leaf_writes=1 branch_writes=2 leaf_write_records=91 branch_write_children=21 leaf_min=91 leaf_max=91 child_edges_added=21 custody_edges_added=45
LFS_EXTENT_SPLICE v=1 root_height=2 leaf_visits=1 branch_visits=2 leaf_visit_records=91 branch_visit_children=21 leaf_writes=1 branch_writes=2 leaf_write_records=93 branch_write_children=21 leaf_min=93 leaf_max=93 child_edges_added=21 custody_edges_added=46
LFS_EXTENT_SPLICE v=1 root_height=2 leaf_visits=1 branch_visits=2 leaf_visit_records=93 branch_visit_children=21 leaf_writes=1 branch_writes=2 leaf_write_records=95 branch_write_children=21 leaf_min=95 leaf_max=95 child_edges_added=21 custody_edges_added=47
LFS_EXTENT_SPLICE v=1 root_height=2 leaf_visits=1 branch_visits=2 leaf_visit_records=95 branch_visit_children=21 leaf_writes=1 branch_writes=2 leaf_write_records=97 branch_write_children=21 leaf_min=97 leaf_max=97 child_edges_added=21 custody_edges_added=48
LFS_EXTENT_SPLICE v=1 root_height=2 leaf_visits=1 branch_visits=2 leaf_visit_records=97 branch_visit_children=21 leaf_writes=1 branch_writes=2 leaf_write_records=99 branch_write_children=21 leaf_min=99 leaf_max=99 child_edges_added=21 custody_edges_added=49
LFS_EXTENT_SPLICE v=1 root_height=2 leaf_visits=1 branch_visits=2 leaf_visit_records=99 branch_visit_children=21 leaf_writes=1 branch_writes=2 leaf_write_records=101 branch_write_children=21 leaf_min=101 leaf_max=101 child_edges_added=21 custody_edges_added=50
LFS_EXTENT_SPLICE v=1 root_height=2 leaf_visits=1 branch_visits=2 leaf_visit_records=101 branch_visit_children=21 leaf_writes=1 branch_writes=2 leaf_write_records=103 branch_write_children=21 leaf_min=103 leaf_max=103 child_edges_added=21 custody_edges_added=51
LFS_EXTENT_SPLICE v=1 root_height=2 leaf_visits=1 branch_visits=2 leaf_visit_records=103 branch_visit_children=21 leaf_writes=1 branch_writes=2 leaf_write_records=105 branch_write_children=21 leaf_min=105 leaf_max=105 child_edges_added=21 custody_edges_added=52
LFS_EXTENT_SPLICE v=1 root_height=2 leaf_visits=1 branch_visits=2 leaf_visit_records=105 branch_visit_children=21 leaf_writes=1 branch_writes=2 leaf_write_records=107 branch_write_children=21 leaf_min=107 leaf_max=107 child_edges_added=21 custody_edges_added=53
LFS_EXTENT_SPLICE v=1 root_height=2 leaf_visits=1 branch_visits=2 leaf_visit_records=107 branch_visit_children=21 leaf_writes=1 branch_writes=2 leaf_write_records=109 branch_write_children=21 leaf_min=109 leaf_max=109 child_edges_added=21 custody_edges_added=54
LFS_EXTENT_SPLICE v=1 root_height=2 leaf_visits=1 branch_visits=2 leaf_visit_records=109 branch_visit_children=21 leaf_writes=1 branch_writes=2 leaf_write_records=111 branch_write_children=21 leaf_min=111 leaf_max=111 child_edges_added=21 custody_edges_added=55
LFS_EXTENT_SPLICE v=1 root_height=2 leaf_visits=1 branch_visits=2 leaf_visit_records=111 branch_visit_children=21 leaf_writes=1 branch_writes=2 leaf_write_records=113 branch_write_children=21 leaf_min=113 leaf_max=113 child_edges_added=21 custody_edges_added=56
LFS_EXTENT_SPLICE v=1 root_height=2 leaf_visits=1 branch_visits=2 leaf_visit_records=113 branch_visit_children=21 leaf_writes=1 branch_writes=2 leaf_write_records=115 branch_write_children=21 leaf_min=115 leaf_max=115 child_edges_added=21 custody_edges_added=57
LFS_EXTENT_SPLICE v=1 root_height=2 leaf_visits=1 branch_visits=2 leaf_visit_records=115 branch_visit_children=21 leaf_writes=1 branch_writes=2 leaf_write_records=117 branch_write_children=21 leaf_min=117 leaf_max=117 child_edges_added=21 custody_edges_added=58
LFS_EXTENT_SPLICE v=1 root_height=2 leaf_visits=1 branch_visits=2 leaf_visit_records=117 branch_visit_children=21 leaf_writes=1 branch_writes=2 leaf_write_records=119 branch_write_children=21 leaf_min=119 leaf_max=119 child_edges_added=21 custody_edges_added=59
LFS_EXTENT_SPLICE v=1 root_height=2 leaf_visits=1 branch_visits=2 leaf_visit_records=119 branch_visit_children=21 leaf_writes=1 branch_writes=2 leaf_write_records=121 branch_write_children=21 leaf_min=121 leaf_max=121 child_edges_added=21 custody_edges_added=60
LFS_EXTENT_SPLICE v=1 root_height=2 leaf_visits=1 branch_visits=2 leaf_visit_records=121 branch_visit_children=21 leaf_writes=1 branch_writes=2 leaf_write_records=123 branch_write_children=21 leaf_min=123 leaf_max=123 child_edges_added=21 custody_edges_added=61
LFS_EXTENT_SPLICE v=1 root_height=2 leaf_visits=1 branch_visits=2 leaf_visit_records=123 branch_visit_children=21 leaf_writes=2 branch_writes=2 leaf_write_records=125 branch_write_children=22 leaf_min=62 leaf_max=63 child_edges_added=22 custody_edges_added=62
LFS_EXTENT_SPLICE v=1 root_height=2 leaf_visits=1 branch_visits=2 leaf_visit_records=62 branch_visit_children=22 leaf_writes=1 branch_writes=2 leaf_write_records=64 branch_write_children=22 leaf_min=64 leaf_max=64 child_edges_added=22 custody_edges_added=32
LFS_EXTENT_SPLICE v=1 root_height=2 leaf_visits=1 branch_visits=2 leaf_visit_records=64 branch_visit_children=22 leaf_writes=1 branch_writes=2 leaf_write_records=66 branch_write_children=22 leaf_min=66 leaf_max=66 child_edges_added=22 custody_edges_added=33
LFS_EXTENT_SPLICE v=1 root_height=2 leaf_visits=1 branch_visits=2 leaf_visit_records=66 branch_visit_children=22 leaf_writes=1 branch_writes=2 leaf_write_records=68 branch_write_children=22 leaf_min=68 leaf_max=68 child_edges_added=22 custody_edges_added=34
LFS_EXTENT_SPLICE v=1 root_height=2 leaf_visits=1 branch_visits=2 leaf_visit_records=68 branch_visit_children=22 leaf_writes=1 branch_writes=2 leaf_write_records=70 branch_write_children=22 leaf_min=70 leaf_max=70 child_edges_added=22 custody_edges_added=35
LFS_EXTENT_SPLICE v=1 root_height=2 leaf_visits=1 branch_visits=2 leaf_visit_records=70 branch_visit_children=22 leaf_writes=1 branch_writes=2 leaf_write_records=72 branch_write_children=22 leaf_min=72 leaf_max=72 child_edges_added=22 custody_edges_added=36
LFS_EXTENT_SPLICE v=1 root_height=2 leaf_visits=1 branch_visits=2 leaf_visit_records=72 branch_visit_children=22 leaf_writes=1 branch_writes=2 leaf_write_records=74 branch_write_children=22 leaf_min=74 leaf_max=74 child_edges_added=22 custody_edges_added=37
LFS_EXTENT_SPLICE v=1 root_height=2 leaf_visits=1 branch_visits=2 leaf_visit_records=74 branch_visit_children=22 leaf_writes=1 branch_writes=2 leaf_write_records=76 branch_write_children=22 leaf_min=76 leaf_max=76 child_edges_added=22 custody_edges_added=38
LFS_EXTENT_SPLICE v=1 root_height=2 leaf_visits=1 branch_visits=2 leaf_visit_records=76 branch_visit_children=22 leaf_writes=1 branch_writes=2 leaf_write_records=78 branch_write_children=22 leaf_min=78 leaf_max=78 child_edges_added=22 custody_edges_added=39
LFS_EXTENT_SPLICE v=1 root_height=2 leaf_visits=1 branch_visits=2 leaf_visit_records=78 branch_visit_children=22 leaf_writes=1 branch_writes=2 leaf_write_records=80 branch_write_children=22 leaf_min=80 leaf_max=80 child_edges_added=22 custody_edges_added=40
LFS_EXTENT_SPLICE v=1 root_height=2 leaf_visits=1 branch_visits=2 leaf_visit_records=80 branch_visit_children=22 leaf_writes=1 branch_writes=2 leaf_write_records=82 branch_write_children=22 leaf_min=82 leaf_max=82 child_edges_added=22 custody_edges_added=41
LFS_EXTENT_SPLICE v=1 root_height=2 leaf_visits=1 branch_visits=2 leaf_visit_records=82 branch_visit_children=22 leaf_writes=1 branch_writes=2 leaf_write_records=84 branch_write_children=22 leaf_min=84 leaf_max=84 child_edges_added=22 custody_edges_added=42
LFS_EXTENT_SPLICE v=1 root_height=2 leaf_visits=1 branch_visits=2 leaf_visit_records=84 branch_visit_children=22 leaf_writes=1 branch_writes=2 leaf_write_records=86 branch_write_children=22 leaf_min=86 leaf_max=86 child_edges_added=22 custody_edges_added=43
LFS_EXTENT_SPLICE v=1 root_height=2 leaf_visits=1 branch_visits=2 leaf_visit_records=86 branch_visit_children=22 leaf_writes=1 branch_writes=2 leaf_write_records=88 branch_write_children=22 leaf_min=88 leaf_max=88 child_edges_added=22 custody_edges_added=44
LFS_EXTENT_SPLICE v=1 root_height=2 leaf_visits=1 branch_visits=2 leaf_visit_records=88 branch_visit_children=22 leaf_writes=1 branch_writes=2 leaf_write_records=90 branch_write_children=22 leaf_min=90 leaf_max=90 child_edges_added=22 custody_edges_added=45
LFS_EXTENT_SPLICE v=1 root_height=2 leaf_visits=1 branch_visits=2 leaf_visit_records=90 branch_visit_children=22 leaf_writes=1 branch_writes=2 leaf_write_records=92 branch_write_children=22 leaf_min=92 leaf_max=92 child_edges_added=22 custody_edges_added=46
LFS_EXTENT_SPLICE v=1 root_height=2 leaf_visits=1 branch_visits=2 leaf_visit_records=92 branch_visit_children=22 leaf_writes=1 branch_writes=2 leaf_write_records=94 branch_write_children=22 leaf_min=94 leaf_max=94 child_edges_added=22 custody_edges_added=47
LFS_EXTENT_SPLICE v=1 root_height=2 leaf_visits=1 branch_visits=2 leaf_visit_records=94 branch_visit_children=22 leaf_writes=1 branch_writes=2 leaf_write_records=96 branch_write_children=22 leaf_min=96 leaf_max=96 child_edges_added=22 custody_edges_added=48
LFS_EXTENT_SPLICE v=1 root_height=2 leaf_visits=1 branch_visits=2 leaf_visit_records=96 branch_visit_children=22 leaf_writes=1 branch_writes=2 leaf_write_records=98 branch_write_children=22 leaf_min=98 leaf_max=98 child_edges_added=22 custody_edges_added=49
LFS_EXTENT_SPLICE v=1 root_height=2 leaf_visits=1 branch_visits=2 leaf_visit_records=98 branch_visit_children=22 leaf_writes=1 branch_writes=2 leaf_write_records=100 branch_write_children=22 leaf_min=100 leaf_max=100 child_edges_added=22 custody_edges_added=50
LFS_EXTENT_SPLICE v=1 root_height=2 leaf_visits=1 branch_visits=2 leaf_visit_records=100 branch_visit_children=22 leaf_writes=1 branch_writes=2 leaf_write_records=102 branch_write_children=22 leaf_min=102 leaf_max=102 child_edges_added=22 custody_edges_added=51
LFS_EXTENT_SPLICE v=1 root_height=2 leaf_visits=1 branch_visits=2 leaf_visit_records=102 branch_visit_children=22 leaf_writes=1 branch_writes=2 leaf_write_records=104 branch_write_children=22 leaf_min=104 leaf_max=104 child_edges_added=22 custody_edges_added=52
LFS_EXTENT_SPLICE v=1 root_height=2 leaf_visits=1 branch_visits=2 leaf_visit_records=104 branch_visit_children=22 leaf_writes=1 branch_writes=2 leaf_write_records=106 branch_write_children=22 leaf_min=106 leaf_max=106 child_edges_added=22 custody_edges_added=53
LFS_EXTENT_SPLICE v=1 root_height=2 leaf_visits=1 branch_visits=2 leaf_visit_records=106 branch_visit_children=22 leaf_writes=1 branch_writes=2 leaf_write_records=108 branch_write_children=22 leaf_min=108 leaf_max=108 child_edges_added=22 custody_edges_added=54
LFS_EXTENT_SPLICE v=1 root_height=2 leaf_visits=1 branch_visits=2 leaf_visit_records=108 branch_visit_children=22 leaf_writes=1 branch_writes=2 leaf_write_records=110 branch_write_children=22 leaf_min=110 leaf_max=110 child_edges_added=22 custody_edges_added=55
LFS_EXTENT_SPLICE v=1 root_height=2 leaf_visits=1 branch_visits=2 leaf_visit_records=110 branch_visit_children=22 leaf_writes=1 branch_writes=2 leaf_write_records=112 branch_write_children=22 leaf_min=112 leaf_max=112 child_edges_added=22 custody_edges_added=56
LFS_EXTENT_SPLICE v=1 root_height=2 leaf_visits=1 branch_visits=2 leaf_visit_records=112 branch_visit_children=22 leaf_writes=1 branch_writes=2 leaf_write_records=114 branch_write_children=22 leaf_min=114 leaf_max=114 child_edges_added=22 custody_edges_added=57
LFS_EXTENT_SPLICE v=1 root_height=2 leaf_visits=1 branch_visits=2 leaf_visit_records=114 branch_visit_children=22 leaf_writes=1 branch_writes=2 leaf_write_records=116 branch_write_children=22 leaf_min=116 leaf_max=116 child_edges_added=22 custody_edges_added=58
LFS_EXTENT_SPLICE v=1 root_height=2 leaf_visits=1 branch_visits=2 leaf_visit_records=116 branch_visit_children=22 leaf_writes=1 branch_writes=2 leaf_write_records=118 branch_write_children=22 leaf_min=118 leaf_max=118 child_edges_added=22 custody_edges_added=59
LFS_EXTENT_SPLICE v=1 root_height=2 leaf_visits=1 branch_visits=2 leaf_visit_records=118 branch_visit_children=22 leaf_writes=1 branch_writes=2 leaf_write_records=120 branch_write_children=22 leaf_min=120 leaf_max=120 child_edges_added=22 custody_edges_added=60
LFS_EXTENT_SPLICE v=1 root_height=2 leaf_visits=1 branch_visits=2 leaf_visit_records=120 branch_visit_children=22 leaf_writes=1 branch_writes=2 leaf_write_records=122 branch_write_children=22 leaf_min=122 leaf_max=122 child_edges_added=22 custody_edges_added=61
LFS_EXTENT_SPLICE v=1 root_height=2 leaf_visits=1 branch_visits=2 leaf_visit_records=122 branch_visit_children=22 leaf_writes=1 branch_writes=2 leaf_write_records=124 branch_write_children=22 leaf_min=124 leaf_max=124 child_edges_added=22 custody_edges_added=62
LFS_EXTENT_SPLICE v=1 root_height=2 leaf_visits=1 branch_visits=2 leaf_visit_records=124 branch_visit_children=22 leaf_writes=2 branch_writes=2 leaf_write_records=126 branch_write_children=23 leaf_min=63 leaf_max=63 child_edges_added=23 custody_edges_added=63
LFS_EXTENT_SPLICE v=1 root_height=2 leaf_visits=1 branch_visits=2 leaf_visit_records=63 branch_visit_children=23 leaf_writes=1 branch_writes=2 leaf_write_records=65 branch_write_children=23 leaf_min=65 leaf_max=65 child_edges_added=23 custody_edges_added=32
LFS_EXTENT_SPLICE v=1 root_height=2 leaf_visits=1 branch_visits=2 leaf_visit_records=65 branch_visit_children=23 leaf_writes=1 branch_writes=2 leaf_write_records=67 branch_write_children=23 leaf_min=67 leaf_max=67 child_edges_added=23 custody_edges_added=33
LFS_EXTENT_SPLICE v=1 root_height=2 leaf_visits=1 branch_visits=2 leaf_visit_records=67 branch_visit_children=23 leaf_writes=1 branch_writes=2 leaf_write_records=69 branch_write_children=23 leaf_min=69 leaf_max=69 child_edges_added=23 custody_edges_added=34
LFS_EXTENT_SPLICE v=1 root_height=2 leaf_visits=1 branch_visits=2 leaf_visit_records=69 branch_visit_children=23 leaf_writes=1 branch_writes=2 leaf_write_records=71 branch_write_children=23 leaf_min=71 leaf_max=71 child_edges_added=23 custody_edges_added=35
LFS_EXTENT_SPLICE v=1 root_height=2 leaf_visits=1 branch_visits=2 leaf_visit_records=71 branch_visit_children=23 leaf_writes=1 branch_writes=2 leaf_write_records=73 branch_write_children=23 leaf_min=73 leaf_max=73 child_edges_added=23 custody_edges_added=36
LFS_EXTENT_SPLICE v=1 root_height=2 leaf_visits=1 branch_visits=2 leaf_visit_records=73 branch_visit_children=23 leaf_writes=1 branch_writes=2 leaf_write_records=75 branch_write_children=23 leaf_min=75 leaf_max=75 child_edges_added=23 custody_edges_added=37
LFS_EXTENT_SPLICE v=1 root_height=2 leaf_visits=1 branch_visits=2 leaf_visit_records=75 branch_visit_children=23 leaf_writes=1 branch_writes=2 leaf_write_records=77 branch_write_children=23 leaf_min=77 leaf_max=77 child_edges_added=23 custody_edges_added=38
LFS_EXTENT_SPLICE v=1 root_height=2 leaf_visits=1 branch_visits=2 leaf_visit_records=77 branch_visit_children=23 leaf_writes=1 branch_writes=2 leaf_write_records=79 branch_write_children=23 leaf_min=79 leaf_max=79 child_edges_added=23 custody_edges_added=39
LFS_EXTENT_SPLICE v=1 root_height=2 leaf_visits=1 branch_visits=2 leaf_visit_records=79 branch_visit_children=23 leaf_writes=1 branch_writes=2 leaf_write_records=81 branch_write_children=23 leaf_min=81 leaf_max=81 child_edges_added=23 custody_edges_added=40
LFS_EXTENT_SPLICE v=1 root_height=2 leaf_visits=1 branch_visits=2 leaf_visit_records=81 branch_visit_children=23 leaf_writes=1 branch_writes=2 leaf_write_records=83 branch_write_children=23 leaf_min=83 leaf_max=83 child_edges_added=23 custody_edges_added=41
LFS_EXTENT_SPLICE v=1 root_height=2 leaf_visits=1 branch_visits=2 leaf_visit_records=83 branch_visit_children=23 leaf_writes=1 branch_writes=2 leaf_write_records=85 branch_write_children=23 leaf_min=85 leaf_max=85 child_edges_added=23 custody_edges_added=42
LFS_EXTENT_SPLICE v=1 root_height=2 leaf_visits=1 branch_visits=2 leaf_visit_records=85 branch_visit_children=23 leaf_writes=1 branch_writes=2 leaf_write_records=87 branch_write_children=23 leaf_min=87 leaf_max=87 child_edges_added=23 custody_edges_added=43
LFS_EXTENT_SPLICE v=1 root_height=2 leaf_visits=1 branch_visits=2 leaf_visit_records=87 branch_visit_children=23 leaf_writes=1 branch_writes=2 leaf_write_records=89 branch_write_children=23 leaf_min=89 leaf_max=89 child_edges_added=23 custody_edges_added=44
LFS_EXTENT_SPLICE v=1 root_height=2 leaf_visits=1 branch_visits=2 leaf_visit_records=89 branch_visit_children=23 leaf_writes=1 branch_writes=2 leaf_write_records=91 branch_write_children=23 leaf_min=91 leaf_max=91 child_edges_added=23 custody_edges_added=45
LFS_EXTENT_SPLICE v=1 root_height=2 leaf_visits=1 branch_visits=2 leaf_visit_records=91 branch_visit_children=23 leaf_writes=1 branch_writes=2 leaf_write_records=93 branch_write_children=23 leaf_min=93 leaf_max=93 child_edges_added=23 custody_edges_added=46
LFS_EXTENT_SPLICE v=1 root_height=2 leaf_visits=1 branch_visits=2 leaf_visit_records=93 branch_visit_children=23 leaf_writes=1 branch_writes=2 leaf_write_records=95 branch_write_children=23 leaf_min=95 leaf_max=95 child_edges_added=23 custody_edges_added=47
LFS_EXTENT_SPLICE v=1 root_height=2 leaf_visits=1 branch_visits=2 leaf_visit_records=95 branch_visit_children=23 leaf_writes=1 branch_writes=2 leaf_write_records=97 branch_write_children=23 leaf_min=97 leaf_max=97 child_edges_added=23 custody_edges_added=48
LFS_EXTENT_SPLICE v=1 root_height=2 leaf_visits=1 branch_visits=2 leaf_visit_records=97 branch_visit_children=23 leaf_writes=1 branch_writes=2 leaf_write_records=99 branch_write_children=23 leaf_min=99 leaf_max=99 child_edges_added=23 custody_edges_added=49
LFS_EXTENT_SPLICE v=1 root_height=2 leaf_visits=1 branch_visits=2 leaf_visit_records=99 branch_visit_children=23 leaf_writes=1 branch_writes=2 leaf_write_records=101 branch_write_children=23 leaf_min=101 leaf_max=101 child_edges_added=23 custody_edges_added=50
LFS_EXTENT_SPLICE v=1 root_height=2 leaf_visits=1 branch_visits=2 leaf_visit_records=101 branch_visit_children=23 leaf_writes=1 branch_writes=2 leaf_write_records=103 branch_write_children=23 leaf_min=103 leaf_max=103 child_edges_added=23 custody_edges_added=51
LFS_EXTENT_SPLICE v=1 root_height=2 leaf_visits=1 branch_visits=2 leaf_visit_records=103 branch_visit_children=23 leaf_writes=1 branch_writes=2 leaf_write_records=105 branch_write_children=23 leaf_min=105 leaf_max=105 child_edges_added=23 custody_edges_added=52
LFS_EXTENT_SPLICE v=1 root_height=2 leaf_visits=1 branch_visits=2 leaf_visit_records=105 branch_visit_children=23 leaf_writes=1 branch_writes=2 leaf_write_records=107 branch_write_children=23 leaf_min=107 leaf_max=107 child_edges_added=23 custody_edges_added=53
LFS_EXTENT_SPLICE v=1 root_height=2 leaf_visits=1 branch_visits=2 leaf_visit_records=107 branch_visit_children=23 leaf_writes=1 branch_writes=2 leaf_write_records=109 branch_write_children=23 leaf_min=109 leaf_max=109 child_edges_added=23 custody_edges_added=54
LFS_EXTENT_SPLICE v=1 root_height=2 leaf_visits=1 branch_visits=2 leaf_visit_records=109 branch_visit_children=23 leaf_writes=1 branch_writes=2 leaf_write_records=111 branch_write_children=23 leaf_min=111 leaf_max=111 child_edges_added=23 custody_edges_added=55
LFS_EXTENT_SPLICE v=1 root_height=2 leaf_visits=1 branch_visits=2 leaf_visit_records=111 branch_visit_children=23 leaf_writes=1 branch_writes=2 leaf_write_records=113 branch_write_children=23 leaf_min=113 leaf_max=113 child_edges_added=23 custody_edges_added=56
LFS_EXTENT_SPLICE v=1 root_height=2 leaf_visits=1 branch_visits=2 leaf_visit_records=113 branch_visit_children=23 leaf_writes=1 branch_writes=2 leaf_write_records=115 branch_write_children=23 leaf_min=115 leaf_max=115 child_edges_added=23 custody_edges_added=57
LFS_EXTENT_SPLICE v=1 root_height=2 leaf_visits=1 branch_visits=2 leaf_visit_records=115 branch_visit_children=23 leaf_writes=1 branch_writes=2 leaf_write_records=117 branch_write_children=23 leaf_min=117 leaf_max=117 child_edges_added=23 custody_edges_added=58
LFS_EXTENT_SPLICE v=1 root_height=2 leaf_visits=1 branch_visits=2 leaf_visit_records=117 branch_visit_children=23 leaf_writes=1 branch_writes=2 leaf_write_records=119 branch_write_children=23 leaf_min=119 leaf_max=119 child_edges_added=23 custody_edges_added=59
LFS_EXTENT_SPLICE v=1 root_height=2 leaf_visits=1 branch_visits=2 leaf_visit_records=119 branch_visit_children=23 leaf_writes=1 branch_writes=2 leaf_write_records=121 branch_write_children=23 leaf_min=121 leaf_max=121 child_edges_added=23 custody_edges_added=60
LFS_EXTENT_SPLICE v=1 root_height=2 leaf_visits=1 branch_visits=2 leaf_visit_records=121 branch_visit_children=23 leaf_writes=1 branch_writes=2 leaf_write_records=123 branch_write_children=23 leaf_min=123 leaf_max=123 child_edges_added=23 custody_edges_added=61
LFS_EXTENT_SPLICE v=1 root_height=2 leaf_visits=1 branch_visits=2 leaf_visit_records=123 branch_visit_children=23 leaf_writes=2 branch_writes=2 leaf_write_records=125 branch_write_children=24 leaf_min=62 leaf_max=63 child_edges_added=24 custody_edges_added=62
LFS_EXTENT_SPLICE v=1 root_height=2 leaf_visits=1 branch_visits=2 leaf_visit_records=62 branch_visit_children=24 leaf_writes=1 branch_writes=2 leaf_write_records=64 branch_write_children=24 leaf_min=64 leaf_max=64 child_edges_added=24 custody_edges_added=32
LFS_EXTENT_SPLICE v=1 root_height=2 leaf_visits=1 branch_visits=2 leaf_visit_records=64 branch_visit_children=24 leaf_writes=1 branch_writes=2 leaf_write_records=66 branch_write_children=24 leaf_min=66 leaf_max=66 child_edges_added=24 custody_edges_added=33
LFS_EXTENT_SPLICE v=1 root_height=2 leaf_visits=1 branch_visits=2 leaf_visit_records=66 branch_visit_children=24 leaf_writes=1 branch_writes=2 leaf_write_records=68 branch_write_children=24 leaf_min=68 leaf_max=68 child_edges_added=24 custody_edges_added=34
LFS_EXTENT_SPLICE v=1 root_height=2 leaf_visits=1 branch_visits=2 leaf_visit_records=68 branch_visit_children=24 leaf_writes=1 branch_writes=2 leaf_write_records=70 branch_write_children=24 leaf_min=70 leaf_max=70 child_edges_added=24 custody_edges_added=35
LFS_EXTENT_SPLICE v=1 root_height=2 leaf_visits=1 branch_visits=2 leaf_visit_records=70 branch_visit_children=24 leaf_writes=1 branch_writes=2 leaf_write_records=72 branch_write_children=24 leaf_min=72 leaf_max=72 child_edges_added=24 custody_edges_added=36
LFS_EXTENT_SPLICE v=1 root_height=2 leaf_visits=1 branch_visits=2 leaf_visit_records=72 branch_visit_children=24 leaf_writes=1 branch_writes=2 leaf_write_records=74 branch_write_children=24 leaf_min=74 leaf_max=74 child_edges_added=24 custody_edges_added=37
LFS_EXTENT_SPLICE v=1 root_height=2 leaf_visits=1 branch_visits=2 leaf_visit_records=74 branch_visit_children=24 leaf_writes=1 branch_writes=2 leaf_write_records=76 branch_write_children=24 leaf_min=76 leaf_max=76 child_edges_added=24 custody_edges_added=38
LFS_EXTENT_SPLICE v=1 root_height=2 leaf_visits=1 branch_visits=2 leaf_visit_records=76 branch_visit_children=24 leaf_writes=1 branch_writes=2 leaf_write_records=78 branch_write_children=24 leaf_min=78 leaf_max=78 child_edges_added=24 custody_edges_added=39
LFS_EXTENT_SPLICE v=1 root_height=2 leaf_visits=1 branch_visits=2 leaf_visit_records=78 branch_visit_children=24 leaf_writes=1 branch_writes=2 leaf_write_records=80 branch_write_children=24 leaf_min=80 leaf_max=80 child_edges_added=24 custody_edges_added=40
LFS_EXTENT_SPLICE v=1 root_height=2 leaf_visits=1 branch_visits=2 leaf_visit_records=80 branch_visit_children=24 leaf_writes=1 branch_writes=2 leaf_write_records=82 branch_write_children=24 leaf_min=82 leaf_max=82 child_edges_added=24 custody_edges_added=41
LFS_EXTENT_SPLICE v=1 root_height=2 leaf_visits=1 branch_visits=2 leaf_visit_records=82 branch_visit_children=24 leaf_writes=1 branch_writes=2 leaf_write_records=84 branch_write_children=24 leaf_min=84 leaf_max=84 child_edges_added=24 custody_edges_added=42
LFS_EXTENT_SPLICE v=1 root_height=2 leaf_visits=1 branch_visits=2 leaf_visit_records=84 branch_visit_children=24 leaf_writes=1 branch_writes=2 leaf_write_records=86 branch_write_children=24 leaf_min=86 leaf_max=86 child_edges_added=24 custody_edges_added=43
LFS_EXTENT_SPLICE v=1 root_height=2 leaf_visits=1 branch_visits=2 leaf_visit_records=86 branch_visit_children=24 leaf_writes=1 branch_writes=2 leaf_write_records=88 branch_write_children=24 leaf_min=88 leaf_max=88 child_edges_added=24 custody_edges_added=44
LFS_EXTENT_SPLICE v=1 root_height=2 leaf_visits=1 branch_visits=2 leaf_visit_records=88 branch_visit_children=24 leaf_writes=1 branch_writes=2 leaf_write_records=90 branch_write_children=24 leaf_min=90 leaf_max=90 child_edges_added=24 custody_edges_added=45
LFS_EXTENT_SPLICE v=1 root_height=2 leaf_visits=1 branch_visits=2 leaf_visit_records=90 branch_visit_children=24 leaf_writes=1 branch_writes=2 leaf_write_records=92 branch_write_children=24 leaf_min=92 leaf_max=92 child_edges_added=24 custody_edges_added=46
LFS_EXTENT_SPLICE v=1 root_height=2 leaf_visits=1 branch_visits=2 leaf_visit_records=92 branch_visit_children=24 leaf_writes=1 branch_writes=2 leaf_write_records=94 branch_write_children=24 leaf_min=94 leaf_max=94 child_edges_added=24 custody_edges_added=47
LFS_EXTENT_SPLICE v=1 root_height=2 leaf_visits=1 branch_visits=2 leaf_visit_records=94 branch_visit_children=24 leaf_writes=1 branch_writes=2 leaf_write_records=96 branch_write_children=24 leaf_min=96 leaf_max=96 child_edges_added=24 custody_edges_added=48
LFS_EXTENT_SPLICE v=1 root_height=2 leaf_visits=1 branch_visits=2 leaf_visit_records=96 branch_visit_children=24 leaf_writes=1 branch_writes=2 leaf_write_records=98 branch_write_children=24 leaf_min=98 leaf_max=98 child_edges_added=24 custody_edges_added=49
LFS_EXTENT_SPLICE v=1 root_height=2 leaf_visits=1 branch_visits=2 leaf_visit_records=98 branch_visit_children=24 leaf_writes=1 branch_writes=2 leaf_write_records=100 branch_write_children=24 leaf_min=100 leaf_max=100 child_edges_added=24 custody_edges_added=50
LFS_EXTENT_SPLICE v=1 root_height=2 leaf_visits=1 branch_visits=2 leaf_visit_records=100 branch_visit_children=24 leaf_writes=1 branch_writes=2 leaf_write_records=102 branch_write_children=24 leaf_min=102 leaf_max=102 child_edges_added=24 custody_edges_added=51
LFS_EXTENT_SPLICE v=1 root_height=2 leaf_visits=1 branch_visits=2 leaf_visit_records=102 branch_visit_children=24 leaf_writes=1 branch_writes=2 leaf_write_records=104 branch_write_children=24 leaf_min=104 leaf_max=104 child_edges_added=24 custody_edges_added=52
LFS_EXTENT_SPLICE v=1 root_height=2 leaf_visits=1 branch_visits=2 leaf_visit_records=104 branch_visit_children=24 leaf_writes=1 branch_writes=2 leaf_write_records=106 branch_write_children=24 leaf_min=106 leaf_max=106 child_edges_added=24 custody_edges_added=53
LFS_EXTENT_SPLICE v=1 root_height=2 leaf_visits=1 branch_visits=2 leaf_visit_records=106 branch_visit_children=24 leaf_writes=1 branch_writes=2 leaf_write_records=108 branch_write_children=24 leaf_min=108 leaf_max=108 child_edges_added=24 custody_edges_added=54
LFS_EXTENT_SPLICE v=1 root_height=2 leaf_visits=1 branch_visits=2 leaf_visit_records=108 branch_visit_children=24 leaf_writes=1 branch_writes=2 leaf_write_records=110 branch_write_children=24 leaf_min=110 leaf_max=110 child_edges_added=24 custody_edges_added=55
LFS_EXTENT_SPLICE v=1 root_height=2 leaf_visits=1 branch_visits=2 leaf_visit_records=110 branch_visit_children=24 leaf_writes=1 branch_writes=2 leaf_write_records=112 branch_write_children=24 leaf_min=112 leaf_max=112 child_edges_added=24 custody_edges_added=56
LFS_EXTENT_SPLICE v=1 root_height=2 leaf_visits=1 branch_visits=2 leaf_visit_records=112 branch_visit_children=24 leaf_writes=1 branch_writes=2 leaf_write_records=114 branch_write_children=24 leaf_min=114 leaf_max=114 child_edges_added=24 custody_edges_added=57
LFS_EXTENT_SPLICE v=1 root_height=2 leaf_visits=1 branch_visits=2 leaf_visit_records=114 branch_visit_children=24 leaf_writes=1 branch_writes=2 leaf_write_records=116 branch_write_children=24 leaf_min=116 leaf_max=116 child_edges_added=24 custody_edges_added=58
LFS_EXTENT_SPLICE v=1 root_height=2 leaf_visits=1 branch_visits=2 leaf_visit_records=116 branch_visit_children=24 leaf_writes=1 branch_writes=2 leaf_write_records=118 branch_write_children=24 leaf_min=118 leaf_max=118 child_edges_added=24 custody_edges_added=59
LFS_EXTENT_SPLICE v=1 root_height=2 leaf_visits=1 branch_visits=2 leaf_visit_records=118 branch_visit_children=24 leaf_writes=1 branch_writes=2 leaf_write_records=120 branch_write_children=24 leaf_min=120 leaf_max=120 child_edges_added=24 custody_edges_added=60
LFT1 {"v":1,"namespace":13710895918682022928,"run":"0388b7df3c6bbe5fc5bf9044daa9cf3f","pid":1,"role":2,"kind":"resource","scope":"process-shared","clock":"local-monitor","at_ns":8031913545,"incarnation":8311343,"user_ns":2560000000,"source":"procfs+sysconf","probe_ns":22709,"selected":3,"system_ns":1200000000,"rss":41132032}
LFS_EXTENT_SPLICE v=1 root_height=2 leaf_visits=1 branch_visits=2 leaf_visit_records=120 branch_visit_children=24 leaf_writes=1 branch_writes=2 leaf_write_records=122 branch_write_children=24 leaf_min=122 leaf_max=122 child_edges_added=24 custody_edges_added=61
LFS_EXTENT_SPLICE v=1 root_height=2 leaf_visits=1 branch_visits=2 leaf_visit_records=122 branch_visit_children=24 leaf_writes=1 branch_writes=2 leaf_write_records=124 branch_write_children=24 leaf_min=124 leaf_max=124 child_edges_added=24 custody_edges_added=62
LFS_EXTENT_SPLICE v=1 root_height=2 leaf_visits=1 branch_visits=2 leaf_visit_records=124 branch_visit_children=24 leaf_writes=2 branch_writes=2 leaf_write_records=126 branch_write_children=25 leaf_min=63 leaf_max=63 child_edges_added=25 custody_edges_added=63
LFS_EXTENT_SPLICE v=1 root_height=2 leaf_visits=1 branch_visits=2 leaf_visit_records=63 branch_visit_children=25 leaf_writes=1 branch_writes=2 leaf_write_records=65 branch_write_children=25 leaf_min=65 leaf_max=65 child_edges_added=25 custody_edges_added=32
LFS_EXTENT_SPLICE v=1 root_height=2 leaf_visits=1 branch_visits=2 leaf_visit_records=65 branch_visit_children=25 leaf_writes=1 branch_writes=2 leaf_write_records=67 branch_write_children=25 leaf_min=67 leaf_max=67 child_edges_added=25 custody_edges_added=33
LFS_EXTENT_SPLICE v=1 root_height=2 leaf_visits=1 branch_visits=2 leaf_visit_records=67 branch_visit_children=25 leaf_writes=1 branch_writes=2 leaf_write_records=69 branch_write_children=25 leaf_min=69 leaf_max=69 child_edges_added=25 custody_edges_added=34
LFS_EXTENT_SPLICE v=1 root_height=2 leaf_visits=1 branch_visits=2 leaf_visit_records=69 branch_visit_children=25 leaf_writes=1 branch_writes=2 leaf_write_records=71 branch_write_children=25 leaf_min=71 leaf_max=71 child_edges_added=25 custody_edges_added=35
LFS_EXTENT_SPLICE v=1 root_height=2 leaf_visits=1 branch_visits=2 leaf_visit_records=71 branch_visit_children=25 leaf_writes=1 branch_writes=2 leaf_write_records=73 branch_write_children=25 leaf_min=73 leaf_max=73 child_edges_added=25 custody_edges_added=36
LFS_EXTENT_SPLICE v=1 root_height=2 leaf_visits=1 branch_visits=2 leaf_visit_records=73 branch_visit_children=25 leaf_writes=1 branch_writes=2 leaf_write_records=75 branch_write_children=25 leaf_min=75 leaf_max=75 child_edges_added=25 custody_edges_added=37
LFS_EXTENT_SPLICE v=1 root_height=2 leaf_visits=1 branch_visits=2 leaf_visit_records=75 branch_visit_children=25 leaf_writes=1 branch_writes=2 leaf_write_records=77 branch_write_children=25 leaf_min=77 leaf_max=77 child_edges_added=25 custody_edges_added=38
LFS_EXTENT_SPLICE v=1 root_height=2 leaf_visits=1 branch_visits=2 leaf_visit_records=77 branch_visit_children=25 leaf_writes=1 branch_writes=2 leaf_write_records=79 branch_write_children=25 leaf_min=79 leaf_max=79 child_edges_added=25 custody_edges_added=39
LFS_EXTENT_SPLICE v=1 root_height=2 leaf_visits=1 branch_visits=2 leaf_visit_records=79 branch_visit_children=25 leaf_writes=1 branch_writes=2 leaf_write_records=81 branch_write_children=25 leaf_min=81 leaf_max=81 child_edges_added=25 custody_edges_added=40
LFS_EXTENT_SPLICE v=1 root_height=2 leaf_visits=1 branch_visits=2 leaf_visit_records=81 branch_visit_children=25 leaf_writes=1 branch_writes=2 leaf_write_records=83 branch_write_children=25 leaf_min=83 leaf_max=83 child_edges_added=25 custody_edges_added=41
LFS_EXTENT_SPLICE v=1 root_height=2 leaf_visits=1 branch_visits=2 leaf_visit_records=83 branch_visit_children=25 leaf_writes=1 branch_writes=2 leaf_write_records=85 branch_write_children=25 leaf_min=85 leaf_max=85 child_edges_added=25 custody_edges_added=42
LFS_EXTENT_SPLICE v=1 root_height=2 leaf_visits=1 branch_visits=2 leaf_visit_records=85 branch_visit_children=25 leaf_writes=1 branch_writes=2 leaf_write_records=87 branch_write_children=25 leaf_min=87 leaf_max=87 child_edges_added=25 custody_edges_added=43
LFS_EXTENT_SPLICE v=1 root_height=2 leaf_visits=1 branch_visits=2 leaf_visit_records=87 branch_visit_children=25 leaf_writes=1 branch_writes=2 leaf_write_records=89 branch_write_children=25 leaf_min=89 leaf_max=89 child_edges_added=25 custody_edges_added=44
LFS_EXTENT_SPLICE v=1 root_height=2 leaf_visits=1 branch_visits=2 leaf_visit_records=89 branch_visit_children=25 leaf_writes=1 branch_writes=2 leaf_write_records=91 branch_write_children=25 leaf_min=91 leaf_max=91 child_edges_added=25 custody_edges_added=45
LFS_EXTENT_SPLICE v=1 root_height=2 leaf_visits=1 branch_visits=2 leaf_visit_records=91 branch_visit_children=25 leaf_writes=1 branch_writes=2 leaf_write_records=93 branch_write_children=25 leaf_min=93 leaf_max=93 child_edges_added=25 custody_edges_added=46
LFS_EXTENT_SPLICE v=1 root_height=2 leaf_visits=1 branch_visits=2 leaf_visit_records=93 branch_visit_children=25 leaf_writes=1 branch_writes=2 leaf_write_records=95 branch_write_children=25 leaf_min=95 leaf_max=95 child_edges_added=25 custody_edges_added=47
LFS_EXTENT_SPLICE v=1 root_height=2 leaf_visits=1 branch_visits=2 leaf_visit_records=95 branch_visit_children=25 leaf_writes=1 branch_writes=2 leaf_write_records=97 branch_write_children=25 leaf_min=97 leaf_max=97 child_edges_added=25 custody_edges_added=48
LFS_EXTENT_SPLICE v=1 root_height=2 leaf_visits=1 branch_visits=2 leaf_visit_records=97 branch_visit_children=25 leaf_writes=1 branch_writes=2 leaf_write_records=99 branch_write_children=25 leaf_min=99 leaf_max=99 child_edges_added=25 custody_edges_added=49
LFS_EXTENT_SPLICE v=1 root_height=2 leaf_visits=1 branch_visits=2 leaf_visit_records=99 branch_visit_children=25 leaf_writes=1 branch_writes=2 leaf_write_records=101 branch_write_children=25 leaf_min=101 leaf_max=101 child_edges_added=25 custody_edges_added=50
LFS_EXTENT_SPLICE v=1 root_height=2 leaf_visits=1 branch_visits=2 leaf_visit_records=101 branch_visit_children=25 leaf_writes=1 branch_writes=2 leaf_write_records=103 branch_write_children=25 leaf_min=103 leaf_max=103 child_edges_added=25 custody_edges_added=51
LFS_EXTENT_SPLICE v=1 root_height=2 leaf_visits=1 branch_visits=2 leaf_visit_records=103 branch_visit_children=25 leaf_writes=1 branch_writes=2 leaf_write_records=105 branch_write_children=25 leaf_min=105 leaf_max=105 child_edges_added=25 custody_edges_added=52
LFS_EXTENT_SPLICE v=1 root_height=2 leaf_visits=1 branch_visits=2 leaf_visit_records=105 branch_visit_children=25 leaf_writes=1 branch_writes=2 leaf_write_records=107 branch_write_children=25 leaf_min=107 leaf_max=107 child_edges_added=25 custody_edges_added=53
LFS_EXTENT_SPLICE v=1 root_height=2 leaf_visits=1 branch_visits=2 leaf_visit_records=107 branch_visit_children=25 leaf_writes=1 branch_writes=2 leaf_write_records=109 branch_write_children=25 leaf_min=109 leaf_max=109 child_edges_added=25 custody_edges_added=54
LFS_EXTENT_SPLICE v=1 root_height=2 leaf_visits=1 branch_visits=2 leaf_visit_records=109 branch_visit_children=25 leaf_writes=1 branch_writes=2 leaf_write_records=111 branch_write_children=25 leaf_min=111 leaf_max=111 child_edges_added=25 custody_edges_added=55
LFS_EXTENT_SPLICE v=1 root_height=2 leaf_visits=1 branch_visits=2 leaf_visit_records=111 branch_visit_children=25 leaf_writes=1 branch_writes=2 leaf_write_records=113 branch_write_children=25 leaf_min=113 leaf_max=113 child_edges_added=25 custody_edges_added=56
LFS_EXTENT_SPLICE v=1 root_height=2 leaf_visits=1 branch_visits=2 leaf_visit_records=113 branch_visit_children=25 leaf_writes=1 branch_writes=2 leaf_write_records=115 branch_write_children=25 leaf_min=115 leaf_max=115 child_edges_added=25 custody_edges_added=57
LFS_EXTENT_SPLICE v=1 root_height=2 leaf_visits=1 branch_visits=2 leaf_visit_records=115 branch_visit_children=25 leaf_writes=1 branch_writes=2 leaf_write_records=117 branch_write_children=25 leaf_min=117 leaf_max=117 child_edges_added=25 custody_edges_added=58
LFS_EXTENT_SPLICE v=1 root_height=2 leaf_visits=1 branch_visits=2 leaf_visit_records=117 branch_visit_children=25 leaf_writes=1 branch_writes=2 leaf_write_records=119 branch_write_children=25 leaf_min=119 leaf_max=119 child_edges_added=25 custody_edges_added=59
LFS_EXTENT_SPLICE v=1 root_height=2 leaf_visits=1 branch_visits=2 leaf_visit_records=119 branch_visit_children=25 leaf_writes=1 branch_writes=2 leaf_write_records=121 branch_write_children=25 leaf_min=121 leaf_max=121 child_edges_added=25 custody_edges_added=60
LFS_EXTENT_SPLICE v=1 root_height=2 leaf_visits=1 branch_visits=2 leaf_visit_records=121 branch_visit_children=25 leaf_writes=1 branch_writes=2 leaf_write_records=123 branch_write_children=25 leaf_min=123 leaf_max=123 child_edges_added=25 custody_edges_added=61
LFS_EXTENT_SPLICE v=1 root_height=2 leaf_visits=1 branch_visits=2 leaf_visit_records=123 branch_visit_children=25 leaf_writes=2 branch_writes=2 leaf_write_records=125 branch_write_children=26 leaf_min=62 leaf_max=63 child_edges_added=26 custody_edges_added=62
LFS_EXTENT_SPLICE v=1 root_height=2 leaf_visits=1 branch_visits=2 leaf_visit_records=62 branch_visit_children=26 leaf_writes=1 branch_writes=2 leaf_write_records=64 branch_write_children=26 leaf_min=64 leaf_max=64 child_edges_added=26 custody_edges_added=32
LFS_EXTENT_SPLICE v=1 root_height=2 leaf_visits=1 branch_visits=2 leaf_visit_records=64 branch_visit_children=26 leaf_writes=1 branch_writes=2 leaf_write_records=66 branch_write_children=26 leaf_min=66 leaf_max=66 child_edges_added=26 custody_edges_added=33
LFS_EXTENT_SPLICE v=1 root_height=2 leaf_visits=1 branch_visits=2 leaf_visit_records=66 branch_visit_children=26 leaf_writes=1 branch_writes=2 leaf_write_records=68 branch_write_children=26 leaf_min=68 leaf_max=68 child_edges_added=26 custody_edges_added=34
LFS_EXTENT_SPLICE v=1 root_height=2 leaf_visits=1 branch_visits=2 leaf_visit_records=68 branch_visit_children=26 leaf_writes=1 branch_writes=2 leaf_write_records=70 branch_write_children=26 leaf_min=70 leaf_max=70 child_edges_added=26 custody_edges_added=35
LFS_EXTENT_SPLICE v=1 root_height=2 leaf_visits=1 branch_visits=2 leaf_visit_records=70 branch_visit_children=26 leaf_writes=1 branch_writes=2 leaf_write_records=72 branch_write_children=26 leaf_min=72 leaf_max=72 child_edges_added=26 custody_edges_added=36
LFS_EXTENT_SPLICE v=1 root_height=2 leaf_visits=1 branch_visits=2 leaf_visit_records=72 branch_visit_children=26 leaf_writes=1 branch_writes=2 leaf_write_records=74 branch_write_children=26 leaf_min=74 leaf_max=74 child_edges_added=26 custody_edges_added=37
LFS_EXTENT_SPLICE v=1 root_height=2 leaf_visits=1 branch_visits=2 leaf_visit_records=74 branch_visit_children=26 leaf_writes=1 branch_writes=2 leaf_write_records=76 branch_write_children=26 leaf_min=76 leaf_max=76 child_edges_added=26 custody_edges_added=38
LFS_EXTENT_SPLICE v=1 root_height=2 leaf_visits=1 branch_visits=2 leaf_visit_records=76 branch_visit_children=26 leaf_writes=1 branch_writes=2 leaf_write_records=78 branch_write_children=26 leaf_min=78 leaf_max=78 child_edges_added=26 custody_edges_added=39
LFS_EXTENT_SPLICE v=1 root_height=2 leaf_visits=1 branch_visits=2 leaf_visit_records=78 branch_visit_children=26 leaf_writes=1 branch_writes=2 leaf_write_records=80 branch_write_children=26 leaf_min=80 leaf_max=80 child_edges_added=26 custody_edges_added=40
LFS_EXTENT_SPLICE v=1 root_height=2 leaf_visits=1 branch_visits=2 leaf_visit_records=80 branch_visit_children=26 leaf_writes=1 branch_writes=2 leaf_write_records=82 branch_write_children=26 leaf_min=82 leaf_max=82 child_edges_added=26 custody_edges_added=41
LFS_EXTENT_SPLICE v=1 root_height=2 leaf_visits=1 branch_visits=2 leaf_visit_records=82 branch_visit_children=26 leaf_writes=1 branch_writes=2 leaf_write_records=84 branch_write_children=26 leaf_min=84 leaf_max=84 child_edges_added=26 custody_edges_added=42
LFS_EXTENT_SPLICE v=1 root_height=2 leaf_visits=1 branch_visits=2 leaf_visit_records=84 branch_visit_children=26 leaf_writes=1 branch_writes=2 leaf_write_records=86 branch_write_children=26 leaf_min=86 leaf_max=86 child_edges_added=26 custody_edges_added=43
LFS_EXTENT_SPLICE v=1 root_height=2 leaf_visits=1 branch_visits=2 leaf_visit_records=86 branch_visit_children=26 leaf_writes=1 branch_writes=2 leaf_write_records=88 branch_write_children=26 leaf_min=88 leaf_max=88 child_edges_added=26 custody_edges_added=44
LFS_EXTENT_SPLICE v=1 root_height=2 leaf_visits=1 branch_visits=2 leaf_visit_records=88 branch_visit_children=26 leaf_writes=1 branch_writes=2 leaf_write_records=90 branch_write_children=26 leaf_min=90 leaf_max=90 child_edges_added=26 custody_edges_added=45
LFS_EXTENT_SPLICE v=1 root_height=2 leaf_visits=1 branch_visits=2 leaf_visit_records=90 branch_visit_children=26 leaf_writes=1 branch_writes=2 leaf_write_records=92 branch_write_children=26 leaf_min=92 leaf_max=92 child_edges_added=26 custody_edges_added=46
LFS_EXTENT_SPLICE v=1 root_height=2 leaf_visits=1 branch_visits=2 leaf_visit_records=92 branch_visit_children=26 leaf_writes=1 branch_writes=2 leaf_write_records=94 branch_write_children=26 leaf_min=94 leaf_max=94 child_edges_added=26 custody_edges_added=47
LFS_EXTENT_SPLICE v=1 root_height=2 leaf_visits=1 branch_visits=2 leaf_visit_records=94 branch_visit_children=26 leaf_writes=1 branch_writes=2 leaf_write_records=96 branch_write_children=26 leaf_min=96 leaf_max=96 child_edges_added=26 custody_edges_added=48
LFS_EXTENT_SPLICE v=1 root_height=2 leaf_visits=1 branch_visits=2 leaf_visit_records=96 branch_visit_children=26 leaf_writes=1 branch_writes=2 leaf_write_records=98 branch_write_children=26 leaf_min=98 leaf_max=98 child_edges_added=26 custody_edges_added=49
LFS_EXTENT_SPLICE v=1 root_height=2 leaf_visits=1 branch_visits=2 leaf_visit_records=98 branch_visit_children=26 leaf_writes=1 branch_writes=2 leaf_write_records=100 branch_write_children=26 leaf_min=100 leaf_max=100 child_edges_added=26 custody_edges_added=50
LFS_EXTENT_SPLICE v=1 root_height=2 leaf_visits=1 branch_visits=2 leaf_visit_records=100 branch_visit_children=26 leaf_writes=1 branch_writes=2 leaf_write_records=102 branch_write_children=26 leaf_min=102 leaf_max=102 child_edges_added=26 custody_edges_added=51
LFS_EXTENT_SPLICE v=1 root_height=2 leaf_visits=1 branch_visits=2 leaf_visit_records=102 branch_visit_children=26 leaf_writes=1 branch_writes=2 leaf_write_records=104 branch_write_children=26 leaf_min=104 leaf_max=104 child_edges_added=26 custody_edges_added=52
LFS_EXTENT_SPLICE v=1 root_height=2 leaf_visits=1 branch_visits=2 leaf_visit_records=104 branch_visit_children=26 leaf_writes=1 branch_writes=2 leaf_write_records=106 branch_write_children=26 leaf_min=106 leaf_max=106 child_edges_added=26 custody_edges_added=53
LFS_EXTENT_SPLICE v=1 root_height=2 leaf_visits=1 branch_visits=2 leaf_visit_records=106 branch_visit_children=26 leaf_writes=1 branch_writes=2 leaf_write_records=108 branch_write_children=26 leaf_min=108 leaf_max=108 child_edges_added=26 custody_edges_added=54
LFS_EXTENT_SPLICE v=1 root_height=2 leaf_visits=1 branch_visits=2 leaf_visit_records=108 branch_visit_children=26 leaf_writes=1 branch_writes=2 leaf_write_records=110 branch_write_children=26 leaf_min=110 leaf_max=110 child_edges_added=26 custody_edges_added=55
LFS_EXTENT_SPLICE v=1 root_height=2 leaf_visits=1 branch_visits=2 leaf_visit_records=110 branch_visit_children=26 leaf_writes=1 branch_writes=2 leaf_write_records=112 branch_write_children=26 leaf_min=112 leaf_max=112 child_edges_added=26 custody_edges_added=56
LFS_EXTENT_SPLICE v=1 root_height=2 leaf_visits=1 branch_visits=2 leaf_visit_records=112 branch_visit_children=26 leaf_writes=1 branch_writes=2 leaf_write_records=114 branch_write_children=26 leaf_min=114 leaf_max=114 child_edges_added=26 custody_edges_added=57
LFS_EXTENT_SPLICE v=1 root_height=2 leaf_visits=1 branch_visits=2 leaf_visit_records=114 branch_visit_children=26 leaf_writes=1 branch_writes=2 leaf_write_records=116 branch_write_children=26 leaf_min=116 leaf_max=116 child_edges_added=26 custody_edges_added=58
LFS_EXTENT_SPLICE v=1 root_height=2 leaf_visits=1 branch_visits=2 leaf_visit_records=116 branch_visit_children=26 leaf_writes=1 branch_writes=2 leaf_write_records=118 branch_write_children=26 leaf_min=118 leaf_max=118 child_edges_added=26 custody_edges_added=59
LFS_EXTENT_SPLICE v=1 root_height=2 leaf_visits=1 branch_visits=2 leaf_visit_records=118 branch_visit_children=26 leaf_writes=1 branch_writes=2 leaf_write_records=120 branch_write_children=26 leaf_min=120 leaf_max=120 child_edges_added=26 custody_edges_added=60
LFS_EXTENT_SPLICE v=1 root_height=2 leaf_visits=1 branch_visits=2 leaf_visit_records=120 branch_visit_children=26 leaf_writes=1 branch_writes=2 leaf_write_records=122 branch_write_children=26 leaf_min=122 leaf_max=122 child_edges_added=26 custody_edges_added=61
LFS_EXTENT_SPLICE v=1 root_height=2 leaf_visits=1 branch_visits=2 leaf_visit_records=122 branch_visit_children=26 leaf_writes=1 branch_writes=2 leaf_write_records=124 branch_write_children=26 leaf_min=124 leaf_max=124 child_edges_added=26 custody_edges_added=62
LFS_EXTENT_SPLICE v=1 root_height=2 leaf_visits=1 branch_visits=2 leaf_visit_records=124 branch_visit_children=26 leaf_writes=2 branch_writes=2 leaf_write_records=126 branch_write_children=27 leaf_min=63 leaf_max=63 child_edges_added=27 custody_edges_added=63
LFS_EXTENT_SPLICE v=1 root_height=2 leaf_visits=1 branch_visits=2 leaf_visit_records=63 branch_visit_children=27 leaf_writes=1 branch_writes=2 leaf_write_records=65 branch_write_children=27 leaf_min=65 leaf_max=65 child_edges_added=27 custody_edges_added=32
LFS_EXTENT_SPLICE v=1 root_height=2 leaf_visits=1 branch_visits=2 leaf_visit_records=65 branch_visit_children=27 leaf_writes=1 branch_writes=2 leaf_write_records=67 branch_write_children=27 leaf_min=67 leaf_max=67 child_edges_added=27 custody_edges_added=33
LFS_EXTENT_SPLICE v=1 root_height=2 leaf_visits=1 branch_visits=2 leaf_visit_records=67 branch_visit_children=27 leaf_writes=1 branch_writes=2 leaf_write_records=69 branch_write_children=27 leaf_min=69 leaf_max=69 child_edges_added=27 custody_edges_added=34
LFS_EXTENT_SPLICE v=1 root_height=2 leaf_visits=1 branch_visits=2 leaf_visit_records=69 branch_visit_children=27 leaf_writes=1 branch_writes=2 leaf_write_records=71 branch_write_children=27 leaf_min=71 leaf_max=71 child_edges_added=27 custody_edges_added=35
LFS_EXTENT_SPLICE v=1 root_height=2 leaf_visits=1 branch_visits=2 leaf_visit_records=71 branch_visit_children=27 leaf_writes=1 branch_writes=2 leaf_write_records=73 branch_write_children=27 leaf_min=73 leaf_max=73 child_edges_added=27 custody_edges_added=36
LFS_EXTENT_SPLICE v=1 root_height=2 leaf_visits=1 branch_visits=2 leaf_visit_records=73 branch_visit_children=27 leaf_writes=1 branch_writes=2 leaf_write_records=75 branch_write_children=27 leaf_min=75 leaf_max=75 child_edges_added=27 custody_edges_added=37
LFS_EXTENT_SPLICE v=1 root_height=2 leaf_visits=1 branch_visits=2 leaf_visit_records=75 branch_visit_children=27 leaf_writes=1 branch_writes=2 leaf_write_records=77 branch_write_children=27 leaf_min=77 leaf_max=77 child_edges_added=27 custody_edges_added=38
LFS_EXTENT_SPLICE v=1 root_height=2 leaf_visits=1 branch_visits=2 leaf_visit_records=77 branch_visit_children=27 leaf_writes=1 branch_writes=2 leaf_write_records=79 branch_write_children=27 leaf_min=79 leaf_max=79 child_edges_added=27 custody_edges_added=39
LFS_EXTENT_SPLICE v=1 root_height=2 leaf_visits=1 branch_visits=2 leaf_visit_records=79 branch_visit_children=27 leaf_writes=1 branch_writes=2 leaf_write_records=81 branch_write_children=27 leaf_min=81 leaf_max=81 child_edges_added=27 custody_edges_added=40
LFS_EXTENT_SPLICE v=1 root_height=2 leaf_visits=1 branch_visits=2 leaf_visit_records=81 branch_visit_children=27 leaf_writes=1 branch_writes=2 leaf_write_records=83 branch_write_children=27 leaf_min=83 leaf_max=83 child_edges_added=27 custody_edges_added=41
LFS_EXTENT_SPLICE v=1 root_height=2 leaf_visits=1 branch_visits=2 leaf_visit_records=83 branch_visit_children=27 leaf_writes=1 branch_writes=2 leaf_write_records=85 branch_write_children=27 leaf_min=85 leaf_max=85 child_edges_added=27 custody_edges_added=42
LFS_EXTENT_SPLICE v=1 root_height=2 leaf_visits=1 branch_visits=2 leaf_visit_records=85 branch_visit_children=27 leaf_writes=1 branch_writes=2 leaf_write_records=87 branch_write_children=27 leaf_min=87 leaf_max=87 child_edges_added=27 custody_edges_added=43
LFS_EXTENT_SPLICE v=1 root_height=2 leaf_visits=1 branch_visits=2 leaf_visit_records=87 branch_visit_children=27 leaf_writes=1 branch_writes=2 leaf_write_records=89 branch_write_children=27 leaf_min=89 leaf_max=89 child_edges_added=27 custody_edges_added=44
LFS_EXTENT_SPLICE v=1 root_height=2 leaf_visits=1 branch_visits=2 leaf_visit_records=89 branch_visit_children=27 leaf_writes=1 branch_writes=2 leaf_write_records=91 branch_write_children=27 leaf_min=91 leaf_max=91 child_edges_added=27 custody_edges_added=45
LFS_EXTENT_SPLICE v=1 root_height=2 leaf_visits=1 branch_visits=2 leaf_visit_records=91 branch_visit_children=27 leaf_writes=1 branch_writes=2 leaf_write_records=93 branch_write_children=27 leaf_min=93 leaf_max=93 child_edges_added=27 custody_edges_added=46
LFS_EXTENT_SPLICE v=1 root_height=2 leaf_visits=1 branch_visits=2 leaf_visit_records=93 branch_visit_children=27 leaf_writes=1 branch_writes=2 leaf_write_records=95 branch_write_children=27 leaf_min=95 leaf_max=95 child_edges_added=27 custody_edges_added=47
LFS_EXTENT_SPLICE v=1 root_height=2 leaf_visits=1 branch_visits=2 leaf_visit_records=95 branch_visit_children=27 leaf_writes=1 branch_writes=2 leaf_write_records=97 branch_write_children=27 leaf_min=97 leaf_max=97 child_edges_added=27 custody_edges_added=48
LFS_EXTENT_SPLICE v=1 root_height=2 leaf_visits=1 branch_visits=2 leaf_visit_records=97 branch_visit_children=27 leaf_writes=1 branch_writes=2 leaf_write_records=99 branch_write_children=27 leaf_min=99 leaf_max=99 child_edges_added=27 custody_edges_added=49
LFS_EXTENT_SPLICE v=1 root_height=2 leaf_visits=1 branch_visits=2 leaf_visit_records=99 branch_visit_children=27 leaf_writes=1 branch_writes=2 leaf_write_records=101 branch_write_children=27 leaf_min=101 leaf_max=101 child_edges_added=27 custody_edges_added=50
LFS_EXTENT_SPLICE v=1 root_height=2 leaf_visits=1 branch_visits=2 leaf_visit_records=101 branch_visit_children=27 leaf_writes=1 branch_writes=2 leaf_write_records=103 branch_write_children=27 leaf_min=103 leaf_max=103 child_edges_added=27 custody_edges_added=51
LFS_EXTENT_SPLICE v=1 root_height=2 leaf_visits=1 branch_visits=2 leaf_visit_records=103 branch_visit_children=27 leaf_writes=1 branch_writes=2 leaf_write_records=105 branch_write_children=27 leaf_min=105 leaf_max=105 child_edges_added=27 custody_edges_added=52
LFS_EXTENT_SPLICE v=1 root_height=2 leaf_visits=1 branch_visits=2 leaf_visit_records=105 branch_visit_children=27 leaf_writes=1 branch_writes=2 leaf_write_records=107 branch_write_children=27 leaf_min=107 leaf_max=107 child_edges_added=27 custody_edges_added=53
LFS_EXTENT_SPLICE v=1 root_height=2 leaf_visits=1 branch_visits=2 leaf_visit_records=107 branch_visit_children=27 leaf_writes=1 branch_writes=2 leaf_write_records=109 branch_write_children=27 leaf_min=109 leaf_max=109 child_edges_added=27 custody_edges_added=54
LFS_EXTENT_SPLICE v=1 root_height=2 leaf_visits=1 branch_visits=2 leaf_visit_records=109 branch_visit_children=27 leaf_writes=1 branch_writes=2 leaf_write_records=111 branch_write_children=27 leaf_min=111 leaf_max=111 child_edges_added=27 custody_edges_added=55
LFS_EXTENT_SPLICE v=1 root_height=2 leaf_visits=1 branch_visits=2 leaf_visit_records=111 branch_visit_children=27 leaf_writes=1 branch_writes=2 leaf_write_records=113 branch_write_children=27 leaf_min=113 leaf_max=113 child_edges_added=27 custody_edges_added=56
LFS_EXTENT_SPLICE v=1 root_height=2 leaf_visits=1 branch_visits=2 leaf_visit_records=113 branch_visit_children=27 leaf_writes=1 branch_writes=2 leaf_write_records=115 branch_write_children=27 leaf_min=115 leaf_max=115 child_edges_added=27 custody_edges_added=57
LFS_EXTENT_SPLICE v=1 root_height=2 leaf_visits=1 branch_visits=2 leaf_visit_records=115 branch_visit_children=27 leaf_writes=1 branch_writes=2 leaf_write_records=117 branch_write_children=27 leaf_min=117 leaf_max=117 child_edges_added=27 custody_edges_added=58
LFS_EXTENT_SPLICE v=1 root_height=2 leaf_visits=1 branch_visits=2 leaf_visit_records=117 branch_visit_children=27 leaf_writes=1 branch_writes=2 leaf_write_records=119 branch_write_children=27 leaf_min=119 leaf_max=119 child_edges_added=27 custody_edges_added=59
LFS_EXTENT_SPLICE v=1 root_height=2 leaf_visits=1 branch_visits=2 leaf_visit_records=119 branch_visit_children=27 leaf_writes=1 branch_writes=2 leaf_write_records=121 branch_write_children=27 leaf_min=121 leaf_max=121 child_edges_added=27 custody_edges_added=60
LFS_EXTENT_SPLICE v=1 root_height=2 leaf_visits=1 branch_visits=2 leaf_visit_records=121 branch_visit_children=27 leaf_writes=1 branch_writes=2 leaf_write_records=123 branch_write_children=27 leaf_min=123 leaf_max=123 child_edges_added=27 custody_edges_added=61
LFS_EXTENT_SPLICE v=1 root_height=2 leaf_visits=1 branch_visits=2 leaf_visit_records=123 branch_visit_children=27 leaf_writes=2 branch_writes=2 leaf_write_records=125 branch_write_children=28 leaf_min=62 leaf_max=63 child_edges_added=28 custody_edges_added=62
LFS_EXTENT_SPLICE v=1 root_height=2 leaf_visits=1 branch_visits=2 leaf_visit_records=62 branch_visit_children=28 leaf_writes=1 branch_writes=2 leaf_write_records=64 branch_write_children=28 leaf_min=64 leaf_max=64 child_edges_added=28 custody_edges_added=32
LFS_EXTENT_SPLICE v=1 root_height=2 leaf_visits=1 branch_visits=2 leaf_visit_records=64 branch_visit_children=28 leaf_writes=1 branch_writes=2 leaf_write_records=66 branch_write_children=28 leaf_min=66 leaf_max=66 child_edges_added=28 custody_edges_added=33
LFS_EXTENT_SPLICE v=1 root_height=2 leaf_visits=1 branch_visits=2 leaf_visit_records=66 branch_visit_children=28 leaf_writes=1 branch_writes=2 leaf_write_records=68 branch_write_children=28 leaf_min=68 leaf_max=68 child_edges_added=28 custody_edges_added=34
LFS_EXTENT_SPLICE v=1 root_height=2 leaf_visits=1 branch_visits=2 leaf_visit_records=68 branch_visit_children=28 leaf_writes=1 branch_writes=2 leaf_write_records=70 branch_write_children=28 leaf_min=70 leaf_max=70 child_edges_added=28 custody_edges_added=35
LFS_EXTENT_SPLICE v=1 root_height=2 leaf_visits=1 branch_visits=2 leaf_visit_records=70 branch_visit_children=28 leaf_writes=1 branch_writes=2 leaf_write_records=72 branch_write_children=28 leaf_min=72 leaf_max=72 child_edges_added=28 custody_edges_added=36
LFS_EXTENT_SPLICE v=1 root_height=2 leaf_visits=1 branch_visits=2 leaf_visit_records=72 branch_visit_children=28 leaf_writes=1 branch_writes=2 leaf_write_records=74 branch_write_children=28 leaf_min=74 leaf_max=74 child_edges_added=28 custody_edges_added=37
LFS_EXTENT_SPLICE v=1 root_height=2 leaf_visits=1 branch_visits=2 leaf_visit_records=74 branch_visit_children=28 leaf_writes=1 branch_writes=2 leaf_write_records=76 branch_write_children=28 leaf_min=76 leaf_max=76 child_edges_added=28 custody_edges_added=38
LFS_EXTENT_SPLICE v=1 root_height=2 leaf_visits=1 branch_visits=2 leaf_visit_records=76 branch_visit_children=28 leaf_writes=1 branch_writes=2 leaf_write_records=78 branch_write_children=28 leaf_min=78 leaf_max=78 child_edges_added=28 custody_edges_added=39
LFS_EXTENT_SPLICE v=1 root_height=2 leaf_visits=1 branch_visits=2 leaf_visit_records=78 branch_visit_children=28 leaf_writes=1 branch_writes=2 leaf_write_records=80 branch_write_children=28 leaf_min=80 leaf_max=80 child_edges_added=28 custody_edges_added=40
LFS_EXTENT_SPLICE v=1 root_height=2 leaf_visits=1 branch_visits=2 leaf_visit_records=80 branch_visit_children=28 leaf_writes=1 branch_writes=2 leaf_write_records=82 branch_write_children=28 leaf_min=82 leaf_max=82 child_edges_added=28 custody_edges_added=41
LFS_EXTENT_SPLICE v=1 root_height=2 leaf_visits=1 branch_visits=2 leaf_visit_records=82 branch_visit_children=28 leaf_writes=1 branch_writes=2 leaf_write_records=84 branch_write_children=28 leaf_min=84 leaf_max=84 child_edges_added=28 custody_edges_added=42
LFS_EXTENT_SPLICE v=1 root_height=2 leaf_visits=1 branch_visits=2 leaf_visit_records=84 branch_visit_children=28 leaf_writes=1 branch_writes=2 leaf_write_records=86 branch_write_children=28 leaf_min=86 leaf_max=86 child_edges_added=28 custody_edges_added=43
LFS_EXTENT_SPLICE v=1 root_height=2 leaf_visits=1 branch_visits=2 leaf_visit_records=86 branch_visit_children=28 leaf_writes=1 branch_writes=2 leaf_write_records=88 branch_write_children=28 leaf_min=88 leaf_max=88 child_edges_added=28 custody_edges_added=44
LFS_EXTENT_SPLICE v=1 root_height=2 leaf_visits=1 branch_visits=2 leaf_visit_records=88 branch_visit_children=28 leaf_writes=1 branch_writes=2 leaf_write_records=90 branch_write_children=28 leaf_min=90 leaf_max=90 child_edges_added=28 custody_edges_added=45
LFS_EXTENT_SPLICE v=1 root_height=2 leaf_visits=1 branch_visits=2 leaf_visit_records=90 branch_visit_children=28 leaf_writes=1 branch_writes=2 leaf_write_records=92 branch_write_children=28 leaf_min=92 leaf_max=92 child_edges_added=28 custody_edges_added=46
LFS_EXTENT_SPLICE v=1 root_height=2 leaf_visits=1 branch_visits=2 leaf_visit_records=92 branch_visit_children=28 leaf_writes=1 branch_writes=2 leaf_write_records=94 branch_write_children=28 leaf_min=94 leaf_max=94 child_edges_added=28 custody_edges_added=47
LFS_EXTENT_SPLICE v=1 root_height=2 leaf_visits=1 branch_visits=2 leaf_visit_records=94 branch_visit_children=28 leaf_writes=1 branch_writes=2 leaf_write_records=96 branch_write_children=28 leaf_min=96 leaf_max=96 child_edges_added=28 custody_edges_added=48
LFS_EXTENT_SPLICE v=1 root_height=2 leaf_visits=1 branch_visits=2 leaf_visit_records=96 branch_visit_children=28 leaf_writes=1 branch_writes=2 leaf_write_records=98 branch_write_children=28 leaf_min=98 leaf_max=98 child_edges_added=28 custody_edges_added=49
LFS_EXTENT_SPLICE v=1 root_height=2 leaf_visits=1 branch_visits=2 leaf_visit_records=98 branch_visit_children=28 leaf_writes=1 branch_writes=2 leaf_write_records=100 branch_write_children=28 leaf_min=100 leaf_max=100 child_edges_added=28 custody_edges_added=50
LFS_EXTENT_SPLICE v=1 root_height=2 leaf_visits=1 branch_visits=2 leaf_visit_records=100 branch_visit_children=28 leaf_writes=1 branch_writes=2 leaf_write_records=102 branch_write_children=28 leaf_min=102 leaf_max=102 child_edges_added=28 custody_edges_added=51
LFS_EXTENT_SPLICE v=1 root_height=2 leaf_visits=1 branch_visits=2 leaf_visit_records=102 branch_visit_children=28 leaf_writes=1 branch_writes=2 leaf_write_records=104 branch_write_children=28 leaf_min=104 leaf_max=104 child_edges_added=28 custody_edges_added=52
LFS_EXTENT_SPLICE v=1 root_height=2 leaf_visits=1 branch_visits=2 leaf_visit_records=104 branch_visit_children=28 leaf_writes=1 branch_writes=2 leaf_write_records=106 branch_write_children=28 leaf_min=106 leaf_max=106 child_edges_added=28 custody_edges_added=53
LFS_EXTENT_SPLICE v=1 root_height=2 leaf_visits=1 branch_visits=2 leaf_visit_records=106 branch_visit_children=28 leaf_writes=1 branch_writes=2 leaf_write_records=108 branch_write_children=28 leaf_min=108 leaf_max=108 child_edges_added=28 custody_edges_added=54
LFS_EXTENT_SPLICE v=1 root_height=2 leaf_visits=1 branch_visits=2 leaf_visit_records=108 branch_visit_children=28 leaf_writes=1 branch_writes=2 leaf_write_records=110 branch_write_children=28 leaf_min=110 leaf_max=110 child_edges_added=28 custody_edges_added=55
LFS_EXTENT_SPLICE v=1 root_height=2 leaf_visits=1 branch_visits=2 leaf_visit_records=110 branch_visit_children=28 leaf_writes=1 branch_writes=2 leaf_write_records=112 branch_write_children=28 leaf_min=112 leaf_max=112 child_edges_added=28 custody_edges_added=56
LFS_EXTENT_SPLICE v=1 root_height=2 leaf_visits=1 branch_visits=2 leaf_visit_records=112 branch_visit_children=28 leaf_writes=1 branch_writes=2 leaf_write_records=114 branch_write_children=28 leaf_min=114 leaf_max=114 child_edges_added=28 custody_edges_added=57
LFT1 {"v":1,"namespace":13710895918682022928,"run":"0388b7df3c6bbe5fc5bf9044daa9cf3f","pid":1,"role":2,"kind":"resource","scope":"process-shared","clock":"local-monitor","at_ns":9042088253,"incarnation":8311343,"user_ns":2910000000,"source":"procfs+sysconf","probe_ns":18833,"selected":3,"system_ns":1350000000,"rss":41132032}
LFS_EXTENT_SPLICE v=1 root_height=2 leaf_visits=1 branch_visits=2 leaf_visit_records=114 branch_visit_children=28 leaf_writes=1 branch_writes=2 leaf_write_records=116 branch_write_children=28 leaf_min=116 leaf_max=116 child_edges_added=28 custody_edges_added=58
LFS_EXTENT_SPLICE v=1 root_height=2 leaf_visits=1 branch_visits=2 leaf_visit_records=116 branch_visit_children=28 leaf_writes=1 branch_writes=2 leaf_write_records=118 branch_write_children=28 leaf_min=118 leaf_max=118 child_edges_added=28 custody_edges_added=59
LFS_EXTENT_SPLICE v=1 root_height=2 leaf_visits=1 branch_visits=2 leaf_visit_records=118 branch_visit_children=28 leaf_writes=1 branch_writes=2 leaf_write_records=120 branch_write_children=28 leaf_min=120 leaf_max=120 child_edges_added=28 custody_edges_added=60
LFS_EXTENT_SPLICE v=1 root_height=2 leaf_visits=1 branch_visits=2 leaf_visit_records=120 branch_visit_children=28 leaf_writes=1 branch_writes=2 leaf_write_records=122 branch_write_children=28 leaf_min=122 leaf_max=122 child_edges_added=28 custody_edges_added=61
LFS_EXTENT_SPLICE v=1 root_height=2 leaf_visits=1 branch_visits=2 leaf_visit_records=122 branch_visit_children=28 leaf_writes=1 branch_writes=2 leaf_write_records=124 branch_write_children=28 leaf_min=124 leaf_max=124 child_edges_added=28 custody_edges_added=62
LFS_EXTENT_SPLICE v=1 root_height=2 leaf_visits=1 branch_visits=2 leaf_visit_records=124 branch_visit_children=28 leaf_writes=2 branch_writes=2 leaf_write_records=126 branch_write_children=29 leaf_min=63 leaf_max=63 child_edges_added=29 custody_edges_added=63
LFS_EXTENT_SPLICE v=1 root_height=2 leaf_visits=1 branch_visits=2 leaf_visit_records=63 branch_visit_children=29 leaf_writes=1 branch_writes=2 leaf_write_records=65 branch_write_children=29 leaf_min=65 leaf_max=65 child_edges_added=29 custody_edges_added=32
LFS_EXTENT_SPLICE v=1 root_height=2 leaf_visits=1 branch_visits=2 leaf_visit_records=65 branch_visit_children=29 leaf_writes=1 branch_writes=2 leaf_write_records=67 branch_write_children=29 leaf_min=67 leaf_max=67 child_edges_added=29 custody_edges_added=33
LFS_EXTENT_SPLICE v=1 root_height=2 leaf_visits=1 branch_visits=2 leaf_visit_records=67 branch_visit_children=29 leaf_writes=1 branch_writes=2 leaf_write_records=69 branch_write_children=29 leaf_min=69 leaf_max=69 child_edges_added=29 custody_edges_added=34
LFS_EXTENT_SPLICE v=1 root_height=2 leaf_visits=1 branch_visits=2 leaf_visit_records=69 branch_visit_children=29 leaf_writes=1 branch_writes=2 leaf_write_records=71 branch_write_children=29 leaf_min=71 leaf_max=71 child_edges_added=29 custody_edges_added=35
LFS_EXTENT_SPLICE v=1 root_height=2 leaf_visits=1 branch_visits=2 leaf_visit_records=71 branch_visit_children=29 leaf_writes=1 branch_writes=2 leaf_write_records=73 branch_write_children=29 leaf_min=73 leaf_max=73 child_edges_added=29 custody_edges_added=36
LFS_EXTENT_SPLICE v=1 root_height=2 leaf_visits=1 branch_visits=2 leaf_visit_records=73 branch_visit_children=29 leaf_writes=1 branch_writes=2 leaf_write_records=75 branch_write_children=29 leaf_min=75 leaf_max=75 child_edges_added=29 custody_edges_added=37
LFS_EXTENT_SPLICE v=1 root_height=2 leaf_visits=1 branch_visits=2 leaf_visit_records=75 branch_visit_children=29 leaf_writes=1 branch_writes=2 leaf_write_records=77 branch_write_children=29 leaf_min=77 leaf_max=77 child_edges_added=29 custody_edges_added=38
LFS_EXTENT_SPLICE v=1 root_height=2 leaf_visits=1 branch_visits=2 leaf_visit_records=77 branch_visit_children=29 leaf_writes=1 branch_writes=2 leaf_write_records=79 branch_write_children=29 leaf_min=79 leaf_max=79 child_edges_added=29 custody_edges_added=39
LFS_EXTENT_SPLICE v=1 root_height=2 leaf_visits=1 branch_visits=2 leaf_visit_records=79 branch_visit_children=29 leaf_writes=1 branch_writes=2 leaf_write_records=81 branch_write_children=29 leaf_min=81 leaf_max=81 child_edges_added=29 custody_edges_added=40
LFS_EXTENT_SPLICE v=1 root_height=2 leaf_visits=1 branch_visits=2 leaf_visit_records=81 branch_visit_children=29 leaf_writes=1 branch_writes=2 leaf_write_records=83 branch_write_children=29 leaf_min=83 leaf_max=83 child_edges_added=29 custody_edges_added=41
LFS_EXTENT_SPLICE v=1 root_height=2 leaf_visits=1 branch_visits=2 leaf_visit_records=83 branch_visit_children=29 leaf_writes=1 branch_writes=2 leaf_write_records=85 branch_write_children=29 leaf_min=85 leaf_max=85 child_edges_added=29 custody_edges_added=42
LFS_EXTENT_SPLICE v=1 root_height=2 leaf_visits=1 branch_visits=2 leaf_visit_records=85 branch_visit_children=29 leaf_writes=1 branch_writes=2 leaf_write_records=87 branch_write_children=29 leaf_min=87 leaf_max=87 child_edges_added=29 custody_edges_added=43
LFS_EXTENT_SPLICE v=1 root_height=2 leaf_visits=1 branch_visits=2 leaf_visit_records=87 branch_visit_children=29 leaf_writes=1 branch_writes=2 leaf_write_records=89 branch_write_children=29 leaf_min=89 leaf_max=89 child_edges_added=29 custody_edges_added=44
LFS_EXTENT_SPLICE v=1 root_height=2 leaf_visits=1 branch_visits=2 leaf_visit_records=89 branch_visit_children=29 leaf_writes=1 branch_writes=2 leaf_write_records=91 branch_write_children=29 leaf_min=91 leaf_max=91 child_edges_added=29 custody_edges_added=45
LFS_EXTENT_SPLICE v=1 root_height=2 leaf_visits=1 branch_visits=2 leaf_visit_records=91 branch_visit_children=29 leaf_writes=1 branch_writes=2 leaf_write_records=93 branch_write_children=29 leaf_min=93 leaf_max=93 child_edges_added=29 custody_edges_added=46
LFS_EXTENT_SPLICE v=1 root_height=2 leaf_visits=1 branch_visits=2 leaf_visit_records=93 branch_visit_children=29 leaf_writes=1 branch_writes=2 leaf_write_records=95 branch_write_children=29 leaf_min=95 leaf_max=95 child_edges_added=29 custody_edges_added=47
LFS_EXTENT_SPLICE v=1 root_height=2 leaf_visits=1 branch_visits=2 leaf_visit_records=95 branch_visit_children=29 leaf_writes=1 branch_writes=2 leaf_write_records=97 branch_write_children=29 leaf_min=97 leaf_max=97 child_edges_added=29 custody_edges_added=48
LFS_EXTENT_SPLICE v=1 root_height=2 leaf_visits=1 branch_visits=2 leaf_visit_records=97 branch_visit_children=29 leaf_writes=1 branch_writes=2 leaf_write_records=99 branch_write_children=29 leaf_min=99 leaf_max=99 child_edges_added=29 custody_edges_added=49
LFS_EXTENT_SPLICE v=1 root_height=2 leaf_visits=1 branch_visits=2 leaf_visit_records=99 branch_visit_children=29 leaf_writes=1 branch_writes=2 leaf_write_records=101 branch_write_children=29 leaf_min=101 leaf_max=101 child_edges_added=29 custody_edges_added=50
LFS_EXTENT_SPLICE v=1 root_height=2 leaf_visits=1 branch_visits=2 leaf_visit_records=101 branch_visit_children=29 leaf_writes=1 branch_writes=2 leaf_write_records=103 branch_write_children=29 leaf_min=103 leaf_max=103 child_edges_added=29 custody_edges_added=51
LFS_EXTENT_SPLICE v=1 root_height=2 leaf_visits=1 branch_visits=2 leaf_visit_records=103 branch_visit_children=29 leaf_writes=1 branch_writes=2 leaf_write_records=105 branch_write_children=29 leaf_min=105 leaf_max=105 child_edges_added=29 custody_edges_added=52
LFS_EXTENT_SPLICE v=1 root_height=2 leaf_visits=1 branch_visits=2 leaf_visit_records=105 branch_visit_children=29 leaf_writes=1 branch_writes=2 leaf_write_records=107 branch_write_children=29 leaf_min=107 leaf_max=107 child_edges_added=29 custody_edges_added=53
LFS_EXTENT_SPLICE v=1 root_height=2 leaf_visits=1 branch_visits=2 leaf_visit_records=107 branch_visit_children=29 leaf_writes=1 branch_writes=2 leaf_write_records=109 branch_write_children=29 leaf_min=109 leaf_max=109 child_edges_added=29 custody_edges_added=54
LFS_EXTENT_SPLICE v=1 root_height=2 leaf_visits=1 branch_visits=2 leaf_visit_records=109 branch_visit_children=29 leaf_writes=1 branch_writes=2 leaf_write_records=111 branch_write_children=29 leaf_min=111 leaf_max=111 child_edges_added=29 custody_edges_added=55
LFS_EXTENT_SPLICE v=1 root_height=2 leaf_visits=1 branch_visits=2 leaf_visit_records=111 branch_visit_children=29 leaf_writes=1 branch_writes=2 leaf_write_records=113 branch_write_children=29 leaf_min=113 leaf_max=113 child_edges_added=29 custody_edges_added=56
LFS_EXTENT_SPLICE v=1 root_height=2 leaf_visits=1 branch_visits=2 leaf_visit_records=113 branch_visit_children=29 leaf_writes=1 branch_writes=2 leaf_write_records=115 branch_write_children=29 leaf_min=115 leaf_max=115 child_edges_added=29 custody_edges_added=57
LFS_EXTENT_SPLICE v=1 root_height=2 leaf_visits=1 branch_visits=2 leaf_visit_records=115 branch_visit_children=29 leaf_writes=1 branch_writes=2 leaf_write_records=117 branch_write_children=29 leaf_min=117 leaf_max=117 child_edges_added=29 custody_edges_added=58
LFS_EXTENT_SPLICE v=1 root_height=2 leaf_visits=1 branch_visits=2 leaf_visit_records=117 branch_visit_children=29 leaf_writes=1 branch_writes=2 leaf_write_records=119 branch_write_children=29 leaf_min=119 leaf_max=119 child_edges_added=29 custody_edges_added=59
LFS_EXTENT_SPLICE v=1 root_height=2 leaf_visits=1 branch_visits=2 leaf_visit_records=119 branch_visit_children=29 leaf_writes=1 branch_writes=2 leaf_write_records=121 branch_write_children=29 leaf_min=121 leaf_max=121 child_edges_added=29 custody_edges_added=60
LFS_EXTENT_SPLICE v=1 root_height=2 leaf_visits=1 branch_visits=2 leaf_visit_records=121 branch_visit_children=29 leaf_writes=1 branch_writes=2 leaf_write_records=123 branch_write_children=29 leaf_min=123 leaf_max=123 child_edges_added=29 custody_edges_added=61
LFS_EXTENT_SPLICE v=1 root_height=2 leaf_visits=1 branch_visits=2 leaf_visit_records=123 branch_visit_children=29 leaf_writes=2 branch_writes=2 leaf_write_records=125 branch_write_children=30 leaf_min=62 leaf_max=63 child_edges_added=30 custody_edges_added=62
LFS_EXTENT_SPLICE v=1 root_height=2 leaf_visits=1 branch_visits=2 leaf_visit_records=62 branch_visit_children=30 leaf_writes=1 branch_writes=2 leaf_write_records=64 branch_write_children=30 leaf_min=64 leaf_max=64 child_edges_added=30 custody_edges_added=32
LFS_EXTENT_SPLICE v=1 root_height=2 leaf_visits=1 branch_visits=2 leaf_visit_records=64 branch_visit_children=30 leaf_writes=1 branch_writes=2 leaf_write_records=66 branch_write_children=30 leaf_min=66 leaf_max=66 child_edges_added=30 custody_edges_added=33
LFS_EXTENT_SPLICE v=1 root_height=2 leaf_visits=1 branch_visits=2 leaf_visit_records=66 branch_visit_children=30 leaf_writes=1 branch_writes=2 leaf_write_records=68 branch_write_children=30 leaf_min=68 leaf_max=68 child_edges_added=30 custody_edges_added=34
LFS_EXTENT_SPLICE v=1 root_height=2 leaf_visits=1 branch_visits=2 leaf_visit_records=68 branch_visit_children=30 leaf_writes=1 branch_writes=2 leaf_write_records=70 branch_write_children=30 leaf_min=70 leaf_max=70 child_edges_added=30 custody_edges_added=35
LFS_EXTENT_SPLICE v=1 root_height=2 leaf_visits=1 branch_visits=2 leaf_visit_records=70 branch_visit_children=30 leaf_writes=1 branch_writes=2 leaf_write_records=72 branch_write_children=30 leaf_min=72 leaf_max=72 child_edges_added=30 custody_edges_added=36
LFS_EXTENT_SPLICE v=1 root_height=2 leaf_visits=1 branch_visits=2 leaf_visit_records=72 branch_visit_children=30 leaf_writes=1 branch_writes=2 leaf_write_records=74 branch_write_children=30 leaf_min=74 leaf_max=74 child_edges_added=30 custody_edges_added=37
LFS_EXTENT_SPLICE v=1 root_height=2 leaf_visits=1 branch_visits=2 leaf_visit_records=74 branch_visit_children=30 leaf_writes=1 branch_writes=2 leaf_write_records=76 branch_write_children=30 leaf_min=76 leaf_max=76 child_edges_added=30 custody_edges_added=38
LFS_EXTENT_SPLICE v=1 root_height=2 leaf_visits=1 branch_visits=2 leaf_visit_records=76 branch_visit_children=30 leaf_writes=1 branch_writes=2 leaf_write_records=78 branch_write_children=30 leaf_min=78 leaf_max=78 child_edges_added=30 custody_edges_added=39
LFS_EXTENT_SPLICE v=1 root_height=2 leaf_visits=1 branch_visits=2 leaf_visit_records=78 branch_visit_children=30 leaf_writes=1 branch_writes=2 leaf_write_records=80 branch_write_children=30 leaf_min=80 leaf_max=80 child_edges_added=30 custody_edges_added=40
LFS_EXTENT_SPLICE v=1 root_height=2 leaf_visits=1 branch_visits=2 leaf_visit_records=80 branch_visit_children=30 leaf_writes=1 branch_writes=2 leaf_write_records=82 branch_write_children=30 leaf_min=82 leaf_max=82 child_edges_added=30 custody_edges_added=41
LFS_EXTENT_SPLICE v=1 root_height=2 leaf_visits=1 branch_visits=2 leaf_visit_records=82 branch_visit_children=30 leaf_writes=1 branch_writes=2 leaf_write_records=84 branch_write_children=30 leaf_min=84 leaf_max=84 child_edges_added=30 custody_edges_added=42
LFS_EXTENT_SPLICE v=1 root_height=2 leaf_visits=1 branch_visits=2 leaf_visit_records=84 branch_visit_children=30 leaf_writes=1 branch_writes=2 leaf_write_records=86 branch_write_children=30 leaf_min=86 leaf_max=86 child_edges_added=30 custody_edges_added=43
LFS_EXTENT_SPLICE v=1 root_height=2 leaf_visits=1 branch_visits=2 leaf_visit_records=86 branch_visit_children=30 leaf_writes=1 branch_writes=2 leaf_write_records=88 branch_write_children=30 leaf_min=88 leaf_max=88 child_edges_added=30 custody_edges_added=44
LFS_EXTENT_SPLICE v=1 root_height=2 leaf_visits=1 branch_visits=2 leaf_visit_records=88 branch_visit_children=30 leaf_writes=1 branch_writes=2 leaf_write_records=90 branch_write_children=30 leaf_min=90 leaf_max=90 child_edges_added=30 custody_edges_added=45
LFS_EXTENT_SPLICE v=1 root_height=2 leaf_visits=1 branch_visits=2 leaf_visit_records=90 branch_visit_children=30 leaf_writes=1 branch_writes=2 leaf_write_records=92 branch_write_children=30 leaf_min=92 leaf_max=92 child_edges_added=30 custody_edges_added=46
LFS_EXTENT_SPLICE v=1 root_height=2 leaf_visits=1 branch_visits=2 leaf_visit_records=92 branch_visit_children=30 leaf_writes=1 branch_writes=2 leaf_write_records=94 branch_write_children=30 leaf_min=94 leaf_max=94 child_edges_added=30 custody_edges_added=47
LFS_EXTENT_SPLICE v=1 root_height=2 leaf_visits=1 branch_visits=2 leaf_visit_records=94 branch_visit_children=30 leaf_writes=1 branch_writes=2 leaf_write_records=96 branch_write_children=30 leaf_min=96 leaf_max=96 child_edges_added=30 custody_edges_added=48
LFS_EXTENT_SPLICE v=1 root_height=2 leaf_visits=1 branch_visits=2 leaf_visit_records=96 branch_visit_children=30 leaf_writes=1 branch_writes=2 leaf_write_records=98 branch_write_children=30 leaf_min=98 leaf_max=98 child_edges_added=30 custody_edges_added=49
LFS_EXTENT_SPLICE v=1 root_height=2 leaf_visits=1 branch_visits=2 leaf_visit_records=98 branch_visit_children=30 leaf_writes=1 branch_writes=2 leaf_write_records=100 branch_write_children=30 leaf_min=100 leaf_max=100 child_edges_added=30 custody_edges_added=50
LFS_EXTENT_SPLICE v=1 root_height=2 leaf_visits=1 branch_visits=2 leaf_visit_records=100 branch_visit_children=30 leaf_writes=1 branch_writes=2 leaf_write_records=102 branch_write_children=30 leaf_min=102 leaf_max=102 child_edges_added=30 custody_edges_added=51
LFS_EXTENT_SPLICE v=1 root_height=2 leaf_visits=1 branch_visits=2 leaf_visit_records=102 branch_visit_children=30 leaf_writes=1 branch_writes=2 leaf_write_records=104 branch_write_children=30 leaf_min=104 leaf_max=104 child_edges_added=30 custody_edges_added=52
LFS_EXTENT_SPLICE v=1 root_height=2 leaf_visits=1 branch_visits=2 leaf_visit_records=104 branch_visit_children=30 leaf_writes=1 branch_writes=2 leaf_write_records=106 branch_write_children=30 leaf_min=106 leaf_max=106 child_edges_added=30 custody_edges_added=53
LFS_EXTENT_SPLICE v=1 root_height=2 leaf_visits=1 branch_visits=2 leaf_visit_records=106 branch_visit_children=30 leaf_writes=1 branch_writes=2 leaf_write_records=108 branch_write_children=30 leaf_min=108 leaf_max=108 child_edges_added=30 custody_edges_added=54
LFS_EXTENT_SPLICE v=1 root_height=2 leaf_visits=1 branch_visits=2 leaf_visit_records=108 branch_visit_children=30 leaf_writes=1 branch_writes=2 leaf_write_records=110 branch_write_children=30 leaf_min=110 leaf_max=110 child_edges_added=30 custody_edges_added=55
LFS_EXTENT_SPLICE v=1 root_height=2 leaf_visits=1 branch_visits=2 leaf_visit_records=110 branch_visit_children=30 leaf_writes=1 branch_writes=2 leaf_write_records=112 branch_write_children=30 leaf_min=112 leaf_max=112 child_edges_added=30 custody_edges_added=56
LFS_EXTENT_SPLICE v=1 root_height=2 leaf_visits=1 branch_visits=2 leaf_visit_records=112 branch_visit_children=30 leaf_writes=1 branch_writes=2 leaf_write_records=114 branch_write_children=30 leaf_min=114 leaf_max=114 child_edges_added=30 custody_edges_added=57
LFS_EXTENT_SPLICE v=1 root_height=2 leaf_visits=1 branch_visits=2 leaf_visit_records=114 branch_visit_children=30 leaf_writes=1 branch_writes=2 leaf_write_records=116 branch_write_children=30 leaf_min=116 leaf_max=116 child_edges_added=30 custody_edges_added=58
LFS_EXTENT_SPLICE v=1 root_height=2 leaf_visits=1 branch_visits=2 leaf_visit_records=116 branch_visit_children=30 leaf_writes=1 branch_writes=2 leaf_write_records=118 branch_write_children=30 leaf_min=118 leaf_max=118 child_edges_added=30 custody_edges_added=59
LFS_EXTENT_SPLICE v=1 root_height=2 leaf_visits=1 branch_visits=2 leaf_visit_records=118 branch_visit_children=30 leaf_writes=1 branch_writes=2 leaf_write_records=120 branch_write_children=30 leaf_min=120 leaf_max=120 child_edges_added=30 custody_edges_added=60
LFS_EXTENT_SPLICE v=1 root_height=2 leaf_visits=1 branch_visits=2 leaf_visit_records=120 branch_visit_children=30 leaf_writes=1 branch_writes=2 leaf_write_records=122 branch_write_children=30 leaf_min=122 leaf_max=122 child_edges_added=30 custody_edges_added=61
LFS_EXTENT_SPLICE v=1 root_height=2 leaf_visits=1 branch_visits=2 leaf_visit_records=122 branch_visit_children=30 leaf_writes=1 branch_writes=2 leaf_write_records=124 branch_write_children=30 leaf_min=124 leaf_max=124 child_edges_added=30 custody_edges_added=62
LFS_EXTENT_SPLICE v=1 root_height=2 leaf_visits=1 branch_visits=2 leaf_visit_records=124 branch_visit_children=30 leaf_writes=2 branch_writes=2 leaf_write_records=126 branch_write_children=31 leaf_min=63 leaf_max=63 child_edges_added=31 custody_edges_added=63
LFS_EXTENT_SPLICE v=1 root_height=2 leaf_visits=1 branch_visits=2 leaf_visit_records=63 branch_visit_children=31 leaf_writes=1 branch_writes=2 leaf_write_records=65 branch_write_children=31 leaf_min=65 leaf_max=65 child_edges_added=31 custody_edges_added=32
LFS_EXTENT_SPLICE v=1 root_height=2 leaf_visits=1 branch_visits=2 leaf_visit_records=65 branch_visit_children=31 leaf_writes=1 branch_writes=2 leaf_write_records=67 branch_write_children=31 leaf_min=67 leaf_max=67 child_edges_added=31 custody_edges_added=33
LFS_EXTENT_SPLICE v=1 root_height=2 leaf_visits=1 branch_visits=2 leaf_visit_records=67 branch_visit_children=31 leaf_writes=1 branch_writes=2 leaf_write_records=69 branch_write_children=31 leaf_min=69 leaf_max=69 child_edges_added=31 custody_edges_added=34
LFS_EXTENT_SPLICE v=1 root_height=2 leaf_visits=1 branch_visits=2 leaf_visit_records=69 branch_visit_children=31 leaf_writes=1 branch_writes=2 leaf_write_records=71 branch_write_children=31 leaf_min=71 leaf_max=71 child_edges_added=31 custody_edges_added=35
LFS_EXTENT_SPLICE v=1 root_height=2 leaf_visits=1 branch_visits=2 leaf_visit_records=71 branch_visit_children=31 leaf_writes=1 branch_writes=2 leaf_write_records=73 branch_write_children=31 leaf_min=73 leaf_max=73 child_edges_added=31 custody_edges_added=36
LFS_EXTENT_SPLICE v=1 root_height=2 leaf_visits=1 branch_visits=2 leaf_visit_records=73 branch_visit_children=31 leaf_writes=1 branch_writes=2 leaf_write_records=75 branch_write_children=31 leaf_min=75 leaf_max=75 child_edges_added=31 custody_edges_added=37
LFS_EXTENT_SPLICE v=1 root_height=2 leaf_visits=1 branch_visits=2 leaf_visit_records=75 branch_visit_children=31 leaf_writes=1 branch_writes=2 leaf_write_records=77 branch_write_children=31 leaf_min=77 leaf_max=77 child_edges_added=31 custody_edges_added=38
LFS_EXTENT_SPLICE v=1 root_height=2 leaf_visits=1 branch_visits=2 leaf_visit_records=77 branch_visit_children=31 leaf_writes=1 branch_writes=2 leaf_write_records=79 branch_write_children=31 leaf_min=79 leaf_max=79 child_edges_added=31 custody_edges_added=39
LFS_EXTENT_SPLICE v=1 root_height=2 leaf_visits=1 branch_visits=2 leaf_visit_records=79 branch_visit_children=31 leaf_writes=1 branch_writes=2 leaf_write_records=81 branch_write_children=31 leaf_min=81 leaf_max=81 child_edges_added=31 custody_edges_added=40
LFS_EXTENT_SPLICE v=1 root_height=2 leaf_visits=1 branch_visits=2 leaf_visit_records=81 branch_visit_children=31 leaf_writes=1 branch_writes=2 leaf_write_records=83 branch_write_children=31 leaf_min=83 leaf_max=83 child_edges_added=31 custody_edges_added=41
LFS_EXTENT_SPLICE v=1 root_height=2 leaf_visits=1 branch_visits=2 leaf_visit_records=83 branch_visit_children=31 leaf_writes=1 branch_writes=2 leaf_write_records=85 branch_write_children=31 leaf_min=85 leaf_max=85 child_edges_added=31 custody_edges_added=42
LFS_EXTENT_SPLICE v=1 root_height=2 leaf_visits=1 branch_visits=2 leaf_visit_records=85 branch_visit_children=31 leaf_writes=1 branch_writes=2 leaf_write_records=87 branch_write_children=31 leaf_min=87 leaf_max=87 child_edges_added=31 custody_edges_added=43
LFS_EXTENT_SPLICE v=1 root_height=2 leaf_visits=1 branch_visits=2 leaf_visit_records=87 branch_visit_children=31 leaf_writes=1 branch_writes=2 leaf_write_records=89 branch_write_children=31 leaf_min=89 leaf_max=89 child_edges_added=31 custody_edges_added=44
LFS_EXTENT_SPLICE v=1 root_height=2 leaf_visits=1 branch_visits=2 leaf_visit_records=89 branch_visit_children=31 leaf_writes=1 branch_writes=2 leaf_write_records=91 branch_write_children=31 leaf_min=91 leaf_max=91 child_edges_added=31 custody_edges_added=45
LFS_EXTENT_SPLICE v=1 root_height=2 leaf_visits=1 branch_visits=2 leaf_visit_records=91 branch_visit_children=31 leaf_writes=1 branch_writes=2 leaf_write_records=93 branch_write_children=31 leaf_min=93 leaf_max=93 child_edges_added=31 custody_edges_added=46
LFS_EXTENT_SPLICE v=1 root_height=2 leaf_visits=1 branch_visits=2 leaf_visit_records=93 branch_visit_children=31 leaf_writes=1 branch_writes=2 leaf_write_records=95 branch_write_children=31 leaf_min=95 leaf_max=95 child_edges_added=31 custody_edges_added=47
LFS_EXTENT_SPLICE v=1 root_height=2 leaf_visits=1 branch_visits=2 leaf_visit_records=95 branch_visit_children=31 leaf_writes=1 branch_writes=2 leaf_write_records=97 branch_write_children=31 leaf_min=97 leaf_max=97 child_edges_added=31 custody_edges_added=48
LFS_EXTENT_SPLICE v=1 root_height=2 leaf_visits=1 branch_visits=2 leaf_visit_records=97 branch_visit_children=31 leaf_writes=1 branch_writes=2 leaf_write_records=99 branch_write_children=31 leaf_min=99 leaf_max=99 child_edges_added=31 custody_edges_added=49
LFS_EXTENT_SPLICE v=1 root_height=2 leaf_visits=1 branch_visits=2 leaf_visit_records=99 branch_visit_children=31 leaf_writes=1 branch_writes=2 leaf_write_records=101 branch_write_children=31 leaf_min=101 leaf_max=101 child_edges_added=31 custody_edges_added=50
LFS_EXTENT_SPLICE v=1 root_height=2 leaf_visits=1 branch_visits=2 leaf_visit_records=101 branch_visit_children=31 leaf_writes=1 branch_writes=2 leaf_write_records=103 branch_write_children=31 leaf_min=103 leaf_max=103 child_edges_added=31 custody_edges_added=51
LFS_EXTENT_SPLICE v=1 root_height=2 leaf_visits=1 branch_visits=2 leaf_visit_records=103 branch_visit_children=31 leaf_writes=1 branch_writes=2 leaf_write_records=105 branch_write_children=31 leaf_min=105 leaf_max=105 child_edges_added=31 custody_edges_added=52
LFS_EXTENT_SPLICE v=1 root_height=2 leaf_visits=1 branch_visits=2 leaf_visit_records=105 branch_visit_children=31 leaf_writes=1 branch_writes=2 leaf_write_records=107 branch_write_children=31 leaf_min=107 leaf_max=107 child_edges_added=31 custody_edges_added=53
LFS_EXTENT_SPLICE v=1 root_height=2 leaf_visits=1 branch_visits=2 leaf_visit_records=107 branch_visit_children=31 leaf_writes=1 branch_writes=2 leaf_write_records=109 branch_write_children=31 leaf_min=109 leaf_max=109 child_edges_added=31 custody_edges_added=54
LFS_EXTENT_SPLICE v=1 root_height=2 leaf_visits=1 branch_visits=2 leaf_visit_records=109 branch_visit_children=31 leaf_writes=1 branch_writes=2 leaf_write_records=111 branch_write_children=31 leaf_min=111 leaf_max=111 child_edges_added=31 custody_edges_added=55
LFS_EXTENT_SPLICE v=1 root_height=2 leaf_visits=1 branch_visits=2 leaf_visit_records=111 branch_visit_children=31 leaf_writes=1 branch_writes=2 leaf_write_records=113 branch_write_children=31 leaf_min=113 leaf_max=113 child_edges_added=31 custody_edges_added=56
LFS_EXTENT_SPLICE v=1 root_height=2 leaf_visits=1 branch_visits=2 leaf_visit_records=113 branch_visit_children=31 leaf_writes=1 branch_writes=2 leaf_write_records=115 branch_write_children=31 leaf_min=115 leaf_max=115 child_edges_added=31 custody_edges_added=57
LFS_EXTENT_SPLICE v=1 root_height=2 leaf_visits=1 branch_visits=2 leaf_visit_records=115 branch_visit_children=31 leaf_writes=1 branch_writes=2 leaf_write_records=117 branch_write_children=31 leaf_min=117 leaf_max=117 child_edges_added=31 custody_edges_added=58
LFS_EXTENT_SPLICE v=1 root_height=2 leaf_visits=1 branch_visits=2 leaf_visit_records=117 branch_visit_children=31 leaf_writes=1 branch_writes=2 leaf_write_records=119 branch_write_children=31 leaf_min=119 leaf_max=119 child_edges_added=31 custody_edges_added=59
LFS_EXTENT_SPLICE v=1 root_height=2 leaf_visits=1 branch_visits=2 leaf_visit_records=119 branch_visit_children=31 leaf_writes=1 branch_writes=2 leaf_write_records=121 branch_write_children=31 leaf_min=121 leaf_max=121 child_edges_added=31 custody_edges_added=60
LFS_EXTENT_SPLICE v=1 root_height=2 leaf_visits=1 branch_visits=2 leaf_visit_records=121 branch_visit_children=31 leaf_writes=1 branch_writes=2 leaf_write_records=123 branch_write_children=31 leaf_min=123 leaf_max=123 child_edges_added=31 custody_edges_added=61
LFS_EXTENT_SPLICE v=1 root_height=2 leaf_visits=1 branch_visits=2 leaf_visit_records=123 branch_visit_children=31 leaf_writes=2 branch_writes=2 leaf_write_records=125 branch_write_children=32 leaf_min=62 leaf_max=63 child_edges_added=32 custody_edges_added=62
LFS_EXTENT_SPLICE v=1 root_height=2 leaf_visits=1 branch_visits=2 leaf_visit_records=62 branch_visit_children=32 leaf_writes=1 branch_writes=2 leaf_write_records=64 branch_write_children=32 leaf_min=64 leaf_max=64 child_edges_added=32 custody_edges_added=32
LFS_EXTENT_SPLICE v=1 root_height=2 leaf_visits=1 branch_visits=2 leaf_visit_records=64 branch_visit_children=32 leaf_writes=1 branch_writes=2 leaf_write_records=66 branch_write_children=32 leaf_min=66 leaf_max=66 child_edges_added=32 custody_edges_added=33
LFS_EXTENT_SPLICE v=1 root_height=2 leaf_visits=1 branch_visits=2 leaf_visit_records=66 branch_visit_children=32 leaf_writes=1 branch_writes=2 leaf_write_records=68 branch_write_children=32 leaf_min=68 leaf_max=68 child_edges_added=32 custody_edges_added=34
LFS_EXTENT_SPLICE v=1 root_height=2 leaf_visits=1 branch_visits=2 leaf_visit_records=68 branch_visit_children=32 leaf_writes=1 branch_writes=2 leaf_write_records=70 branch_write_children=32 leaf_min=70 leaf_max=70 child_edges_added=32 custody_edges_added=35
LFS_EXTENT_SPLICE v=1 root_height=2 leaf_visits=1 branch_visits=2 leaf_visit_records=70 branch_visit_children=32 leaf_writes=1 branch_writes=2 leaf_write_records=72 branch_write_children=32 leaf_min=72 leaf_max=72 child_edges_added=32 custody_edges_added=36
LFS_EXTENT_SPLICE v=1 root_height=2 leaf_visits=1 branch_visits=2 leaf_visit_records=72 branch_visit_children=32 leaf_writes=1 branch_writes=2 leaf_write_records=74 branch_write_children=32 leaf_min=74 leaf_max=74 child_edges_added=32 custody_edges_added=37
LFS_EXTENT_SPLICE v=1 root_height=2 leaf_visits=1 branch_visits=2 leaf_visit_records=74 branch_visit_children=32 leaf_writes=1 branch_writes=2 leaf_write_records=76 branch_write_children=32 leaf_min=76 leaf_max=76 child_edges_added=32 custody_edges_added=38
LFS_EXTENT_SPLICE v=1 root_height=2 leaf_visits=1 branch_visits=2 leaf_visit_records=76 branch_visit_children=32 leaf_writes=1 branch_writes=2 leaf_write_records=78 branch_write_children=32 leaf_min=78 leaf_max=78 child_edges_added=32 custody_edges_added=39
LFS_EXTENT_SPLICE v=1 root_height=2 leaf_visits=1 branch_visits=2 leaf_visit_records=78 branch_visit_children=32 leaf_writes=1 branch_writes=2 leaf_write_records=80 branch_write_children=32 leaf_min=80 leaf_max=80 child_edges_added=32 custody_edges_added=40
LFS_EXTENT_SPLICE v=1 root_height=2 leaf_visits=1 branch_visits=2 leaf_visit_records=80 branch_visit_children=32 leaf_writes=1 branch_writes=2 leaf_write_records=82 branch_write_children=32 leaf_min=82 leaf_max=82 child_edges_added=32 custody_edges_added=41
LFS_EXTENT_SPLICE v=1 root_height=2 leaf_visits=1 branch_visits=2 leaf_visit_records=82 branch_visit_children=32 leaf_writes=1 branch_writes=2 leaf_write_records=84 branch_write_children=32 leaf_min=84 leaf_max=84 child_edges_added=32 custody_edges_added=42
LFS_EXTENT_SPLICE v=1 root_height=2 leaf_visits=1 branch_visits=2 leaf_visit_records=84 branch_visit_children=32 leaf_writes=1 branch_writes=2 leaf_write_records=86 branch_write_children=32 leaf_min=86 leaf_max=86 child_edges_added=32 custody_edges_added=43
LFT1 {"v":1,"namespace":13710895918682022928,"run":"0388b7df3c6bbe5fc5bf9044daa9cf3f","pid":1,"role":2,"kind":"resource","scope":"process-shared","clock":"local-monitor","at_ns":10050973087,"incarnation":8311343,"user_ns":3230000000,"source":"procfs+sysconf","probe_ns":13125,"selected":3,"system_ns":1490000000,"rss":41132032}
LFS_EXTENT_SPLICE v=1 root_height=2 leaf_visits=1 branch_visits=2 leaf_visit_records=86 branch_visit_children=32 leaf_writes=1 branch_writes=2 leaf_write_records=88 branch_write_children=32 leaf_min=88 leaf_max=88 child_edges_added=32 custody_edges_added=44
LFS_EXTENT_SPLICE v=1 root_height=2 leaf_visits=1 branch_visits=2 leaf_visit_records=88 branch_visit_children=32 leaf_writes=1 branch_writes=2 leaf_write_records=90 branch_write_children=32 leaf_min=90 leaf_max=90 child_edges_added=32 custody_edges_added=45
LFS_EXTENT_SPLICE v=1 root_height=2 leaf_visits=1 branch_visits=2 leaf_visit_records=90 branch_visit_children=32 leaf_writes=1 branch_writes=2 leaf_write_records=92 branch_write_children=32 leaf_min=92 leaf_max=92 child_edges_added=32 custody_edges_added=46
LFS_EXTENT_SPLICE v=1 root_height=2 leaf_visits=1 branch_visits=2 leaf_visit_records=92 branch_visit_children=32 leaf_writes=1 branch_writes=2 leaf_write_records=94 branch_write_children=32 leaf_min=94 leaf_max=94 child_edges_added=32 custody_edges_added=47
LFS_EXTENT_SPLICE v=1 root_height=2 leaf_visits=1 branch_visits=2 leaf_visit_records=94 branch_visit_children=32 leaf_writes=1 branch_writes=2 leaf_write_records=96 branch_write_children=32 leaf_min=96 leaf_max=96 child_edges_added=32 custody_edges_added=48
LFS_EXTENT_SPLICE v=1 root_height=2 leaf_visits=1 branch_visits=2 leaf_visit_records=96 branch_visit_children=32 leaf_writes=1 branch_writes=2 leaf_write_records=98 branch_write_children=32 leaf_min=98 leaf_max=98 child_edges_added=32 custody_edges_added=49
LFS_EXTENT_SPLICE v=1 root_height=2 leaf_visits=1 branch_visits=2 leaf_visit_records=98 branch_visit_children=32 leaf_writes=1 branch_writes=2 leaf_write_records=100 branch_write_children=32 leaf_min=100 leaf_max=100 child_edges_added=32 custody_edges_added=50
LFS_EXTENT_SPLICE v=1 root_height=2 leaf_visits=1 branch_visits=2 leaf_visit_records=100 branch_visit_children=32 leaf_writes=1 branch_writes=2 leaf_write_records=102 branch_write_children=32 leaf_min=102 leaf_max=102 child_edges_added=32 custody_edges_added=51
LFS_EXTENT_SPLICE v=1 root_height=2 leaf_visits=1 branch_visits=2 leaf_visit_records=102 branch_visit_children=32 leaf_writes=1 branch_writes=2 leaf_write_records=104 branch_write_children=32 leaf_min=104 leaf_max=104 child_edges_added=32 custody_edges_added=52
LFS_EXTENT_SPLICE v=1 root_height=2 leaf_visits=1 branch_visits=2 leaf_visit_records=104 branch_visit_children=32 leaf_writes=1 branch_writes=2 leaf_write_records=106 branch_write_children=32 leaf_min=106 leaf_max=106 child_edges_added=32 custody_edges_added=53
LFS_EXTENT_SPLICE v=1 root_height=2 leaf_visits=1 branch_visits=2 leaf_visit_records=106 branch_visit_children=32 leaf_writes=1 branch_writes=2 leaf_write_records=108 branch_write_children=32 leaf_min=108 leaf_max=108 child_edges_added=32 custody_edges_added=54
LFS_EXTENT_SPLICE v=1 root_height=2 leaf_visits=1 branch_visits=2 leaf_visit_records=108 branch_visit_children=32 leaf_writes=1 branch_writes=2 leaf_write_records=110 branch_write_children=32 leaf_min=110 leaf_max=110 child_edges_added=32 custody_edges_added=55
LFS_EXTENT_SPLICE v=1 root_height=2 leaf_visits=1 branch_visits=2 leaf_visit_records=110 branch_visit_children=32 leaf_writes=1 branch_writes=2 leaf_write_records=112 branch_write_children=32 leaf_min=112 leaf_max=112 child_edges_added=32 custody_edges_added=56
LFS_EXTENT_SPLICE v=1 root_height=2 leaf_visits=1 branch_visits=2 leaf_visit_records=112 branch_visit_children=32 leaf_writes=1 branch_writes=2 leaf_write_records=114 branch_write_children=32 leaf_min=114 leaf_max=114 child_edges_added=32 custody_edges_added=57
LFS_EXTENT_SPLICE v=1 root_height=2 leaf_visits=1 branch_visits=2 leaf_visit_records=114 branch_visit_children=32 leaf_writes=1 branch_writes=2 leaf_write_records=116 branch_write_children=32 leaf_min=116 leaf_max=116 child_edges_added=32 custody_edges_added=58
LFS_EXTENT_SPLICE v=1 root_height=2 leaf_visits=1 branch_visits=2 leaf_visit_records=116 branch_visit_children=32 leaf_writes=1 branch_writes=2 leaf_write_records=118 branch_write_children=32 leaf_min=118 leaf_max=118 child_edges_added=32 custody_edges_added=59
LFS_EXTENT_SPLICE v=1 root_height=2 leaf_visits=1 branch_visits=2 leaf_visit_records=118 branch_visit_children=32 leaf_writes=1 branch_writes=2 leaf_write_records=120 branch_write_children=32 leaf_min=120 leaf_max=120 child_edges_added=32 custody_edges_added=60
LFS_EXTENT_SPLICE v=1 root_height=2 leaf_visits=1 branch_visits=2 leaf_visit_records=120 branch_visit_children=32 leaf_writes=1 branch_writes=2 leaf_write_records=122 branch_write_children=32 leaf_min=122 leaf_max=122 child_edges_added=32 custody_edges_added=61
LFS_EXTENT_SPLICE v=1 root_height=2 leaf_visits=1 branch_visits=2 leaf_visit_records=122 branch_visit_children=32 leaf_writes=1 branch_writes=2 leaf_write_records=124 branch_write_children=32 leaf_min=124 leaf_max=124 child_edges_added=32 custody_edges_added=62
LFS_EXTENT_SPLICE v=1 root_height=2 leaf_visits=1 branch_visits=2 leaf_visit_records=124 branch_visit_children=32 leaf_writes=2 branch_writes=2 leaf_write_records=126 branch_write_children=33 leaf_min=63 leaf_max=63 child_edges_added=33 custody_edges_added=63
LFS_EXTENT_SPLICE v=1 root_height=2 leaf_visits=1 branch_visits=2 leaf_visit_records=63 branch_visit_children=33 leaf_writes=1 branch_writes=2 leaf_write_records=65 branch_write_children=33 leaf_min=65 leaf_max=65 child_edges_added=33 custody_edges_added=32
LFS_EXTENT_SPLICE v=1 root_height=2 leaf_visits=1 branch_visits=2 leaf_visit_records=65 branch_visit_children=33 leaf_writes=1 branch_writes=2 leaf_write_records=67 branch_write_children=33 leaf_min=67 leaf_max=67 child_edges_added=33 custody_edges_added=33
LFS_EXTENT_SPLICE v=1 root_height=2 leaf_visits=1 branch_visits=2 leaf_visit_records=67 branch_visit_children=33 leaf_writes=1 branch_writes=2 leaf_write_records=69 branch_write_children=33 leaf_min=69 leaf_max=69 child_edges_added=33 custody_edges_added=34
LFS_EXTENT_SPLICE v=1 root_height=2 leaf_visits=1 branch_visits=2 leaf_visit_records=69 branch_visit_children=33 leaf_writes=1 branch_writes=2 leaf_write_records=71 branch_write_children=33 leaf_min=71 leaf_max=71 child_edges_added=33 custody_edges_added=35
LFS_EXTENT_SPLICE v=1 root_height=2 leaf_visits=1 branch_visits=2 leaf_visit_records=71 branch_visit_children=33 leaf_writes=1 branch_writes=2 leaf_write_records=73 branch_write_children=33 leaf_min=73 leaf_max=73 child_edges_added=33 custody_edges_added=36
LFS_EXTENT_SPLICE v=1 root_height=2 leaf_visits=1 branch_visits=2 leaf_visit_records=73 branch_visit_children=33 leaf_writes=1 branch_writes=2 leaf_write_records=75 branch_write_children=33 leaf_min=75 leaf_max=75 child_edges_added=33 custody_edges_added=37
LFS_EXTENT_SPLICE v=1 root_height=2 leaf_visits=1 branch_visits=2 leaf_visit_records=75 branch_visit_children=33 leaf_writes=1 branch_writes=2 leaf_write_records=77 branch_write_children=33 leaf_min=77 leaf_max=77 child_edges_added=33 custody_edges_added=38
LFS_EXTENT_SPLICE v=1 root_height=2 leaf_visits=1 branch_visits=2 leaf_visit_records=77 branch_visit_children=33 leaf_writes=1 branch_writes=2 leaf_write_records=79 branch_write_children=33 leaf_min=79 leaf_max=79 child_edges_added=33 custody_edges_added=39
LFS_EXTENT_SPLICE v=1 root_height=2 leaf_visits=1 branch_visits=2 leaf_visit_records=79 branch_visit_children=33 leaf_writes=1 branch_writes=2 leaf_write_records=81 branch_write_children=33 leaf_min=81 leaf_max=81 child_edges_added=33 custody_edges_added=40
LFS_EXTENT_SPLICE v=1 root_height=2 leaf_visits=1 branch_visits=2 leaf_visit_records=81 branch_visit_children=33 leaf_writes=1 branch_writes=2 leaf_write_records=83 branch_write_children=33 leaf_min=83 leaf_max=83 child_edges_added=33 custody_edges_added=41
LFS_EXTENT_SPLICE v=1 root_height=2 leaf_visits=1 branch_visits=2 leaf_visit_records=83 branch_visit_children=33 leaf_writes=1 branch_writes=2 leaf_write_records=85 branch_write_children=33 leaf_min=85 leaf_max=85 child_edges_added=33 custody_edges_added=42
LFS_EXTENT_SPLICE v=1 root_height=2 leaf_visits=1 branch_visits=2 leaf_visit_records=85 branch_visit_children=33 leaf_writes=1 branch_writes=2 leaf_write_records=87 branch_write_children=33 leaf_min=87 leaf_max=87 child_edges_added=33 custody_edges_added=43
LFS_EXTENT_SPLICE v=1 root_height=2 leaf_visits=1 branch_visits=2 leaf_visit_records=87 branch_visit_children=33 leaf_writes=1 branch_writes=2 leaf_write_records=89 branch_write_children=33 leaf_min=89 leaf_max=89 child_edges_added=33 custody_edges_added=44
LFS_EXTENT_SPLICE v=1 root_height=2 leaf_visits=1 branch_visits=2 leaf_visit_records=89 branch_visit_children=33 leaf_writes=1 branch_writes=2 leaf_write_records=91 branch_write_children=33 leaf_min=91 leaf_max=91 child_edges_added=33 custody_edges_added=45
LFS_EXTENT_SPLICE v=1 root_height=2 leaf_visits=1 branch_visits=2 leaf_visit_records=91 branch_visit_children=33 leaf_writes=1 branch_writes=2 leaf_write_records=93 branch_write_children=33 leaf_min=93 leaf_max=93 child_edges_added=33 custody_edges_added=46
LFS_EXTENT_SPLICE v=1 root_height=2 leaf_visits=1 branch_visits=2 leaf_visit_records=93 branch_visit_children=33 leaf_writes=1 branch_writes=2 leaf_write_records=95 branch_write_children=33 leaf_min=95 leaf_max=95 child_edges_added=33 custody_edges_added=47
LFS_EXTENT_SPLICE v=1 root_height=2 leaf_visits=1 branch_visits=2 leaf_visit_records=95 branch_visit_children=33 leaf_writes=1 branch_writes=2 leaf_write_records=97 branch_write_children=33 leaf_min=97 leaf_max=97 child_edges_added=33 custody_edges_added=48
LFS_EXTENT_SPLICE v=1 root_height=2 leaf_visits=1 branch_visits=2 leaf_visit_records=97 branch_visit_children=33 leaf_writes=1 branch_writes=2 leaf_write_records=99 branch_write_children=33 leaf_min=99 leaf_max=99 child_edges_added=33 custody_edges_added=49
LFS_EXTENT_SPLICE v=1 root_height=2 leaf_visits=1 branch_visits=2 leaf_visit_records=99 branch_visit_children=33 leaf_writes=1 branch_writes=2 leaf_write_records=101 branch_write_children=33 leaf_min=101 leaf_max=101 child_edges_added=33 custody_edges_added=50
LFS_EXTENT_SPLICE v=1 root_height=2 leaf_visits=1 branch_visits=2 leaf_visit_records=101 branch_visit_children=33 leaf_writes=1 branch_writes=2 leaf_write_records=103 branch_write_children=33 leaf_min=103 leaf_max=103 child_edges_added=33 custody_edges_added=51
LFS_EXTENT_SPLICE v=1 root_height=2 leaf_visits=1 branch_visits=2 leaf_visit_records=103 branch_visit_children=33 leaf_writes=1 branch_writes=2 leaf_write_records=105 branch_write_children=33 leaf_min=105 leaf_max=105 child_edges_added=33 custody_edges_added=52
LFS_EXTENT_SPLICE v=1 root_height=2 leaf_visits=1 branch_visits=2 leaf_visit_records=105 branch_visit_children=33 leaf_writes=1 branch_writes=2 leaf_write_records=107 branch_write_children=33 leaf_min=107 leaf_max=107 child_edges_added=33 custody_edges_added=53
LFS_EXTENT_SPLICE v=1 root_height=2 leaf_visits=1 branch_visits=2 leaf_visit_records=107 branch_visit_children=33 leaf_writes=1 branch_writes=2 leaf_write_records=109 branch_write_children=33 leaf_min=109 leaf_max=109 child_edges_added=33 custody_edges_added=54
LFS_EXTENT_SPLICE v=1 root_height=2 leaf_visits=1 branch_visits=2 leaf_visit_records=109 branch_visit_children=33 leaf_writes=1 branch_writes=2 leaf_write_records=111 branch_write_children=33 leaf_min=111 leaf_max=111 child_edges_added=33 custody_edges_added=55
LFS_EXTENT_EDGE v=1 child_edges_removed=29176 custody_edges_removed=69941
LFS_METADATA_OWNER v=1 finalizations=5092
LFS_WRITE_SAMPLE v=2 write_class=Some(1536) elapsed_ns=10351981379 backing=Ok(BackingStatus { quota_bytes: 1073741824, allocated_bytes: 6627328, reserved_bytes: 851968, payloads: 1536, retained_payloads: 1536, failed_payloads: 0, routine_scans: 1535, lookup_scans: 0, metadata_reads: 15113, ledger_reads: 88978, ledger_writes: 58783, readers: 0, acquiring: false, cleaning: false, admission_stopped: false, accounting_complete: true }) metadata=Ok(MetadataStatus { allocated_pages: 56, reusable_pages: 0, reserved_slots: 0, roots: 2, external_roots: 1, allocated_bytes: 335872, reserved_bytes: 851968, working_bytes: 4840, accounting_complete: true, admission_stopped: false }) acquisition_ns=4897696689 publication_ns=5380039378
LFS_EXTENT_SPLICE v=1 root_height=2 leaf_visits=1 branch_visits=2 leaf_visit_records=111 branch_visit_children=33 leaf_writes=1 branch_writes=2 leaf_write_records=113 branch_write_children=33 leaf_min=113 leaf_max=113 child_edges_added=33 custody_edges_added=56
LFS_EXTENT_SPLICE v=1 root_height=2 leaf_visits=1 branch_visits=2 leaf_visit_records=113 branch_visit_children=33 leaf_writes=1 branch_writes=2 leaf_write_records=115 branch_write_children=33 leaf_min=115 leaf_max=115 child_edges_added=33 custody_edges_added=57
LFS_EXTENT_SPLICE v=1 root_height=2 leaf_visits=1 branch_visits=2 leaf_visit_records=115 branch_visit_children=33 leaf_writes=1 branch_writes=2 leaf_write_records=117 branch_write_children=33 leaf_min=117 leaf_max=117 child_edges_added=33 custody_edges_added=58
LFS_EXTENT_SPLICE v=1 root_height=2 leaf_visits=1 branch_visits=2 leaf_visit_records=117 branch_visit_children=33 leaf_writes=1 branch_writes=2 leaf_write_records=119 branch_write_children=33 leaf_min=119 leaf_max=119 child_edges_added=33 custody_edges_added=59
LFS_EXTENT_SPLICE v=1 root_height=2 leaf_visits=1 branch_visits=2 leaf_visit_records=119 branch_visit_children=33 leaf_writes=1 branch_writes=2 leaf_write_records=121 branch_write_children=33 leaf_min=121 leaf_max=121 child_edges_added=33 custody_edges_added=60
LFS_EXTENT_SPLICE v=1 root_height=2 leaf_visits=1 branch_visits=2 leaf_visit_records=121 branch_visit_children=33 leaf_writes=1 branch_writes=2 leaf_write_records=123 branch_write_children=33 leaf_min=123 leaf_max=123 child_edges_added=33 custody_edges_added=61
LFS_EXTENT_SPLICE v=1 root_height=2 leaf_visits=1 branch_visits=2 leaf_visit_records=123 branch_visit_children=33 leaf_writes=2 branch_writes=2 leaf_write_records=125 branch_write_children=34 leaf_min=62 leaf_max=63 child_edges_added=34 custody_edges_added=62
LFS_EXTENT_SPLICE v=1 root_height=2 leaf_visits=1 branch_visits=2 leaf_visit_records=62 branch_visit_children=34 leaf_writes=1 branch_writes=2 leaf_write_records=64 branch_write_children=34 leaf_min=64 leaf_max=64 child_edges_added=34 custody_edges_added=32
LFS_EXTENT_SPLICE v=1 root_height=2 leaf_visits=1 branch_visits=2 leaf_visit_records=64 branch_visit_children=34 leaf_writes=1 branch_writes=2 leaf_write_records=66 branch_write_children=34 leaf_min=66 leaf_max=66 child_edges_added=34 custody_edges_added=33
LFS_EXTENT_SPLICE v=1 root_height=2 leaf_visits=1 branch_visits=2 leaf_visit_records=66 branch_visit_children=34 leaf_writes=1 branch_writes=2 leaf_write_records=68 branch_write_children=34 leaf_min=68 leaf_max=68 child_edges_added=34 custody_edges_added=34
LFS_EXTENT_SPLICE v=1 root_height=2 leaf_visits=1 branch_visits=2 leaf_visit_records=68 branch_visit_children=34 leaf_writes=1 branch_writes=2 leaf_write_records=70 branch_write_children=34 leaf_min=70 leaf_max=70 child_edges_added=34 custody_edges_added=35
LFS_EXTENT_SPLICE v=1 root_height=2 leaf_visits=1 branch_visits=2 leaf_visit_records=70 branch_visit_children=34 leaf_writes=1 branch_writes=2 leaf_write_records=72 branch_write_children=34 leaf_min=72 leaf_max=72 child_edges_added=34 custody_edges_added=36
LFS_EXTENT_SPLICE v=1 root_height=2 leaf_visits=1 branch_visits=2 leaf_visit_records=72 branch_visit_children=34 leaf_writes=1 branch_writes=2 leaf_write_records=74 branch_write_children=34 leaf_min=74 leaf_max=74 child_edges_added=34 custody_edges_added=37
LFS_EXTENT_SPLICE v=1 root_height=2 leaf_visits=1 branch_visits=2 leaf_visit_records=74 branch_visit_children=34 leaf_writes=1 branch_writes=2 leaf_write_records=76 branch_write_children=34 leaf_min=76 leaf_max=76 child_edges_added=34 custody_edges_added=38
LFS_EXTENT_SPLICE v=1 root_height=2 leaf_visits=1 branch_visits=2 leaf_visit_records=76 branch_visit_children=34 leaf_writes=1 branch_writes=2 leaf_write_records=78 branch_write_children=34 leaf_min=78 leaf_max=78 child_edges_added=34 custody_edges_added=39
LFS_EXTENT_SPLICE v=1 root_height=2 leaf_visits=1 branch_visits=2 leaf_visit_records=78 branch_visit_children=34 leaf_writes=1 branch_writes=2 leaf_write_records=80 branch_write_children=34 leaf_min=80 leaf_max=80 child_edges_added=34 custody_edges_added=40
LFS_EXTENT_SPLICE v=1 root_height=2 leaf_visits=1 branch_visits=2 leaf_visit_records=80 branch_visit_children=34 leaf_writes=1 branch_writes=2 leaf_write_records=82 branch_write_children=34 leaf_min=82 leaf_max=82 child_edges_added=34 custody_edges_added=41
LFS_EXTENT_SPLICE v=1 root_height=2 leaf_visits=1 branch_visits=2 leaf_visit_records=82 branch_visit_children=34 leaf_writes=1 branch_writes=2 leaf_write_records=84 branch_write_children=34 leaf_min=84 leaf_max=84 child_edges_added=34 custody_edges_added=42
LFS_EXTENT_SPLICE v=1 root_height=2 leaf_visits=1 branch_visits=2 leaf_visit_records=84 branch_visit_children=34 leaf_writes=1 branch_writes=2 leaf_write_records=86 branch_write_children=34 leaf_min=86 leaf_max=86 child_edges_added=34 custody_edges_added=43
LFS_EXTENT_SPLICE v=1 root_height=2 leaf_visits=1 branch_visits=2 leaf_visit_records=86 branch_visit_children=34 leaf_writes=1 branch_writes=2 leaf_write_records=88 branch_write_children=34 leaf_min=88 leaf_max=88 child_edges_added=34 custody_edges_added=44
LFS_EXTENT_SPLICE v=1 root_height=2 leaf_visits=1 branch_visits=2 leaf_visit_records=88 branch_visit_children=34 leaf_writes=1 branch_writes=2 leaf_write_records=90 branch_write_children=34 leaf_min=90 leaf_max=90 child_edges_added=34 custody_edges_added=45
LFS_EXTENT_SPLICE v=1 root_height=2 leaf_visits=1 branch_visits=2 leaf_visit_records=90 branch_visit_children=34 leaf_writes=1 branch_writes=2 leaf_write_records=92 branch_write_children=34 leaf_min=92 leaf_max=92 child_edges_added=34 custody_edges_added=46
LFS_EXTENT_SPLICE v=1 root_height=2 leaf_visits=1 branch_visits=2 leaf_visit_records=92 branch_visit_children=34 leaf_writes=1 branch_writes=2 leaf_write_records=94 branch_write_children=34 leaf_min=94 leaf_max=94 child_edges_added=34 custody_edges_added=47
LFS_EXTENT_SPLICE v=1 root_height=2 leaf_visits=1 branch_visits=2 leaf_visit_records=94 branch_visit_children=34 leaf_writes=1 branch_writes=2 leaf_write_records=96 branch_write_children=34 leaf_min=96 leaf_max=96 child_edges_added=34 custody_edges_added=48
LFS_EXTENT_SPLICE v=1 root_height=2 leaf_visits=1 branch_visits=2 leaf_visit_records=96 branch_visit_children=34 leaf_writes=1 branch_writes=2 leaf_write_records=98 branch_write_children=34 leaf_min=98 leaf_max=98 child_edges_added=34 custody_edges_added=49
LFS_EXTENT_SPLICE v=1 root_height=2 leaf_visits=1 branch_visits=2 leaf_visit_records=98 branch_visit_children=34 leaf_writes=1 branch_writes=2 leaf_write_records=100 branch_write_children=34 leaf_min=100 leaf_max=100 child_edges_added=34 custody_edges_added=50
LFS_EXTENT_SPLICE v=1 root_height=2 leaf_visits=1 branch_visits=2 leaf_visit_records=100 branch_visit_children=34 leaf_writes=1 branch_writes=2 leaf_write_records=102 branch_write_children=34 leaf_min=102 leaf_max=102 child_edges_added=34 custody_edges_added=51
LFS_EXTENT_SPLICE v=1 root_height=2 leaf_visits=1 branch_visits=2 leaf_visit_records=102 branch_visit_children=34 leaf_writes=1 branch_writes=2 leaf_write_records=104 branch_write_children=34 leaf_min=104 leaf_max=104 child_edges_added=34 custody_edges_added=52
LFS_EXTENT_SPLICE v=1 root_height=2 leaf_visits=1 branch_visits=2 leaf_visit_records=104 branch_visit_children=34 leaf_writes=1 branch_writes=2 leaf_write_records=106 branch_write_children=34 leaf_min=106 leaf_max=106 child_edges_added=34 custody_edges_added=53
LFS_EXTENT_SPLICE v=1 root_height=2 leaf_visits=1 branch_visits=2 leaf_visit_records=106 branch_visit_children=34 leaf_writes=1 branch_writes=2 leaf_write_records=108 branch_write_children=34 leaf_min=108 leaf_max=108 child_edges_added=34 custody_edges_added=54
LFS_EXTENT_SPLICE v=1 root_height=2 leaf_visits=1 branch_visits=2 leaf_visit_records=108 branch_visit_children=34 leaf_writes=1 branch_writes=2 leaf_write_records=110 branch_write_children=34 leaf_min=110 leaf_max=110 child_edges_added=34 custody_edges_added=55
LFS_EXTENT_SPLICE v=1 root_height=2 leaf_visits=1 branch_visits=2 leaf_visit_records=110 branch_visit_children=34 leaf_writes=1 branch_writes=2 leaf_write_records=112 branch_write_children=34 leaf_min=112 leaf_max=112 child_edges_added=34 custody_edges_added=56
LFS_EXTENT_SPLICE v=1 root_height=2 leaf_visits=1 branch_visits=2 leaf_visit_records=112 branch_visit_children=34 leaf_writes=1 branch_writes=2 leaf_write_records=114 branch_write_children=34 leaf_min=114 leaf_max=114 child_edges_added=34 custody_edges_added=57
LFS_EXTENT_SPLICE v=1 root_height=2 leaf_visits=1 branch_visits=2 leaf_visit_records=114 branch_visit_children=34 leaf_writes=1 branch_writes=2 leaf_write_records=116 branch_write_children=34 leaf_min=116 leaf_max=116 child_edges_added=34 custody_edges_added=58
LFS_EXTENT_SPLICE v=1 root_height=2 leaf_visits=1 branch_visits=2 leaf_visit_records=116 branch_visit_children=34 leaf_writes=1 branch_writes=2 leaf_write_records=118 branch_write_children=34 leaf_min=118 leaf_max=118 child_edges_added=34 custody_edges_added=59
LFS_EXTENT_SPLICE v=1 root_height=2 leaf_visits=1 branch_visits=2 leaf_visit_records=118 branch_visit_children=34 leaf_writes=1 branch_writes=2 leaf_write_records=120 branch_write_children=34 leaf_min=120 leaf_max=120 child_edges_added=34 custody_edges_added=60
LFS_EXTENT_SPLICE v=1 root_height=2 leaf_visits=1 branch_visits=2 leaf_visit_records=120 branch_visit_children=34 leaf_writes=1 branch_writes=2 leaf_write_records=122 branch_write_children=34 leaf_min=122 leaf_max=122 child_edges_added=34 custody_edges_added=61
LFS_EXTENT_SPLICE v=1 root_height=2 leaf_visits=1 branch_visits=2 leaf_visit_records=122 branch_visit_children=34 leaf_writes=1 branch_writes=2 leaf_write_records=124 branch_write_children=34 leaf_min=124 leaf_max=124 child_edges_added=34 custody_edges_added=62
LFS_EXTENT_SPLICE v=1 root_height=2 leaf_visits=1 branch_visits=2 leaf_visit_records=124 branch_visit_children=34 leaf_writes=2 branch_writes=3 leaf_write_records=126 branch_write_children=36 leaf_min=63 leaf_max=63 child_edges_added=36 custody_edges_added=63
LFS_EXTENT_SPLICE v=1 root_height=2 leaf_visits=1 branch_visits=2 leaf_visit_records=63 branch_visit_children=19 leaf_writes=1 branch_writes=2 leaf_write_records=65 branch_write_children=19 leaf_min=65 leaf_max=65 child_edges_added=19 custody_edges_added=32
LFS_EXTENT_SPLICE v=1 root_height=2 leaf_visits=1 branch_visits=2 leaf_visit_records=65 branch_visit_children=19 leaf_writes=1 branch_writes=2 leaf_write_records=67 branch_write_children=19 leaf_min=67 leaf_max=67 child_edges_added=19 custody_edges_added=33
LFS_EXTENT_SPLICE v=1 root_height=2 leaf_visits=1 branch_visits=2 leaf_visit_records=67 branch_visit_children=19 leaf_writes=1 branch_writes=2 leaf_write_records=69 branch_write_children=19 leaf_min=69 leaf_max=69 child_edges_added=19 custody_edges_added=34
LFS_EXTENT_SPLICE v=1 root_height=2 leaf_visits=1 branch_visits=2 leaf_visit_records=69 branch_visit_children=19 leaf_writes=1 branch_writes=2 leaf_write_records=71 branch_write_children=19 leaf_min=71 leaf_max=71 child_edges_added=19 custody_edges_added=35
LFS_EXTENT_SPLICE v=1 root_height=2 leaf_visits=1 branch_visits=2 leaf_visit_records=71 branch_visit_children=19 leaf_writes=1 branch_writes=2 leaf_write_records=73 branch_write_children=19 leaf_min=73 leaf_max=73 child_edges_added=19 custody_edges_added=36
LFS_EXTENT_SPLICE v=1 root_height=2 leaf_visits=1 branch_visits=2 leaf_visit_records=73 branch_visit_children=19 leaf_writes=1 branch_writes=2 leaf_write_records=75 branch_write_children=19 leaf_min=75 leaf_max=75 child_edges_added=19 custody_edges_added=37
LFS_EXTENT_SPLICE v=1 root_height=2 leaf_visits=1 branch_visits=2 leaf_visit_records=75 branch_visit_children=19 leaf_writes=1 branch_writes=2 leaf_write_records=77 branch_write_children=19 leaf_min=77 leaf_max=77 child_edges_added=19 custody_edges_added=38
LFS_EXTENT_SPLICE v=1 root_height=2 leaf_visits=1 branch_visits=2 leaf_visit_records=77 branch_visit_children=19 leaf_writes=1 branch_writes=2 leaf_write_records=79 branch_write_children=19 leaf_min=79 leaf_max=79 child_edges_added=19 custody_edges_added=39
LFS_EXTENT_SPLICE v=1 root_height=2 leaf_visits=1 branch_visits=2 leaf_visit_records=79 branch_visit_children=19 leaf_writes=1 branch_writes=2 leaf_write_records=81 branch_write_children=19 leaf_min=81 leaf_max=81 child_edges_added=19 custody_edges_added=40
LFS_EXTENT_SPLICE v=1 root_height=2 leaf_visits=1 branch_visits=2 leaf_visit_records=81 branch_visit_children=19 leaf_writes=1 branch_writes=2 leaf_write_records=83 branch_write_children=19 leaf_min=83 leaf_max=83 child_edges_added=19 custody_edges_added=41
LFS_EXTENT_SPLICE v=1 root_height=2 leaf_visits=1 branch_visits=2 leaf_visit_records=83 branch_visit_children=19 leaf_writes=1 branch_writes=2 leaf_write_records=85 branch_write_children=19 leaf_min=85 leaf_max=85 child_edges_added=19 custody_edges_added=42
LFS_EXTENT_SPLICE v=1 root_height=2 leaf_visits=1 branch_visits=2 leaf_visit_records=85 branch_visit_children=19 leaf_writes=1 branch_writes=2 leaf_write_records=87 branch_write_children=19 leaf_min=87 leaf_max=87 child_edges_added=19 custody_edges_added=43
LFS_EXTENT_SPLICE v=1 root_height=2 leaf_visits=1 branch_visits=2 leaf_visit_records=87 branch_visit_children=19 leaf_writes=1 branch_writes=2 leaf_write_records=89 branch_write_children=19 leaf_min=89 leaf_max=89 child_edges_added=19 custody_edges_added=44
LFS_EXTENT_SPLICE v=1 root_height=2 leaf_visits=1 branch_visits=2 leaf_visit_records=89 branch_visit_children=19 leaf_writes=1 branch_writes=2 leaf_write_records=91 branch_write_children=19 leaf_min=91 leaf_max=91 child_edges_added=19 custody_edges_added=45
LFS_EXTENT_SPLICE v=1 root_height=2 leaf_visits=1 branch_visits=2 leaf_visit_records=91 branch_visit_children=19 leaf_writes=1 branch_writes=2 leaf_write_records=93 branch_write_children=19 leaf_min=93 leaf_max=93 child_edges_added=19 custody_edges_added=46
LFS_EXTENT_SPLICE v=1 root_height=2 leaf_visits=1 branch_visits=2 leaf_visit_records=93 branch_visit_children=19 leaf_writes=1 branch_writes=2 leaf_write_records=95 branch_write_children=19 leaf_min=95 leaf_max=95 child_edges_added=19 custody_edges_added=47
LFS_EXTENT_SPLICE v=1 root_height=2 leaf_visits=1 branch_visits=2 leaf_visit_records=95 branch_visit_children=19 leaf_writes=1 branch_writes=2 leaf_write_records=97 branch_write_children=19 leaf_min=97 leaf_max=97 child_edges_added=19 custody_edges_added=48
LFS_EXTENT_SPLICE v=1 root_height=2 leaf_visits=1 branch_visits=2 leaf_visit_records=97 branch_visit_children=19 leaf_writes=1 branch_writes=2 leaf_write_records=99 branch_write_children=19 leaf_min=99 leaf_max=99 child_edges_added=19 custody_edges_added=49
LFS_EXTENT_SPLICE v=1 root_height=2 leaf_visits=1 branch_visits=2 leaf_visit_records=99 branch_visit_children=19 leaf_writes=1 branch_writes=2 leaf_write_records=101 branch_write_children=19 leaf_min=101 leaf_max=101 child_edges_added=19 custody_edges_added=50
LFS_EXTENT_SPLICE v=1 root_height=2 leaf_visits=1 branch_visits=2 leaf_visit_records=101 branch_visit_children=19 leaf_writes=1 branch_writes=2 leaf_write_records=103 branch_write_children=19 leaf_min=103 leaf_max=103 child_edges_added=19 custody_edges_added=51
LFS_EXTENT_SPLICE v=1 root_height=2 leaf_visits=1 branch_visits=2 leaf_visit_records=103 branch_visit_children=19 leaf_writes=1 branch_writes=2 leaf_write_records=105 branch_write_children=19 leaf_min=105 leaf_max=105 child_edges_added=19 custody_edges_added=52
LFS_EXTENT_SPLICE v=1 root_height=2 leaf_visits=1 branch_visits=2 leaf_visit_records=105 branch_visit_children=19 leaf_writes=1 branch_writes=2 leaf_write_records=107 branch_write_children=19 leaf_min=107 leaf_max=107 child_edges_added=19 custody_edges_added=53
LFS_EXTENT_SPLICE v=1 root_height=2 leaf_visits=1 branch_visits=2 leaf_visit_records=107 branch_visit_children=19 leaf_writes=1 branch_writes=2 leaf_write_records=109 branch_write_children=19 leaf_min=109 leaf_max=109 child_edges_added=19 custody_edges_added=54
LFS_EXTENT_SPLICE v=1 root_height=2 leaf_visits=1 branch_visits=2 leaf_visit_records=109 branch_visit_children=19 leaf_writes=1 branch_writes=2 leaf_write_records=111 branch_write_children=19 leaf_min=111 leaf_max=111 child_edges_added=19 custody_edges_added=55
LFS_EXTENT_SPLICE v=1 root_height=2 leaf_visits=1 branch_visits=2 leaf_visit_records=111 branch_visit_children=19 leaf_writes=1 branch_writes=2 leaf_write_records=113 branch_write_children=19 leaf_min=113 leaf_max=113 child_edges_added=19 custody_edges_added=56
LFS_EXTENT_SPLICE v=1 root_height=2 leaf_visits=1 branch_visits=2 leaf_visit_records=113 branch_visit_children=19 leaf_writes=1 branch_writes=2 leaf_write_records=115 branch_write_children=19 leaf_min=115 leaf_max=115 child_edges_added=19 custody_edges_added=57
LFS_EXTENT_SPLICE v=1 root_height=2 leaf_visits=1 branch_visits=2 leaf_visit_records=115 branch_visit_children=19 leaf_writes=1 branch_writes=2 leaf_write_records=117 branch_write_children=19 leaf_min=117 leaf_max=117 child_edges_added=19 custody_edges_added=58
LFT1 {"v":1,"namespace":13710895918682022928,"run":"0388b7df3c6bbe5fc5bf9044daa9cf3f","pid":1,"role":2,"kind":"resource","scope":"process-shared","clock":"local-monitor","at_ns":11061701629,"incarnation":8311343,"user_ns":3540000000,"source":"procfs+sysconf","probe_ns":20000,"selected":3,"system_ns":1650000000,"rss":41132032}
LFS_EXTENT_SPLICE v=1 root_height=2 leaf_visits=1 branch_visits=2 leaf_visit_records=117 branch_visit_children=19 leaf_writes=1 branch_writes=2 leaf_write_records=119 branch_write_children=19 leaf_min=119 leaf_max=119 child_edges_added=19 custody_edges_added=59
LFS_EXTENT_SPLICE v=1 root_height=2 leaf_visits=1 branch_visits=2 leaf_visit_records=119 branch_visit_children=19 leaf_writes=1 branch_writes=2 leaf_write_records=121 branch_write_children=19 leaf_min=121 leaf_max=121 child_edges_added=19 custody_edges_added=60
LFS_EXTENT_SPLICE v=1 root_height=2 leaf_visits=1 branch_visits=2 leaf_visit_records=121 branch_visit_children=19 leaf_writes=1 branch_writes=2 leaf_write_records=123 branch_write_children=19 leaf_min=123 leaf_max=123 child_edges_added=19 custody_edges_added=61
LFS_EXTENT_SPLICE v=1 root_height=2 leaf_visits=1 branch_visits=2 leaf_visit_records=123 branch_visit_children=19 leaf_writes=2 branch_writes=2 leaf_write_records=125 branch_write_children=20 leaf_min=62 leaf_max=63 child_edges_added=20 custody_edges_added=62
LFS_EXTENT_SPLICE v=1 root_height=2 leaf_visits=1 branch_visits=2 leaf_visit_records=62 branch_visit_children=20 leaf_writes=1 branch_writes=2 leaf_write_records=64 branch_write_children=20 leaf_min=64 leaf_max=64 child_edges_added=20 custody_edges_added=32
LFS_EXTENT_SPLICE v=1 root_height=2 leaf_visits=1 branch_visits=2 leaf_visit_records=64 branch_visit_children=20 leaf_writes=1 branch_writes=2 leaf_write_records=66 branch_write_children=20 leaf_min=66 leaf_max=66 child_edges_added=20 custody_edges_added=33
LFS_EXTENT_SPLICE v=1 root_height=2 leaf_visits=1 branch_visits=2 leaf_visit_records=66 branch_visit_children=20 leaf_writes=1 branch_writes=2 leaf_write_records=68 branch_write_children=20 leaf_min=68 leaf_max=68 child_edges_added=20 custody_edges_added=34
LFS_EXTENT_SPLICE v=1 root_height=2 leaf_visits=1 branch_visits=2 leaf_visit_records=68 branch_visit_children=20 leaf_writes=1 branch_writes=2 leaf_write_records=70 branch_write_children=20 leaf_min=70 leaf_max=70 child_edges_added=20 custody_edges_added=35
LFS_EXTENT_SPLICE v=1 root_height=2 leaf_visits=1 branch_visits=2 leaf_visit_records=70 branch_visit_children=20 leaf_writes=1 branch_writes=2 leaf_write_records=72 branch_write_children=20 leaf_min=72 leaf_max=72 child_edges_added=20 custody_edges_added=36
LFS_EXTENT_SPLICE v=1 root_height=2 leaf_visits=1 branch_visits=2 leaf_visit_records=72 branch_visit_children=20 leaf_writes=1 branch_writes=2 leaf_write_records=74 branch_write_children=20 leaf_min=74 leaf_max=74 child_edges_added=20 custody_edges_added=37
LFS_EXTENT_SPLICE v=1 root_height=2 leaf_visits=1 branch_visits=2 leaf_visit_records=74 branch_visit_children=20 leaf_writes=1 branch_writes=2 leaf_write_records=76 branch_write_children=20 leaf_min=76 leaf_max=76 child_edges_added=20 custody_edges_added=38
LFS_EXTENT_SPLICE v=1 root_height=2 leaf_visits=1 branch_visits=2 leaf_visit_records=76 branch_visit_children=20 leaf_writes=1 branch_writes=2 leaf_write_records=78 branch_write_children=20 leaf_min=78 leaf_max=78 child_edges_added=20 custody_edges_added=39
LFS_EXTENT_SPLICE v=1 root_height=2 leaf_visits=1 branch_visits=2 leaf_visit_records=78 branch_visit_children=20 leaf_writes=1 branch_writes=2 leaf_write_records=80 branch_write_children=20 leaf_min=80 leaf_max=80 child_edges_added=20 custody_edges_added=40
LFS_EXTENT_SPLICE v=1 root_height=2 leaf_visits=1 branch_visits=2 leaf_visit_records=80 branch_visit_children=20 leaf_writes=1 branch_writes=2 leaf_write_records=82 branch_write_children=20 leaf_min=82 leaf_max=82 child_edges_added=20 custody_edges_added=41
LFS_EXTENT_SPLICE v=1 root_height=2 leaf_visits=1 branch_visits=2 leaf_visit_records=82 branch_visit_children=20 leaf_writes=1 branch_writes=2 leaf_write_records=84 branch_write_children=20 leaf_min=84 leaf_max=84 child_edges_added=20 custody_edges_added=42
LFS_EXTENT_SPLICE v=1 root_height=2 leaf_visits=1 branch_visits=2 leaf_visit_records=84 branch_visit_children=20 leaf_writes=1 branch_writes=2 leaf_write_records=86 branch_write_children=20 leaf_min=86 leaf_max=86 child_edges_added=20 custody_edges_added=43
LFS_EXTENT_SPLICE v=1 root_height=2 leaf_visits=1 branch_visits=2 leaf_visit_records=86 branch_visit_children=20 leaf_writes=1 branch_writes=2 leaf_write_records=88 branch_write_children=20 leaf_min=88 leaf_max=88 child_edges_added=20 custody_edges_added=44
LFS_EXTENT_SPLICE v=1 root_height=2 leaf_visits=1 branch_visits=2 leaf_visit_records=88 branch_visit_children=20 leaf_writes=1 branch_writes=2 leaf_write_records=90 branch_write_children=20 leaf_min=90 leaf_max=90 child_edges_added=20 custody_edges_added=45
LFS_EXTENT_SPLICE v=1 root_height=2 leaf_visits=1 branch_visits=2 leaf_visit_records=90 branch_visit_children=20 leaf_writes=1 branch_writes=2 leaf_write_records=92 branch_write_children=20 leaf_min=92 leaf_max=92 child_edges_added=20 custody_edges_added=46
LFS_EXTENT_SPLICE v=1 root_height=2 leaf_visits=1 branch_visits=2 leaf_visit_records=92 branch_visit_children=20 leaf_writes=1 branch_writes=2 leaf_write_records=94 branch_write_children=20 leaf_min=94 leaf_max=94 child_edges_added=20 custody_edges_added=47
LFS_EXTENT_SPLICE v=1 root_height=2 leaf_visits=1 branch_visits=2 leaf_visit_records=94 branch_visit_children=20 leaf_writes=1 branch_writes=2 leaf_write_records=96 branch_write_children=20 leaf_min=96 leaf_max=96 child_edges_added=20 custody_edges_added=48
LFS_EXTENT_SPLICE v=1 root_height=2 leaf_visits=1 branch_visits=2 leaf_visit_records=96 branch_visit_children=20 leaf_writes=1 branch_writes=2 leaf_write_records=98 branch_write_children=20 leaf_min=98 leaf_max=98 child_edges_added=20 custody_edges_added=49
LFS_EXTENT_SPLICE v=1 root_height=2 leaf_visits=1 branch_visits=2 leaf_visit_records=98 branch_visit_children=20 leaf_writes=1 branch_writes=2 leaf_write_records=100 branch_write_children=20 leaf_min=100 leaf_max=100 child_edges_added=20 custody_edges_added=50
LFS_EXTENT_SPLICE v=1 root_height=2 leaf_visits=1 branch_visits=2 leaf_visit_records=100 branch_visit_children=20 leaf_writes=1 branch_writes=2 leaf_write_records=102 branch_write_children=20 leaf_min=102 leaf_max=102 child_edges_added=20 custody_edges_added=51
LFS_EXTENT_SPLICE v=1 root_height=2 leaf_visits=1 branch_visits=2 leaf_visit_records=102 branch_visit_children=20 leaf_writes=1 branch_writes=2 leaf_write_records=104 branch_write_children=20 leaf_min=104 leaf_max=104 child_edges_added=20 custody_edges_added=52
LFS_EXTENT_SPLICE v=1 root_height=2 leaf_visits=1 branch_visits=2 leaf_visit_records=104 branch_visit_children=20 leaf_writes=1 branch_writes=2 leaf_write_records=106 branch_write_children=20 leaf_min=106 leaf_max=106 child_edges_added=20 custody_edges_added=53
LFS_EXTENT_SPLICE v=1 root_height=2 leaf_visits=1 branch_visits=2 leaf_visit_records=106 branch_visit_children=20 leaf_writes=1 branch_writes=2 leaf_write_records=108 branch_write_children=20 leaf_min=108 leaf_max=108 child_edges_added=20 custody_edges_added=54
LFS_EXTENT_SPLICE v=1 root_height=2 leaf_visits=1 branch_visits=2 leaf_visit_records=108 branch_visit_children=20 leaf_writes=1 branch_writes=2 leaf_write_records=110 branch_write_children=20 leaf_min=110 leaf_max=110 child_edges_added=20 custody_edges_added=55
LFS_EXTENT_SPLICE v=1 root_height=2 leaf_visits=1 branch_visits=2 leaf_visit_records=110 branch_visit_children=20 leaf_writes=1 branch_writes=2 leaf_write_records=112 branch_write_children=20 leaf_min=112 leaf_max=112 child_edges_added=20 custody_edges_added=56
LFS_EXTENT_SPLICE v=1 root_height=2 leaf_visits=1 branch_visits=2 leaf_visit_records=112 branch_visit_children=20 leaf_writes=1 branch_writes=2 leaf_write_records=114 branch_write_children=20 leaf_min=114 leaf_max=114 child_edges_added=20 custody_edges_added=57
LFS_EXTENT_SPLICE v=1 root_height=2 leaf_visits=1 branch_visits=2 leaf_visit_records=114 branch_visit_children=20 leaf_writes=1 branch_writes=2 leaf_write_records=116 branch_write_children=20 leaf_min=116 leaf_max=116 child_edges_added=20 custody_edges_added=58
LFS_EXTENT_SPLICE v=1 root_height=2 leaf_visits=1 branch_visits=2 leaf_visit_records=116 branch_visit_children=20 leaf_writes=1 branch_writes=2 leaf_write_records=118 branch_write_children=20 leaf_min=118 leaf_max=118 child_edges_added=20 custody_edges_added=59
LFS_EXTENT_SPLICE v=1 root_height=2 leaf_visits=1 branch_visits=2 leaf_visit_records=118 branch_visit_children=20 leaf_writes=1 branch_writes=2 leaf_write_records=120 branch_write_children=20 leaf_min=120 leaf_max=120 child_edges_added=20 custody_edges_added=60
LFS_EXTENT_SPLICE v=1 root_height=2 leaf_visits=1 branch_visits=2 leaf_visit_records=120 branch_visit_children=20 leaf_writes=1 branch_writes=2 leaf_write_records=122 branch_write_children=20 leaf_min=122 leaf_max=122 child_edges_added=20 custody_edges_added=61
LFS_EXTENT_SPLICE v=1 root_height=2 leaf_visits=1 branch_visits=2 leaf_visit_records=122 branch_visit_children=20 leaf_writes=1 branch_writes=2 leaf_write_records=124 branch_write_children=20 leaf_min=124 leaf_max=124 child_edges_added=20 custody_edges_added=62
LFS_EXTENT_SPLICE v=1 root_height=2 leaf_visits=1 branch_visits=2 leaf_visit_records=124 branch_visit_children=20 leaf_writes=2 branch_writes=2 leaf_write_records=126 branch_write_children=21 leaf_min=63 leaf_max=63 child_edges_added=21 custody_edges_added=63
LFS_EXTENT_SPLICE v=1 root_height=2 leaf_visits=1 branch_visits=2 leaf_visit_records=63 branch_visit_children=21 leaf_writes=1 branch_writes=2 leaf_write_records=65 branch_write_children=21 leaf_min=65 leaf_max=65 child_edges_added=21 custody_edges_added=32
LFS_EXTENT_SPLICE v=1 root_height=2 leaf_visits=1 branch_visits=2 leaf_visit_records=65 branch_visit_children=21 leaf_writes=1 branch_writes=2 leaf_write_records=67 branch_write_children=21 leaf_min=67 leaf_max=67 child_edges_added=21 custody_edges_added=33
LFS_EXTENT_SPLICE v=1 root_height=2 leaf_visits=1 branch_visits=2 leaf_visit_records=67 branch_visit_children=21 leaf_writes=1 branch_writes=2 leaf_write_records=69 branch_write_children=21 leaf_min=69 leaf_max=69 child_edges_added=21 custody_edges_added=34
LFS_EXTENT_SPLICE v=1 root_height=2 leaf_visits=1 branch_visits=2 leaf_visit_records=69 branch_visit_children=21 leaf_writes=1 branch_writes=2 leaf_write_records=71 branch_write_children=21 leaf_min=71 leaf_max=71 child_edges_added=21 custody_edges_added=35
LFS_EXTENT_SPLICE v=1 root_height=2 leaf_visits=1 branch_visits=2 leaf_visit_records=71 branch_visit_children=21 leaf_writes=1 branch_writes=2 leaf_write_records=73 branch_write_children=21 leaf_min=73 leaf_max=73 child_edges_added=21 custody_edges_added=36
LFS_EXTENT_SPLICE v=1 root_height=2 leaf_visits=1 branch_visits=2 leaf_visit_records=73 branch_visit_children=21 leaf_writes=1 branch_writes=2 leaf_write_records=75 branch_write_children=21 leaf_min=75 leaf_max=75 child_edges_added=21 custody_edges_added=37
LFS_EXTENT_SPLICE v=1 root_height=2 leaf_visits=1 branch_visits=2 leaf_visit_records=75 branch_visit_children=21 leaf_writes=1 branch_writes=2 leaf_write_records=77 branch_write_children=21 leaf_min=77 leaf_max=77 child_edges_added=21 custody_edges_added=38
LFS_EXTENT_SPLICE v=1 root_height=2 leaf_visits=1 branch_visits=2 leaf_visit_records=77 branch_visit_children=21 leaf_writes=1 branch_writes=2 leaf_write_records=79 branch_write_children=21 leaf_min=79 leaf_max=79 child_edges_added=21 custody_edges_added=39
LFS_EXTENT_SPLICE v=1 root_height=2 leaf_visits=1 branch_visits=2 leaf_visit_records=79 branch_visit_children=21 leaf_writes=1 branch_writes=2 leaf_write_records=81 branch_write_children=21 leaf_min=81 leaf_max=81 child_edges_added=21 custody_edges_added=40
LFS_EXTENT_SPLICE v=1 root_height=2 leaf_visits=1 branch_visits=2 leaf_visit_records=81 branch_visit_children=21 leaf_writes=1 branch_writes=2 leaf_write_records=83 branch_write_children=21 leaf_min=83 leaf_max=83 child_edges_added=21 custody_edges_added=41
LFS_EXTENT_SPLICE v=1 root_height=2 leaf_visits=1 branch_visits=2 leaf_visit_records=83 branch_visit_children=21 leaf_writes=1 branch_writes=2 leaf_write_records=85 branch_write_children=21 leaf_min=85 leaf_max=85 child_edges_added=21 custody_edges_added=42
LFS_EXTENT_SPLICE v=1 root_height=2 leaf_visits=1 branch_visits=2 leaf_visit_records=85 branch_visit_children=21 leaf_writes=1 branch_writes=2 leaf_write_records=87 branch_write_children=21 leaf_min=87 leaf_max=87 child_edges_added=21 custody_edges_added=43
LFS_EXTENT_SPLICE v=1 root_height=2 leaf_visits=1 branch_visits=2 leaf_visit_records=87 branch_visit_children=21 leaf_writes=1 branch_writes=2 leaf_write_records=89 branch_write_children=21 leaf_min=89 leaf_max=89 child_edges_added=21 custody_edges_added=44
LFS_EXTENT_SPLICE v=1 root_height=2 leaf_visits=1 branch_visits=2 leaf_visit_records=89 branch_visit_children=21 leaf_writes=1 branch_writes=2 leaf_write_records=91 branch_write_children=21 leaf_min=91 leaf_max=91 child_edges_added=21 custody_edges_added=45
LFS_EXTENT_SPLICE v=1 root_height=2 leaf_visits=1 branch_visits=2 leaf_visit_records=91 branch_visit_children=21 leaf_writes=1 branch_writes=2 leaf_write_records=93 branch_write_children=21 leaf_min=93 leaf_max=93 child_edges_added=21 custody_edges_added=46
LFS_EXTENT_SPLICE v=1 root_height=2 leaf_visits=1 branch_visits=2 leaf_visit_records=93 branch_visit_children=21 leaf_writes=1 branch_writes=2 leaf_write_records=95 branch_write_children=21 leaf_min=95 leaf_max=95 child_edges_added=21 custody_edges_added=47
LFS_EXTENT_SPLICE v=1 root_height=2 leaf_visits=1 branch_visits=2 leaf_visit_records=95 branch_visit_children=21 leaf_writes=1 branch_writes=2 leaf_write_records=97 branch_write_children=21 leaf_min=97 leaf_max=97 child_edges_added=21 custody_edges_added=48
LFS_EXTENT_SPLICE v=1 root_height=2 leaf_visits=1 branch_visits=2 leaf_visit_records=97 branch_visit_children=21 leaf_writes=1 branch_writes=2 leaf_write_records=99 branch_write_children=21 leaf_min=99 leaf_max=99 child_edges_added=21 custody_edges_added=49
LFS_EXTENT_SPLICE v=1 root_height=2 leaf_visits=1 branch_visits=2 leaf_visit_records=99 branch_visit_children=21 leaf_writes=1 branch_writes=2 leaf_write_records=101 branch_write_children=21 leaf_min=101 leaf_max=101 child_edges_added=21 custody_edges_added=50
LFS_EXTENT_SPLICE v=1 root_height=2 leaf_visits=1 branch_visits=2 leaf_visit_records=101 branch_visit_children=21 leaf_writes=1 branch_writes=2 leaf_write_records=103 branch_write_children=21 leaf_min=103 leaf_max=103 child_edges_added=21 custody_edges_added=51
LFS_EXTENT_SPLICE v=1 root_height=2 leaf_visits=1 branch_visits=2 leaf_visit_records=103 branch_visit_children=21 leaf_writes=1 branch_writes=2 leaf_write_records=105 branch_write_children=21 leaf_min=105 leaf_max=105 child_edges_added=21 custody_edges_added=52
LFS_EXTENT_SPLICE v=1 root_height=2 leaf_visits=1 branch_visits=2 leaf_visit_records=105 branch_visit_children=21 leaf_writes=1 branch_writes=2 leaf_write_records=107 branch_write_children=21 leaf_min=107 leaf_max=107 child_edges_added=21 custody_edges_added=53
LFS_EXTENT_SPLICE v=1 root_height=2 leaf_visits=1 branch_visits=2 leaf_visit_records=107 branch_visit_children=21 leaf_writes=1 branch_writes=2 leaf_write_records=109 branch_write_children=21 leaf_min=109 leaf_max=109 child_edges_added=21 custody_edges_added=54
LFS_EXTENT_SPLICE v=1 root_height=2 leaf_visits=1 branch_visits=2 leaf_visit_records=109 branch_visit_children=21 leaf_writes=1 branch_writes=2 leaf_write_records=111 branch_write_children=21 leaf_min=111 leaf_max=111 child_edges_added=21 custody_edges_added=55
LFS_EXTENT_SPLICE v=1 root_height=2 leaf_visits=1 branch_visits=2 leaf_visit_records=111 branch_visit_children=21 leaf_writes=1 branch_writes=2 leaf_write_records=113 branch_write_children=21 leaf_min=113 leaf_max=113 child_edges_added=21 custody_edges_added=56
LFS_EXTENT_SPLICE v=1 root_height=2 leaf_visits=1 branch_visits=2 leaf_visit_records=113 branch_visit_children=21 leaf_writes=1 branch_writes=2 leaf_write_records=115 branch_write_children=21 leaf_min=115 leaf_max=115 child_edges_added=21 custody_edges_added=57
LFS_EXTENT_SPLICE v=1 root_height=2 leaf_visits=1 branch_visits=2 leaf_visit_records=115 branch_visit_children=21 leaf_writes=1 branch_writes=2 leaf_write_records=117 branch_write_children=21 leaf_min=117 leaf_max=117 child_edges_added=21 custody_edges_added=58
LFS_EXTENT_SPLICE v=1 root_height=2 leaf_visits=1 branch_visits=2 leaf_visit_records=117 branch_visit_children=21 leaf_writes=1 branch_writes=2 leaf_write_records=119 branch_write_children=21 leaf_min=119 leaf_max=119 child_edges_added=21 custody_edges_added=59
LFS_EXTENT_SPLICE v=1 root_height=2 leaf_visits=1 branch_visits=2 leaf_visit_records=119 branch_visit_children=21 leaf_writes=1 branch_writes=2 leaf_write_records=121 branch_write_children=21 leaf_min=121 leaf_max=121 child_edges_added=21 custody_edges_added=60
LFS_EXTENT_SPLICE v=1 root_height=2 leaf_visits=1 branch_visits=2 leaf_visit_records=121 branch_visit_children=21 leaf_writes=1 branch_writes=2 leaf_write_records=123 branch_write_children=21 leaf_min=123 leaf_max=123 child_edges_added=21 custody_edges_added=61
LFS_EXTENT_SPLICE v=1 root_height=2 leaf_visits=1 branch_visits=2 leaf_visit_records=123 branch_visit_children=21 leaf_writes=2 branch_writes=2 leaf_write_records=125 branch_write_children=22 leaf_min=62 leaf_max=63 child_edges_added=22 custody_edges_added=62
LFS_EXTENT_SPLICE v=1 root_height=2 leaf_visits=1 branch_visits=2 leaf_visit_records=62 branch_visit_children=22 leaf_writes=1 branch_writes=2 leaf_write_records=64 branch_write_children=22 leaf_min=64 leaf_max=64 child_edges_added=22 custody_edges_added=32
LFS_EXTENT_SPLICE v=1 root_height=2 leaf_visits=1 branch_visits=2 leaf_visit_records=64 branch_visit_children=22 leaf_writes=1 branch_writes=2 leaf_write_records=66 branch_write_children=22 leaf_min=66 leaf_max=66 child_edges_added=22 custody_edges_added=33
LFS_EXTENT_SPLICE v=1 root_height=2 leaf_visits=1 branch_visits=2 leaf_visit_records=66 branch_visit_children=22 leaf_writes=1 branch_writes=2 leaf_write_records=68 branch_write_children=22 leaf_min=68 leaf_max=68 child_edges_added=22 custody_edges_added=34
LFS_EXTENT_SPLICE v=1 root_height=2 leaf_visits=1 branch_visits=2 leaf_visit_records=68 branch_visit_children=22 leaf_writes=1 branch_writes=2 leaf_write_records=70 branch_write_children=22 leaf_min=70 leaf_max=70 child_edges_added=22 custody_edges_added=35
LFS_EXTENT_SPLICE v=1 root_height=2 leaf_visits=1 branch_visits=2 leaf_visit_records=70 branch_visit_children=22 leaf_writes=1 branch_writes=2 leaf_write_records=72 branch_write_children=22 leaf_min=72 leaf_max=72 child_edges_added=22 custody_edges_added=36
LFS_EXTENT_SPLICE v=1 root_height=2 leaf_visits=1 branch_visits=2 leaf_visit_records=72 branch_visit_children=22 leaf_writes=1 branch_writes=2 leaf_write_records=74 branch_write_children=22 leaf_min=74 leaf_max=74 child_edges_added=22 custody_edges_added=37
LFS_EXTENT_SPLICE v=1 root_height=2 leaf_visits=1 branch_visits=2 leaf_visit_records=74 branch_visit_children=22 leaf_writes=1 branch_writes=2 leaf_write_records=76 branch_write_children=22 leaf_min=76 leaf_max=76 child_edges_added=22 custody_edges_added=38
LFS_EXTENT_SPLICE v=1 root_height=2 leaf_visits=1 branch_visits=2 leaf_visit_records=76 branch_visit_children=22 leaf_writes=1 branch_writes=2 leaf_write_records=78 branch_write_children=22 leaf_min=78 leaf_max=78 child_edges_added=22 custody_edges_added=39
LFS_EXTENT_SPLICE v=1 root_height=2 leaf_visits=1 branch_visits=2 leaf_visit_records=78 branch_visit_children=22 leaf_writes=1 branch_writes=2 leaf_write_records=80 branch_write_children=22 leaf_min=80 leaf_max=80 child_edges_added=22 custody_edges_added=40
LFS_EXTENT_SPLICE v=1 root_height=2 leaf_visits=1 branch_visits=2 leaf_visit_records=80 branch_visit_children=22 leaf_writes=1 branch_writes=2 leaf_write_records=82 branch_write_children=22 leaf_min=82 leaf_max=82 child_edges_added=22 custody_edges_added=41
LFS_EXTENT_SPLICE v=1 root_height=2 leaf_visits=1 branch_visits=2 leaf_visit_records=82 branch_visit_children=22 leaf_writes=1 branch_writes=2 leaf_write_records=84 branch_write_children=22 leaf_min=84 leaf_max=84 child_edges_added=22 custody_edges_added=42
LFS_EXTENT_SPLICE v=1 root_height=2 leaf_visits=1 branch_visits=2 leaf_visit_records=84 branch_visit_children=22 leaf_writes=1 branch_writes=2 leaf_write_records=86 branch_write_children=22 leaf_min=86 leaf_max=86 child_edges_added=22 custody_edges_added=43
LFS_EXTENT_SPLICE v=1 root_height=2 leaf_visits=1 branch_visits=2 leaf_visit_records=86 branch_visit_children=22 leaf_writes=1 branch_writes=2 leaf_write_records=88 branch_write_children=22 leaf_min=88 leaf_max=88 child_edges_added=22 custody_edges_added=44
LFS_EXTENT_SPLICE v=1 root_height=2 leaf_visits=1 branch_visits=2 leaf_visit_records=88 branch_visit_children=22 leaf_writes=1 branch_writes=2 leaf_write_records=90 branch_write_children=22 leaf_min=90 leaf_max=90 child_edges_added=22 custody_edges_added=45
LFS_EXTENT_SPLICE v=1 root_height=2 leaf_visits=1 branch_visits=2 leaf_visit_records=90 branch_visit_children=22 leaf_writes=1 branch_writes=2 leaf_write_records=92 branch_write_children=22 leaf_min=92 leaf_max=92 child_edges_added=22 custody_edges_added=46
LFS_EXTENT_SPLICE v=1 root_height=2 leaf_visits=1 branch_visits=2 leaf_visit_records=92 branch_visit_children=22 leaf_writes=1 branch_writes=2 leaf_write_records=94 branch_write_children=22 leaf_min=94 leaf_max=94 child_edges_added=22 custody_edges_added=47
LFS_EXTENT_SPLICE v=1 root_height=2 leaf_visits=1 branch_visits=2 leaf_visit_records=94 branch_visit_children=22 leaf_writes=1 branch_writes=2 leaf_write_records=96 branch_write_children=22 leaf_min=96 leaf_max=96 child_edges_added=22 custody_edges_added=48
LFS_EXTENT_SPLICE v=1 root_height=2 leaf_visits=1 branch_visits=2 leaf_visit_records=96 branch_visit_children=22 leaf_writes=1 branch_writes=2 leaf_write_records=98 branch_write_children=22 leaf_min=98 leaf_max=98 child_edges_added=22 custody_edges_added=49
LFS_EXTENT_SPLICE v=1 root_height=2 leaf_visits=1 branch_visits=2 leaf_visit_records=98 branch_visit_children=22 leaf_writes=1 branch_writes=2 leaf_write_records=100 branch_write_children=22 leaf_min=100 leaf_max=100 child_edges_added=22 custody_edges_added=50
LFS_EXTENT_SPLICE v=1 root_height=2 leaf_visits=1 branch_visits=2 leaf_visit_records=100 branch_visit_children=22 leaf_writes=1 branch_writes=2 leaf_write_records=102 branch_write_children=22 leaf_min=102 leaf_max=102 child_edges_added=22 custody_edges_added=51
LFS_EXTENT_SPLICE v=1 root_height=2 leaf_visits=1 branch_visits=2 leaf_visit_records=102 branch_visit_children=22 leaf_writes=1 branch_writes=2 leaf_write_records=104 branch_write_children=22 leaf_min=104 leaf_max=104 child_edges_added=22 custody_edges_added=52
LFS_EXTENT_SPLICE v=1 root_height=2 leaf_visits=1 branch_visits=2 leaf_visit_records=104 branch_visit_children=22 leaf_writes=1 branch_writes=2 leaf_write_records=106 branch_write_children=22 leaf_min=106 leaf_max=106 child_edges_added=22 custody_edges_added=53
LFS_EXTENT_SPLICE v=1 root_height=2 leaf_visits=1 branch_visits=2 leaf_visit_records=106 branch_visit_children=22 leaf_writes=1 branch_writes=2 leaf_write_records=108 branch_write_children=22 leaf_min=108 leaf_max=108 child_edges_added=22 custody_edges_added=54
LFS_EXTENT_SPLICE v=1 root_height=2 leaf_visits=1 branch_visits=2 leaf_visit_records=108 branch_visit_children=22 leaf_writes=1 branch_writes=2 leaf_write_records=110 branch_write_children=22 leaf_min=110 leaf_max=110 child_edges_added=22 custody_edges_added=55
LFS_EXTENT_SPLICE v=1 root_height=2 leaf_visits=1 branch_visits=2 leaf_visit_records=110 branch_visit_children=22 leaf_writes=1 branch_writes=2 leaf_write_records=112 branch_write_children=22 leaf_min=112 leaf_max=112 child_edges_added=22 custody_edges_added=56
LFS_EXTENT_SPLICE v=1 root_height=2 leaf_visits=1 branch_visits=2 leaf_visit_records=112 branch_visit_children=22 leaf_writes=1 branch_writes=2 leaf_write_records=114 branch_write_children=22 leaf_min=114 leaf_max=114 child_edges_added=22 custody_edges_added=57
LFS_EXTENT_SPLICE v=1 root_height=2 leaf_visits=1 branch_visits=2 leaf_visit_records=114 branch_visit_children=22 leaf_writes=1 branch_writes=2 leaf_write_records=116 branch_write_children=22 leaf_min=116 leaf_max=116 child_edges_added=22 custody_edges_added=58
LFS_EXTENT_SPLICE v=1 root_height=2 leaf_visits=1 branch_visits=2 leaf_visit_records=116 branch_visit_children=22 leaf_writes=1 branch_writes=2 leaf_write_records=118 branch_write_children=22 leaf_min=118 leaf_max=118 child_edges_added=22 custody_edges_added=59
LFS_EXTENT_SPLICE v=1 root_height=2 leaf_visits=1 branch_visits=2 leaf_visit_records=118 branch_visit_children=22 leaf_writes=1 branch_writes=2 leaf_write_records=120 branch_write_children=22 leaf_min=120 leaf_max=120 child_edges_added=22 custody_edges_added=60
LFS_EXTENT_SPLICE v=1 root_height=2 leaf_visits=1 branch_visits=2 leaf_visit_records=120 branch_visit_children=22 leaf_writes=1 branch_writes=2 leaf_write_records=122 branch_write_children=22 leaf_min=122 leaf_max=122 child_edges_added=22 custody_edges_added=61
LFS_EXTENT_SPLICE v=1 root_height=2 leaf_visits=1 branch_visits=2 leaf_visit_records=122 branch_visit_children=22 leaf_writes=1 branch_writes=2 leaf_write_records=124 branch_write_children=22 leaf_min=124 leaf_max=124 child_edges_added=22 custody_edges_added=62
LFS_EXTENT_SPLICE v=1 root_height=2 leaf_visits=1 branch_visits=2 leaf_visit_records=124 branch_visit_children=22 leaf_writes=2 branch_writes=2 leaf_write_records=126 branch_write_children=23 leaf_min=63 leaf_max=63 child_edges_added=23 custody_edges_added=63
LFS_EXTENT_SPLICE v=1 root_height=2 leaf_visits=1 branch_visits=2 leaf_visit_records=63 branch_visit_children=23 leaf_writes=1 branch_writes=2 leaf_write_records=65 branch_write_children=23 leaf_min=65 leaf_max=65 child_edges_added=23 custody_edges_added=32
LFS_EXTENT_SPLICE v=1 root_height=2 leaf_visits=1 branch_visits=2 leaf_visit_records=65 branch_visit_children=23 leaf_writes=1 branch_writes=2 leaf_write_records=67 branch_write_children=23 leaf_min=67 leaf_max=67 child_edges_added=23 custody_edges_added=33
LFS_EXTENT_SPLICE v=1 root_height=2 leaf_visits=1 branch_visits=2 leaf_visit_records=67 branch_visit_children=23 leaf_writes=1 branch_writes=2 leaf_write_records=69 branch_write_children=23 leaf_min=69 leaf_max=69 child_edges_added=23 custody_edges_added=34
LFS_EXTENT_SPLICE v=1 root_height=2 leaf_visits=1 branch_visits=2 leaf_visit_records=69 branch_visit_children=23 leaf_writes=1 branch_writes=2 leaf_write_records=71 branch_write_children=23 leaf_min=71 leaf_max=71 child_edges_added=23 custody_edges_added=35
LFS_EXTENT_SPLICE v=1 root_height=2 leaf_visits=1 branch_visits=2 leaf_visit_records=71 branch_visit_children=23 leaf_writes=1 branch_writes=2 leaf_write_records=73 branch_write_children=23 leaf_min=73 leaf_max=73 child_edges_added=23 custody_edges_added=36
LFS_EXTENT_SPLICE v=1 root_height=2 leaf_visits=1 branch_visits=2 leaf_visit_records=73 branch_visit_children=23 leaf_writes=1 branch_writes=2 leaf_write_records=75 branch_write_children=23 leaf_min=75 leaf_max=75 child_edges_added=23 custody_edges_added=37
LFS_EXTENT_SPLICE v=1 root_height=2 leaf_visits=1 branch_visits=2 leaf_visit_records=75 branch_visit_children=23 leaf_writes=1 branch_writes=2 leaf_write_records=77 branch_write_children=23 leaf_min=77 leaf_max=77 child_edges_added=23 custody_edges_added=38
LFS_EXTENT_SPLICE v=1 root_height=2 leaf_visits=1 branch_visits=2 leaf_visit_records=77 branch_visit_children=23 leaf_writes=1 branch_writes=2 leaf_write_records=79 branch_write_children=23 leaf_min=79 leaf_max=79 child_edges_added=23 custody_edges_added=39
LFS_EXTENT_SPLICE v=1 root_height=2 leaf_visits=1 branch_visits=2 leaf_visit_records=79 branch_visit_children=23 leaf_writes=1 branch_writes=2 leaf_write_records=81 branch_write_children=23 leaf_min=81 leaf_max=81 child_edges_added=23 custody_edges_added=40
LFS_EXTENT_SPLICE v=1 root_height=2 leaf_visits=1 branch_visits=2 leaf_visit_records=81 branch_visit_children=23 leaf_writes=1 branch_writes=2 leaf_write_records=83 branch_write_children=23 leaf_min=83 leaf_max=83 child_edges_added=23 custody_edges_added=41
LFS_EXTENT_SPLICE v=1 root_height=2 leaf_visits=1 branch_visits=2 leaf_visit_records=83 branch_visit_children=23 leaf_writes=1 branch_writes=2 leaf_write_records=85 branch_write_children=23 leaf_min=85 leaf_max=85 child_edges_added=23 custody_edges_added=42
LFS_EXTENT_SPLICE v=1 root_height=2 leaf_visits=1 branch_visits=2 leaf_visit_records=85 branch_visit_children=23 leaf_writes=1 branch_writes=2 leaf_write_records=87 branch_write_children=23 leaf_min=87 leaf_max=87 child_edges_added=23 custody_edges_added=43
LFS_EXTENT_SPLICE v=1 root_height=2 leaf_visits=1 branch_visits=2 leaf_visit_records=87 branch_visit_children=23 leaf_writes=1 branch_writes=2 leaf_write_records=89 branch_write_children=23 leaf_min=89 leaf_max=89 child_edges_added=23 custody_edges_added=44
LFS_EXTENT_SPLICE v=1 root_height=2 leaf_visits=1 branch_visits=2 leaf_visit_records=89 branch_visit_children=23 leaf_writes=1 branch_writes=2 leaf_write_records=91 branch_write_children=23 leaf_min=91 leaf_max=91 child_edges_added=23 custody_edges_added=45
LFS_EXTENT_SPLICE v=1 root_height=2 leaf_visits=1 branch_visits=2 leaf_visit_records=91 branch_visit_children=23 leaf_writes=1 branch_writes=2 leaf_write_records=93 branch_write_children=23 leaf_min=93 leaf_max=93 child_edges_added=23 custody_edges_added=46
LFS_EXTENT_SPLICE v=1 root_height=2 leaf_visits=1 branch_visits=2 leaf_visit_records=93 branch_visit_children=23 leaf_writes=1 branch_writes=2 leaf_write_records=95 branch_write_children=23 leaf_min=95 leaf_max=95 child_edges_added=23 custody_edges_added=47
LFS_EXTENT_SPLICE v=1 root_height=2 leaf_visits=1 branch_visits=2 leaf_visit_records=95 branch_visit_children=23 leaf_writes=1 branch_writes=2 leaf_write_records=97 branch_write_children=23 leaf_min=97 leaf_max=97 child_edges_added=23 custody_edges_added=48
LFS_EXTENT_SPLICE v=1 root_height=2 leaf_visits=1 branch_visits=2 leaf_visit_records=97 branch_visit_children=23 leaf_writes=1 branch_writes=2 leaf_write_records=99 branch_write_children=23 leaf_min=99 leaf_max=99 child_edges_added=23 custody_edges_added=49
LFS_EXTENT_SPLICE v=1 root_height=2 leaf_visits=1 branch_visits=2 leaf_visit_records=99 branch_visit_children=23 leaf_writes=1 branch_writes=2 leaf_write_records=101 branch_write_children=23 leaf_min=101 leaf_max=101 child_edges_added=23 custody_edges_added=50
LFS_EXTENT_SPLICE v=1 root_height=2 leaf_visits=1 branch_visits=2 leaf_visit_records=101 branch_visit_children=23 leaf_writes=1 branch_writes=2 leaf_write_records=103 branch_write_children=23 leaf_min=103 leaf_max=103 child_edges_added=23 custody_edges_added=51
LFS_EXTENT_SPLICE v=1 root_height=2 leaf_visits=1 branch_visits=2 leaf_visit_records=103 branch_visit_children=23 leaf_writes=1 branch_writes=2 leaf_write_records=105 branch_write_children=23 leaf_min=105 leaf_max=105 child_edges_added=23 custody_edges_added=52
LFS_EXTENT_SPLICE v=1 root_height=2 leaf_visits=1 branch_visits=2 leaf_visit_records=105 branch_visit_children=23 leaf_writes=1 branch_writes=2 leaf_write_records=107 branch_write_children=23 leaf_min=107 leaf_max=107 child_edges_added=23 custody_edges_added=53
LFS_EXTENT_SPLICE v=1 root_height=2 leaf_visits=1 branch_visits=2 leaf_visit_records=107 branch_visit_children=23 leaf_writes=1 branch_writes=2 leaf_write_records=109 branch_write_children=23 leaf_min=109 leaf_max=109 child_edges_added=23 custody_edges_added=54
LFS_EXTENT_SPLICE v=1 root_height=2 leaf_visits=1 branch_visits=2 leaf_visit_records=109 branch_visit_children=23 leaf_writes=1 branch_writes=2 leaf_write_records=111 branch_write_children=23 leaf_min=111 leaf_max=111 child_edges_added=23 custody_edges_added=55
LFT1 {"v":1,"namespace":13710895918682022928,"run":"0388b7df3c6bbe5fc5bf9044daa9cf3f","pid":1,"role":2,"kind":"resource","scope":"process-shared","clock":"local-monitor","at_ns":12070656671,"incarnation":8311343,"user_ns":3880000000,"source":"procfs+sysconf","probe_ns":18084,"selected":3,"system_ns":1790000000,"rss":41263104}
LFS_EXTENT_SPLICE v=1 root_height=2 leaf_visits=1 branch_visits=2 leaf_visit_records=111 branch_visit_children=23 leaf_writes=1 branch_writes=2 leaf_write_records=113 branch_write_children=23 leaf_min=113 leaf_max=113 child_edges_added=23 custody_edges_added=56
LFS_EXTENT_SPLICE v=1 root_height=2 leaf_visits=1 branch_visits=2 leaf_visit_records=113 branch_visit_children=23 leaf_writes=1 branch_writes=2 leaf_write_records=115 branch_write_children=23 leaf_min=115 leaf_max=115 child_edges_added=23 custody_edges_added=57
LFS_EXTENT_SPLICE v=1 root_height=2 leaf_visits=1 branch_visits=2 leaf_visit_records=115 branch_visit_children=23 leaf_writes=1 branch_writes=2 leaf_write_records=117 branch_write_children=23 leaf_min=117 leaf_max=117 child_edges_added=23 custody_edges_added=58
LFS_EXTENT_SPLICE v=1 root_height=2 leaf_visits=1 branch_visits=2 leaf_visit_records=117 branch_visit_children=23 leaf_writes=1 branch_writes=2 leaf_write_records=119 branch_write_children=23 leaf_min=119 leaf_max=119 child_edges_added=23 custody_edges_added=59
LFS_EXTENT_SPLICE v=1 root_height=2 leaf_visits=1 branch_visits=2 leaf_visit_records=119 branch_visit_children=23 leaf_writes=1 branch_writes=2 leaf_write_records=121 branch_write_children=23 leaf_min=121 leaf_max=121 child_edges_added=23 custody_edges_added=60
LFS_EXTENT_SPLICE v=1 root_height=2 leaf_visits=1 branch_visits=2 leaf_visit_records=121 branch_visit_children=23 leaf_writes=1 branch_writes=2 leaf_write_records=123 branch_write_children=23 leaf_min=123 leaf_max=123 child_edges_added=23 custody_edges_added=61
LFS_EXTENT_SPLICE v=1 root_height=2 leaf_visits=1 branch_visits=2 leaf_visit_records=123 branch_visit_children=23 leaf_writes=2 branch_writes=2 leaf_write_records=125 branch_write_children=24 leaf_min=62 leaf_max=63 child_edges_added=24 custody_edges_added=62
LFS_EXTENT_SPLICE v=1 root_height=2 leaf_visits=1 branch_visits=2 leaf_visit_records=62 branch_visit_children=24 leaf_writes=1 branch_writes=2 leaf_write_records=64 branch_write_children=24 leaf_min=64 leaf_max=64 child_edges_added=24 custody_edges_added=32
LFS_EXTENT_SPLICE v=1 root_height=2 leaf_visits=1 branch_visits=2 leaf_visit_records=64 branch_visit_children=24 leaf_writes=1 branch_writes=2 leaf_write_records=66 branch_write_children=24 leaf_min=66 leaf_max=66 child_edges_added=24 custody_edges_added=33
LFS_EXTENT_SPLICE v=1 root_height=2 leaf_visits=1 branch_visits=2 leaf_visit_records=66 branch_visit_children=24 leaf_writes=1 branch_writes=2 leaf_write_records=68 branch_write_children=24 leaf_min=68 leaf_max=68 child_edges_added=24 custody_edges_added=34
LFS_EXTENT_SPLICE v=1 root_height=2 leaf_visits=1 branch_visits=2 leaf_visit_records=68 branch_visit_children=24 leaf_writes=1 branch_writes=2 leaf_write_records=70 branch_write_children=24 leaf_min=70 leaf_max=70 child_edges_added=24 custody_edges_added=35
LFS_EXTENT_SPLICE v=1 root_height=2 leaf_visits=1 branch_visits=2 leaf_visit_records=70 branch_visit_children=24 leaf_writes=1 branch_writes=2 leaf_write_records=72 branch_write_children=24 leaf_min=72 leaf_max=72 child_edges_added=24 custody_edges_added=36
LFS_EXTENT_SPLICE v=1 root_height=2 leaf_visits=1 branch_visits=2 leaf_visit_records=72 branch_visit_children=24 leaf_writes=1 branch_writes=2 leaf_write_records=74 branch_write_children=24 leaf_min=74 leaf_max=74 child_edges_added=24 custody_edges_added=37
LFS_EXTENT_SPLICE v=1 root_height=2 leaf_visits=1 branch_visits=2 leaf_visit_records=74 branch_visit_children=24 leaf_writes=1 branch_writes=2 leaf_write_records=76 branch_write_children=24 leaf_min=76 leaf_max=76 child_edges_added=24 custody_edges_added=38
LFS_EXTENT_SPLICE v=1 root_height=2 leaf_visits=1 branch_visits=2 leaf_visit_records=76 branch_visit_children=24 leaf_writes=1 branch_writes=2 leaf_write_records=78 branch_write_children=24 leaf_min=78 leaf_max=78 child_edges_added=24 custody_edges_added=39
LFS_EXTENT_SPLICE v=1 root_height=2 leaf_visits=1 branch_visits=2 leaf_visit_records=78 branch_visit_children=24 leaf_writes=1 branch_writes=2 leaf_write_records=80 branch_write_children=24 leaf_min=80 leaf_max=80 child_edges_added=24 custody_edges_added=40
LFS_EXTENT_SPLICE v=1 root_height=2 leaf_visits=1 branch_visits=2 leaf_visit_records=80 branch_visit_children=24 leaf_writes=1 branch_writes=2 leaf_write_records=82 branch_write_children=24 leaf_min=82 leaf_max=82 child_edges_added=24 custody_edges_added=41
LFS_EXTENT_SPLICE v=1 root_height=2 leaf_visits=1 branch_visits=2 leaf_visit_records=82 branch_visit_children=24 leaf_writes=1 branch_writes=2 leaf_write_records=84 branch_write_children=24 leaf_min=84 leaf_max=84 child_edges_added=24 custody_edges_added=42
LFS_EXTENT_SPLICE v=1 root_height=2 leaf_visits=1 branch_visits=2 leaf_visit_records=84 branch_visit_children=24 leaf_writes=1 branch_writes=2 leaf_write_records=86 branch_write_children=24 leaf_min=86 leaf_max=86 child_edges_added=24 custody_edges_added=43
LFS_EXTENT_SPLICE v=1 root_height=2 leaf_visits=1 branch_visits=2 leaf_visit_records=86 branch_visit_children=24 leaf_writes=1 branch_writes=2 leaf_write_records=88 branch_write_children=24 leaf_min=88 leaf_max=88 child_edges_added=24 custody_edges_added=44
LFS_EXTENT_SPLICE v=1 root_height=2 leaf_visits=1 branch_visits=2 leaf_visit_records=88 branch_visit_children=24 leaf_writes=1 branch_writes=2 leaf_write_records=90 branch_write_children=24 leaf_min=90 leaf_max=90 child_edges_added=24 custody_edges_added=45
LFS_EXTENT_SPLICE v=1 root_height=2 leaf_visits=1 branch_visits=2 leaf_visit_records=90 branch_visit_children=24 leaf_writes=1 branch_writes=2 leaf_write_records=92 branch_write_children=24 leaf_min=92 leaf_max=92 child_edges_added=24 custody_edges_added=46
LFS_EXTENT_SPLICE v=1 root_height=2 leaf_visits=1 branch_visits=2 leaf_visit_records=92 branch_visit_children=24 leaf_writes=1 branch_writes=2 leaf_write_records=94 branch_write_children=24 leaf_min=94 leaf_max=94 child_edges_added=24 custody_edges_added=47
LFS_EXTENT_SPLICE v=1 root_height=2 leaf_visits=1 branch_visits=2 leaf_visit_records=94 branch_visit_children=24 leaf_writes=1 branch_writes=2 leaf_write_records=96 branch_write_children=24 leaf_min=96 leaf_max=96 child_edges_added=24 custody_edges_added=48
LFS_EXTENT_SPLICE v=1 root_height=2 leaf_visits=1 branch_visits=2 leaf_visit_records=96 branch_visit_children=24 leaf_writes=1 branch_writes=2 leaf_write_records=98 branch_write_children=24 leaf_min=98 leaf_max=98 child_edges_added=24 custody_edges_added=49
LFS_EXTENT_SPLICE v=1 root_height=2 leaf_visits=1 branch_visits=2 leaf_visit_records=98 branch_visit_children=24 leaf_writes=1 branch_writes=2 leaf_write_records=100 branch_write_children=24 leaf_min=100 leaf_max=100 child_edges_added=24 custody_edges_added=50
LFS_EXTENT_SPLICE v=1 root_height=2 leaf_visits=1 branch_visits=2 leaf_visit_records=100 branch_visit_children=24 leaf_writes=1 branch_writes=2 leaf_write_records=102 branch_write_children=24 leaf_min=102 leaf_max=102 child_edges_added=24 custody_edges_added=51
LFS_EXTENT_SPLICE v=1 root_height=2 leaf_visits=1 branch_visits=2 leaf_visit_records=102 branch_visit_children=24 leaf_writes=1 branch_writes=2 leaf_write_records=104 branch_write_children=24 leaf_min=104 leaf_max=104 child_edges_added=24 custody_edges_added=52
LFS_EXTENT_SPLICE v=1 root_height=2 leaf_visits=1 branch_visits=2 leaf_visit_records=104 branch_visit_children=24 leaf_writes=1 branch_writes=2 leaf_write_records=106 branch_write_children=24 leaf_min=106 leaf_max=106 child_edges_added=24 custody_edges_added=53
LFS_EXTENT_SPLICE v=1 root_height=2 leaf_visits=1 branch_visits=2 leaf_visit_records=106 branch_visit_children=24 leaf_writes=1 branch_writes=2 leaf_write_records=108 branch_write_children=24 leaf_min=108 leaf_max=108 child_edges_added=24 custody_edges_added=54
LFS_EXTENT_SPLICE v=1 root_height=2 leaf_visits=1 branch_visits=2 leaf_visit_records=108 branch_visit_children=24 leaf_writes=1 branch_writes=2 leaf_write_records=110 branch_write_children=24 leaf_min=110 leaf_max=110 child_edges_added=24 custody_edges_added=55
LFS_EXTENT_SPLICE v=1 root_height=2 leaf_visits=1 branch_visits=2 leaf_visit_records=110 branch_visit_children=24 leaf_writes=1 branch_writes=2 leaf_write_records=112 branch_write_children=24 leaf_min=112 leaf_max=112 child_edges_added=24 custody_edges_added=56
LFS_EXTENT_SPLICE v=1 root_height=2 leaf_visits=1 branch_visits=2 leaf_visit_records=112 branch_visit_children=24 leaf_writes=1 branch_writes=2 leaf_write_records=114 branch_write_children=24 leaf_min=114 leaf_max=114 child_edges_added=24 custody_edges_added=57
LFS_EXTENT_SPLICE v=1 root_height=2 leaf_visits=1 branch_visits=2 leaf_visit_records=114 branch_visit_children=24 leaf_writes=1 branch_writes=2 leaf_write_records=116 branch_write_children=24 leaf_min=116 leaf_max=116 child_edges_added=24 custody_edges_added=58
LFS_EXTENT_SPLICE v=1 root_height=2 leaf_visits=1 branch_visits=2 leaf_visit_records=116 branch_visit_children=24 leaf_writes=1 branch_writes=2 leaf_write_records=118 branch_write_children=24 leaf_min=118 leaf_max=118 child_edges_added=24 custody_edges_added=59
LFS_EXTENT_SPLICE v=1 root_height=2 leaf_visits=1 branch_visits=2 leaf_visit_records=118 branch_visit_children=24 leaf_writes=1 branch_writes=2 leaf_write_records=120 branch_write_children=24 leaf_min=120 leaf_max=120 child_edges_added=24 custody_edges_added=60
LFS_EXTENT_SPLICE v=1 root_height=2 leaf_visits=1 branch_visits=2 leaf_visit_records=120 branch_visit_children=24 leaf_writes=1 branch_writes=2 leaf_write_records=122 branch_write_children=24 leaf_min=122 leaf_max=122 child_edges_added=24 custody_edges_added=61
LFS_EXTENT_SPLICE v=1 root_height=2 leaf_visits=1 branch_visits=2 leaf_visit_records=122 branch_visit_children=24 leaf_writes=1 branch_writes=2 leaf_write_records=124 branch_write_children=24 leaf_min=124 leaf_max=124 child_edges_added=24 custody_edges_added=62
LFS_EXTENT_SPLICE v=1 root_height=2 leaf_visits=1 branch_visits=2 leaf_visit_records=124 branch_visit_children=24 leaf_writes=2 branch_writes=2 leaf_write_records=126 branch_write_children=25 leaf_min=63 leaf_max=63 child_edges_added=25 custody_edges_added=63
LFS_EXTENT_SPLICE v=1 root_height=2 leaf_visits=1 branch_visits=2 leaf_visit_records=63 branch_visit_children=25 leaf_writes=1 branch_writes=2 leaf_write_records=65 branch_write_children=25 leaf_min=65 leaf_max=65 child_edges_added=25 custody_edges_added=32
LFS_EXTENT_SPLICE v=1 root_height=2 leaf_visits=1 branch_visits=2 leaf_visit_records=65 branch_visit_children=25 leaf_writes=1 branch_writes=2 leaf_write_records=67 branch_write_children=25 leaf_min=67 leaf_max=67 child_edges_added=25 custody_edges_added=33
LFS_EXTENT_SPLICE v=1 root_height=2 leaf_visits=1 branch_visits=2 leaf_visit_records=67 branch_visit_children=25 leaf_writes=1 branch_writes=2 leaf_write_records=69 branch_write_children=25 leaf_min=69 leaf_max=69 child_edges_added=25 custody_edges_added=34
LFS_EXTENT_SPLICE v=1 root_height=2 leaf_visits=1 branch_visits=2 leaf_visit_records=69 branch_visit_children=25 leaf_writes=1 branch_writes=2 leaf_write_records=71 branch_write_children=25 leaf_min=71 leaf_max=71 child_edges_added=25 custody_edges_added=35
LFS_EXTENT_SPLICE v=1 root_height=2 leaf_visits=1 branch_visits=2 leaf_visit_records=71 branch_visit_children=25 leaf_writes=1 branch_writes=2 leaf_write_records=73 branch_write_children=25 leaf_min=73 leaf_max=73 child_edges_added=25 custody_edges_added=36
LFS_EXTENT_SPLICE v=1 root_height=2 leaf_visits=1 branch_visits=2 leaf_visit_records=73 branch_visit_children=25 leaf_writes=1 branch_writes=2 leaf_write_records=75 branch_write_children=25 leaf_min=75 leaf_max=75 child_edges_added=25 custody_edges_added=37
LFS_EXTENT_SPLICE v=1 root_height=2 leaf_visits=1 branch_visits=2 leaf_visit_records=75 branch_visit_children=25 leaf_writes=1 branch_writes=2 leaf_write_records=77 branch_write_children=25 leaf_min=77 leaf_max=77 child_edges_added=25 custody_edges_added=38
LFS_EXTENT_SPLICE v=1 root_height=2 leaf_visits=1 branch_visits=2 leaf_visit_records=77 branch_visit_children=25 leaf_writes=1 branch_writes=2 leaf_write_records=79 branch_write_children=25 leaf_min=79 leaf_max=79 child_edges_added=25 custody_edges_added=39
LFS_EXTENT_SPLICE v=1 root_height=2 leaf_visits=1 branch_visits=2 leaf_visit_records=79 branch_visit_children=25 leaf_writes=1 branch_writes=2 leaf_write_records=81 branch_write_children=25 leaf_min=81 leaf_max=81 child_edges_added=25 custody_edges_added=40
LFS_EXTENT_SPLICE v=1 root_height=2 leaf_visits=1 branch_visits=2 leaf_visit_records=81 branch_visit_children=25 leaf_writes=1 branch_writes=2 leaf_write_records=83 branch_write_children=25 leaf_min=83 leaf_max=83 child_edges_added=25 custody_edges_added=41
LFS_EXTENT_SPLICE v=1 root_height=2 leaf_visits=1 branch_visits=2 leaf_visit_records=83 branch_visit_children=25 leaf_writes=1 branch_writes=2 leaf_write_records=85 branch_write_children=25 leaf_min=85 leaf_max=85 child_edges_added=25 custody_edges_added=42
LFS_EXTENT_SPLICE v=1 root_height=2 leaf_visits=1 branch_visits=2 leaf_visit_records=85 branch_visit_children=25 leaf_writes=1 branch_writes=2 leaf_write_records=87 branch_write_children=25 leaf_min=87 leaf_max=87 child_edges_added=25 custody_edges_added=43
LFS_EXTENT_SPLICE v=1 root_height=2 leaf_visits=1 branch_visits=2 leaf_visit_records=87 branch_visit_children=25 leaf_writes=1 branch_writes=2 leaf_write_records=89 branch_write_children=25 leaf_min=89 leaf_max=89 child_edges_added=25 custody_edges_added=44
LFS_EXTENT_SPLICE v=1 root_height=2 leaf_visits=1 branch_visits=2 leaf_visit_records=89 branch_visit_children=25 leaf_writes=1 branch_writes=2 leaf_write_records=91 branch_write_children=25 leaf_min=91 leaf_max=91 child_edges_added=25 custody_edges_added=45
LFS_EXTENT_SPLICE v=1 root_height=2 leaf_visits=1 branch_visits=2 leaf_visit_records=91 branch_visit_children=25 leaf_writes=1 branch_writes=2 leaf_write_records=93 branch_write_children=25 leaf_min=93 leaf_max=93 child_edges_added=25 custody_edges_added=46
LFS_EXTENT_SPLICE v=1 root_height=2 leaf_visits=1 branch_visits=2 leaf_visit_records=93 branch_visit_children=25 leaf_writes=1 branch_writes=2 leaf_write_records=95 branch_write_children=25 leaf_min=95 leaf_max=95 child_edges_added=25 custody_edges_added=47
LFS_EXTENT_SPLICE v=1 root_height=2 leaf_visits=1 branch_visits=2 leaf_visit_records=95 branch_visit_children=25 leaf_writes=1 branch_writes=2 leaf_write_records=97 branch_write_children=25 leaf_min=97 leaf_max=97 child_edges_added=25 custody_edges_added=48
LFS_EXTENT_SPLICE v=1 root_height=2 leaf_visits=1 branch_visits=2 leaf_visit_records=97 branch_visit_children=25 leaf_writes=1 branch_writes=2 leaf_write_records=99 branch_write_children=25 leaf_min=99 leaf_max=99 child_edges_added=25 custody_edges_added=49
LFS_EXTENT_SPLICE v=1 root_height=2 leaf_visits=1 branch_visits=2 leaf_visit_records=99 branch_visit_children=25 leaf_writes=1 branch_writes=2 leaf_write_records=101 branch_write_children=25 leaf_min=101 leaf_max=101 child_edges_added=25 custody_edges_added=50
LFS_EXTENT_SPLICE v=1 root_height=2 leaf_visits=1 branch_visits=2 leaf_visit_records=101 branch_visit_children=25 leaf_writes=1 branch_writes=2 leaf_write_records=103 branch_write_children=25 leaf_min=103 leaf_max=103 child_edges_added=25 custody_edges_added=51
LFS_EXTENT_SPLICE v=1 root_height=2 leaf_visits=1 branch_visits=2 leaf_visit_records=103 branch_visit_children=25 leaf_writes=1 branch_writes=2 leaf_write_records=105 branch_write_children=25 leaf_min=105 leaf_max=105 child_edges_added=25 custody_edges_added=52
LFS_EXTENT_SPLICE v=1 root_height=2 leaf_visits=1 branch_visits=2 leaf_visit_records=105 branch_visit_children=25 leaf_writes=1 branch_writes=2 leaf_write_records=107 branch_write_children=25 leaf_min=107 leaf_max=107 child_edges_added=25 custody_edges_added=53
LFS_EXTENT_SPLICE v=1 root_height=2 leaf_visits=1 branch_visits=2 leaf_visit_records=107 branch_visit_children=25 leaf_writes=1 branch_writes=2 leaf_write_records=109 branch_write_children=25 leaf_min=109 leaf_max=109 child_edges_added=25 custody_edges_added=54
LFS_EXTENT_SPLICE v=1 root_height=2 leaf_visits=1 branch_visits=2 leaf_visit_records=109 branch_visit_children=25 leaf_writes=1 branch_writes=2 leaf_write_records=111 branch_write_children=25 leaf_min=111 leaf_max=111 child_edges_added=25 custody_edges_added=55
LFS_EXTENT_SPLICE v=1 root_height=2 leaf_visits=1 branch_visits=2 leaf_visit_records=111 branch_visit_children=25 leaf_writes=1 branch_writes=2 leaf_write_records=113 branch_write_children=25 leaf_min=113 leaf_max=113 child_edges_added=25 custody_edges_added=56
LFS_EXTENT_SPLICE v=1 root_height=2 leaf_visits=1 branch_visits=2 leaf_visit_records=113 branch_visit_children=25 leaf_writes=1 branch_writes=2 leaf_write_records=115 branch_write_children=25 leaf_min=115 leaf_max=115 child_edges_added=25 custody_edges_added=57
LFS_EXTENT_SPLICE v=1 root_height=2 leaf_visits=1 branch_visits=2 leaf_visit_records=115 branch_visit_children=25 leaf_writes=1 branch_writes=2 leaf_write_records=117 branch_write_children=25 leaf_min=117 leaf_max=117 child_edges_added=25 custody_edges_added=58
LFS_EXTENT_SPLICE v=1 root_height=2 leaf_visits=1 branch_visits=2 leaf_visit_records=117 branch_visit_children=25 leaf_writes=1 branch_writes=2 leaf_write_records=119 branch_write_children=25 leaf_min=119 leaf_max=119 child_edges_added=25 custody_edges_added=59
LFS_EXTENT_SPLICE v=1 root_height=2 leaf_visits=1 branch_visits=2 leaf_visit_records=119 branch_visit_children=25 leaf_writes=1 branch_writes=2 leaf_write_records=121 branch_write_children=25 leaf_min=121 leaf_max=121 child_edges_added=25 custody_edges_added=60
LFS_EXTENT_SPLICE v=1 root_height=2 leaf_visits=1 branch_visits=2 leaf_visit_records=121 branch_visit_children=25 leaf_writes=1 branch_writes=2 leaf_write_records=123 branch_write_children=25 leaf_min=123 leaf_max=123 child_edges_added=25 custody_edges_added=61
LFS_EXTENT_SPLICE v=1 root_height=2 leaf_visits=1 branch_visits=2 leaf_visit_records=123 branch_visit_children=25 leaf_writes=2 branch_writes=2 leaf_write_records=125 branch_write_children=26 leaf_min=62 leaf_max=63 child_edges_added=26 custody_edges_added=62
LFS_EXTENT_SPLICE v=1 root_height=2 leaf_visits=1 branch_visits=2 leaf_visit_records=62 branch_visit_children=26 leaf_writes=1 branch_writes=2 leaf_write_records=64 branch_write_children=26 leaf_min=64 leaf_max=64 child_edges_added=26 custody_edges_added=32
LFS_EXTENT_SPLICE v=1 root_height=2 leaf_visits=1 branch_visits=2 leaf_visit_records=64 branch_visit_children=26 leaf_writes=1 branch_writes=2 leaf_write_records=66 branch_write_children=26 leaf_min=66 leaf_max=66 child_edges_added=26 custody_edges_added=33
LFS_EXTENT_SPLICE v=1 root_height=2 leaf_visits=1 branch_visits=2 leaf_visit_records=66 branch_visit_children=26 leaf_writes=1 branch_writes=2 leaf_write_records=68 branch_write_children=26 leaf_min=68 leaf_max=68 child_edges_added=26 custody_edges_added=34
LFS_EXTENT_SPLICE v=1 root_height=2 leaf_visits=1 branch_visits=2 leaf_visit_records=68 branch_visit_children=26 leaf_writes=1 branch_writes=2 leaf_write_records=70 branch_write_children=26 leaf_min=70 leaf_max=70 child_edges_added=26 custody_edges_added=35
LFS_EXTENT_SPLICE v=1 root_height=2 leaf_visits=1 branch_visits=2 leaf_visit_records=70 branch_visit_children=26 leaf_writes=1 branch_writes=2 leaf_write_records=72 branch_write_children=26 leaf_min=72 leaf_max=72 child_edges_added=26 custody_edges_added=36
LFS_EXTENT_SPLICE v=1 root_height=2 leaf_visits=1 branch_visits=2 leaf_visit_records=72 branch_visit_children=26 leaf_writes=1 branch_writes=2 leaf_write_records=74 branch_write_children=26 leaf_min=74 leaf_max=74 child_edges_added=26 custody_edges_added=37
LFS_EXTENT_SPLICE v=1 root_height=2 leaf_visits=1 branch_visits=2 leaf_visit_records=74 branch_visit_children=26 leaf_writes=1 branch_writes=2 leaf_write_records=76 branch_write_children=26 leaf_min=76 leaf_max=76 child_edges_added=26 custody_edges_added=38
LFS_EXTENT_SPLICE v=1 root_height=2 leaf_visits=1 branch_visits=2 leaf_visit_records=76 branch_visit_children=26 leaf_writes=1 branch_writes=2 leaf_write_records=78 branch_write_children=26 leaf_min=78 leaf_max=78 child_edges_added=26 custody_edges_added=39
LFS_EXTENT_SPLICE v=1 root_height=2 leaf_visits=1 branch_visits=2 leaf_visit_records=78 branch_visit_children=26 leaf_writes=1 branch_writes=2 leaf_write_records=80 branch_write_children=26 leaf_min=80 leaf_max=80 child_edges_added=26 custody_edges_added=40
LFS_EXTENT_SPLICE v=1 root_height=2 leaf_visits=1 branch_visits=2 leaf_visit_records=80 branch_visit_children=26 leaf_writes=1 branch_writes=2 leaf_write_records=82 branch_write_children=26 leaf_min=82 leaf_max=82 child_edges_added=26 custody_edges_added=41
LFS_EXTENT_SPLICE v=1 root_height=2 leaf_visits=1 branch_visits=2 leaf_visit_records=82 branch_visit_children=26 leaf_writes=1 branch_writes=2 leaf_write_records=84 branch_write_children=26 leaf_min=84 leaf_max=84 child_edges_added=26 custody_edges_added=42
LFS_EXTENT_SPLICE v=1 root_height=2 leaf_visits=1 branch_visits=2 leaf_visit_records=84 branch_visit_children=26 leaf_writes=1 branch_writes=2 leaf_write_records=86 branch_write_children=26 leaf_min=86 leaf_max=86 child_edges_added=26 custody_edges_added=43
LFS_EXTENT_SPLICE v=1 root_height=2 leaf_visits=1 branch_visits=2 leaf_visit_records=86 branch_visit_children=26 leaf_writes=1 branch_writes=2 leaf_write_records=88 branch_write_children=26 leaf_min=88 leaf_max=88 child_edges_added=26 custody_edges_added=44
LFS_EXTENT_SPLICE v=1 root_height=2 leaf_visits=1 branch_visits=2 leaf_visit_records=88 branch_visit_children=26 leaf_writes=1 branch_writes=2 leaf_write_records=90 branch_write_children=26 leaf_min=90 leaf_max=90 child_edges_added=26 custody_edges_added=45
LFS_EXTENT_SPLICE v=1 root_height=2 leaf_visits=1 branch_visits=2 leaf_visit_records=90 branch_visit_children=26 leaf_writes=1 branch_writes=2 leaf_write_records=92 branch_write_children=26 leaf_min=92 leaf_max=92 child_edges_added=26 custody_edges_added=46
LFS_EXTENT_SPLICE v=1 root_height=2 leaf_visits=1 branch_visits=2 leaf_visit_records=92 branch_visit_children=26 leaf_writes=1 branch_writes=2 leaf_write_records=94 branch_write_children=26 leaf_min=94 leaf_max=94 child_edges_added=26 custody_edges_added=47
LFS_EXTENT_SPLICE v=1 root_height=2 leaf_visits=1 branch_visits=2 leaf_visit_records=94 branch_visit_children=26 leaf_writes=1 branch_writes=2 leaf_write_records=96 branch_write_children=26 leaf_min=96 leaf_max=96 child_edges_added=26 custody_edges_added=48
LFS_EXTENT_SPLICE v=1 root_height=2 leaf_visits=1 branch_visits=2 leaf_visit_records=96 branch_visit_children=26 leaf_writes=1 branch_writes=2 leaf_write_records=98 branch_write_children=26 leaf_min=98 leaf_max=98 child_edges_added=26 custody_edges_added=49
LFS_EXTENT_SPLICE v=1 root_height=2 leaf_visits=1 branch_visits=2 leaf_visit_records=98 branch_visit_children=26 leaf_writes=1 branch_writes=2 leaf_write_records=100 branch_write_children=26 leaf_min=100 leaf_max=100 child_edges_added=26 custody_edges_added=50
LFS_EXTENT_SPLICE v=1 root_height=2 leaf_visits=1 branch_visits=2 leaf_visit_records=100 branch_visit_children=26 leaf_writes=1 branch_writes=2 leaf_write_records=102 branch_write_children=26 leaf_min=102 leaf_max=102 child_edges_added=26 custody_edges_added=51
LFS_EXTENT_SPLICE v=1 root_height=2 leaf_visits=1 branch_visits=2 leaf_visit_records=102 branch_visit_children=26 leaf_writes=1 branch_writes=2 leaf_write_records=104 branch_write_children=26 leaf_min=104 leaf_max=104 child_edges_added=26 custody_edges_added=52
LFS_EXTENT_SPLICE v=1 root_height=2 leaf_visits=1 branch_visits=2 leaf_visit_records=104 branch_visit_children=26 leaf_writes=1 branch_writes=2 leaf_write_records=106 branch_write_children=26 leaf_min=106 leaf_max=106 child_edges_added=26 custody_edges_added=53
LFS_EXTENT_SPLICE v=1 root_height=2 leaf_visits=1 branch_visits=2 leaf_visit_records=106 branch_visit_children=26 leaf_writes=1 branch_writes=2 leaf_write_records=108 branch_write_children=26 leaf_min=108 leaf_max=108 child_edges_added=26 custody_edges_added=54
LFS_EXTENT_SPLICE v=1 root_height=2 leaf_visits=1 branch_visits=2 leaf_visit_records=108 branch_visit_children=26 leaf_writes=1 branch_writes=2 leaf_write_records=110 branch_write_children=26 leaf_min=110 leaf_max=110 child_edges_added=26 custody_edges_added=55
LFS_EXTENT_SPLICE v=1 root_height=2 leaf_visits=1 branch_visits=2 leaf_visit_records=110 branch_visit_children=26 leaf_writes=1 branch_writes=2 leaf_write_records=112 branch_write_children=26 leaf_min=112 leaf_max=112 child_edges_added=26 custody_edges_added=56
LFS_EXTENT_SPLICE v=1 root_height=2 leaf_visits=1 branch_visits=2 leaf_visit_records=112 branch_visit_children=26 leaf_writes=1 branch_writes=2 leaf_write_records=114 branch_write_children=26 leaf_min=114 leaf_max=114 child_edges_added=26 custody_edges_added=57
LFS_EXTENT_SPLICE v=1 root_height=2 leaf_visits=1 branch_visits=2 leaf_visit_records=114 branch_visit_children=26 leaf_writes=1 branch_writes=2 leaf_write_records=116 branch_write_children=26 leaf_min=116 leaf_max=116 child_edges_added=26 custody_edges_added=58
LFS_EXTENT_SPLICE v=1 root_height=2 leaf_visits=1 branch_visits=2 leaf_visit_records=116 branch_visit_children=26 leaf_writes=1 branch_writes=2 leaf_write_records=118 branch_write_children=26 leaf_min=118 leaf_max=118 child_edges_added=26 custody_edges_added=59
LFS_EXTENT_SPLICE v=1 root_height=2 leaf_visits=1 branch_visits=2 leaf_visit_records=118 branch_visit_children=26 leaf_writes=1 branch_writes=2 leaf_write_records=120 branch_write_children=26 leaf_min=120 leaf_max=120 child_edges_added=26 custody_edges_added=60
LFS_EXTENT_SPLICE v=1 root_height=2 leaf_visits=1 branch_visits=2 leaf_visit_records=120 branch_visit_children=26 leaf_writes=1 branch_writes=2 leaf_write_records=122 branch_write_children=26 leaf_min=122 leaf_max=122 child_edges_added=26 custody_edges_added=61
LFS_EXTENT_SPLICE v=1 root_height=2 leaf_visits=1 branch_visits=2 leaf_visit_records=122 branch_visit_children=26 leaf_writes=1 branch_writes=2 leaf_write_records=124 branch_write_children=26 leaf_min=124 leaf_max=124 child_edges_added=26 custody_edges_added=62
LFS_EXTENT_SPLICE v=1 root_height=2 leaf_visits=1 branch_visits=2 leaf_visit_records=124 branch_visit_children=26 leaf_writes=2 branch_writes=2 leaf_write_records=126 branch_write_children=27 leaf_min=63 leaf_max=63 child_edges_added=27 custody_edges_added=63
LFS_EXTENT_SPLICE v=1 root_height=2 leaf_visits=1 branch_visits=2 leaf_visit_records=63 branch_visit_children=27 leaf_writes=1 branch_writes=2 leaf_write_records=65 branch_write_children=27 leaf_min=65 leaf_max=65 child_edges_added=27 custody_edges_added=32
LFS_EXTENT_SPLICE v=1 root_height=2 leaf_visits=1 branch_visits=2 leaf_visit_records=65 branch_visit_children=27 leaf_writes=1 branch_writes=2 leaf_write_records=67 branch_write_children=27 leaf_min=67 leaf_max=67 child_edges_added=27 custody_edges_added=33
LFS_EXTENT_SPLICE v=1 root_height=2 leaf_visits=1 branch_visits=2 leaf_visit_records=67 branch_visit_children=27 leaf_writes=1 branch_writes=2 leaf_write_records=69 branch_write_children=27 leaf_min=69 leaf_max=69 child_edges_added=27 custody_edges_added=34
LFS_EXTENT_SPLICE v=1 root_height=2 leaf_visits=1 branch_visits=2 leaf_visit_records=69 branch_visit_children=27 leaf_writes=1 branch_writes=2 leaf_write_records=71 branch_write_children=27 leaf_min=71 leaf_max=71 child_edges_added=27 custody_edges_added=35
LFS_EXTENT_SPLICE v=1 root_height=2 leaf_visits=1 branch_visits=2 leaf_visit_records=71 branch_visit_children=27 leaf_writes=1 branch_writes=2 leaf_write_records=73 branch_write_children=27 leaf_min=73 leaf_max=73 child_edges_added=27 custody_edges_added=36
LFS_EXTENT_SPLICE v=1 root_height=2 leaf_visits=1 branch_visits=2 leaf_visit_records=73 branch_visit_children=27 leaf_writes=1 branch_writes=2 leaf_write_records=75 branch_write_children=27 leaf_min=75 leaf_max=75 child_edges_added=27 custody_edges_added=37
LFS_EXTENT_SPLICE v=1 root_height=2 leaf_visits=1 branch_visits=2 leaf_visit_records=75 branch_visit_children=27 leaf_writes=1 branch_writes=2 leaf_write_records=77 branch_write_children=27 leaf_min=77 leaf_max=77 child_edges_added=27 custody_edges_added=38
LFS_EXTENT_SPLICE v=1 root_height=2 leaf_visits=1 branch_visits=2 leaf_visit_records=77 branch_visit_children=27 leaf_writes=1 branch_writes=2 leaf_write_records=79 branch_write_children=27 leaf_min=79 leaf_max=79 child_edges_added=27 custody_edges_added=39
LFS_EXTENT_SPLICE v=1 root_height=2 leaf_visits=1 branch_visits=2 leaf_visit_records=79 branch_visit_children=27 leaf_writes=1 branch_writes=2 leaf_write_records=81 branch_write_children=27 leaf_min=81 leaf_max=81 child_edges_added=27 custody_edges_added=40
LFS_EXTENT_SPLICE v=1 root_height=2 leaf_visits=1 branch_visits=2 leaf_visit_records=81 branch_visit_children=27 leaf_writes=1 branch_writes=2 leaf_write_records=83 branch_write_children=27 leaf_min=83 leaf_max=83 child_edges_added=27 custody_edges_added=41
LFS_EXTENT_SPLICE v=1 root_height=2 leaf_visits=1 branch_visits=2 leaf_visit_records=83 branch_visit_children=27 leaf_writes=1 branch_writes=2 leaf_write_records=85 branch_write_children=27 leaf_min=85 leaf_max=85 child_edges_added=27 custody_edges_added=42
LFS_EXTENT_SPLICE v=1 root_height=2 leaf_visits=1 branch_visits=2 leaf_visit_records=85 branch_visit_children=27 leaf_writes=1 branch_writes=2 leaf_write_records=87 branch_write_children=27 leaf_min=87 leaf_max=87 child_edges_added=27 custody_edges_added=43
LFS_EXTENT_SPLICE v=1 root_height=2 leaf_visits=1 branch_visits=2 leaf_visit_records=87 branch_visit_children=27 leaf_writes=1 branch_writes=2 leaf_write_records=89 branch_write_children=27 leaf_min=89 leaf_max=89 child_edges_added=27 custody_edges_added=44
LFS_EXTENT_SPLICE v=1 root_height=2 leaf_visits=1 branch_visits=2 leaf_visit_records=89 branch_visit_children=27 leaf_writes=1 branch_writes=2 leaf_write_records=91 branch_write_children=27 leaf_min=91 leaf_max=91 child_edges_added=27 custody_edges_added=45
LFS_EXTENT_SPLICE v=1 root_height=2 leaf_visits=1 branch_visits=2 leaf_visit_records=91 branch_visit_children=27 leaf_writes=1 branch_writes=2 leaf_write_records=93 branch_write_children=27 leaf_min=93 leaf_max=93 child_edges_added=27 custody_edges_added=46
LFS_EXTENT_SPLICE v=1 root_height=2 leaf_visits=1 branch_visits=2 leaf_visit_records=93 branch_visit_children=27 leaf_writes=1 branch_writes=2 leaf_write_records=95 branch_write_children=27 leaf_min=95 leaf_max=95 child_edges_added=27 custody_edges_added=47
LFS_EXTENT_SPLICE v=1 root_height=2 leaf_visits=1 branch_visits=2 leaf_visit_records=95 branch_visit_children=27 leaf_writes=1 branch_writes=2 leaf_write_records=97 branch_write_children=27 leaf_min=97 leaf_max=97 child_edges_added=27 custody_edges_added=48
LFS_EXTENT_SPLICE v=1 root_height=2 leaf_visits=1 branch_visits=2 leaf_visit_records=97 branch_visit_children=27 leaf_writes=1 branch_writes=2 leaf_write_records=99 branch_write_children=27 leaf_min=99 leaf_max=99 child_edges_added=27 custody_edges_added=49
LFS_EXTENT_SPLICE v=1 root_height=2 leaf_visits=1 branch_visits=2 leaf_visit_records=99 branch_visit_children=27 leaf_writes=1 branch_writes=2 leaf_write_records=101 branch_write_children=27 leaf_min=101 leaf_max=101 child_edges_added=27 custody_edges_added=50
LFT1 {"v":1,"namespace":13710895918682022928,"run":"0388b7df3c6bbe5fc5bf9044daa9cf3f","pid":1,"role":2,"kind":"resource","scope":"process-shared","clock":"local-monitor","at_ns":13080657255,"incarnation":8311343,"user_ns":4210000000,"source":"procfs+sysconf","probe_ns":26584,"selected":3,"system_ns":1950000000,"rss":41263104}
LFS_EXTENT_SPLICE v=1 root_height=2 leaf_visits=1 branch_visits=2 leaf_visit_records=101 branch_visit_children=27 leaf_writes=1 branch_writes=2 leaf_write_records=103 branch_write_children=27 leaf_min=103 leaf_max=103 child_edges_added=27 custody_edges_added=51
LFS_EXTENT_SPLICE v=1 root_height=2 leaf_visits=1 branch_visits=2 leaf_visit_records=103 branch_visit_children=27 leaf_writes=1 branch_writes=2 leaf_write_records=105 branch_write_children=27 leaf_min=105 leaf_max=105 child_edges_added=27 custody_edges_added=52
LFS_EXTENT_SPLICE v=1 root_height=2 leaf_visits=1 branch_visits=2 leaf_visit_records=105 branch_visit_children=27 leaf_writes=1 branch_writes=2 leaf_write_records=107 branch_write_children=27 leaf_min=107 leaf_max=107 child_edges_added=27 custody_edges_added=53
LFS_EXTENT_SPLICE v=1 root_height=2 leaf_visits=1 branch_visits=2 leaf_visit_records=107 branch_visit_children=27 leaf_writes=1 branch_writes=2 leaf_write_records=109 branch_write_children=27 leaf_min=109 leaf_max=109 child_edges_added=27 custody_edges_added=54
LFS_EXTENT_SPLICE v=1 root_height=2 leaf_visits=1 branch_visits=2 leaf_visit_records=109 branch_visit_children=27 leaf_writes=1 branch_writes=2 leaf_write_records=111 branch_write_children=27 leaf_min=111 leaf_max=111 child_edges_added=27 custody_edges_added=55
LFS_EXTENT_SPLICE v=1 root_height=2 leaf_visits=1 branch_visits=2 leaf_visit_records=111 branch_visit_children=27 leaf_writes=1 branch_writes=2 leaf_write_records=113 branch_write_children=27 leaf_min=113 leaf_max=113 child_edges_added=27 custody_edges_added=56
LFS_EXTENT_SPLICE v=1 root_height=2 leaf_visits=1 branch_visits=2 leaf_visit_records=113 branch_visit_children=27 leaf_writes=1 branch_writes=2 leaf_write_records=115 branch_write_children=27 leaf_min=115 leaf_max=115 child_edges_added=27 custody_edges_added=57
LFS_EXTENT_SPLICE v=1 root_height=2 leaf_visits=1 branch_visits=2 leaf_visit_records=115 branch_visit_children=27 leaf_writes=1 branch_writes=2 leaf_write_records=117 branch_write_children=27 leaf_min=117 leaf_max=117 child_edges_added=27 custody_edges_added=58
LFS_EXTENT_SPLICE v=1 root_height=2 leaf_visits=1 branch_visits=2 leaf_visit_records=117 branch_visit_children=27 leaf_writes=1 branch_writes=2 leaf_write_records=119 branch_write_children=27 leaf_min=119 leaf_max=119 child_edges_added=27 custody_edges_added=59
LFS_EXTENT_SPLICE v=1 root_height=2 leaf_visits=1 branch_visits=2 leaf_visit_records=119 branch_visit_children=27 leaf_writes=1 branch_writes=2 leaf_write_records=121 branch_write_children=27 leaf_min=121 leaf_max=121 child_edges_added=27 custody_edges_added=60
LFS_EXTENT_SPLICE v=1 root_height=2 leaf_visits=1 branch_visits=2 leaf_visit_records=121 branch_visit_children=27 leaf_writes=1 branch_writes=2 leaf_write_records=123 branch_write_children=27 leaf_min=123 leaf_max=123 child_edges_added=27 custody_edges_added=61
LFS_EXTENT_SPLICE v=1 root_height=2 leaf_visits=1 branch_visits=2 leaf_visit_records=123 branch_visit_children=27 leaf_writes=2 branch_writes=2 leaf_write_records=125 branch_write_children=28 leaf_min=62 leaf_max=63 child_edges_added=28 custody_edges_added=62
LFS_EXTENT_SPLICE v=1 root_height=2 leaf_visits=1 branch_visits=2 leaf_visit_records=62 branch_visit_children=28 leaf_writes=1 branch_writes=2 leaf_write_records=64 branch_write_children=28 leaf_min=64 leaf_max=64 child_edges_added=28 custody_edges_added=32
LFS_EXTENT_SPLICE v=1 root_height=2 leaf_visits=1 branch_visits=2 leaf_visit_records=64 branch_visit_children=28 leaf_writes=1 branch_writes=2 leaf_write_records=66 branch_write_children=28 leaf_min=66 leaf_max=66 child_edges_added=28 custody_edges_added=33
LFS_EXTENT_SPLICE v=1 root_height=2 leaf_visits=1 branch_visits=2 leaf_visit_records=66 branch_visit_children=28 leaf_writes=1 branch_writes=2 leaf_write_records=68 branch_write_children=28 leaf_min=68 leaf_max=68 child_edges_added=28 custody_edges_added=34
LFS_EXTENT_SPLICE v=1 root_height=2 leaf_visits=1 branch_visits=2 leaf_visit_records=68 branch_visit_children=28 leaf_writes=1 branch_writes=2 leaf_write_records=70 branch_write_children=28 leaf_min=70 leaf_max=70 child_edges_added=28 custody_edges_added=35
LFS_EXTENT_SPLICE v=1 root_height=2 leaf_visits=1 branch_visits=2 leaf_visit_records=70 branch_visit_children=28 leaf_writes=1 branch_writes=2 leaf_write_records=72 branch_write_children=28 leaf_min=72 leaf_max=72 child_edges_added=28 custody_edges_added=36
LFS_EXTENT_SPLICE v=1 root_height=2 leaf_visits=1 branch_visits=2 leaf_visit_records=72 branch_visit_children=28 leaf_writes=1 branch_writes=2 leaf_write_records=74 branch_write_children=28 leaf_min=74 leaf_max=74 child_edges_added=28 custody_edges_added=37
LFS_EXTENT_SPLICE v=1 root_height=2 leaf_visits=1 branch_visits=2 leaf_visit_records=74 branch_visit_children=28 leaf_writes=1 branch_writes=2 leaf_write_records=76 branch_write_children=28 leaf_min=76 leaf_max=76 child_edges_added=28 custody_edges_added=38
LFS_EXTENT_SPLICE v=1 root_height=2 leaf_visits=1 branch_visits=2 leaf_visit_records=76 branch_visit_children=28 leaf_writes=1 branch_writes=2 leaf_write_records=78 branch_write_children=28 leaf_min=78 leaf_max=78 child_edges_added=28 custody_edges_added=39
LFS_EXTENT_SPLICE v=1 root_height=2 leaf_visits=1 branch_visits=2 leaf_visit_records=78 branch_visit_children=28 leaf_writes=1 branch_writes=2 leaf_write_records=80 branch_write_children=28 leaf_min=80 leaf_max=80 child_edges_added=28 custody_edges_added=40
LFS_EXTENT_SPLICE v=1 root_height=2 leaf_visits=1 branch_visits=2 leaf_visit_records=80 branch_visit_children=28 leaf_writes=1 branch_writes=2 leaf_write_records=82 branch_write_children=28 leaf_min=82 leaf_max=82 child_edges_added=28 custody_edges_added=41
LFS_EXTENT_SPLICE v=1 root_height=2 leaf_visits=1 branch_visits=2 leaf_visit_records=82 branch_visit_children=28 leaf_writes=1 branch_writes=2 leaf_write_records=84 branch_write_children=28 leaf_min=84 leaf_max=84 child_edges_added=28 custody_edges_added=42
LFS_EXTENT_SPLICE v=1 root_height=2 leaf_visits=1 branch_visits=2 leaf_visit_records=84 branch_visit_children=28 leaf_writes=1 branch_writes=2 leaf_write_records=86 branch_write_children=28 leaf_min=86 leaf_max=86 child_edges_added=28 custody_edges_added=43
LFS_EXTENT_SPLICE v=1 root_height=2 leaf_visits=1 branch_visits=2 leaf_visit_records=86 branch_visit_children=28 leaf_writes=1 branch_writes=2 leaf_write_records=88 branch_write_children=28 leaf_min=88 leaf_max=88 child_edges_added=28 custody_edges_added=44
LFS_EXTENT_SPLICE v=1 root_height=2 leaf_visits=1 branch_visits=2 leaf_visit_records=88 branch_visit_children=28 leaf_writes=1 branch_writes=2 leaf_write_records=90 branch_write_children=28 leaf_min=90 leaf_max=90 child_edges_added=28 custody_edges_added=45
LFS_EXTENT_SPLICE v=1 root_height=2 leaf_visits=1 branch_visits=2 leaf_visit_records=90 branch_visit_children=28 leaf_writes=1 branch_writes=2 leaf_write_records=92 branch_write_children=28 leaf_min=92 leaf_max=92 child_edges_added=28 custody_edges_added=46
LFS_EXTENT_SPLICE v=1 root_height=2 leaf_visits=1 branch_visits=2 leaf_visit_records=92 branch_visit_children=28 leaf_writes=1 branch_writes=2 leaf_write_records=94 branch_write_children=28 leaf_min=94 leaf_max=94 child_edges_added=28 custody_edges_added=47
LFS_EXTENT_SPLICE v=1 root_height=2 leaf_visits=1 branch_visits=2 leaf_visit_records=94 branch_visit_children=28 leaf_writes=1 branch_writes=2 leaf_write_records=96 branch_write_children=28 leaf_min=96 leaf_max=96 child_edges_added=28 custody_edges_added=48
LFS_EXTENT_SPLICE v=1 root_height=2 leaf_visits=1 branch_visits=2 leaf_visit_records=96 branch_visit_children=28 leaf_writes=1 branch_writes=2 leaf_write_records=98 branch_write_children=28 leaf_min=98 leaf_max=98 child_edges_added=28 custody_edges_added=49
LFS_EXTENT_SPLICE v=1 root_height=2 leaf_visits=1 branch_visits=2 leaf_visit_records=98 branch_visit_children=28 leaf_writes=1 branch_writes=2 leaf_write_records=100 branch_write_children=28 leaf_min=100 leaf_max=100 child_edges_added=28 custody_edges_added=50
LFS_EXTENT_SPLICE v=1 root_height=2 leaf_visits=1 branch_visits=2 leaf_visit_records=100 branch_visit_children=28 leaf_writes=1 branch_writes=2 leaf_write_records=102 branch_write_children=28 leaf_min=102 leaf_max=102 child_edges_added=28 custody_edges_added=51
LFS_EXTENT_SPLICE v=1 root_height=2 leaf_visits=1 branch_visits=2 leaf_visit_records=102 branch_visit_children=28 leaf_writes=1 branch_writes=2 leaf_write_records=104 branch_write_children=28 leaf_min=104 leaf_max=104 child_edges_added=28 custody_edges_added=52
LFS_EXTENT_SPLICE v=1 root_height=2 leaf_visits=1 branch_visits=2 leaf_visit_records=104 branch_visit_children=28 leaf_writes=1 branch_writes=2 leaf_write_records=106 branch_write_children=28 leaf_min=106 leaf_max=106 child_edges_added=28 custody_edges_added=53
LFS_EXTENT_SPLICE v=1 root_height=2 leaf_visits=1 branch_visits=2 leaf_visit_records=106 branch_visit_children=28 leaf_writes=1 branch_writes=2 leaf_write_records=108 branch_write_children=28 leaf_min=108 leaf_max=108 child_edges_added=28 custody_edges_added=54
LFS_EXTENT_SPLICE v=1 root_height=2 leaf_visits=1 branch_visits=2 leaf_visit_records=108 branch_visit_children=28 leaf_writes=1 branch_writes=2 leaf_write_records=110 branch_write_children=28 leaf_min=110 leaf_max=110 child_edges_added=28 custody_edges_added=55
LFS_EXTENT_SPLICE v=1 root_height=2 leaf_visits=1 branch_visits=2 leaf_visit_records=110 branch_visit_children=28 leaf_writes=1 branch_writes=2 leaf_write_records=112 branch_write_children=28 leaf_min=112 leaf_max=112 child_edges_added=28 custody_edges_added=56
LFS_EXTENT_SPLICE v=1 root_height=2 leaf_visits=1 branch_visits=2 leaf_visit_records=112 branch_visit_children=28 leaf_writes=1 branch_writes=2 leaf_write_records=114 branch_write_children=28 leaf_min=114 leaf_max=114 child_edges_added=28 custody_edges_added=57
LFS_EXTENT_SPLICE v=1 root_height=2 leaf_visits=1 branch_visits=2 leaf_visit_records=114 branch_visit_children=28 leaf_writes=1 branch_writes=2 leaf_write_records=116 branch_write_children=28 leaf_min=116 leaf_max=116 child_edges_added=28 custody_edges_added=58
LFS_EXTENT_SPLICE v=1 root_height=2 leaf_visits=1 branch_visits=2 leaf_visit_records=116 branch_visit_children=28 leaf_writes=1 branch_writes=2 leaf_write_records=118 branch_write_children=28 leaf_min=118 leaf_max=118 child_edges_added=28 custody_edges_added=59
LFS_EXTENT_SPLICE v=1 root_height=2 leaf_visits=1 branch_visits=2 leaf_visit_records=118 branch_visit_children=28 leaf_writes=1 branch_writes=2 leaf_write_records=120 branch_write_children=28 leaf_min=120 leaf_max=120 child_edges_added=28 custody_edges_added=60
LFS_EXTENT_SPLICE v=1 root_height=2 leaf_visits=1 branch_visits=2 leaf_visit_records=120 branch_visit_children=28 leaf_writes=1 branch_writes=2 leaf_write_records=122 branch_write_children=28 leaf_min=122 leaf_max=122 child_edges_added=28 custody_edges_added=61
LFS_EXTENT_SPLICE v=1 root_height=2 leaf_visits=1 branch_visits=2 leaf_visit_records=122 branch_visit_children=28 leaf_writes=1 branch_writes=2 leaf_write_records=124 branch_write_children=28 leaf_min=124 leaf_max=124 child_edges_added=28 custody_edges_added=62
LFS_EXTENT_SPLICE v=1 root_height=2 leaf_visits=1 branch_visits=2 leaf_visit_records=124 branch_visit_children=28 leaf_writes=2 branch_writes=2 leaf_write_records=126 branch_write_children=29 leaf_min=63 leaf_max=63 child_edges_added=29 custody_edges_added=63
LFS_EXTENT_SPLICE v=1 root_height=2 leaf_visits=1 branch_visits=2 leaf_visit_records=63 branch_visit_children=29 leaf_writes=1 branch_writes=2 leaf_write_records=65 branch_write_children=29 leaf_min=65 leaf_max=65 child_edges_added=29 custody_edges_added=32
LFS_EXTENT_SPLICE v=1 root_height=2 leaf_visits=1 branch_visits=2 leaf_visit_records=65 branch_visit_children=29 leaf_writes=1 branch_writes=2 leaf_write_records=67 branch_write_children=29 leaf_min=67 leaf_max=67 child_edges_added=29 custody_edges_added=33
LFS_EXTENT_SPLICE v=1 root_height=2 leaf_visits=1 branch_visits=2 leaf_visit_records=67 branch_visit_children=29 leaf_writes=1 branch_writes=2 leaf_write_records=69 branch_write_children=29 leaf_min=69 leaf_max=69 child_edges_added=29 custody_edges_added=34
LFS_EXTENT_SPLICE v=1 root_height=2 leaf_visits=1 branch_visits=2 leaf_visit_records=69 branch_visit_children=29 leaf_writes=1 branch_writes=2 leaf_write_records=71 branch_write_children=29 leaf_min=71 leaf_max=71 child_edges_added=29 custody_edges_added=35
LFS_EXTENT_SPLICE v=1 root_height=2 leaf_visits=1 branch_visits=2 leaf_visit_records=71 branch_visit_children=29 leaf_writes=1 branch_writes=2 leaf_write_records=73 branch_write_children=29 leaf_min=73 leaf_max=73 child_edges_added=29 custody_edges_added=36
LFS_EXTENT_SPLICE v=1 root_height=2 leaf_visits=1 branch_visits=2 leaf_visit_records=73 branch_visit_children=29 leaf_writes=1 branch_writes=2 leaf_write_records=75 branch_write_children=29 leaf_min=75 leaf_max=75 child_edges_added=29 custody_edges_added=37
LFS_EXTENT_SPLICE v=1 root_height=2 leaf_visits=1 branch_visits=2 leaf_visit_records=75 branch_visit_children=29 leaf_writes=1 branch_writes=2 leaf_write_records=77 branch_write_children=29 leaf_min=77 leaf_max=77 child_edges_added=29 custody_edges_added=38
LFS_EXTENT_SPLICE v=1 root_height=2 leaf_visits=1 branch_visits=2 leaf_visit_records=77 branch_visit_children=29 leaf_writes=1 branch_writes=2 leaf_write_records=79 branch_write_children=29 leaf_min=79 leaf_max=79 child_edges_added=29 custody_edges_added=39
LFS_EXTENT_SPLICE v=1 root_height=2 leaf_visits=1 branch_visits=2 leaf_visit_records=79 branch_visit_children=29 leaf_writes=1 branch_writes=2 leaf_write_records=81 branch_write_children=29 leaf_min=81 leaf_max=81 child_edges_added=29 custody_edges_added=40
LFS_EXTENT_SPLICE v=1 root_height=2 leaf_visits=1 branch_visits=2 leaf_visit_records=81 branch_visit_children=29 leaf_writes=1 branch_writes=2 leaf_write_records=83 branch_write_children=29 leaf_min=83 leaf_max=83 child_edges_added=29 custody_edges_added=41
LFS_EXTENT_SPLICE v=1 root_height=2 leaf_visits=1 branch_visits=2 leaf_visit_records=83 branch_visit_children=29 leaf_writes=1 branch_writes=2 leaf_write_records=85 branch_write_children=29 leaf_min=85 leaf_max=85 child_edges_added=29 custody_edges_added=42
LFS_EXTENT_SPLICE v=1 root_height=2 leaf_visits=1 branch_visits=2 leaf_visit_records=85 branch_visit_children=29 leaf_writes=1 branch_writes=2 leaf_write_records=87 branch_write_children=29 leaf_min=87 leaf_max=87 child_edges_added=29 custody_edges_added=43
LFS_EXTENT_SPLICE v=1 root_height=2 leaf_visits=1 branch_visits=2 leaf_visit_records=87 branch_visit_children=29 leaf_writes=1 branch_writes=2 leaf_write_records=89 branch_write_children=29 leaf_min=89 leaf_max=89 child_edges_added=29 custody_edges_added=44
LFS_EXTENT_SPLICE v=1 root_height=2 leaf_visits=1 branch_visits=2 leaf_visit_records=89 branch_visit_children=29 leaf_writes=1 branch_writes=2 leaf_write_records=91 branch_write_children=29 leaf_min=91 leaf_max=91 child_edges_added=29 custody_edges_added=45
LFS_EXTENT_SPLICE v=1 root_height=2 leaf_visits=1 branch_visits=2 leaf_visit_records=91 branch_visit_children=29 leaf_writes=1 branch_writes=2 leaf_write_records=93 branch_write_children=29 leaf_min=93 leaf_max=93 child_edges_added=29 custody_edges_added=46
LFS_EXTENT_SPLICE v=1 root_height=2 leaf_visits=1 branch_visits=2 leaf_visit_records=93 branch_visit_children=29 leaf_writes=1 branch_writes=2 leaf_write_records=95 branch_write_children=29 leaf_min=95 leaf_max=95 child_edges_added=29 custody_edges_added=47
LFS_EXTENT_SPLICE v=1 root_height=2 leaf_visits=1 branch_visits=2 leaf_visit_records=95 branch_visit_children=29 leaf_writes=1 branch_writes=2 leaf_write_records=97 branch_write_children=29 leaf_min=97 leaf_max=97 child_edges_added=29 custody_edges_added=48
LFS_EXTENT_SPLICE v=1 root_height=2 leaf_visits=1 branch_visits=2 leaf_visit_records=97 branch_visit_children=29 leaf_writes=1 branch_writes=2 leaf_write_records=99 branch_write_children=29 leaf_min=99 leaf_max=99 child_edges_added=29 custody_edges_added=49
LFS_EXTENT_SPLICE v=1 root_height=2 leaf_visits=1 branch_visits=2 leaf_visit_records=99 branch_visit_children=29 leaf_writes=1 branch_writes=2 leaf_write_records=101 branch_write_children=29 leaf_min=101 leaf_max=101 child_edges_added=29 custody_edges_added=50
LFS_EXTENT_SPLICE v=1 root_height=2 leaf_visits=1 branch_visits=2 leaf_visit_records=101 branch_visit_children=29 leaf_writes=1 branch_writes=2 leaf_write_records=103 branch_write_children=29 leaf_min=103 leaf_max=103 child_edges_added=29 custody_edges_added=51
LFS_EXTENT_SPLICE v=1 root_height=2 leaf_visits=1 branch_visits=2 leaf_visit_records=103 branch_visit_children=29 leaf_writes=1 branch_writes=2 leaf_write_records=105 branch_write_children=29 leaf_min=105 leaf_max=105 child_edges_added=29 custody_edges_added=52
LFS_EXTENT_SPLICE v=1 root_height=2 leaf_visits=1 branch_visits=2 leaf_visit_records=105 branch_visit_children=29 leaf_writes=1 branch_writes=2 leaf_write_records=107 branch_write_children=29 leaf_min=107 leaf_max=107 child_edges_added=29 custody_edges_added=53
LFS_EXTENT_SPLICE v=1 root_height=2 leaf_visits=1 branch_visits=2 leaf_visit_records=107 branch_visit_children=29 leaf_writes=1 branch_writes=2 leaf_write_records=109 branch_write_children=29 leaf_min=109 leaf_max=109 child_edges_added=29 custody_edges_added=54
LFS_EXTENT_SPLICE v=1 root_height=2 leaf_visits=1 branch_visits=2 leaf_visit_records=109 branch_visit_children=29 leaf_writes=1 branch_writes=2 leaf_write_records=111 branch_write_children=29 leaf_min=111 leaf_max=111 child_edges_added=29 custody_edges_added=55
LFS_EXTENT_SPLICE v=1 root_height=2 leaf_visits=1 branch_visits=2 leaf_visit_records=111 branch_visit_children=29 leaf_writes=1 branch_writes=2 leaf_write_records=113 branch_write_children=29 leaf_min=113 leaf_max=113 child_edges_added=29 custody_edges_added=56
LFS_EXTENT_SPLICE v=1 root_height=2 leaf_visits=1 branch_visits=2 leaf_visit_records=113 branch_visit_children=29 leaf_writes=1 branch_writes=2 leaf_write_records=115 branch_write_children=29 leaf_min=115 leaf_max=115 child_edges_added=29 custody_edges_added=57
LFS_EXTENT_SPLICE v=1 root_height=2 leaf_visits=1 branch_visits=2 leaf_visit_records=115 branch_visit_children=29 leaf_writes=1 branch_writes=2 leaf_write_records=117 branch_write_children=29 leaf_min=117 leaf_max=117 child_edges_added=29 custody_edges_added=58
LFS_EXTENT_SPLICE v=1 root_height=2 leaf_visits=1 branch_visits=2 leaf_visit_records=117 branch_visit_children=29 leaf_writes=1 branch_writes=2 leaf_write_records=119 branch_write_children=29 leaf_min=119 leaf_max=119 child_edges_added=29 custody_edges_added=59
LFS_EXTENT_SPLICE v=1 root_height=2 leaf_visits=1 branch_visits=2 leaf_visit_records=119 branch_visit_children=29 leaf_writes=1 branch_writes=2 leaf_write_records=121 branch_write_children=29 leaf_min=121 leaf_max=121 child_edges_added=29 custody_edges_added=60
LFS_EXTENT_SPLICE v=1 root_height=2 leaf_visits=1 branch_visits=2 leaf_visit_records=121 branch_visit_children=29 leaf_writes=1 branch_writes=2 leaf_write_records=123 branch_write_children=29 leaf_min=123 leaf_max=123 child_edges_added=29 custody_edges_added=61
LFS_EXTENT_SPLICE v=1 root_height=2 leaf_visits=1 branch_visits=2 leaf_visit_records=123 branch_visit_children=29 leaf_writes=2 branch_writes=2 leaf_write_records=125 branch_write_children=30 leaf_min=62 leaf_max=63 child_edges_added=30 custody_edges_added=62
LFS_EXTENT_SPLICE v=1 root_height=2 leaf_visits=1 branch_visits=2 leaf_visit_records=62 branch_visit_children=30 leaf_writes=1 branch_writes=2 leaf_write_records=64 branch_write_children=30 leaf_min=64 leaf_max=64 child_edges_added=30 custody_edges_added=32
LFS_EXTENT_SPLICE v=1 root_height=2 leaf_visits=1 branch_visits=2 leaf_visit_records=64 branch_visit_children=30 leaf_writes=1 branch_writes=2 leaf_write_records=66 branch_write_children=30 leaf_min=66 leaf_max=66 child_edges_added=30 custody_edges_added=33
LFS_EXTENT_SPLICE v=1 root_height=2 leaf_visits=1 branch_visits=2 leaf_visit_records=66 branch_visit_children=30 leaf_writes=1 branch_writes=2 leaf_write_records=68 branch_write_children=30 leaf_min=68 leaf_max=68 child_edges_added=30 custody_edges_added=34
LFS_EXTENT_SPLICE v=1 root_height=2 leaf_visits=1 branch_visits=2 leaf_visit_records=68 branch_visit_children=30 leaf_writes=1 branch_writes=2 leaf_write_records=70 branch_write_children=30 leaf_min=70 leaf_max=70 child_edges_added=30 custody_edges_added=35
LFS_EXTENT_SPLICE v=1 root_height=2 leaf_visits=1 branch_visits=2 leaf_visit_records=70 branch_visit_children=30 leaf_writes=1 branch_writes=2 leaf_write_records=72 branch_write_children=30 leaf_min=72 leaf_max=72 child_edges_added=30 custody_edges_added=36
LFS_EXTENT_SPLICE v=1 root_height=2 leaf_visits=1 branch_visits=2 leaf_visit_records=72 branch_visit_children=30 leaf_writes=1 branch_writes=2 leaf_write_records=74 branch_write_children=30 leaf_min=74 leaf_max=74 child_edges_added=30 custody_edges_added=37
LFS_EXTENT_SPLICE v=1 root_height=2 leaf_visits=1 branch_visits=2 leaf_visit_records=74 branch_visit_children=30 leaf_writes=1 branch_writes=2 leaf_write_records=76 branch_write_children=30 leaf_min=76 leaf_max=76 child_edges_added=30 custody_edges_added=38
LFS_EXTENT_SPLICE v=1 root_height=2 leaf_visits=1 branch_visits=2 leaf_visit_records=76 branch_visit_children=30 leaf_writes=1 branch_writes=2 leaf_write_records=78 branch_write_children=30 leaf_min=78 leaf_max=78 child_edges_added=30 custody_edges_added=39
LFS_EXTENT_SPLICE v=1 root_height=2 leaf_visits=1 branch_visits=2 leaf_visit_records=78 branch_visit_children=30 leaf_writes=1 branch_writes=2 leaf_write_records=80 branch_write_children=30 leaf_min=80 leaf_max=80 child_edges_added=30 custody_edges_added=40
LFS_EXTENT_SPLICE v=1 root_height=2 leaf_visits=1 branch_visits=2 leaf_visit_records=80 branch_visit_children=30 leaf_writes=1 branch_writes=2 leaf_write_records=82 branch_write_children=30 leaf_min=82 leaf_max=82 child_edges_added=30 custody_edges_added=41
LFS_EXTENT_SPLICE v=1 root_height=2 leaf_visits=1 branch_visits=2 leaf_visit_records=82 branch_visit_children=30 leaf_writes=1 branch_writes=2 leaf_write_records=84 branch_write_children=30 leaf_min=84 leaf_max=84 child_edges_added=30 custody_edges_added=42
LFS_EXTENT_SPLICE v=1 root_height=2 leaf_visits=1 branch_visits=2 leaf_visit_records=84 branch_visit_children=30 leaf_writes=1 branch_writes=2 leaf_write_records=86 branch_write_children=30 leaf_min=86 leaf_max=86 child_edges_added=30 custody_edges_added=43
LFS_EXTENT_SPLICE v=1 root_height=2 leaf_visits=1 branch_visits=2 leaf_visit_records=86 branch_visit_children=30 leaf_writes=1 branch_writes=2 leaf_write_records=88 branch_write_children=30 leaf_min=88 leaf_max=88 child_edges_added=30 custody_edges_added=44
LFS_EXTENT_SPLICE v=1 root_height=2 leaf_visits=1 branch_visits=2 leaf_visit_records=88 branch_visit_children=30 leaf_writes=1 branch_writes=2 leaf_write_records=90 branch_write_children=30 leaf_min=90 leaf_max=90 child_edges_added=30 custody_edges_added=45
LFS_EXTENT_SPLICE v=1 root_height=2 leaf_visits=1 branch_visits=2 leaf_visit_records=90 branch_visit_children=30 leaf_writes=1 branch_writes=2 leaf_write_records=92 branch_write_children=30 leaf_min=92 leaf_max=92 child_edges_added=30 custody_edges_added=46
LFS_EXTENT_SPLICE v=1 root_height=2 leaf_visits=1 branch_visits=2 leaf_visit_records=92 branch_visit_children=30 leaf_writes=1 branch_writes=2 leaf_write_records=94 branch_write_children=30 leaf_min=94 leaf_max=94 child_edges_added=30 custody_edges_added=47
LFS_EXTENT_SPLICE v=1 root_height=2 leaf_visits=1 branch_visits=2 leaf_visit_records=94 branch_visit_children=30 leaf_writes=1 branch_writes=2 leaf_write_records=96 branch_write_children=30 leaf_min=96 leaf_max=96 child_edges_added=30 custody_edges_added=48
LFS_EXTENT_SPLICE v=1 root_height=2 leaf_visits=1 branch_visits=2 leaf_visit_records=96 branch_visit_children=30 leaf_writes=1 branch_writes=2 leaf_write_records=98 branch_write_children=30 leaf_min=98 leaf_max=98 child_edges_added=30 custody_edges_added=49
LFS_EXTENT_SPLICE v=1 root_height=2 leaf_visits=1 branch_visits=2 leaf_visit_records=98 branch_visit_children=30 leaf_writes=1 branch_writes=2 leaf_write_records=100 branch_write_children=30 leaf_min=100 leaf_max=100 child_edges_added=30 custody_edges_added=50
LFS_EXTENT_SPLICE v=1 root_height=2 leaf_visits=1 branch_visits=2 leaf_visit_records=100 branch_visit_children=30 leaf_writes=1 branch_writes=2 leaf_write_records=102 branch_write_children=30 leaf_min=102 leaf_max=102 child_edges_added=30 custody_edges_added=51
LFS_EXTENT_SPLICE v=1 root_height=2 leaf_visits=1 branch_visits=2 leaf_visit_records=102 branch_visit_children=30 leaf_writes=1 branch_writes=2 leaf_write_records=104 branch_write_children=30 leaf_min=104 leaf_max=104 child_edges_added=30 custody_edges_added=52
LFS_EXTENT_SPLICE v=1 root_height=2 leaf_visits=1 branch_visits=2 leaf_visit_records=104 branch_visit_children=30 leaf_writes=1 branch_writes=2 leaf_write_records=106 branch_write_children=30 leaf_min=106 leaf_max=106 child_edges_added=30 custody_edges_added=53
LFS_EXTENT_SPLICE v=1 root_height=2 leaf_visits=1 branch_visits=2 leaf_visit_records=106 branch_visit_children=30 leaf_writes=1 branch_writes=2 leaf_write_records=108 branch_write_children=30 leaf_min=108 leaf_max=108 child_edges_added=30 custody_edges_added=54
LFS_EXTENT_SPLICE v=1 root_height=2 leaf_visits=1 branch_visits=2 leaf_visit_records=108 branch_visit_children=30 leaf_writes=1 branch_writes=2 leaf_write_records=110 branch_write_children=30 leaf_min=110 leaf_max=110 child_edges_added=30 custody_edges_added=55
LFS_EXTENT_SPLICE v=1 root_height=2 leaf_visits=1 branch_visits=2 leaf_visit_records=110 branch_visit_children=30 leaf_writes=1 branch_writes=2 leaf_write_records=112 branch_write_children=30 leaf_min=112 leaf_max=112 child_edges_added=30 custody_edges_added=56
LFS_EXTENT_SPLICE v=1 root_height=2 leaf_visits=1 branch_visits=2 leaf_visit_records=112 branch_visit_children=30 leaf_writes=1 branch_writes=2 leaf_write_records=114 branch_write_children=30 leaf_min=114 leaf_max=114 child_edges_added=30 custody_edges_added=57
LFS_EXTENT_SPLICE v=1 root_height=2 leaf_visits=1 branch_visits=2 leaf_visit_records=114 branch_visit_children=30 leaf_writes=1 branch_writes=2 leaf_write_records=116 branch_write_children=30 leaf_min=116 leaf_max=116 child_edges_added=30 custody_edges_added=58
LFS_EXTENT_SPLICE v=1 root_height=2 leaf_visits=1 branch_visits=2 leaf_visit_records=116 branch_visit_children=30 leaf_writes=1 branch_writes=2 leaf_write_records=118 branch_write_children=30 leaf_min=118 leaf_max=118 child_edges_added=30 custody_edges_added=59
LFS_EXTENT_SPLICE v=1 root_height=2 leaf_visits=1 branch_visits=2 leaf_visit_records=118 branch_visit_children=30 leaf_writes=1 branch_writes=2 leaf_write_records=120 branch_write_children=30 leaf_min=120 leaf_max=120 child_edges_added=30 custody_edges_added=60
LFS_EXTENT_SPLICE v=1 root_height=2 leaf_visits=1 branch_visits=2 leaf_visit_records=120 branch_visit_children=30 leaf_writes=1 branch_writes=2 leaf_write_records=122 branch_write_children=30 leaf_min=122 leaf_max=122 child_edges_added=30 custody_edges_added=61
LFS_EXTENT_SPLICE v=1 root_height=2 leaf_visits=1 branch_visits=2 leaf_visit_records=122 branch_visit_children=30 leaf_writes=1 branch_writes=2 leaf_write_records=124 branch_write_children=30 leaf_min=124 leaf_max=124 child_edges_added=30 custody_edges_added=62
LFS_EXTENT_SPLICE v=1 root_height=2 leaf_visits=1 branch_visits=2 leaf_visit_records=124 branch_visit_children=30 leaf_writes=2 branch_writes=2 leaf_write_records=126 branch_write_children=31 leaf_min=63 leaf_max=63 child_edges_added=31 custody_edges_added=63
LFS_EXTENT_SPLICE v=1 root_height=2 leaf_visits=1 branch_visits=2 leaf_visit_records=63 branch_visit_children=31 leaf_writes=1 branch_writes=2 leaf_write_records=65 branch_write_children=31 leaf_min=65 leaf_max=65 child_edges_added=31 custody_edges_added=32
LFS_EXTENT_SPLICE v=1 root_height=2 leaf_visits=1 branch_visits=2 leaf_visit_records=65 branch_visit_children=31 leaf_writes=1 branch_writes=2 leaf_write_records=67 branch_write_children=31 leaf_min=67 leaf_max=67 child_edges_added=31 custody_edges_added=33
LFS_EXTENT_SPLICE v=1 root_height=2 leaf_visits=1 branch_visits=2 leaf_visit_records=67 branch_visit_children=31 leaf_writes=1 branch_writes=2 leaf_write_records=69 branch_write_children=31 leaf_min=69 leaf_max=69 child_edges_added=31 custody_edges_added=34
LFS_EXTENT_SPLICE v=1 root_height=2 leaf_visits=1 branch_visits=2 leaf_visit_records=69 branch_visit_children=31 leaf_writes=1 branch_writes=2 leaf_write_records=71 branch_write_children=31 leaf_min=71 leaf_max=71 child_edges_added=31 custody_edges_added=35
LFS_EXTENT_SPLICE v=1 root_height=2 leaf_visits=1 branch_visits=2 leaf_visit_records=71 branch_visit_children=31 leaf_writes=1 branch_writes=2 leaf_write_records=73 branch_write_children=31 leaf_min=73 leaf_max=73 child_edges_added=31 custody_edges_added=36
LFS_EXTENT_SPLICE v=1 root_height=2 leaf_visits=1 branch_visits=2 leaf_visit_records=73 branch_visit_children=31 leaf_writes=1 branch_writes=2 leaf_write_records=75 branch_write_children=31 leaf_min=75 leaf_max=75 child_edges_added=31 custody_edges_added=37
LFS_EXTENT_SPLICE v=1 root_height=2 leaf_visits=1 branch_visits=2 leaf_visit_records=75 branch_visit_children=31 leaf_writes=1 branch_writes=2 leaf_write_records=77 branch_write_children=31 leaf_min=77 leaf_max=77 child_edges_added=31 custody_edges_added=38
LFS_EXTENT_SPLICE v=1 root_height=2 leaf_visits=1 branch_visits=2 leaf_visit_records=77 branch_visit_children=31 leaf_writes=1 branch_writes=2 leaf_write_records=79 branch_write_children=31 leaf_min=79 leaf_max=79 child_edges_added=31 custody_edges_added=39
LFS_EXTENT_SPLICE v=1 root_height=2 leaf_visits=1 branch_visits=2 leaf_visit_records=79 branch_visit_children=31 leaf_writes=1 branch_writes=2 leaf_write_records=81 branch_write_children=31 leaf_min=81 leaf_max=81 child_edges_added=31 custody_edges_added=40
LFT1 {"v":1,"namespace":13710895918682022928,"run":"0388b7df3c6bbe5fc5bf9044daa9cf3f","pid":1,"role":2,"kind":"resource","scope":"process-shared","clock":"local-monitor","at_ns":14081114922,"incarnation":8311343,"user_ns":4530000000,"source":"procfs+sysconf","probe_ns":11458,"selected":3,"system_ns":2100000000,"rss":41394176}
LFS_EXTENT_SPLICE v=1 root_height=2 leaf_visits=1 branch_visits=2 leaf_visit_records=81 branch_visit_children=31 leaf_writes=1 branch_writes=2 leaf_write_records=83 branch_write_children=31 leaf_min=83 leaf_max=83 child_edges_added=31 custody_edges_added=41
LFS_EXTENT_SPLICE v=1 root_height=2 leaf_visits=1 branch_visits=2 leaf_visit_records=83 branch_visit_children=31 leaf_writes=1 branch_writes=2 leaf_write_records=85 branch_write_children=31 leaf_min=85 leaf_max=85 child_edges_added=31 custody_edges_added=42
LFS_EXTENT_SPLICE v=1 root_height=2 leaf_visits=1 branch_visits=2 leaf_visit_records=85 branch_visit_children=31 leaf_writes=1 branch_writes=2 leaf_write_records=87 branch_write_children=31 leaf_min=87 leaf_max=87 child_edges_added=31 custody_edges_added=43
LFS_EXTENT_SPLICE v=1 root_height=2 leaf_visits=1 branch_visits=2 leaf_visit_records=87 branch_visit_children=31 leaf_writes=1 branch_writes=2 leaf_write_records=89 branch_write_children=31 leaf_min=89 leaf_max=89 child_edges_added=31 custody_edges_added=44
LFS_EXTENT_SPLICE v=1 root_height=2 leaf_visits=1 branch_visits=2 leaf_visit_records=89 branch_visit_children=31 leaf_writes=1 branch_writes=2 leaf_write_records=91 branch_write_children=31 leaf_min=91 leaf_max=91 child_edges_added=31 custody_edges_added=45
LFS_EXTENT_SPLICE v=1 root_height=2 leaf_visits=1 branch_visits=2 leaf_visit_records=91 branch_visit_children=31 leaf_writes=1 branch_writes=2 leaf_write_records=93 branch_write_children=31 leaf_min=93 leaf_max=93 child_edges_added=31 custody_edges_added=46
LFS_EXTENT_SPLICE v=1 root_height=2 leaf_visits=1 branch_visits=2 leaf_visit_records=93 branch_visit_children=31 leaf_writes=1 branch_writes=2 leaf_write_records=95 branch_write_children=31 leaf_min=95 leaf_max=95 child_edges_added=31 custody_edges_added=47
LFS_EXTENT_SPLICE v=1 root_height=2 leaf_visits=1 branch_visits=2 leaf_visit_records=95 branch_visit_children=31 leaf_writes=1 branch_writes=2 leaf_write_records=97 branch_write_children=31 leaf_min=97 leaf_max=97 child_edges_added=31 custody_edges_added=48
LFS_EXTENT_SPLICE v=1 root_height=2 leaf_visits=1 branch_visits=2 leaf_visit_records=97 branch_visit_children=31 leaf_writes=1 branch_writes=2 leaf_write_records=99 branch_write_children=31 leaf_min=99 leaf_max=99 child_edges_added=31 custody_edges_added=49
LFS_EXTENT_SPLICE v=1 root_height=2 leaf_visits=1 branch_visits=2 leaf_visit_records=99 branch_visit_children=31 leaf_writes=1 branch_writes=2 leaf_write_records=101 branch_write_children=31 leaf_min=101 leaf_max=101 child_edges_added=31 custody_edges_added=50
LFS_EXTENT_SPLICE v=1 root_height=2 leaf_visits=1 branch_visits=2 leaf_visit_records=101 branch_visit_children=31 leaf_writes=1 branch_writes=2 leaf_write_records=103 branch_write_children=31 leaf_min=103 leaf_max=103 child_edges_added=31 custody_edges_added=51
LFS_EXTENT_SPLICE v=1 root_height=2 leaf_visits=1 branch_visits=2 leaf_visit_records=103 branch_visit_children=31 leaf_writes=1 branch_writes=2 leaf_write_records=105 branch_write_children=31 leaf_min=105 leaf_max=105 child_edges_added=31 custody_edges_added=52
LFS_EXTENT_SPLICE v=1 root_height=2 leaf_visits=1 branch_visits=2 leaf_visit_records=105 branch_visit_children=31 leaf_writes=1 branch_writes=2 leaf_write_records=107 branch_write_children=31 leaf_min=107 leaf_max=107 child_edges_added=31 custody_edges_added=53
LFS_EXTENT_SPLICE v=1 root_height=2 leaf_visits=1 branch_visits=2 leaf_visit_records=107 branch_visit_children=31 leaf_writes=1 branch_writes=2 leaf_write_records=109 branch_write_children=31 leaf_min=109 leaf_max=109 child_edges_added=31 custody_edges_added=54
LFS_EXTENT_SPLICE v=1 root_height=2 leaf_visits=1 branch_visits=2 leaf_visit_records=109 branch_visit_children=31 leaf_writes=1 branch_writes=2 leaf_write_records=111 branch_write_children=31 leaf_min=111 leaf_max=111 child_edges_added=31 custody_edges_added=55
LFS_EXTENT_SPLICE v=1 root_height=2 leaf_visits=1 branch_visits=2 leaf_visit_records=111 branch_visit_children=31 leaf_writes=1 branch_writes=2 leaf_write_records=113 branch_write_children=31 leaf_min=113 leaf_max=113 child_edges_added=31 custody_edges_added=56
LFS_EXTENT_SPLICE v=1 root_height=2 leaf_visits=1 branch_visits=2 leaf_visit_records=113 branch_visit_children=31 leaf_writes=1 branch_writes=2 leaf_write_records=115 branch_write_children=31 leaf_min=115 leaf_max=115 child_edges_added=31 custody_edges_added=57
LFS_EXTENT_SPLICE v=1 root_height=2 leaf_visits=1 branch_visits=2 leaf_visit_records=115 branch_visit_children=31 leaf_writes=1 branch_writes=2 leaf_write_records=117 branch_write_children=31 leaf_min=117 leaf_max=117 child_edges_added=31 custody_edges_added=58
LFS_EXTENT_SPLICE v=1 root_height=2 leaf_visits=1 branch_visits=2 leaf_visit_records=117 branch_visit_children=31 leaf_writes=1 branch_writes=2 leaf_write_records=119 branch_write_children=31 leaf_min=119 leaf_max=119 child_edges_added=31 custody_edges_added=59
LFS_EXTENT_SPLICE v=1 root_height=2 leaf_visits=1 branch_visits=2 leaf_visit_records=119 branch_visit_children=31 leaf_writes=1 branch_writes=2 leaf_write_records=121 branch_write_children=31 leaf_min=121 leaf_max=121 child_edges_added=31 custody_edges_added=60
LFS_EXTENT_SPLICE v=1 root_height=2 leaf_visits=1 branch_visits=2 leaf_visit_records=121 branch_visit_children=31 leaf_writes=1 branch_writes=2 leaf_write_records=123 branch_write_children=31 leaf_min=123 leaf_max=123 child_edges_added=31 custody_edges_added=61
LFS_EXTENT_SPLICE v=1 root_height=2 leaf_visits=1 branch_visits=2 leaf_visit_records=123 branch_visit_children=31 leaf_writes=2 branch_writes=2 leaf_write_records=125 branch_write_children=32 leaf_min=62 leaf_max=63 child_edges_added=32 custody_edges_added=62
LFS_EXTENT_SPLICE v=1 root_height=2 leaf_visits=1 branch_visits=2 leaf_visit_records=62 branch_visit_children=32 leaf_writes=1 branch_writes=2 leaf_write_records=64 branch_write_children=32 leaf_min=64 leaf_max=64 child_edges_added=32 custody_edges_added=32
LFS_EXTENT_SPLICE v=1 root_height=2 leaf_visits=1 branch_visits=2 leaf_visit_records=64 branch_visit_children=32 leaf_writes=1 branch_writes=2 leaf_write_records=66 branch_write_children=32 leaf_min=66 leaf_max=66 child_edges_added=32 custody_edges_added=33
LFS_EXTENT_SPLICE v=1 root_height=2 leaf_visits=1 branch_visits=2 leaf_visit_records=66 branch_visit_children=32 leaf_writes=1 branch_writes=2 leaf_write_records=68 branch_write_children=32 leaf_min=68 leaf_max=68 child_edges_added=32 custody_edges_added=34
LFS_EXTENT_SPLICE v=1 root_height=2 leaf_visits=1 branch_visits=2 leaf_visit_records=68 branch_visit_children=32 leaf_writes=1 branch_writes=2 leaf_write_records=70 branch_write_children=32 leaf_min=70 leaf_max=70 child_edges_added=32 custody_edges_added=35
LFS_EXTENT_SPLICE v=1 root_height=2 leaf_visits=1 branch_visits=2 leaf_visit_records=70 branch_visit_children=32 leaf_writes=1 branch_writes=2 leaf_write_records=72 branch_write_children=32 leaf_min=72 leaf_max=72 child_edges_added=32 custody_edges_added=36
LFS_EXTENT_SPLICE v=1 root_height=2 leaf_visits=1 branch_visits=2 leaf_visit_records=72 branch_visit_children=32 leaf_writes=1 branch_writes=2 leaf_write_records=74 branch_write_children=32 leaf_min=74 leaf_max=74 child_edges_added=32 custody_edges_added=37
LFS_EXTENT_SPLICE v=1 root_height=2 leaf_visits=1 branch_visits=2 leaf_visit_records=74 branch_visit_children=32 leaf_writes=1 branch_writes=2 leaf_write_records=76 branch_write_children=32 leaf_min=76 leaf_max=76 child_edges_added=32 custody_edges_added=38
LFS_EXTENT_SPLICE v=1 root_height=2 leaf_visits=1 branch_visits=2 leaf_visit_records=76 branch_visit_children=32 leaf_writes=1 branch_writes=2 leaf_write_records=78 branch_write_children=32 leaf_min=78 leaf_max=78 child_edges_added=32 custody_edges_added=39
LFS_EXTENT_SPLICE v=1 root_height=2 leaf_visits=1 branch_visits=2 leaf_visit_records=78 branch_visit_children=32 leaf_writes=1 branch_writes=2 leaf_write_records=80 branch_write_children=32 leaf_min=80 leaf_max=80 child_edges_added=32 custody_edges_added=40
LFS_EXTENT_SPLICE v=1 root_height=2 leaf_visits=1 branch_visits=2 leaf_visit_records=80 branch_visit_children=32 leaf_writes=1 branch_writes=2 leaf_write_records=82 branch_write_children=32 leaf_min=82 leaf_max=82 child_edges_added=32 custody_edges_added=41
LFS_EXTENT_SPLICE v=1 root_height=2 leaf_visits=1 branch_visits=2 leaf_visit_records=82 branch_visit_children=32 leaf_writes=1 branch_writes=2 leaf_write_records=84 branch_write_children=32 leaf_min=84 leaf_max=84 child_edges_added=32 custody_edges_added=42
LFS_EXTENT_SPLICE v=1 root_height=2 leaf_visits=1 branch_visits=2 leaf_visit_records=84 branch_visit_children=32 leaf_writes=1 branch_writes=2 leaf_write_records=86 branch_write_children=32 leaf_min=86 leaf_max=86 child_edges_added=32 custody_edges_added=43
LFS_EXTENT_SPLICE v=1 root_height=2 leaf_visits=1 branch_visits=2 leaf_visit_records=86 branch_visit_children=32 leaf_writes=1 branch_writes=2 leaf_write_records=88 branch_write_children=32 leaf_min=88 leaf_max=88 child_edges_added=32 custody_edges_added=44
LFS_EXTENT_SPLICE v=1 root_height=2 leaf_visits=1 branch_visits=2 leaf_visit_records=88 branch_visit_children=32 leaf_writes=1 branch_writes=2 leaf_write_records=90 branch_write_children=32 leaf_min=90 leaf_max=90 child_edges_added=32 custody_edges_added=45
LFS_EXTENT_SPLICE v=1 root_height=2 leaf_visits=1 branch_visits=2 leaf_visit_records=90 branch_visit_children=32 leaf_writes=1 branch_writes=2 leaf_write_records=92 branch_write_children=32 leaf_min=92 leaf_max=92 child_edges_added=32 custody_edges_added=46
LFS_EXTENT_SPLICE v=1 root_height=2 leaf_visits=1 branch_visits=2 leaf_visit_records=92 branch_visit_children=32 leaf_writes=1 branch_writes=2 leaf_write_records=94 branch_write_children=32 leaf_min=94 leaf_max=94 child_edges_added=32 custody_edges_added=47
LFS_EXTENT_SPLICE v=1 root_height=2 leaf_visits=1 branch_visits=2 leaf_visit_records=94 branch_visit_children=32 leaf_writes=1 branch_writes=2 leaf_write_records=96 branch_write_children=32 leaf_min=96 leaf_max=96 child_edges_added=32 custody_edges_added=48
LFS_EXTENT_SPLICE v=1 root_height=2 leaf_visits=1 branch_visits=2 leaf_visit_records=96 branch_visit_children=32 leaf_writes=1 branch_writes=2 leaf_write_records=98 branch_write_children=32 leaf_min=98 leaf_max=98 child_edges_added=32 custody_edges_added=49
LFS_EXTENT_SPLICE v=1 root_height=2 leaf_visits=1 branch_visits=2 leaf_visit_records=98 branch_visit_children=32 leaf_writes=1 branch_writes=2 leaf_write_records=100 branch_write_children=32 leaf_min=100 leaf_max=100 child_edges_added=32 custody_edges_added=50
LFS_EXTENT_SPLICE v=1 root_height=2 leaf_visits=1 branch_visits=2 leaf_visit_records=100 branch_visit_children=32 leaf_writes=1 branch_writes=2 leaf_write_records=102 branch_write_children=32 leaf_min=102 leaf_max=102 child_edges_added=32 custody_edges_added=51
LFS_EXTENT_SPLICE v=1 root_height=2 leaf_visits=1 branch_visits=2 leaf_visit_records=102 branch_visit_children=32 leaf_writes=1 branch_writes=2 leaf_write_records=104 branch_write_children=32 leaf_min=104 leaf_max=104 child_edges_added=32 custody_edges_added=52
LFS_EXTENT_SPLICE v=1 root_height=2 leaf_visits=1 branch_visits=2 leaf_visit_records=104 branch_visit_children=32 leaf_writes=1 branch_writes=2 leaf_write_records=106 branch_write_children=32 leaf_min=106 leaf_max=106 child_edges_added=32 custody_edges_added=53
LFS_EXTENT_SPLICE v=1 root_height=2 leaf_visits=1 branch_visits=2 leaf_visit_records=106 branch_visit_children=32 leaf_writes=1 branch_writes=2 leaf_write_records=108 branch_write_children=32 leaf_min=108 leaf_max=108 child_edges_added=32 custody_edges_added=54
LFS_EXTENT_SPLICE v=1 root_height=2 leaf_visits=1 branch_visits=2 leaf_visit_records=108 branch_visit_children=32 leaf_writes=1 branch_writes=2 leaf_write_records=110 branch_write_children=32 leaf_min=110 leaf_max=110 child_edges_added=32 custody_edges_added=55
LFS_EXTENT_SPLICE v=1 root_height=2 leaf_visits=1 branch_visits=2 leaf_visit_records=110 branch_visit_children=32 leaf_writes=1 branch_writes=2 leaf_write_records=112 branch_write_children=32 leaf_min=112 leaf_max=112 child_edges_added=32 custody_edges_added=56
LFS_EXTENT_SPLICE v=1 root_height=2 leaf_visits=1 branch_visits=2 leaf_visit_records=112 branch_visit_children=32 leaf_writes=1 branch_writes=2 leaf_write_records=114 branch_write_children=32 leaf_min=114 leaf_max=114 child_edges_added=32 custody_edges_added=57
LFS_EXTENT_SPLICE v=1 root_height=2 leaf_visits=1 branch_visits=2 leaf_visit_records=114 branch_visit_children=32 leaf_writes=1 branch_writes=2 leaf_write_records=116 branch_write_children=32 leaf_min=116 leaf_max=116 child_edges_added=32 custody_edges_added=58
LFS_EXTENT_SPLICE v=1 root_height=2 leaf_visits=1 branch_visits=2 leaf_visit_records=116 branch_visit_children=32 leaf_writes=1 branch_writes=2 leaf_write_records=118 branch_write_children=32 leaf_min=118 leaf_max=118 child_edges_added=32 custody_edges_added=59
LFS_EXTENT_SPLICE v=1 root_height=2 leaf_visits=1 branch_visits=2 leaf_visit_records=118 branch_visit_children=32 leaf_writes=1 branch_writes=2 leaf_write_records=120 branch_write_children=32 leaf_min=120 leaf_max=120 child_edges_added=32 custody_edges_added=60
LFS_EXTENT_SPLICE v=1 root_height=2 leaf_visits=1 branch_visits=2 leaf_visit_records=120 branch_visit_children=32 leaf_writes=1 branch_writes=2 leaf_write_records=122 branch_write_children=32 leaf_min=122 leaf_max=122 child_edges_added=32 custody_edges_added=61
LFS_EXTENT_SPLICE v=1 root_height=2 leaf_visits=1 branch_visits=2 leaf_visit_records=122 branch_visit_children=32 leaf_writes=1 branch_writes=2 leaf_write_records=124 branch_write_children=32 leaf_min=124 leaf_max=124 child_edges_added=32 custody_edges_added=62
LFS_EXTENT_SPLICE v=1 root_height=2 leaf_visits=1 branch_visits=2 leaf_visit_records=124 branch_visit_children=32 leaf_writes=2 branch_writes=2 leaf_write_records=126 branch_write_children=33 leaf_min=63 leaf_max=63 child_edges_added=33 custody_edges_added=63
LFS_EXTENT_SPLICE v=1 root_height=2 leaf_visits=1 branch_visits=2 leaf_visit_records=63 branch_visit_children=33 leaf_writes=1 branch_writes=2 leaf_write_records=65 branch_write_children=33 leaf_min=65 leaf_max=65 child_edges_added=33 custody_edges_added=32
LFS_EXTENT_SPLICE v=1 root_height=2 leaf_visits=1 branch_visits=2 leaf_visit_records=65 branch_visit_children=33 leaf_writes=1 branch_writes=2 leaf_write_records=67 branch_write_children=33 leaf_min=67 leaf_max=67 child_edges_added=33 custody_edges_added=33
LFS_EXTENT_SPLICE v=1 root_height=2 leaf_visits=1 branch_visits=2 leaf_visit_records=67 branch_visit_children=33 leaf_writes=1 branch_writes=2 leaf_write_records=69 branch_write_children=33 leaf_min=69 leaf_max=69 child_edges_added=33 custody_edges_added=34
LFS_EXTENT_SPLICE v=1 root_height=2 leaf_visits=1 branch_visits=2 leaf_visit_records=69 branch_visit_children=33 leaf_writes=1 branch_writes=2 leaf_write_records=71 branch_write_children=33 leaf_min=71 leaf_max=71 child_edges_added=33 custody_edges_added=35
LFS_EXTENT_SPLICE v=1 root_height=2 leaf_visits=1 branch_visits=2 leaf_visit_records=71 branch_visit_children=33 leaf_writes=1 branch_writes=2 leaf_write_records=73 branch_write_children=33 leaf_min=73 leaf_max=73 child_edges_added=33 custody_edges_added=36
LFS_EXTENT_SPLICE v=1 root_height=2 leaf_visits=1 branch_visits=2 leaf_visit_records=73 branch_visit_children=33 leaf_writes=1 branch_writes=2 leaf_write_records=75 branch_write_children=33 leaf_min=75 leaf_max=75 child_edges_added=33 custody_edges_added=37
LFS_EXTENT_SPLICE v=1 root_height=2 leaf_visits=1 branch_visits=2 leaf_visit_records=75 branch_visit_children=33 leaf_writes=1 branch_writes=2 leaf_write_records=77 branch_write_children=33 leaf_min=77 leaf_max=77 child_edges_added=33 custody_edges_added=38
LFS_EXTENT_SPLICE v=1 root_height=2 leaf_visits=1 branch_visits=2 leaf_visit_records=77 branch_visit_children=33 leaf_writes=1 branch_writes=2 leaf_write_records=79 branch_write_children=33 leaf_min=79 leaf_max=79 child_edges_added=33 custody_edges_added=39
LFS_EXTENT_SPLICE v=1 root_height=2 leaf_visits=1 branch_visits=2 leaf_visit_records=79 branch_visit_children=33 leaf_writes=1 branch_writes=2 leaf_write_records=81 branch_write_children=33 leaf_min=81 leaf_max=81 child_edges_added=33 custody_edges_added=40
LFS_EXTENT_SPLICE v=1 root_height=2 leaf_visits=1 branch_visits=2 leaf_visit_records=81 branch_visit_children=33 leaf_writes=1 branch_writes=2 leaf_write_records=83 branch_write_children=33 leaf_min=83 leaf_max=83 child_edges_added=33 custody_edges_added=41
LFS_EXTENT_SPLICE v=1 root_height=2 leaf_visits=1 branch_visits=2 leaf_visit_records=83 branch_visit_children=33 leaf_writes=1 branch_writes=2 leaf_write_records=85 branch_write_children=33 leaf_min=85 leaf_max=85 child_edges_added=33 custody_edges_added=42
LFS_EXTENT_SPLICE v=1 root_height=2 leaf_visits=1 branch_visits=2 leaf_visit_records=85 branch_visit_children=33 leaf_writes=1 branch_writes=2 leaf_write_records=87 branch_write_children=33 leaf_min=87 leaf_max=87 child_edges_added=33 custody_edges_added=43
LFS_EXTENT_SPLICE v=1 root_height=2 leaf_visits=1 branch_visits=2 leaf_visit_records=87 branch_visit_children=33 leaf_writes=1 branch_writes=2 leaf_write_records=89 branch_write_children=33 leaf_min=89 leaf_max=89 child_edges_added=33 custody_edges_added=44
LFS_EXTENT_SPLICE v=1 root_height=2 leaf_visits=1 branch_visits=2 leaf_visit_records=89 branch_visit_children=33 leaf_writes=1 branch_writes=2 leaf_write_records=91 branch_write_children=33 leaf_min=91 leaf_max=91 child_edges_added=33 custody_edges_added=45
LFS_EXTENT_SPLICE v=1 root_height=2 leaf_visits=1 branch_visits=2 leaf_visit_records=91 branch_visit_children=33 leaf_writes=1 branch_writes=2 leaf_write_records=93 branch_write_children=33 leaf_min=93 leaf_max=93 child_edges_added=33 custody_edges_added=46
LFS_EXTENT_SPLICE v=1 root_height=2 leaf_visits=1 branch_visits=2 leaf_visit_records=93 branch_visit_children=33 leaf_writes=1 branch_writes=2 leaf_write_records=95 branch_write_children=33 leaf_min=95 leaf_max=95 child_edges_added=33 custody_edges_added=47
LFS_EXTENT_SPLICE v=1 root_height=2 leaf_visits=1 branch_visits=2 leaf_visit_records=95 branch_visit_children=33 leaf_writes=1 branch_writes=2 leaf_write_records=97 branch_write_children=33 leaf_min=97 leaf_max=97 child_edges_added=33 custody_edges_added=48
LFS_EXTENT_SPLICE v=1 root_height=2 leaf_visits=1 branch_visits=2 leaf_visit_records=97 branch_visit_children=33 leaf_writes=1 branch_writes=2 leaf_write_records=99 branch_write_children=33 leaf_min=99 leaf_max=99 child_edges_added=33 custody_edges_added=49
LFS_EXTENT_SPLICE v=1 root_height=2 leaf_visits=1 branch_visits=2 leaf_visit_records=99 branch_visit_children=33 leaf_writes=1 branch_writes=2 leaf_write_records=101 branch_write_children=33 leaf_min=101 leaf_max=101 child_edges_added=33 custody_edges_added=50
LFS_EXTENT_SPLICE v=1 root_height=2 leaf_visits=1 branch_visits=2 leaf_visit_records=101 branch_visit_children=33 leaf_writes=1 branch_writes=2 leaf_write_records=103 branch_write_children=33 leaf_min=103 leaf_max=103 child_edges_added=33 custody_edges_added=51
LFS_EXTENT_SPLICE v=1 root_height=2 leaf_visits=1 branch_visits=2 leaf_visit_records=103 branch_visit_children=33 leaf_writes=1 branch_writes=2 leaf_write_records=105 branch_write_children=33 leaf_min=105 leaf_max=105 child_edges_added=33 custody_edges_added=52
LFS_EXTENT_SPLICE v=1 root_height=2 leaf_visits=1 branch_visits=2 leaf_visit_records=105 branch_visit_children=33 leaf_writes=1 branch_writes=2 leaf_write_records=107 branch_write_children=33 leaf_min=107 leaf_max=107 child_edges_added=33 custody_edges_added=53
LFS_EXTENT_SPLICE v=1 root_height=2 leaf_visits=1 branch_visits=2 leaf_visit_records=107 branch_visit_children=33 leaf_writes=1 branch_writes=2 leaf_write_records=109 branch_write_children=33 leaf_min=109 leaf_max=109 child_edges_added=33 custody_edges_added=54
LFS_EXTENT_SPLICE v=1 root_height=2 leaf_visits=1 branch_visits=2 leaf_visit_records=109 branch_visit_children=33 leaf_writes=1 branch_writes=2 leaf_write_records=111 branch_write_children=33 leaf_min=111 leaf_max=111 child_edges_added=33 custody_edges_added=55
LFS_EXTENT_SPLICE v=1 root_height=2 leaf_visits=1 branch_visits=2 leaf_visit_records=111 branch_visit_children=33 leaf_writes=1 branch_writes=2 leaf_write_records=113 branch_write_children=33 leaf_min=113 leaf_max=113 child_edges_added=33 custody_edges_added=56
LFS_EXTENT_SPLICE v=1 root_height=2 leaf_visits=1 branch_visits=2 leaf_visit_records=113 branch_visit_children=33 leaf_writes=1 branch_writes=2 leaf_write_records=115 branch_write_children=33 leaf_min=115 leaf_max=115 child_edges_added=33 custody_edges_added=57
LFS_EXTENT_SPLICE v=1 root_height=2 leaf_visits=1 branch_visits=2 leaf_visit_records=115 branch_visit_children=33 leaf_writes=1 branch_writes=2 leaf_write_records=117 branch_write_children=33 leaf_min=117 leaf_max=117 child_edges_added=33 custody_edges_added=58
LFS_EXTENT_SPLICE v=1 root_height=2 leaf_visits=1 branch_visits=2 leaf_visit_records=117 branch_visit_children=33 leaf_writes=1 branch_writes=2 leaf_write_records=119 branch_write_children=33 leaf_min=119 leaf_max=119 child_edges_added=33 custody_edges_added=59
LFS_EXTENT_SPLICE v=1 root_height=2 leaf_visits=1 branch_visits=2 leaf_visit_records=119 branch_visit_children=33 leaf_writes=1 branch_writes=2 leaf_write_records=121 branch_write_children=33 leaf_min=121 leaf_max=121 child_edges_added=33 custody_edges_added=60
LFS_EXTENT_SPLICE v=1 root_height=2 leaf_visits=1 branch_visits=2 leaf_visit_records=121 branch_visit_children=33 leaf_writes=1 branch_writes=2 leaf_write_records=123 branch_write_children=33 leaf_min=123 leaf_max=123 child_edges_added=33 custody_edges_added=61
LFS_EXTENT_SPLICE v=1 root_height=2 leaf_visits=1 branch_visits=2 leaf_visit_records=123 branch_visit_children=33 leaf_writes=2 branch_writes=2 leaf_write_records=125 branch_write_children=34 leaf_min=62 leaf_max=63 child_edges_added=34 custody_edges_added=62
LFS_EXTENT_SPLICE v=1 root_height=2 leaf_visits=1 branch_visits=2 leaf_visit_records=62 branch_visit_children=34 leaf_writes=1 branch_writes=2 leaf_write_records=64 branch_write_children=34 leaf_min=64 leaf_max=64 child_edges_added=34 custody_edges_added=32
LFS_EXTENT_EDGE v=1 child_edges_removed=42800 custody_edges_removed=93713
LFS_METADATA_OWNER v=1 finalizations=7158
LFS_WRITE_SAMPLE v=2 write_class=Some(2048) elapsed_ns=14794344840 backing=Ok(BackingStatus { quota_bytes: 1073741824, allocated_bytes: 8835072, reserved_bytes: 851968, payloads: 2048, retained_payloads: 2048, failed_payloads: 0, routine_scans: 2047, lookup_scans: 0, metadata_reads: 21257, ledger_reads: 128311, ledger_writes: 85837, readers: 0, acquiring: false, cleaning: false, admission_stopped: false, accounting_complete: true }) metadata=Ok(MetadataStatus { allocated_pages: 74, reusable_pages: 0, reserved_slots: 0, roots: 2, external_roots: 1, allocated_bytes: 446464, reserved_bytes: 851968, working_bytes: 5352, accounting_complete: true, admission_stopped: false }) acquisition_ns=7006141243 publication_ns=7696196671
LFT1 {"v":1,"namespace":13710895918682022928,"run":"0388b7df3c6bbe5fc5bf9044daa9cf3f","pid":1,"role":2,"kind":"operation","key":4,"timing":{  "name": "WorkspaceExec",  "elapsed_ns": 14784310757,  "children": [    {"name": "daemon.exec_spawn", "elapsed_ns": 6275208, "children": []},    {"name": "daemon.exec_output", "elapsed_ns": 14778021632, "children": []}  ]},"success":true,"resource_status":"sampled","samples":1480,"gaps":0,"concurrency":1,"cpu_shared_ns":[4780000000,2220000000],"scope":"process-shared","clock":"local-monitor","first_ns":111165750,"opened_ns":119955541,"closed_ns":14904268423,"last_ns":14900487340,"incarnation":8311343,"largest_gap_ns":14950209,"source":"procfs+sysconf","last_probe_ns":21958,"selected":3,"sampled_max_rss":41394176}
LFT1 {"v":1,"namespace":13710895918682022928,"run":"0388b7df3c6bbe5fc5bf9044daa9cf3f","pid":1,"role":2,"kind":"resource","scope":"process-shared","clock":"local-monitor","at_ns":15083762256,"incarnation":8311343,"user_ns":4790000000,"source":"procfs+sysconf","probe_ns":18542,"selected":3,"system_ns":2220000000,"rss":41394176}
LFT1 {"v":1,"namespace":13710895918682022928,"run":"0388b7df3c6bbe5fc5bf9044daa9cf3f","pid":1,"role":2,"kind":"resource","scope":"process-shared","clock":"local-monitor","at_ns":16094052007,"incarnation":8311343,"user_ns":4800000000,"source":"procfs+sysconf","probe_ns":47958,"selected":3,"system_ns":2230000000,"rss":41394176}
LFT1 {"v":1,"namespace":13710895918682022928,"run":"0388b7df3c6bbe5fc5bf9044daa9cf3f","pid":1,"role":2,"kind":"resource","scope":"process-shared","clock":"local-monitor","at_ns":17094106507,"incarnation":8311343,"user_ns":4800000000,"source":"procfs+sysconf","probe_ns":58917,"selected":3,"system_ns":2240000000,"rss":41394176}
LFT1 {"v":1,"namespace":13710895918682022928,"run":"0388b7df3c6bbe5fc5bf9044daa9cf3f","pid":1,"role":2,"kind":"resource","scope":"process-shared","clock":"local-monitor","at_ns":18103137341,"incarnation":8311343,"user_ns":4810000000,"source":"procfs+sysconf","probe_ns":57209,"selected":3,"system_ns":2250000000,"rss":41394176}
LFT1 {"v":1,"namespace":13710895918682022928,"run":"0388b7df3c6bbe5fc5bf9044daa9cf3f","pid":1,"role":2,"kind":"resource","scope":"process-shared","clock":"local-monitor","at_ns":19110560800,"incarnation":8311343,"user_ns":4810000000,"source":"procfs+sysconf","probe_ns":55292,"selected":3,"system_ns":2270000000,"rss":41394176}
LFT1 {"v":1,"namespace":13710895918682022928,"run":"0388b7df3c6bbe5fc5bf9044daa9cf3f","pid":1,"role":2,"kind":"resource","scope":"process-shared","clock":"local-monitor","at_ns":20114074675,"incarnation":8311343,"user_ns":4820000000,"source":"procfs+sysconf","probe_ns":66958,"selected":3,"system_ns":2280000000,"rss":41394176}
LFT1 {"v":1,"namespace":13710895918682022928,"run":"0388b7df3c6bbe5fc5bf9044daa9cf3f","pid":1,"role":2,"kind":"resource","scope":"process-shared","clock":"local-monitor","at_ns":21123729551,"incarnation":8311343,"user_ns":4830000000,"source":"procfs+sysconf","probe_ns":297792,"selected":3,"system_ns":2290000000,"rss":41394176}
LFT1 {"v":1,"namespace":13710895918682022928,"run":"0388b7df3c6bbe5fc5bf9044daa9cf3f","pid":1,"role":2,"kind":"resource","scope":"process-shared","clock":"local-monitor","at_ns":22133473385,"incarnation":8311343,"user_ns":4830000000,"source":"procfs+sysconf","probe_ns":82583,"selected":3,"system_ns":2300000000,"rss":41394176}
LFT1 {"v":1,"namespace":13710895918682022928,"run":"0388b7df3c6bbe5fc5bf9044daa9cf3f","pid":1,"role":2,"kind":"resource","scope":"process-shared","clock":"local-monitor","at_ns":23135594343,"incarnation":8311343,"user_ns":4840000000,"source":"procfs+sysconf","probe_ns":72917,"selected":3,"system_ns":2310000000,"rss":41394176}
LFT1 {"v":1,"namespace":13710895918682022928,"run":"0388b7df3c6bbe5fc5bf9044daa9cf3f","pid":1,"role":2,"kind":"resource","scope":"process-shared","clock":"local-monitor","at_ns":24141959386,"incarnation":8311343,"user_ns":4840000000,"source":"procfs+sysconf","probe_ns":118916,"selected":3,"system_ns":2320000000,"rss":41394176}
LFT1 {"v":1,"namespace":13710895918682022928,"run":"0388b7df3c6bbe5fc5bf9044daa9cf3f","pid":1,"role":2,"kind":"resource","scope":"process-shared","clock":"local-monitor","at_ns":25144179094,"incarnation":8311343,"user_ns":4840000000,"source":"procfs+sysconf","probe_ns":51375,"selected":3,"system_ns":2340000000,"rss":41394176}
LFT1 {"v":1,"namespace":13710895918682022928,"run":"0388b7df3c6bbe5fc5bf9044daa9cf3f","pid":1,"role":2,"kind":"resource","scope":"process-shared","clock":"local-monitor","at_ns":26144705428,"incarnation":8311343,"user_ns":4850000000,"source":"procfs+sysconf","probe_ns":282417,"selected":3,"system_ns":2350000000,"rss":41394176}
LFT1 {"v":1,"namespace":13710895918682022928,"run":"0388b7df3c6bbe5fc5bf9044daa9cf3f","pid":1,"role":2,"kind":"resource","scope":"process-shared","clock":"local-monitor","at_ns":27144940970,"incarnation":8311343,"user_ns":4850000000,"source":"procfs+sysconf","probe_ns":32792,"selected":3,"system_ns":2360000000,"rss":41394176}
LFT1 {"v":1,"namespace":13710895918682022928,"run":"0388b7df3c6bbe5fc5bf9044daa9cf3f","pid":1,"role":2,"kind":"resource","scope":"process-shared","clock":"local-monitor","at_ns":28152510887,"incarnation":8311343,"user_ns":4850000000,"source":"procfs+sysconf","probe_ns":17208,"selected":3,"system_ns":2370000000,"rss":41394176}
LFT1 {"v":1,"namespace":13710895918682022928,"run":"0388b7df3c6bbe5fc5bf9044daa9cf3f","pid":1,"role":2,"kind":"resource","scope":"process-shared","clock":"local-monitor","at_ns":29161697763,"incarnation":8311343,"user_ns":4850000000,"source":"procfs+sysconf","probe_ns":132292,"selected":3,"system_ns":2390000000,"rss":41394176}
LFT1 {"v":1,"namespace":13710895918682022928,"run":"0388b7df3c6bbe5fc5bf9044daa9cf3f","pid":1,"role":2,"kind":"resource","scope":"process-shared","clock":"local-monitor","at_ns":30163782722,"incarnation":8311343,"user_ns":4850000000,"source":"procfs+sysconf","probe_ns":249542,"selected":3,"system_ns":2410000000,"rss":41394176}
LFT1 {"v":1,"namespace":13710895918682022928,"run":"0388b7df3c6bbe5fc5bf9044daa9cf3f","pid":1,"role":2,"kind":"resource","scope":"process-shared","clock":"local-monitor","at_ns":31170943222,"incarnation":8311343,"user_ns":4860000000,"source":"procfs+sysconf","probe_ns":80917,"selected":3,"system_ns":2430000000,"rss":41394176}
LFT1 {"v":1,"namespace":13710895918682022928,"run":"0388b7df3c6bbe5fc5bf9044daa9cf3f","pid":1,"role":2,"kind":"resource","scope":"process-shared","clock":"local-monitor","at_ns":32174558181,"incarnation":8311343,"user_ns":4860000000,"source":"procfs+sysconf","probe_ns":79917,"selected":3,"system_ns":2440000000,"rss":41394176}
LFT1 {"v":1,"namespace":13710895918682022928,"run":"0388b7df3c6bbe5fc5bf9044daa9cf3f","pid":1,"role":2,"kind":"resource","scope":"process-shared","clock":"local-monitor","at_ns":33175403431,"incarnation":8311343,"user_ns":4870000000,"source":"procfs+sysconf","probe_ns":28375,"selected":3,"system_ns":2440000000,"rss":41394176}
LFT1 {"v":1,"namespace":13710895918682022928,"run":"0388b7df3c6bbe5fc5bf9044daa9cf3f","pid":1,"role":2,"kind":"resource","scope":"process-shared","clock":"local-monitor","at_ns":34182247265,"incarnation":8311343,"user_ns":4870000000,"source":"procfs+sysconf","probe_ns":102792,"selected":3,"system_ns":2450000000,"rss":41394176}
LFT1 {"v":1,"namespace":13710895918682022928,"run":"0388b7df3c6bbe5fc5bf9044daa9cf3f","pid":1,"role":2,"kind":"resource","scope":"process-shared","clock":"local-monitor","at_ns":35193328057,"incarnation":8311343,"user_ns":4880000000,"source":"procfs+sysconf","probe_ns":147125,"selected":3,"system_ns":2470000000,"rss":41394176}
LFT1 {"v":1,"namespace":13710895918682022928,"run":"0388b7df3c6bbe5fc5bf9044daa9cf3f","pid":1,"role":2,"kind":"resource","scope":"process-shared","clock":"local-monitor","at_ns":36200912516,"incarnation":8311343,"user_ns":4880000000,"source":"procfs+sysconf","probe_ns":46791,"selected":3,"system_ns":2480000000,"rss":41394176}
LFT1 {"v":1,"namespace":13710895918682022928,"run":"0388b7df3c6bbe5fc5bf9044daa9cf3f","pid":1,"role":2,"kind":"resource","scope":"process-shared","clock":"local-monitor","at_ns":37200981725,"incarnation":8311343,"user_ns":4890000000,"source":"procfs+sysconf","probe_ns":69875,"selected":3,"system_ns":2490000000,"rss":41394176}
LFT1 {"v":1,"namespace":13710895918682022928,"run":"0388b7df3c6bbe5fc5bf9044daa9cf3f","pid":1,"role":2,"kind":"resource","scope":"process-shared","clock":"local-monitor","at_ns":38202364225,"incarnation":8311343,"user_ns":4890000000,"source":"procfs+sysconf","probe_ns":47084,"selected":3,"system_ns":2510000000,"rss":41394176}
LFT1 {"v":1,"namespace":13710895918682022928,"run":"0388b7df3c6bbe5fc5bf9044daa9cf3f","pid":1,"role":2,"kind":"resource","scope":"process-shared","clock":"local-monitor","at_ns":39213724767,"incarnation":8311343,"user_ns":4890000000,"source":"procfs+sysconf","probe_ns":91083,"selected":3,"system_ns":2520000000,"rss":41394176}
LFT1 {"v":1,"namespace":13710895918682022928,"run":"0388b7df3c6bbe5fc5bf9044daa9cf3f","pid":1,"role":2,"kind":"resource","scope":"process-shared","clock":"local-monitor","at_ns":40223196476,"incarnation":8311343,"user_ns":4890000000,"source":"procfs+sysconf","probe_ns":58500,"selected":3,"system_ns":2540000000,"rss":41394176}
LFT1 {"v":1,"namespace":13710895918682022928,"run":"0388b7df3c6bbe5fc5bf9044daa9cf3f","pid":1,"role":2,"kind":"resource","scope":"process-shared","clock":"local-monitor","at_ns":41223568185,"incarnation":8311343,"user_ns":4890000000,"source":"procfs+sysconf","probe_ns":65208,"selected":3,"system_ns":2560000000,"rss":41394176}
LFT1 {"v":1,"namespace":13710895918682022928,"run":"0388b7df3c6bbe5fc5bf9044daa9cf3f","pid":1,"role":2,"kind":"resource","scope":"process-shared","clock":"local-monitor","at_ns":42223783227,"incarnation":8311343,"user_ns":4900000000,"source":"procfs+sysconf","probe_ns":224541,"selected":3,"system_ns":2570000000,"rss":41394176}
LFT1 {"v":1,"namespace":13710895918682022928,"run":"0388b7df3c6bbe5fc5bf9044daa9cf3f","pid":1,"role":2,"kind":"resource","scope":"process-shared","clock":"local-monitor","at_ns":43224403144,"incarnation":8311343,"user_ns":4900000000,"source":"procfs+sysconf","probe_ns":18250,"selected":3,"system_ns":2570000000,"rss":41394176}
LFT1 {"v":1,"namespace":13710895918682022928,"run":"0388b7df3c6bbe5fc5bf9044daa9cf3f","pid":1,"role":2,"kind":"resource","scope":"process-shared","clock":"local-monitor","at_ns":44231878562,"incarnation":8311343,"user_ns":4910000000,"source":"procfs+sysconf","probe_ns":134750,"selected":3,"system_ns":2580000000,"rss":41394176}
LFT1 {"v":1,"namespace":13710895918682022928,"run":"0388b7df3c6bbe5fc5bf9044daa9cf3f","pid":1,"role":2,"kind":"resource","scope":"process-shared","clock":"local-monitor","at_ns":45241515979,"incarnation":8311343,"user_ns":4910000000,"source":"procfs+sysconf","probe_ns":115625,"selected":3,"system_ns":2600000000,"rss":41394176}
LFT1 {"v":1,"namespace":13710895918682022928,"run":"0388b7df3c6bbe5fc5bf9044daa9cf3f","pid":1,"role":2,"kind":"resource","scope":"process-shared","clock":"local-monitor","at_ns":46242665396,"incarnation":8311343,"user_ns":4920000000,"source":"procfs+sysconf","probe_ns":36083,"selected":3,"system_ns":2610000000,"rss":41394176}
LFT1 {"v":1,"namespace":13710895918682022928,"run":"0388b7df3c6bbe5fc5bf9044daa9cf3f","pid":1,"role":2,"kind":"resource","scope":"process-shared","clock":"local-monitor","at_ns":47251564855,"incarnation":8311343,"user_ns":4920000000,"source":"procfs+sysconf","probe_ns":37417,"selected":3,"system_ns":2620000000,"rss":41394176}
LFT1 {"v":1,"namespace":13710895918682022928,"run":"0388b7df3c6bbe5fc5bf9044daa9cf3f","pid":1,"role":2,"kind":"resource","scope":"process-shared","clock":"local-monitor","at_ns":48262727438,"incarnation":8311343,"user_ns":4920000000,"source":"procfs+sysconf","probe_ns":71416,"selected":3,"system_ns":2640000000,"rss":41394176}
LFT1 {"v":1,"namespace":13710895918682022928,"run":"0388b7df3c6bbe5fc5bf9044daa9cf3f","pid":1,"role":2,"kind":"resource","scope":"process-shared","clock":"local-monitor","at_ns":49263044606,"incarnation":8311343,"user_ns":4930000000,"source":"procfs+sysconf","probe_ns":78875,"selected":3,"system_ns":2650000000,"rss":41394176}
LFT1 {"v":1,"namespace":13710895918682022928,"run":"0388b7df3c6bbe5fc5bf9044daa9cf3f","pid":1,"role":2,"kind":"resource","scope":"process-shared","clock":"local-monitor","at_ns":50272667898,"incarnation":8311343,"user_ns":4940000000,"source":"procfs+sysconf","probe_ns":42667,"selected":3,"system_ns":2660000000,"rss":41394176}
LFT1 {"v":1,"namespace":13710895918682022928,"run":"0388b7df3c6bbe5fc5bf9044daa9cf3f","pid":1,"role":2,"kind":"resource","scope":"process-shared","clock":"local-monitor","at_ns":51272733815,"incarnation":8311343,"user_ns":4940000000,"source":"procfs+sysconf","probe_ns":31250,"selected":3,"system_ns":2670000000,"rss":41394176}
LFT1 {"v":1,"namespace":13710895918682022928,"run":"0388b7df3c6bbe5fc5bf9044daa9cf3f","pid":1,"role":2,"kind":"resource","scope":"process-shared","clock":"local-monitor","at_ns":52283070482,"incarnation":8311343,"user_ns":4950000000,"source":"procfs+sysconf","probe_ns":48917,"selected":3,"system_ns":2670000000,"rss":41394176}
LFT1 {"v":1,"namespace":13710895918682022928,"run":"0388b7df3c6bbe5fc5bf9044daa9cf3f","pid":1,"role":2,"kind":"resource","scope":"process-shared","clock":"local-monitor","at_ns":53291016233,"incarnation":8311343,"user_ns":4950000000,"source":"procfs+sysconf","probe_ns":47875,"selected":3,"system_ns":2680000000,"rss":41394176}
LFT1 {"v":1,"namespace":13710895918682022928,"run":"0388b7df3c6bbe5fc5bf9044daa9cf3f","pid":1,"role":2,"kind":"resource","scope":"process-shared","clock":"local-monitor","at_ns":54291847316,"incarnation":8311343,"user_ns":4960000000,"source":"procfs+sysconf","probe_ns":49292,"selected":3,"system_ns":2690000000,"rss":41394176}
LFT1 {"v":1,"namespace":13710895918682022928,"run":"0388b7df3c6bbe5fc5bf9044daa9cf3f","pid":1,"role":2,"kind":"resource","scope":"process-shared","clock":"local-monitor","at_ns":55292477358,"incarnation":8311343,"user_ns":4960000000,"source":"procfs+sysconf","probe_ns":97416,"selected":3,"system_ns":2700000000,"rss":41394176}
LFT1 {"v":1,"namespace":13710895918682022928,"run":"0388b7df3c6bbe5fc5bf9044daa9cf3f","pid":1,"role":2,"kind":"resource","scope":"process-shared","clock":"local-monitor","at_ns":56301293817,"incarnation":8311343,"user_ns":4970000000,"source":"procfs+sysconf","probe_ns":113125,"selected":3,"system_ns":2710000000,"rss":41394176}
LFT1 {"v":1,"namespace":13710895918682022928,"run":"0388b7df3c6bbe5fc5bf9044daa9cf3f","pid":1,"role":2,"kind":"resource","scope":"process-shared","clock":"local-monitor","at_ns":57313281568,"incarnation":8311343,"user_ns":4970000000,"source":"procfs+sysconf","probe_ns":125208,"selected":3,"system_ns":2730000000,"rss":41394176}
LFT1 {"v":1,"namespace":13710895918682022928,"run":"0388b7df3c6bbe5fc5bf9044daa9cf3f","pid":1,"role":2,"kind":"resource","scope":"process-shared","clock":"local-monitor","at_ns":58321256777,"incarnation":8311343,"user_ns":4980000000,"source":"procfs+sysconf","probe_ns":26875,"selected":3,"system_ns":2740000000,"rss":41394176}
LFT1 {"v":1,"namespace":13710895918682022928,"run":"0388b7df3c6bbe5fc5bf9044daa9cf3f","pid":1,"role":2,"kind":"resource","scope":"process-shared","clock":"local-monitor","at_ns":59332904985,"incarnation":8311343,"user_ns":4980000000,"source":"procfs+sysconf","probe_ns":42292,"selected":3,"system_ns":2750000000,"rss":41394176}
LFT1 {"v":1,"namespace":13710895918682022928,"run":"0388b7df3c6bbe5fc5bf9044daa9cf3f","pid":1,"role":2,"kind":"resource","scope":"process-shared","clock":"local-monitor","at_ns":60341321736,"incarnation":8311343,"user_ns":4990000000,"source":"procfs+sysconf","probe_ns":58500,"selected":3,"system_ns":2760000000,"rss":41394176}
LFT1 {"v":1,"namespace":13710895918682022928,"run":"0388b7df3c6bbe5fc5bf9044daa9cf3f","pid":1,"role":2,"kind":"resource","scope":"process-shared","clock":"local-monitor","at_ns":61350651152,"incarnation":8311343,"user_ns":4990000000,"source":"procfs+sysconf","probe_ns":20250,"selected":3,"system_ns":2760000000,"rss":41394176}
LFT1 {"v":1,"namespace":13710895918682022928,"run":"0388b7df3c6bbe5fc5bf9044daa9cf3f","pid":1,"role":2,"kind":"resource","scope":"process-shared","clock":"local-monitor","at_ns":62351218861,"incarnation":8311343,"user_ns":5000000000,"source":"procfs+sysconf","probe_ns":32750,"selected":3,"system_ns":2780000000,"rss":41394176}
LFT1 {"v":1,"namespace":13710895918682022928,"run":"0388b7df3c6bbe5fc5bf9044daa9cf3f","pid":1,"role":2,"kind":"resource","scope":"process-shared","clock":"local-monitor","at_ns":63351867861,"incarnation":8311343,"user_ns":5000000000,"source":"procfs+sysconf","probe_ns":76208,"selected":3,"system_ns":2780000000,"rss":41394176}
LFT1 {"v":1,"namespace":13710895918682022928,"run":"0388b7df3c6bbe5fc5bf9044daa9cf3f","pid":1,"role":2,"kind":"resource","scope":"process-shared","clock":"local-monitor","at_ns":64352081112,"incarnation":8311343,"user_ns":5010000000,"source":"procfs+sysconf","probe_ns":30375,"selected":3,"system_ns":2790000000,"rss":41394176}
LFT1 {"v":1,"namespace":13710895918682022928,"run":"0388b7df3c6bbe5fc5bf9044daa9cf3f","pid":1,"role":2,"kind":"resource","scope":"process-shared","clock":"local-monitor","at_ns":65361050446,"incarnation":8311343,"user_ns":5010000000,"source":"procfs+sysconf","probe_ns":69833,"selected":3,"system_ns":2800000000,"rss":41394176}
LFT1 {"v":1,"namespace":13710895918682022928,"run":"0388b7df3c6bbe5fc5bf9044daa9cf3f","pid":1,"role":2,"kind":"resource","scope":"process-shared","clock":"local-monitor","at_ns":66362502946,"incarnation":8311343,"user_ns":5020000000,"source":"procfs+sysconf","probe_ns":162542,"selected":3,"system_ns":2810000000,"rss":41394176}
LFT1 {"v":1,"namespace":13710895918682022928,"run":"0388b7df3c6bbe5fc5bf9044daa9cf3f","pid":1,"role":2,"kind":"resource","scope":"process-shared","clock":"local-monitor","at_ns":67362824488,"incarnation":8311343,"user_ns":5020000000,"source":"procfs+sysconf","probe_ns":310708,"selected":3,"system_ns":2820000000,"rss":41394176}
LFT1 {"v":1,"namespace":13710895918682022928,"run":"0388b7df3c6bbe5fc5bf9044daa9cf3f","pid":1,"role":2,"kind":"resource","scope":"process-shared","clock":"local-monitor","at_ns":68371290072,"incarnation":8311343,"user_ns":5030000000,"source":"procfs+sysconf","probe_ns":169541,"selected":3,"system_ns":2830000000,"rss":41394176}
LFT1 {"v":1,"namespace":13710895918682022928,"run":"0388b7df3c6bbe5fc5bf9044daa9cf3f","pid":1,"role":2,"kind":"resource","scope":"process-shared","clock":"local-monitor","at_ns":69372655323,"incarnation":8311343,"user_ns":5040000000,"source":"procfs+sysconf","probe_ns":84125,"selected":3,"system_ns":2840000000,"rss":41394176}
LFT1 {"v":1,"namespace":13710895918682022928,"run":"0388b7df3c6bbe5fc5bf9044daa9cf3f","pid":1,"role":2,"kind":"resource","scope":"process-shared","clock":"local-monitor","at_ns":70381260281,"incarnation":8311343,"user_ns":5050000000,"source":"procfs+sysconf","probe_ns":80917,"selected":3,"system_ns":2850000000,"rss":41394176}
LFT1 {"v":1,"namespace":13710895918682022928,"run":"0388b7df3c6bbe5fc5bf9044daa9cf3f","pid":1,"role":2,"kind":"resource","scope":"process-shared","clock":"local-monitor","at_ns":71381841990,"incarnation":8311343,"user_ns":5050000000,"source":"procfs+sysconf","probe_ns":28708,"selected":3,"system_ns":2870000000,"rss":41394176}
LFT1 {"v":1,"namespace":13710895918682022928,"run":"0388b7df3c6bbe5fc5bf9044daa9cf3f","pid":1,"role":2,"kind":"resource","scope":"process-shared","clock":"local-monitor","at_ns":72382363907,"incarnation":8311343,"user_ns":5060000000,"source":"procfs+sysconf","probe_ns":29375,"selected":3,"system_ns":2870000000,"rss":41394176}
LFT1 {"v":1,"namespace":13710895918682022928,"run":"0388b7df3c6bbe5fc5bf9044daa9cf3f","pid":1,"role":2,"kind":"resource","scope":"process-shared","clock":"local-monitor","at_ns":73390845033,"incarnation":8311343,"user_ns":5060000000,"source":"procfs+sysconf","probe_ns":72625,"selected":3,"system_ns":2880000000,"rss":41394176}
LFT1 {"v":1,"namespace":13710895918682022928,"run":"0388b7df3c6bbe5fc5bf9044daa9cf3f","pid":1,"role":2,"kind":"resource","scope":"process-shared","clock":"local-monitor","at_ns":74391401075,"incarnation":8311343,"user_ns":5070000000,"source":"procfs+sysconf","probe_ns":59125,"selected":3,"system_ns":2890000000,"rss":41394176}
LFT1 {"v":1,"namespace":13710895918682022928,"run":"0388b7df3c6bbe5fc5bf9044daa9cf3f","pid":1,"role":2,"kind":"resource","scope":"process-shared","clock":"local-monitor","at_ns":75392148409,"incarnation":8311343,"user_ns":5070000000,"source":"procfs+sysconf","probe_ns":146792,"selected":3,"system_ns":2900000000,"rss":41394176}
LFT1 {"v":1,"namespace":13710895918682022928,"run":"0388b7df3c6bbe5fc5bf9044daa9cf3f","pid":1,"role":2,"kind":"resource","scope":"process-shared","clock":"local-monitor","at_ns":76392474659,"incarnation":8311343,"user_ns":5080000000,"source":"procfs+sysconf","probe_ns":104666,"selected":3,"system_ns":2910000000,"rss":41394176}
LFT1 {"v":1,"namespace":13710895918682022928,"run":"0388b7df3c6bbe5fc5bf9044daa9cf3f","pid":1,"role":2,"kind":"resource","scope":"process-shared","clock":"local-monitor","at_ns":77392947910,"incarnation":8311343,"user_ns":5080000000,"source":"procfs+sysconf","probe_ns":35208,"selected":3,"system_ns":2920000000,"rss":41394176}
LFT1 {"v":1,"namespace":13710895918682022928,"run":"0388b7df3c6bbe5fc5bf9044daa9cf3f","pid":1,"role":2,"kind":"resource","scope":"process-shared","clock":"local-monitor","at_ns":78401967702,"incarnation":8311343,"user_ns":5090000000,"source":"procfs+sysconf","probe_ns":98708,"selected":3,"system_ns":2930000000,"rss":41394176}
LFT1 {"v":1,"namespace":13710895918682022928,"run":"0388b7df3c6bbe5fc5bf9044daa9cf3f","pid":1,"role":2,"kind":"resource","scope":"process-shared","clock":"local-monitor","at_ns":79411860952,"incarnation":8311343,"user_ns":5090000000,"source":"procfs+sysconf","probe_ns":45541,"selected":3,"system_ns":2940000000,"rss":41394176}
LFT1 {"v":1,"namespace":13710895918682022928,"run":"0388b7df3c6bbe5fc5bf9044daa9cf3f","pid":1,"role":2,"kind":"resource","scope":"process-shared","clock":"local-monitor","at_ns":80412658703,"incarnation":8311343,"user_ns":5090000000,"source":"procfs+sysconf","probe_ns":37000,"selected":3,"system_ns":2950000000,"rss":41394176}
LFT1 {"v":1,"namespace":13710895918682022928,"run":"0388b7df3c6bbe5fc5bf9044daa9cf3f","pid":1,"role":2,"kind":"resource","scope":"process-shared","clock":"local-monitor","at_ns":81412961995,"incarnation":8311343,"user_ns":5100000000,"source":"procfs+sysconf","probe_ns":13167,"selected":3,"system_ns":2960000000,"rss":41394176}
LFT1 {"v":1,"namespace":13710895918682022928,"run":"0388b7df3c6bbe5fc5bf9044daa9cf3f","pid":1,"role":2,"kind":"resource","scope":"process-shared","clock":"local-monitor","at_ns":82420940412,"incarnation":8311343,"user_ns":5110000000,"source":"procfs+sysconf","probe_ns":55917,"selected":3,"system_ns":2960000000,"rss":41394176}
LFT1 {"v":1,"namespace":13710895918682022928,"run":"0388b7df3c6bbe5fc5bf9044daa9cf3f","pid":1,"role":2,"kind":"resource","scope":"process-shared","clock":"local-monitor","at_ns":83423178454,"incarnation":8311343,"user_ns":5110000000,"source":"procfs+sysconf","probe_ns":49625,"selected":3,"system_ns":2970000000,"rss":41394176}
LFT1 {"v":1,"namespace":13710895918682022928,"run":"0388b7df3c6bbe5fc5bf9044daa9cf3f","pid":1,"role":2,"kind":"resource","scope":"process-shared","clock":"local-monitor","at_ns":84432200121,"incarnation":8311343,"user_ns":5110000000,"source":"procfs+sysconf","probe_ns":95000,"selected":3,"system_ns":2980000000,"rss":41394176}
LFT1 {"v":1,"namespace":13710895918682022928,"run":"0388b7df3c6bbe5fc5bf9044daa9cf3f","pid":1,"role":2,"kind":"resource","scope":"process-shared","clock":"local-monitor","at_ns":85433025705,"incarnation":8311343,"user_ns":5120000000,"source":"procfs+sysconf","probe_ns":68417,"selected":3,"system_ns":2990000000,"rss":41394176}
LFT1 {"v":1,"namespace":13710895918682022928,"run":"0388b7df3c6bbe5fc5bf9044daa9cf3f","pid":1,"role":2,"kind":"resource","scope":"process-shared","clock":"local-monitor","at_ns":86442313497,"incarnation":8311343,"user_ns":5120000000,"source":"procfs+sysconf","probe_ns":53875,"selected":3,"system_ns":3000000000,"rss":41394176}
LFT1 {"v":1,"namespace":13710895918682022928,"run":"0388b7df3c6bbe5fc5bf9044daa9cf3f","pid":1,"role":2,"kind":"resource","scope":"process-shared","clock":"local-monitor","at_ns":87442752748,"incarnation":8311343,"user_ns":5130000000,"source":"procfs+sysconf","probe_ns":49125,"selected":3,"system_ns":3010000000,"rss":41394176}
LFT1 {"v":1,"namespace":13710895918682022928,"run":"0388b7df3c6bbe5fc5bf9044daa9cf3f","pid":1,"role":2,"kind":"resource","scope":"process-shared","clock":"local-monitor","at_ns":88451593457,"incarnation":8311343,"user_ns":5140000000,"source":"procfs+sysconf","probe_ns":59417,"selected":3,"system_ns":3020000000,"rss":41394176}
LFT1 {"v":1,"namespace":13710895918682022928,"run":"0388b7df3c6bbe5fc5bf9044daa9cf3f","pid":1,"role":2,"kind":"resource","scope":"process-shared","clock":"local-monitor","at_ns":89451657082,"incarnation":8311343,"user_ns":5140000000,"source":"procfs+sysconf","probe_ns":36458,"selected":3,"system_ns":3030000000,"rss":41394176}
LFT1 {"v":1,"namespace":13710895918682022928,"run":"0388b7df3c6bbe5fc5bf9044daa9cf3f","pid":1,"role":2,"kind":"resource","scope":"process-shared","clock":"local-monitor","at_ns":90461053333,"incarnation":8311343,"user_ns":5150000000,"source":"procfs+sysconf","probe_ns":50083,"selected":3,"system_ns":3040000000,"rss":41394176}
LFT1 {"v":1,"namespace":13710895918682022928,"run":"0388b7df3c6bbe5fc5bf9044daa9cf3f","pid":1,"role":2,"kind":"resource","scope":"process-shared","clock":"local-monitor","at_ns":91462496290,"incarnation":8311343,"user_ns":5150000000,"source":"procfs+sysconf","probe_ns":46916,"selected":3,"system_ns":3050000000,"rss":41394176}
LFT1 {"v":1,"namespace":13710895918682022928,"run":"0388b7df3c6bbe5fc5bf9044daa9cf3f","pid":1,"role":2,"kind":"resource","scope":"process-shared","clock":"local-monitor","at_ns":92473304291,"incarnation":8311343,"user_ns":5150000000,"source":"procfs+sysconf","probe_ns":36000,"selected":3,"system_ns":3060000000,"rss":41394176}
LFT1 {"v":1,"namespace":13710895918682022928,"run":"0388b7df3c6bbe5fc5bf9044daa9cf3f","pid":1,"role":2,"kind":"resource","scope":"process-shared","clock":"local-monitor","at_ns":93480747125,"incarnation":8311343,"user_ns":5160000000,"source":"procfs+sysconf","probe_ns":41750,"selected":3,"system_ns":3070000000,"rss":41394176}
LFT1 {"v":1,"namespace":13710895918682022928,"run":"0388b7df3c6bbe5fc5bf9044daa9cf3f","pid":1,"role":2,"kind":"resource","scope":"process-shared","clock":"local-monitor","at_ns":94483000792,"incarnation":8311343,"user_ns":5160000000,"source":"procfs+sysconf","probe_ns":51958,"selected":3,"system_ns":3080000000,"rss":41394176}
LFT1 {"v":1,"namespace":13710895918682022928,"run":"0388b7df3c6bbe5fc5bf9044daa9cf3f","pid":1,"role":2,"kind":"resource","scope":"process-shared","clock":"local-monitor","at_ns":95483039084,"incarnation":8311343,"user_ns":5160000000,"source":"procfs+sysconf","probe_ns":42625,"selected":3,"system_ns":3090000000,"rss":41394176}
LFT1 {"v":1,"namespace":13710895918682022928,"run":"0388b7df3c6bbe5fc5bf9044daa9cf3f","pid":1,"role":2,"kind":"resource","scope":"process-shared","clock":"local-monitor","at_ns":96492424793,"incarnation":8311343,"user_ns":5170000000,"source":"procfs+sysconf","probe_ns":39875,"selected":3,"system_ns":3100000000,"rss":41394176}
LFT1 {"v":1,"namespace":13710895918682022928,"run":"0388b7df3c6bbe5fc5bf9044daa9cf3f","pid":1,"role":2,"kind":"resource","scope":"process-shared","clock":"local-monitor","at_ns":97492672585,"incarnation":8311343,"user_ns":5170000000,"source":"procfs+sysconf","probe_ns":51291,"selected":3,"system_ns":3110000000,"rss":41394176}
LFT1 {"v":1,"namespace":13710895918682022928,"run":"0388b7df3c6bbe5fc5bf9044daa9cf3f","pid":1,"role":2,"kind":"resource","scope":"process-shared","clock":"local-monitor","at_ns":98503187877,"incarnation":8311343,"user_ns":5180000000,"source":"procfs+sysconf","probe_ns":53500,"selected":3,"system_ns":3120000000,"rss":41394176}
LFT1 {"v":1,"namespace":13710895918682022928,"run":"0388b7df3c6bbe5fc5bf9044daa9cf3f","pid":1,"role":2,"kind":"resource","scope":"process-shared","clock":"local-monitor","at_ns":99512124044,"incarnation":8311343,"user_ns":5180000000,"source":"procfs+sysconf","probe_ns":49125,"selected":3,"system_ns":3130000000,"rss":41394176}
LFT1 {"v":1,"namespace":13710895918682022928,"run":"0388b7df3c6bbe5fc5bf9044daa9cf3f","pid":1,"role":2,"kind":"resource","scope":"process-shared","clock":"local-monitor","at_ns":100512678086,"incarnation":8311343,"user_ns":5190000000,"source":"procfs+sysconf","probe_ns":40792,"selected":3,"system_ns":3140000000,"rss":41394176}
LFT1 {"v":1,"namespace":13710895918682022928,"run":"0388b7df3c6bbe5fc5bf9044daa9cf3f","pid":1,"role":2,"kind":"resource","scope":"process-shared","clock":"local-monitor","at_ns":101521262337,"incarnation":8311343,"user_ns":5190000000,"source":"procfs+sysconf","probe_ns":53208,"selected":3,"system_ns":3150000000,"rss":41394176}
LFT1 {"v":1,"namespace":13710895918682022928,"run":"0388b7df3c6bbe5fc5bf9044daa9cf3f","pid":1,"role":2,"kind":"resource","scope":"process-shared","clock":"local-monitor","at_ns":102522947337,"incarnation":8311343,"user_ns":5200000000,"source":"procfs+sysconf","probe_ns":70041,"selected":3,"system_ns":3160000000,"rss":41394176}
LFT1 {"v":1,"namespace":13710895918682022928,"run":"0388b7df3c6bbe5fc5bf9044daa9cf3f","pid":1,"role":2,"kind":"resource","scope":"process-shared","clock":"local-monitor","at_ns":103532908421,"incarnation":8311343,"user_ns":5210000000,"source":"procfs+sysconf","probe_ns":52792,"selected":3,"system_ns":3170000000,"rss":41394176}
LFT1 {"v":1,"namespace":13710895918682022928,"run":"0388b7df3c6bbe5fc5bf9044daa9cf3f","pid":1,"role":2,"kind":"resource","scope":"process-shared","clock":"local-monitor","at_ns":104541997255,"incarnation":8311343,"user_ns":5210000000,"source":"procfs+sysconf","probe_ns":39750,"selected":3,"system_ns":3180000000,"rss":41394176}
LFT1 {"v":1,"namespace":13710895918682022928,"run":"0388b7df3c6bbe5fc5bf9044daa9cf3f","pid":1,"role":2,"kind":"resource","scope":"process-shared","clock":"local-monitor","at_ns":105552709297,"incarnation":8311343,"user_ns":5220000000,"source":"procfs+sysconf","probe_ns":112542,"selected":3,"system_ns":3190000000,"rss":41394176}
LFT1 {"v":1,"namespace":13710895918682022928,"run":"0388b7df3c6bbe5fc5bf9044daa9cf3f","pid":1,"role":2,"kind":"resource","scope":"process-shared","clock":"local-monitor","at_ns":106561382923,"incarnation":8311343,"user_ns":5230000000,"source":"procfs+sysconf","probe_ns":65583,"selected":3,"system_ns":3200000000,"rss":41394176}
LFT1 {"v":1,"namespace":13710895918682022928,"run":"0388b7df3c6bbe5fc5bf9044daa9cf3f","pid":1,"role":2,"kind":"resource","scope":"process-shared","clock":"local-monitor","at_ns":107573382381,"incarnation":8311343,"user_ns":5230000000,"source":"procfs+sysconf","probe_ns":77875,"selected":3,"system_ns":3210000000,"rss":41394176}
LFT1 {"v":1,"namespace":13710895918682022928,"run":"0388b7df3c6bbe5fc5bf9044daa9cf3f","pid":1,"role":2,"kind":"resource","scope":"process-shared","clock":"local-monitor","at_ns":108582433757,"incarnation":8311343,"user_ns":5230000000,"source":"procfs+sysconf","probe_ns":59500,"selected":3,"system_ns":3220000000,"rss":41394176}
LFT1 {"v":1,"namespace":13710895918682022928,"run":"0388b7df3c6bbe5fc5bf9044daa9cf3f","pid":1,"role":2,"kind":"resource","scope":"process-shared","clock":"local-monitor","at_ns":109582916799,"incarnation":8311343,"user_ns":5240000000,"source":"procfs+sysconf","probe_ns":44167,"selected":3,"system_ns":3240000000,"rss":41394176}
LFT1 {"v":1,"namespace":13710895918682022928,"run":"0388b7df3c6bbe5fc5bf9044daa9cf3f","pid":1,"role":2,"kind":"resource","scope":"process-shared","clock":"local-monitor","at_ns":110592266966,"incarnation":8311343,"user_ns":5240000000,"source":"procfs+sysconf","probe_ns":43250,"selected":3,"system_ns":3250000000,"rss":41394176}
LFT1 {"v":1,"namespace":13710895918682022928,"run":"0388b7df3c6bbe5fc5bf9044daa9cf3f","pid":1,"role":2,"kind":"resource","scope":"process-shared","clock":"local-monitor","at_ns":111601492633,"incarnation":8311343,"user_ns":5250000000,"source":"procfs+sysconf","probe_ns":61083,"selected":3,"system_ns":3250000000,"rss":41394176}
LFT1 {"v":1,"namespace":13710895918682022928,"run":"0388b7df3c6bbe5fc5bf9044daa9cf3f","pid":1,"role":2,"kind":"resource","scope":"process-shared","clock":"local-monitor","at_ns":112602786592,"incarnation":8311343,"user_ns":5250000000,"source":"procfs+sysconf","probe_ns":33500,"selected":3,"system_ns":3260000000,"rss":41394176}
LFT1 {"v":1,"namespace":13710895918682022928,"run":"0388b7df3c6bbe5fc5bf9044daa9cf3f","pid":1,"role":2,"kind":"resource","scope":"process-shared","clock":"local-monitor","at_ns":113602873384,"incarnation":8311343,"user_ns":5260000000,"source":"procfs+sysconf","probe_ns":36000,"selected":3,"system_ns":3270000000,"rss":41394176}
LFT1 {"v":1,"namespace":13710895918682022928,"run":"0388b7df3c6bbe5fc5bf9044daa9cf3f","pid":1,"role":2,"kind":"resource","scope":"process-shared","clock":"local-monitor","at_ns":114612511551,"incarnation":8311343,"user_ns":5270000000,"source":"procfs+sysconf","probe_ns":54041,"selected":3,"system_ns":3270000000,"rss":41394176}
LFT1 {"v":1,"namespace":13710895918682022928,"run":"0388b7df3c6bbe5fc5bf9044daa9cf3f","pid":1,"role":2,"kind":"resource","scope":"process-shared","clock":"local-monitor","at_ns":115612959594,"incarnation":8311343,"user_ns":5270000000,"source":"procfs+sysconf","probe_ns":45791,"selected":3,"system_ns":3280000000,"rss":41394176}
LFT1 {"v":1,"namespace":13710895918682022928,"run":"0388b7df3c6bbe5fc5bf9044daa9cf3f","pid":1,"role":2,"kind":"resource","scope":"process-shared","clock":"local-monitor","at_ns":116622003677,"incarnation":8311343,"user_ns":5280000000,"source":"procfs+sysconf","probe_ns":188708,"selected":3,"system_ns":3300000000,"rss":41394176}
LFT1 {"v":1,"namespace":13710895918682022928,"run":"0388b7df3c6bbe5fc5bf9044daa9cf3f","pid":1,"role":2,"kind":"resource","scope":"process-shared","clock":"local-monitor","at_ns":117622233595,"incarnation":8311343,"user_ns":5290000000,"source":"procfs+sysconf","probe_ns":61625,"selected":3,"system_ns":3300000000,"rss":41394176}
LFT1 {"v":1,"namespace":13710895918682022928,"run":"0388b7df3c6bbe5fc5bf9044daa9cf3f","pid":1,"role":2,"kind":"resource","scope":"process-shared","clock":"local-monitor","at_ns":118631287637,"incarnation":8311343,"user_ns":5290000000,"source":"procfs+sysconf","probe_ns":39375,"selected":3,"system_ns":3310000000,"rss":41394176}
LFT1 {"v":1,"namespace":13710895918682022928,"run":"0388b7df3c6bbe5fc5bf9044daa9cf3f","pid":1,"role":2,"kind":"resource","scope":"process-shared","clock":"local-monitor","at_ns":119632039512,"incarnation":8311343,"user_ns":5290000000,"source":"procfs+sysconf","probe_ns":21833,"selected":3,"system_ns":3320000000,"rss":41394176}
LFT1 {"v":1,"namespace":13710895918682022928,"run":"0388b7df3c6bbe5fc5bf9044daa9cf3f","pid":1,"role":2,"kind":"resource","scope":"process-shared","clock":"local-monitor","at_ns":120642872388,"incarnation":8311343,"user_ns":5300000000,"source":"procfs+sysconf","probe_ns":43250,"selected":3,"system_ns":3330000000,"rss":41394176}
LFT1 {"v":1,"namespace":13710895918682022928,"run":"0388b7df3c6bbe5fc5bf9044daa9cf3f","pid":1,"role":2,"kind":"resource","scope":"process-shared","clock":"local-monitor","at_ns":121651844804,"incarnation":8311343,"user_ns":5300000000,"source":"procfs+sysconf","probe_ns":61833,"selected":3,"system_ns":3330000000,"rss":41394176}
LFT1 {"v":1,"namespace":13710895918682022928,"run":"0388b7df3c6bbe5fc5bf9044daa9cf3f","pid":1,"role":2,"kind":"resource","scope":"process-shared","clock":"local-monitor","at_ns":122652798221,"incarnation":8311343,"user_ns":5300000000,"source":"procfs+sysconf","probe_ns":39125,"selected":3,"system_ns":3350000000,"rss":41394176}
LFT1 {"v":1,"namespace":13710895918682022928,"run":"0388b7df3c6bbe5fc5bf9044daa9cf3f","pid":1,"role":2,"kind":"resource","scope":"process-shared","clock":"local-monitor","at_ns":123662279888,"incarnation":8311343,"user_ns":5310000000,"source":"procfs+sysconf","probe_ns":58875,"selected":3,"system_ns":3350000000,"rss":41394176}
LFT1 {"v":1,"namespace":13710895918682022928,"run":"0388b7df3c6bbe5fc5bf9044daa9cf3f","pid":1,"role":2,"kind":"resource","scope":"process-shared","clock":"local-monitor","at_ns":124671287181,"incarnation":8311343,"user_ns":5310000000,"source":"procfs+sysconf","probe_ns":35209,"selected":3,"system_ns":3360000000,"rss":41394176}
LFT1 {"v":1,"namespace":13710895918682022928,"run":"0388b7df3c6bbe5fc5bf9044daa9cf3f","pid":1,"role":2,"kind":"resource","scope":"process-shared","clock":"local-monitor","at_ns":125671334681,"incarnation":8311343,"user_ns":5320000000,"source":"procfs+sysconf","probe_ns":40375,"selected":3,"system_ns":3360000000,"rss":41394176}
LFT1 {"v":1,"namespace":13710895918682022928,"run":"0388b7df3c6bbe5fc5bf9044daa9cf3f","pid":1,"role":2,"kind":"resource","scope":"process-shared","clock":"local-monitor","at_ns":126672652932,"incarnation":8311343,"user_ns":5320000000,"source":"procfs+sysconf","probe_ns":76000,"selected":3,"system_ns":3380000000,"rss":41394176}
LFT1 {"v":1,"namespace":13710895918682022928,"run":"0388b7df3c6bbe5fc5bf9044daa9cf3f","pid":1,"role":2,"kind":"resource","scope":"process-shared","clock":"local-monitor","at_ns":127673098807,"incarnation":8311343,"user_ns":5330000000,"source":"procfs+sysconf","probe_ns":42167,"selected":3,"system_ns":3380000000,"rss":41394176}
LFT1 {"v":1,"namespace":13710895918682022928,"run":"0388b7df3c6bbe5fc5bf9044daa9cf3f","pid":1,"role":2,"kind":"resource","scope":"process-shared","clock":"local-monitor","at_ns":128681391141,"incarnation":8311343,"user_ns":5330000000,"source":"procfs+sysconf","probe_ns":32792,"selected":3,"system_ns":3390000000,"rss":41394176}
LFT1 {"v":1,"namespace":13710895918682022928,"run":"0388b7df3c6bbe5fc5bf9044daa9cf3f","pid":1,"role":2,"kind":"resource","scope":"process-shared","clock":"local-monitor","at_ns":129681762183,"incarnation":8311343,"user_ns":5340000000,"source":"procfs+sysconf","probe_ns":41458,"selected":3,"system_ns":3400000000,"rss":41394176}
LFT1 {"v":1,"namespace":13710895918682022928,"run":"0388b7df3c6bbe5fc5bf9044daa9cf3f","pid":1,"role":2,"kind":"resource","scope":"process-shared","clock":"local-monitor","at_ns":130682472683,"incarnation":8311343,"user_ns":5340000000,"source":"procfs+sysconf","probe_ns":34458,"selected":3,"system_ns":3410000000,"rss":41394176}
LFT1 {"v":1,"namespace":13710895918682022928,"run":"0388b7df3c6bbe5fc5bf9044daa9cf3f","pid":1,"role":2,"kind":"resource","scope":"process-shared","clock":"local-monitor","at_ns":131692969267,"incarnation":8311343,"user_ns":5350000000,"source":"procfs+sysconf","probe_ns":53917,"selected":3,"system_ns":3410000000,"rss":41394176}
LFT1 {"v":1,"namespace":13710895918682022928,"run":"0388b7df3c6bbe5fc5bf9044daa9cf3f","pid":1,"role":2,"kind":"resource","scope":"process-shared","clock":"local-monitor","at_ns":132702148643,"incarnation":8311343,"user_ns":5360000000,"source":"procfs+sysconf","probe_ns":45000,"selected":3,"system_ns":3420000000,"rss":41394176}
LFT1 {"v":1,"namespace":13710895918682022928,"run":"0388b7df3c6bbe5fc5bf9044daa9cf3f","pid":1,"role":2,"kind":"resource","scope":"process-shared","clock":"local-monitor","at_ns":133702665477,"incarnation":8311343,"user_ns":5360000000,"source":"procfs+sysconf","probe_ns":32625,"selected":3,"system_ns":3430000000,"rss":41394176}
LFT1 {"v":1,"namespace":13710895918682022928,"run":"0388b7df3c6bbe5fc5bf9044daa9cf3f","pid":1,"role":2,"kind":"resource","scope":"process-shared","clock":"local-monitor","at_ns":134712509060,"incarnation":8311343,"user_ns":5370000000,"source":"procfs+sysconf","probe_ns":112291,"selected":3,"system_ns":3440000000,"rss":41394176}
LFT1 {"v":1,"namespace":13710895918682022928,"run":"0388b7df3c6bbe5fc5bf9044daa9cf3f","pid":1,"role":2,"kind":"resource","scope":"process-shared","clock":"local-monitor","at_ns":135720937894,"incarnation":8311343,"user_ns":5370000000,"source":"procfs+sysconf","probe_ns":47250,"selected":3,"system_ns":3450000000,"rss":41394176}
LFT1 {"v":1,"namespace":13710895918682022928,"run":"0388b7df3c6bbe5fc5bf9044daa9cf3f","pid":1,"role":2,"kind":"resource","scope":"process-shared","clock":"local-monitor","at_ns":136722819770,"incarnation":8311343,"user_ns":5370000000,"source":"procfs+sysconf","probe_ns":68250,"selected":3,"system_ns":3450000000,"rss":41394176}
LFT1 {"v":1,"namespace":13710895918682022928,"run":"0388b7df3c6bbe5fc5bf9044daa9cf3f","pid":1,"role":2,"kind":"resource","scope":"process-shared","clock":"local-monitor","at_ns":137730531687,"incarnation":8311343,"user_ns":5380000000,"source":"procfs+sysconf","probe_ns":35334,"selected":3,"system_ns":3460000000,"rss":41394176}
LFT1 {"v":1,"namespace":13710895918682022928,"run":"0388b7df3c6bbe5fc5bf9044daa9cf3f","pid":1,"role":2,"kind":"resource","scope":"process-shared","clock":"local-monitor","at_ns":138732338937,"incarnation":8311343,"user_ns":5380000000,"source":"procfs+sysconf","probe_ns":38833,"selected":3,"system_ns":3470000000,"rss":41394176}
LFT1 {"v":1,"namespace":13710895918682022928,"run":"0388b7df3c6bbe5fc5bf9044daa9cf3f","pid":1,"role":2,"kind":"resource","scope":"process-shared","clock":"local-monitor","at_ns":139740883229,"incarnation":8311343,"user_ns":5380000000,"source":"procfs+sysconf","probe_ns":46542,"selected":3,"system_ns":3480000000,"rss":41394176}
LFT1 {"v":1,"namespace":13710895918682022928,"run":"0388b7df3c6bbe5fc5bf9044daa9cf3f","pid":1,"role":2,"kind":"resource","scope":"process-shared","clock":"local-monitor","at_ns":140741208313,"incarnation":8311343,"user_ns":5390000000,"source":"procfs+sysconf","probe_ns":48792,"selected":3,"system_ns":3490000000,"rss":41394176}
LFT1 {"v":1,"namespace":13710895918682022928,"run":"0388b7df3c6bbe5fc5bf9044daa9cf3f","pid":1,"role":2,"kind":"resource","scope":"process-shared","clock":"local-monitor","at_ns":141741838605,"incarnation":8311343,"user_ns":5400000000,"source":"procfs+sysconf","probe_ns":39417,"selected":3,"system_ns":3500000000,"rss":41394176}
LFT1 {"v":1,"namespace":13710895918682022928,"run":"0388b7df3c6bbe5fc5bf9044daa9cf3f","pid":1,"role":2,"kind":"resource","scope":"process-shared","clock":"local-monitor","at_ns":142751336773,"incarnation":8311343,"user_ns":5400000000,"source":"procfs+sysconf","probe_ns":27167,"selected":3,"system_ns":3510000000,"rss":41394176}
LFT1 {"v":1,"namespace":13710895918682022928,"run":"0388b7df3c6bbe5fc5bf9044daa9cf3f","pid":1,"role":2,"kind":"resource","scope":"process-shared","clock":"local-monitor","at_ns":143751470690,"incarnation":8311343,"user_ns":5400000000,"source":"procfs+sysconf","probe_ns":53417,"selected":3,"system_ns":3520000000,"rss":41394176}
LFT1 {"v":1,"namespace":13710895918682022928,"run":"0388b7df3c6bbe5fc5bf9044daa9cf3f","pid":1,"role":2,"kind":"resource","scope":"process-shared","clock":"local-monitor","at_ns":144762151274,"incarnation":8311343,"user_ns":5410000000,"source":"procfs+sysconf","probe_ns":92417,"selected":3,"system_ns":3520000000,"rss":41394176}
LFT1 {"v":1,"namespace":13710895918682022928,"run":"0388b7df3c6bbe5fc5bf9044daa9cf3f","pid":1,"role":2,"kind":"resource","scope":"process-shared","clock":"local-monitor","at_ns":145771334524,"incarnation":8311343,"user_ns":5410000000,"source":"procfs+sysconf","probe_ns":32417,"selected":3,"system_ns":3530000000,"rss":41394176}
LFT1 {"v":1,"namespace":13710895918682022928,"run":"0388b7df3c6bbe5fc5bf9044daa9cf3f","pid":1,"role":2,"kind":"resource","scope":"process-shared","clock":"local-monitor","at_ns":146772537191,"incarnation":8311343,"user_ns":5420000000,"source":"procfs+sysconf","probe_ns":50500,"selected":3,"system_ns":3540000000,"rss":41394176}
LFT1 {"v":1,"namespace":13710895918682022928,"run":"0388b7df3c6bbe5fc5bf9044daa9cf3f","pid":1,"role":2,"kind":"resource","scope":"process-shared","clock":"local-monitor","at_ns":147781855483,"incarnation":8311343,"user_ns":5420000000,"source":"procfs+sysconf","probe_ns":29417,"selected":3,"system_ns":3550000000,"rss":41394176}
LFT1 {"v":1,"namespace":13710895918682022928,"run":"0388b7df3c6bbe5fc5bf9044daa9cf3f","pid":1,"role":2,"kind":"resource","scope":"process-shared","clock":"local-monitor","at_ns":148782632650,"incarnation":8311343,"user_ns":5430000000,"source":"procfs+sysconf","probe_ns":54875,"selected":3,"system_ns":3550000000,"rss":41394176}
LFT1 {"v":1,"namespace":13710895918682022928,"run":"0388b7df3c6bbe5fc5bf9044daa9cf3f","pid":1,"role":2,"kind":"resource","scope":"process-shared","clock":"local-monitor","at_ns":149792310818,"incarnation":8311343,"user_ns":5430000000,"source":"procfs+sysconf","probe_ns":21708,"selected":3,"system_ns":3570000000,"rss":41394176}
LFT1 {"v":1,"namespace":13710895918682022928,"run":"0388b7df3c6bbe5fc5bf9044daa9cf3f","pid":1,"role":2,"kind":"resource","scope":"process-shared","clock":"local-monitor","at_ns":150792483776,"incarnation":8311343,"user_ns":5430000000,"source":"procfs+sysconf","probe_ns":50041,"selected":3,"system_ns":3580000000,"rss":41394176}
LFT1 {"v":1,"namespace":13710895918682022928,"run":"0388b7df3c6bbe5fc5bf9044daa9cf3f","pid":1,"role":2,"kind":"resource","scope":"process-shared","clock":"local-monitor","at_ns":151792759152,"incarnation":8311343,"user_ns":5430000000,"source":"procfs+sysconf","probe_ns":61666,"selected":3,"system_ns":3580000000,"rss":41394176}
LFT1 {"v":1,"namespace":13710895918682022928,"run":"0388b7df3c6bbe5fc5bf9044daa9cf3f","pid":1,"role":2,"kind":"resource","scope":"process-shared","clock":"local-monitor","at_ns":152792867694,"incarnation":8311343,"user_ns":5430000000,"source":"procfs+sysconf","probe_ns":41041,"selected":3,"system_ns":3590000000,"rss":41394176}
LFT1 {"v":1,"namespace":13710895918682022928,"run":"0388b7df3c6bbe5fc5bf9044daa9cf3f","pid":1,"role":2,"kind":"resource","scope":"process-shared","clock":"local-monitor","at_ns":153801044444,"incarnation":8311343,"user_ns":5440000000,"source":"procfs+sysconf","probe_ns":85958,"selected":3,"system_ns":3600000000,"rss":41394176}
LFT1 {"v":1,"namespace":13710895918682022928,"run":"0388b7df3c6bbe5fc5bf9044daa9cf3f","pid":1,"role":2,"kind":"resource","scope":"process-shared","clock":"local-monitor","at_ns":154811755445,"incarnation":8311343,"user_ns":5440000000,"source":"procfs+sysconf","probe_ns":24542,"selected":3,"system_ns":3610000000,"rss":41394176}
LFT1 {"v":1,"namespace":13710895918682022928,"run":"0388b7df3c6bbe5fc5bf9044daa9cf3f","pid":1,"role":2,"kind":"resource","scope":"process-shared","clock":"local-monitor","at_ns":155822308945,"incarnation":8311343,"user_ns":5450000000,"source":"procfs+sysconf","probe_ns":44292,"selected":3,"system_ns":3620000000,"rss":41394176}
LFT1 {"v":1,"namespace":13710895918682022928,"run":"0388b7df3c6bbe5fc5bf9044daa9cf3f","pid":1,"role":2,"kind":"resource","scope":"process-shared","clock":"local-monitor","at_ns":156822350321,"incarnation":8311343,"user_ns":5450000000,"source":"procfs+sysconf","probe_ns":71333,"selected":3,"system_ns":3630000000,"rss":41394176}
LFT1 {"v":1,"namespace":13710895918682022928,"run":"0388b7df3c6bbe5fc5bf9044daa9cf3f","pid":1,"role":2,"kind":"resource","scope":"process-shared","clock":"local-monitor","at_ns":157822841904,"incarnation":8311343,"user_ns":5460000000,"source":"procfs+sysconf","probe_ns":46667,"selected":3,"system_ns":3640000000,"rss":41394176}
LFT1 {"v":1,"namespace":13710895918682022928,"run":"0388b7df3c6bbe5fc5bf9044daa9cf3f","pid":1,"role":2,"kind":"resource","scope":"process-shared","clock":"local-monitor","at_ns":158831717988,"incarnation":8311343,"user_ns":5470000000,"source":"procfs+sysconf","probe_ns":93458,"selected":3,"system_ns":3650000000,"rss":41394176}
LFT1 {"v":1,"namespace":13710895918682022928,"run":"0388b7df3c6bbe5fc5bf9044daa9cf3f","pid":1,"role":2,"kind":"resource","scope":"process-shared","clock":"local-monitor","at_ns":159841723614,"incarnation":8311343,"user_ns":5480000000,"source":"procfs+sysconf","probe_ns":223333,"selected":3,"system_ns":3660000000,"rss":41394176}
LFT1 {"v":1,"namespace":13710895918682022928,"run":"0388b7df3c6bbe5fc5bf9044daa9cf3f","pid":1,"role":2,"kind":"resource","scope":"process-shared","clock":"local-monitor","at_ns":160852075114,"incarnation":8311343,"user_ns":5480000000,"source":"procfs+sysconf","probe_ns":43875,"selected":3,"system_ns":3680000000,"rss":41394176}
LFT1 {"v":1,"namespace":13710895918682022928,"run":"0388b7df3c6bbe5fc5bf9044daa9cf3f","pid":1,"role":2,"kind":"resource","scope":"process-shared","clock":"local-monitor","at_ns":161863042031,"incarnation":8311343,"user_ns":5490000000,"source":"procfs+sysconf","probe_ns":80875,"selected":3,"system_ns":3690000000,"rss":41394176}
LFT1 {"v":1,"namespace":13710895918682022928,"run":"0388b7df3c6bbe5fc5bf9044daa9cf3f","pid":1,"role":2,"kind":"resource","scope":"process-shared","clock":"local-monitor","at_ns":162872412490,"incarnation":8311343,"user_ns":5490000000,"source":"procfs+sysconf","probe_ns":71000,"selected":3,"system_ns":3710000000,"rss":41394176}
LFT1 {"v":1,"namespace":13710895918682022928,"run":"0388b7df3c6bbe5fc5bf9044daa9cf3f","pid":1,"role":2,"kind":"resource","scope":"process-shared","clock":"local-monitor","at_ns":163881693866,"incarnation":8311343,"user_ns":5490000000,"source":"procfs+sysconf","probe_ns":67917,"selected":3,"system_ns":3720000000,"rss":41394176}
LFT1 {"v":1,"namespace":13710895918682022928,"run":"0388b7df3c6bbe5fc5bf9044daa9cf3f","pid":1,"role":2,"kind":"resource","scope":"process-shared","clock":"local-monitor","at_ns":164881979866,"incarnation":8311343,"user_ns":5500000000,"source":"procfs+sysconf","probe_ns":208000,"selected":3,"system_ns":3730000000,"rss":41394176}
LFT1 {"v":1,"namespace":13710895918682022928,"run":"0388b7df3c6bbe5fc5bf9044daa9cf3f","pid":1,"role":2,"kind":"resource","scope":"process-shared","clock":"local-monitor","at_ns":165882899867,"incarnation":8311343,"user_ns":5500000000,"source":"procfs+sysconf","probe_ns":131625,"selected":3,"system_ns":3750000000,"rss":41394176}
LFT1 {"v":1,"namespace":13710895918682022928,"run":"0388b7df3c6bbe5fc5bf9044daa9cf3f","pid":1,"role":2,"kind":"resource","scope":"process-shared","clock":"local-monitor","at_ns":166892542325,"incarnation":8311343,"user_ns":5510000000,"source":"procfs+sysconf","probe_ns":121667,"selected":3,"system_ns":3760000000,"rss":41394176}
LFT1 {"v":1,"namespace":13710895918682022928,"run":"0388b7df3c6bbe5fc5bf9044daa9cf3f","pid":1,"role":2,"kind":"resource","scope":"process-shared","clock":"local-monitor","at_ns":167901580493,"incarnation":8311343,"user_ns":5520000000,"source":"procfs+sysconf","probe_ns":64291,"selected":3,"system_ns":3780000000,"rss":41394176}
LFT1 {"v":1,"namespace":13710895918682022928,"run":"0388b7df3c6bbe5fc5bf9044daa9cf3f","pid":1,"role":2,"kind":"resource","scope":"process-shared","clock":"local-monitor","at_ns":168902353285,"incarnation":8311343,"user_ns":5520000000,"source":"procfs+sysconf","probe_ns":64375,"selected":3,"system_ns":3800000000,"rss":41394176}
LFT1 {"v":1,"namespace":13710895918682022928,"run":"0388b7df3c6bbe5fc5bf9044daa9cf3f","pid":1,"role":2,"kind":"resource","scope":"process-shared","clock":"local-monitor","at_ns":169903098035,"incarnation":8311343,"user_ns":5520000000,"source":"procfs+sysconf","probe_ns":64708,"selected":3,"system_ns":3820000000,"rss":41394176}
LFT1 {"v":1,"namespace":13710895918682022928,"run":"0388b7df3c6bbe5fc5bf9044daa9cf3f","pid":1,"role":2,"kind":"resource","scope":"process-shared","clock":"local-monitor","at_ns":170911959077,"incarnation":8311343,"user_ns":5520000000,"source":"procfs+sysconf","probe_ns":124708,"selected":3,"system_ns":3830000000,"rss":41394176}
LFT1 {"v":1,"namespace":13710895918682022928,"run":"0388b7df3c6bbe5fc5bf9044daa9cf3f","pid":1,"role":2,"kind":"resource","scope":"process-shared","clock":"local-monitor","at_ns":171912345286,"incarnation":8311343,"user_ns":5530000000,"source":"procfs+sysconf","probe_ns":74500,"selected":3,"system_ns":3840000000,"rss":41394176}
LFT1 {"v":1,"namespace":13710895918682022928,"run":"0388b7df3c6bbe5fc5bf9044daa9cf3f","pid":1,"role":2,"kind":"resource","scope":"process-shared","clock":"local-monitor","at_ns":172921117787,"incarnation":8311343,"user_ns":5530000000,"source":"procfs+sysconf","probe_ns":59292,"selected":3,"system_ns":3850000000,"rss":41394176}
LFT1 {"v":1,"namespace":13710895918682022928,"run":"0388b7df3c6bbe5fc5bf9044daa9cf3f","pid":1,"role":2,"kind":"resource","scope":"process-shared","clock":"local-monitor","at_ns":173930917037,"incarnation":8311343,"user_ns":5540000000,"source":"procfs+sysconf","probe_ns":61708,"selected":3,"system_ns":3860000000,"rss":41394176}
LFT1 {"v":1,"namespace":13710895918682022928,"run":"0388b7df3c6bbe5fc5bf9044daa9cf3f","pid":1,"role":2,"kind":"resource","scope":"process-shared","clock":"local-monitor","at_ns":174931247829,"incarnation":8311343,"user_ns":5540000000,"source":"procfs+sysconf","probe_ns":50709,"selected":3,"system_ns":3870000000,"rss":41394176}
LFT1 {"v":1,"namespace":13710895918682022928,"run":"0388b7df3c6bbe5fc5bf9044daa9cf3f","pid":1,"role":2,"kind":"resource","scope":"process-shared","clock":"local-monitor","at_ns":175932040413,"incarnation":8311343,"user_ns":5550000000,"source":"procfs+sysconf","probe_ns":80917,"selected":3,"system_ns":3890000000,"rss":41394176}
LFT1 {"v":1,"namespace":13710895918682022928,"run":"0388b7df3c6bbe5fc5bf9044daa9cf3f","pid":1,"role":2,"kind":"resource","scope":"process-shared","clock":"local-monitor","at_ns":176942588997,"incarnation":8311343,"user_ns":5560000000,"source":"procfs+sysconf","probe_ns":33416,"selected":3,"system_ns":3900000000,"rss":41394176}
LFT1 {"v":1,"namespace":13710895918682022928,"run":"0388b7df3c6bbe5fc5bf9044daa9cf3f","pid":1,"role":2,"kind":"resource","scope":"process-shared","clock":"local-monitor","at_ns":177951684247,"incarnation":8311343,"user_ns":5560000000,"source":"procfs+sysconf","probe_ns":57792,"selected":3,"system_ns":3910000000,"rss":41394176}
LFT1 {"v":1,"namespace":13710895918682022928,"run":"0388b7df3c6bbe5fc5bf9044daa9cf3f","pid":1,"role":2,"kind":"resource","scope":"process-shared","clock":"local-monitor","at_ns":178951783581,"incarnation":8311343,"user_ns":5570000000,"source":"procfs+sysconf","probe_ns":62750,"selected":3,"system_ns":3930000000,"rss":41394176}
LFT1 {"v":1,"namespace":13710895918682022928,"run":"0388b7df3c6bbe5fc5bf9044daa9cf3f","pid":1,"role":2,"kind":"resource","scope":"process-shared","clock":"local-monitor","at_ns":179952557707,"incarnation":8311343,"user_ns":5580000000,"source":"procfs+sysconf","probe_ns":70459,"selected":3,"system_ns":3940000000,"rss":41394176}
LFT1 {"v":1,"namespace":13710895918682022928,"run":"0388b7df3c6bbe5fc5bf9044daa9cf3f","pid":1,"role":2,"kind":"resource","scope":"process-shared","clock":"local-monitor","at_ns":180960712415,"incarnation":8311343,"user_ns":5580000000,"source":"procfs+sysconf","probe_ns":32583,"selected":3,"system_ns":3960000000,"rss":41394176}
LFT1 {"v":1,"namespace":13710895918682022928,"run":"0388b7df3c6bbe5fc5bf9044daa9cf3f","pid":1,"role":2,"kind":"resource","scope":"process-shared","clock":"local-monitor","at_ns":181962530832,"incarnation":8311343,"user_ns":5590000000,"source":"procfs+sysconf","probe_ns":82875,"selected":3,"system_ns":3970000000,"rss":41394176}
LFT1 {"v":1,"namespace":13710895918682022928,"run":"0388b7df3c6bbe5fc5bf9044daa9cf3f","pid":1,"role":2,"kind":"resource","scope":"process-shared","clock":"local-monitor","at_ns":182962700541,"incarnation":8311343,"user_ns":5590000000,"source":"procfs+sysconf","probe_ns":66291,"selected":3,"system_ns":3980000000,"rss":41394176}
LFT1 {"v":1,"namespace":13710895918682022928,"run":"0388b7df3c6bbe5fc5bf9044daa9cf3f","pid":1,"role":2,"kind":"resource","scope":"process-shared","clock":"local-monitor","at_ns":183972930041,"incarnation":8311343,"user_ns":5600000000,"source":"procfs+sysconf","probe_ns":67292,"selected":3,"system_ns":3980000000,"rss":41394176}
LFT1 {"v":1,"namespace":13710895918682022928,"run":"0388b7df3c6bbe5fc5bf9044daa9cf3f","pid":1,"role":2,"kind":"resource","scope":"process-shared","clock":"local-monitor","at_ns":184982337542,"incarnation":8311343,"user_ns":5600000000,"source":"procfs+sysconf","probe_ns":62291,"selected":3,"system_ns":4000000000,"rss":41394176}
LFT1 {"v":1,"namespace":13710895918682022928,"run":"0388b7df3c6bbe5fc5bf9044daa9cf3f","pid":1,"role":2,"kind":"resource","scope":"process-shared","clock":"local-monitor","at_ns":185991283542,"incarnation":8311343,"user_ns":5610000000,"source":"procfs+sysconf","probe_ns":49584,"selected":3,"system_ns":4000000000,"rss":41394176}
LFT1 {"v":1,"namespace":13710895918682022928,"run":"0388b7df3c6bbe5fc5bf9044daa9cf3f","pid":1,"role":2,"kind":"resource","scope":"process-shared","clock":"local-monitor","at_ns":187000970626,"incarnation":8311343,"user_ns":5620000000,"source":"procfs+sysconf","probe_ns":58917,"selected":3,"system_ns":4010000000,"rss":41394176}
LFT1 {"v":1,"namespace":13710895918682022928,"run":"0388b7df3c6bbe5fc5bf9044daa9cf3f","pid":1,"role":2,"kind":"resource","scope":"process-shared","clock":"local-monitor","at_ns":188003192918,"incarnation":8311343,"user_ns":5620000000,"source":"procfs+sysconf","probe_ns":259166,"selected":3,"system_ns":4020000000,"rss":41394176}
LFT1 {"v":1,"namespace":13710895918682022928,"run":"0388b7df3c6bbe5fc5bf9044daa9cf3f","pid":1,"role":2,"kind":"resource","scope":"process-shared","clock":"local-monitor","at_ns":189012808210,"incarnation":8311343,"user_ns":5630000000,"source":"procfs+sysconf","probe_ns":60750,"selected":3,"system_ns":4030000000,"rss":41394176}
LFT1 {"v":1,"namespace":13710895918682022928,"run":"0388b7df3c6bbe5fc5bf9044daa9cf3f","pid":1,"role":2,"kind":"resource","scope":"process-shared","clock":"local-monitor","at_ns":190022628127,"incarnation":8311343,"user_ns":5630000000,"source":"procfs+sysconf","probe_ns":78083,"selected":3,"system_ns":4040000000,"rss":41394176}
LFT1 {"v":1,"namespace":13710895918682022928,"run":"0388b7df3c6bbe5fc5bf9044daa9cf3f","pid":1,"role":2,"kind":"resource","scope":"process-shared","clock":"local-monitor","at_ns":191031753503,"incarnation":8311343,"user_ns":5640000000,"source":"procfs+sysconf","probe_ns":44000,"selected":3,"system_ns":4050000000,"rss":41394176}
LFT1 {"v":1,"namespace":13710895918682022928,"run":"0388b7df3c6bbe5fc5bf9044daa9cf3f","pid":1,"role":2,"kind":"resource","scope":"process-shared","clock":"local-monitor","at_ns":192032756503,"incarnation":8311343,"user_ns":5640000000,"source":"procfs+sysconf","probe_ns":41208,"selected":3,"system_ns":4060000000,"rss":41394176}
LFT1 {"v":1,"namespace":13710895918682022928,"run":"0388b7df3c6bbe5fc5bf9044daa9cf3f","pid":1,"role":2,"kind":"resource","scope":"process-shared","clock":"local-monitor","at_ns":193041456796,"incarnation":8311343,"user_ns":5640000000,"source":"procfs+sysconf","probe_ns":38583,"selected":3,"system_ns":4070000000,"rss":41394176}
LFT1 {"v":1,"namespace":13710895918682022928,"run":"0388b7df3c6bbe5fc5bf9044daa9cf3f","pid":1,"role":2,"kind":"resource","scope":"process-shared","clock":"local-monitor","at_ns":194052747504,"incarnation":8311343,"user_ns":5650000000,"source":"procfs+sysconf","probe_ns":50125,"selected":3,"system_ns":4090000000,"rss":41394176}
LFT1 {"v":1,"namespace":13710895918682022928,"run":"0388b7df3c6bbe5fc5bf9044daa9cf3f","pid":1,"role":2,"kind":"resource","scope":"process-shared","clock":"local-monitor","at_ns":195062424213,"incarnation":8311343,"user_ns":5650000000,"source":"procfs+sysconf","probe_ns":77166,"selected":3,"system_ns":4090000000,"rss":41394176}
LFT1 {"v":1,"namespace":13710895918682022928,"run":"0388b7df3c6bbe5fc5bf9044daa9cf3f","pid":1,"role":2,"kind":"resource","scope":"process-shared","clock":"local-monitor","at_ns":196063018547,"incarnation":8311343,"user_ns":5660000000,"source":"procfs+sysconf","probe_ns":70125,"selected":3,"system_ns":4110000000,"rss":41394176}
LFT1 {"v":1,"namespace":13710895918682022928,"run":"0388b7df3c6bbe5fc5bf9044daa9cf3f","pid":1,"role":2,"kind":"resource","scope":"process-shared","clock":"local-monitor","at_ns":197071897131,"incarnation":8311343,"user_ns":5660000000,"source":"procfs+sysconf","probe_ns":30833,"selected":3,"system_ns":4120000000,"rss":41394176}
LFT1 {"v":1,"namespace":13710895918682022928,"run":"0388b7df3c6bbe5fc5bf9044daa9cf3f","pid":1,"role":2,"kind":"resource","scope":"process-shared","clock":"local-monitor","at_ns":198081838256,"incarnation":8311343,"user_ns":5670000000,"source":"procfs+sysconf","probe_ns":37459,"selected":3,"system_ns":4130000000,"rss":41394176}
LFT1 {"v":1,"namespace":13710895918682022928,"run":"0388b7df3c6bbe5fc5bf9044daa9cf3f","pid":1,"role":2,"kind":"resource","scope":"process-shared","clock":"local-monitor","at_ns":199091175757,"incarnation":8311343,"user_ns":5670000000,"source":"procfs+sysconf","probe_ns":102125,"selected":3,"system_ns":4140000000,"rss":41394176}
LFT1 {"v":1,"namespace":13710895918682022928,"run":"0388b7df3c6bbe5fc5bf9044daa9cf3f","pid":1,"role":2,"kind":"resource","scope":"process-shared","clock":"local-monitor","at_ns":200091157466,"incarnation":8311343,"user_ns":5680000000,"source":"procfs+sysconf","probe_ns":67875,"selected":3,"system_ns":4150000000,"rss":41394176}
LFT1 {"v":1,"namespace":13710895918682022928,"run":"0388b7df3c6bbe5fc5bf9044daa9cf3f","pid":1,"role":2,"kind":"resource","scope":"process-shared","clock":"local-monitor","at_ns":201101541466,"incarnation":8311343,"user_ns":5680000000,"source":"procfs+sysconf","probe_ns":18625,"selected":3,"system_ns":4160000000,"rss":41394176}
LFT1 {"v":1,"namespace":13710895918682022928,"run":"0388b7df3c6bbe5fc5bf9044daa9cf3f","pid":1,"role":2,"kind":"resource","scope":"process-shared","clock":"local-monitor","at_ns":202101770425,"incarnation":8311343,"user_ns":5690000000,"source":"procfs+sysconf","probe_ns":14333,"selected":3,"system_ns":4170000000,"rss":41394176}
LFT1 {"v":1,"namespace":13710895918682022928,"run":"0388b7df3c6bbe5fc5bf9044daa9cf3f","pid":1,"role":2,"kind":"resource","scope":"process-shared","clock":"local-monitor","at_ns":203111204300,"incarnation":8311343,"user_ns":5700000000,"source":"procfs+sysconf","probe_ns":43459,"selected":3,"system_ns":4180000000,"rss":41394176}
sandbox shutdown retained: Busy
LFT1 {"v":1,"namespace":13710895918682022928,"run":"0388b7df3c6bbe5fc5bf9044daa9cf3f","pid":1,"role":2,"kind":"resource","scope":"process-shared","clock":"local-monitor","at_ns":204112288801,"incarnation":8311343,"user_ns":5700000000,"source":"procfs+sysconf","probe_ns":95083,"selected":3,"system_ns":4190000000,"rss":7737344}
LFT1 {"v":1,"namespace":13710895918682022928,"run":"0388b7df3c6bbe5fc5bf9044daa9cf3f","pid":1,"role":2,"kind":"resource","scope":"process-shared","clock":"local-monitor","at_ns":205122034135,"incarnation":8311343,"user_ns":5710000000,"source":"procfs+sysconf","probe_ns":75708,"selected":3,"system_ns":4210000000,"rss":7737344}
