layerfs-a02-unique-trace-v1	e7bcff1d903c7fa532c7aa364d0cfe0d601625205680e5cc0753a7849eef9043
0	0	5308416	7688a4b9426c5ec1e0643647732fa2b2ca0931455fee1030a4874fad6c878aa4	dda1c92c263bad80b856e80160250a5bcbe51a623dce2cfb37fea7ff032214e8,667fe8c69e2e3ebe450d43ecd11cc0a3f4d89e38278fa73902f4625b39122761,8f7a88208aad14d1a8c515c42be0cedba1e88281419000491cca88eadea1a848,a2b629c0d412a0a628393b774f0318891acd4d9cec1ed7794e1fd3c73a665fb8
0	1	39452672	055ddd9d2dc6b3d863c3adccb881113ea86bbcd54a28a499648acae4668175b3	46a58d592d4e10ecadc8fc78d66bbada2ade31fd701a1b3c56b5ef9cc9a6f6e9,ec5a7fc186f2a30862d2a03cc793bff9f4d9bbc732ed42eb465574140f06c414,60c76484b5e325cbd16542d48f3506f3f7e9ae458232515a4be124758b38d3ae,01fefd3cc10bdd5018682b847f68a0a8df506c886c892de8872114a64fbb4ec9,7dc089648a96cfe000c6c64d9bf49c7cf143c905bee9cfcad8c2445fd18a052f
0	2	73596928	e80aa60672880b1e78599911cc321e9049a937d08f5cc84445d911754de75f42	ff80cfe7ef10d16f2cc45bb6b84d1c8202ed55bb388a30243a4cb6cbe3bd7c46,8558b17d78144c9d6ff24c535fc7e3fba7b36e3a773db8936fa65f6901b27e60,0929d7697a5dc34ac6e6c1410f449c19b35a52b96893eecb47513e02132c9f0b,9cbeddc2837141db3becf83b04cb93d014797e51b088ff22325788ddb4e29bb0,370979e4bf573f72c6add1c254acb8d7eff66808500b6c0a98d4871ef382a131
0	3	2883584	d469696e7176f4092c50b19506289e343bab9423fe6e861a9f083749d5472272	5da67a81c65adaf9d7325fc8d75e61a82e1e6a4ffae13838c6d59781d1c99af1,902d43b64baddbe9a8bbaf6625ab1dfdac8737384c510668b7640da2b53625e7,1e595230b3ea691334b6141899416129ea8bf533ed665caabe43af2776602452,b1a05331e9526ecd1e75241d2dc74163e3f360d0f6b33ec8f99e22d12a8257e4
0	4	37027840	43f906a1e630c747b2434da2e1ba9521a160c56d9c2c34f5d9c930be24a87be5	bd111ec0b692177b81c9b4d7d2f4ff8b22ab4199dcc09bf97d5b1ac62cf49217,884918d94e02d9821c520aed495b6f3bab93da9e27b27c6ee7e277de379324e3,23b90bf39c3e40c790d317d0e874c8d3c04a538c50ec898ea4765183291d98bf,ac7e8f6404d8d826ae5bacef818bd26622118498f1852d7ca7b11efccb766439
0	5	71172096	5997caecd4bb88a21d71d84eb7adff4dd3720c782af133b307175ce784530374	924306650de3e2f37da96c793e7ffae6a6efe7c79ff7ad92524e012f03b877fd,5a82f84b258d140789c663e2dd1a4f3a8244404162414dd1520bc6ecee39f456,616917dd197510a99c9fb75fb3c9ab8bec4ff367e1922672185d1460382a3933,df152178b32facc338dbbffdff676e5c403d2f5365f1b675fe137efa26ee7c54
0	6	458752	73dce11c8803b6616655314a24877ce0cfa0dd042fc215199cc814c0e9020fc5	b4e505857dabcd9ae1b024ca704518080d0922f6652e5e552cb60d7f19821747,4fc55536a452031b88bf3efeaa73a41df01dbad65a07301d42ca5c8a39b59db2,4f0e2d76f42a937397c03a32a6bb5bfc5a5fba643a6c2bd82075d7a29f52ca40,a7b53d077ed8057c2ca2de1e96efebf987b0811da7d765ffbb3c5735fd8c752a
0	7	34603008	8129517886dfbcdbcf0c58bae9ba0f990c550f1aa4b9a6055ffd9bb7b197e226	7554e1414d68974bf7d046161901fc05c0212639247c1e0fdc29fa2ac6b5059a,9e2ffef87b73025b087c04937840c0517ceb70bb9d1b51b6f2c066bb6772efcf,2f6b6531b7ce161e7bc0cee43701fdc3f1e8f3c601b193dae8b137b8a530cf34,0b3f69cba90e98782ab1ada2e8d9ad46dfccc6b1d9bcc30358a321a663a9b718,45184af3fa7467924f8686f804ea74189b152862be467d6ad8820099c8cd2b53
0	8	68747264	ac004ce933b7a7119335a30ba1a3d807b24928e94b0a518ff0632129febbe18b	bc42905d84392946223ed7ee5b34f7ddbedf092f68f23265ddf56fa8120de46c,d164ef694cc8978827fb2a25d92eec384051c5e219ff093317aecd0d8e27e2c2,cdf61187a46d6a4e7228852d0ecabbd25b640b6d3939140b69c835c4dc74cd9e|57e23609df78614af6a1217c079f3430f847e7d143c6cbfbbe6ec59b0d57c131
0	9	102891520	166a8f11f46001633fdb94e6363f2b0235452303fc39388f4e44f1ae8a05226a	b7601e9e3953989a448ef8c8989469573143400db2e2a85ad8484f1741ab5e26,444a004caa936174467c7370fb058ab8c8cd3f152ba84d620f52456d5ea5a893,d422a35e65caebb58551bcf08eafcf4ad53f241ef3c20db3a97058e84af56c0b,8dd719315bfd64d079ad74175b15bc2ce01728cd0ae47a260937398c01570504
0	10	32178176	5bb26674758268840ce51216842abdea98c963622f4bfe5c632a4d5bcf224fad	47afb3f12395c90547975961ef2fedfb037a113ae68f6e26af68d602b3d14d03,843c0b90b90584d25d86ae908bfa13fb73d100b357e3b9ed3b47a5b6d8a65f7f,9b38eb245317b5103438dd8d6d9dcebd3b68aad852bc81d37bf3a0c423de05e4,846cc39a9edf926f321a86207f156e75a3cfe776d9354241c83b0237265c7989,e7087f622dc0b9eefcd88f53332dfb0ff131aee90115f72cabf10ecd770b4a33
0	11	66322432	07512b37d9d10813202c096aee71991f3e6c5bcc345a050fbdb888a921ba448b	514d7744c663bd73295f103248a17c5d0951b7d143a8f4a463ee8aedb4c1860a,29b2b69f899b309234ba96cc5c724380eb954fa933e5520eeaec4aecb3ebdf97,aa636d8180356ca7f14356758c59751e352cda349ea59624f8b9957e9e5b47cf,999dd27e7d4f1cef3a740042614f756daf2218674651daa8ae4a0b287f8ac3db
0	12	100466688	ef174dfe10829dbcf176641e2e76c399021a0a87db260413691b8ea2ef54581d	a93dba52334a47f647c581d2b487c8bf46bbf858dbc27c0e4286d1ce4618b868,cd7cbbc8fd749cd9094a549692bbce47bfcd5880d120b4baa9f74c249eb0dce1,75935347a04c456934ed684b66104751f84449996b98dd2fa8ad2c545025dd2e,cfb4e610eae010cdf512075355658d2f24bcaa5d21014b2a003abcb93738bfb8,7b333ec942c95ef83bc22b9ad10c77c4ae10bee7f7209d63180df4e7c5e8c5f4
0	13	29753344	280c8214ae6bfc1c18c420a64c85535259a5330b3bd2d8419d694e6fc2458138	616c3a6440891fc6697d8a1bcdeec6ea8e7bde8b99141c792d23181fa93d8684,047d65a06323f3c5c527ed9933fcb9248691cc2068cdb279e3430c7a494b0176,042216e26962335dffecd4ae69f1d56ce588e066e0b3c0ba64b79b0b3f0ac340,5ccc891210f937df618f34e470b9528abd3c41a0422cd2a57dab31496c5fc7e2,1ab755c56e58ae827a0860d5eabeeb1446ca40458ceccae09f1bb3a2b0df3c04
0	14	63897600	0d5b111b4acac260999674314abe376335a43bc52593c728f1a5915fa32fc4f2	b724882352f1b45c5ab1983dfe18ccb2e33a7ec3347e233c76c7e3260ab683e2,c01db96782a840023e50d89d1cce93e5f2f073e232fa077b74e0ceb89c73b7dd,1e753005b14aa452d5d21c4dbed99bcd3af3b0e4166c172c1eb84da66a4fb548,b2c0ee86e01f2e9f30383c2432352cdcc0d9f3bf0fdf4e42829bd45dc84c1a93,b78bde55e50567f887287485283560afb7cad07ede88c24ae9bab23f00483268
0	15	98041856	7a6d601e1475ef42f16e93fc9863688f45307b4b7036bcd824aad300047cdcdf	70e62fa9308784ef72e38a17d4c5992f0cb9035f4d004292ab162d08a43d8e6a,6ecf934341113b39dbafe41717c6053c8cce4d2e22092fa3c376524ab66123ce,dbbded8d3cfa89b99882add24a87b3f69d3ed5e7da3dccd454405573ddd5239c,7e61d0e631f233e70b605940df75c4e73b401cd45a6593cb7123d80794ef87de,e6c110f75147fc81a4e70fcfa25193d3892b3b1b868719be84b6d18d83cba694
0	16	27328512	39aa168bb9a17e24ad886db17c574da5f6800a4ec7169057ae70eb6e546f69b3	723263e4df8344d8b184747dc6b3ea9a32efaf2ae8b8613d59204c3a9bf95ef2,7829c9e9556e78cae79a066ed5bf2c2aa88573c6054b5e63a63723c3db091e52,df8da1bc53e8851f4965e0ce2dd5e86992b683dac850f0057d0a2f0f909f2db0,65861f3e8b44e2f5ae181edebc9a7560e15a835131fd44f5751c82fec928be19,cc09a5b512e5f891e53b4c3268ca4b18e6c2c762cfa2149e135f4aae6b5c66e9
0	17	61472768	a8c1de38694a6f789357ac4f1391839607a456c55d77d91316519e16e5f59e7e	a995f52696b02bd5324ba95a11ced183444682b9c111d5992b0faf946c71dcea,99e1554c962d5949116f3c6122d3540fc0f0c4a8d241a16306d498994c901ffd,916b8a01a10a0dbb64778669ac4f7c0c19afdfdec20868f8f90a08bbd0d8ab53,ff4543f90e0b888c734375f8f63b7003f1242ea2d13df6c81218da16415f8959,ec712c906e7aed4c486646b343767ae12f5c04852c67687598f026377880ce19
0	18	95617024	e9283e438e539f6071411faa8a317d923e55f9af4e1330252b1fbe7e378e3e88	6f527aa1f14c6a503d9af9cff44d3d903cead728b0283811612e5667be2af1b5,c1ddec203ce38b0c91d385f3a461216470fabad1e8a0867d1ff980021fb4c6b7,c6a3df92127be6f43175a35442812c81ab4e9bbfc81692b4fdafe0c6a7d4a5d6,e42ed03730f2e68c052f400970386d00079926123b40f0894960429f98fbfc6f
0	19	24903680	ccd2a3ecce27bb821a00131917d9ab7063b30cbef2682087d44b7b95ca64c799	f9b0b561fd8a0b1b27082198b9f5f12485e2239eee5ac4c2a1e88a48316f094a,aebc808ff69a353ca5ed5654c2a13b4d7a446e2f6b61160ab625fcf8385c2652,a656ef2b8d91b672d56f2f646178e30052822dd4e265a2adbcb9b9fcfc6fdbdd,ebb5a064dab79700de77974773cb3d368f25dc5a5255fa397bcea9a702271178
0	20	59047936	bad2fd196a18946eefdf3d80ccfbd9c40718df1a9b9a5017711ba3faf2a03d87	254a2b5a56bbabadae63062cc5610e56790e26bed659e78dff5ae96ed49393f5,9e4b86226b4d445e2cbd1f02416c986b9da20753fed2bad7e1edff593caf87a3,92f47ede09a3ff5f23a8e51c5dd7333ba7eff02e9ae01345e3f591d34ffc8c9e,ca85fe62b6d3669f49a56164b5b8e2becd5240036314c6ac5275a9b8fe19b67f,48c780133a50183fa5d6165712079326a57d04a995eb8e3850faba431635383d
0	21	93192192	8607fbafc8b82b9b9dff7dd76a24e87bac2183c32d4439271e4da493f91d0288	dc809bcfcf4164d7a7f55d059f894ff0e5903dfcaedb6198854bfd3559d0d872,a37f6b2fca11af956ea88552a373128438a255cefcc5937bdd24909dbe102324,2d8748afbd0e358ea0dc834efe7306003088731ee0452de5f15a6f625db93e48,c65f6308f3052580c9c9d6e14f2f47ebaa6738f84ee0412837363d9eeb18671d,53a6e1ef0214d1a6b211062334bfdffa8d2a1fbbf072254b966c906cb4f1f8f2
0	22	22478848	429029126b75417e964c1d7066daf3904f6f5d376f5c7dd2ee11ed5483c4a998	9bcd26de03cc9d634ec6baa67229697b77e6b5345b7a1d6197422a4d5216f2a1,9f5c4244b823de52efc940bdb69a989bd2e28faac91bd063be9bdc248cf8b1e3,751bf047b712771ca82bba7ccf352569d6204955429991c01c7a9f9ed78ee369,4bc6fd55dc33bee10ba51ba03a9b5e7a6c86005244e8fedf8cd6c9352aec236a
0	23	56623104	29eec80f870b346d73848a0304fadda7e4ecd878e4361a7e3a590c6bf22600cf	668dcf69630db8fcc927af5e2ab2e4fc50e8c8411e0025b1d7c5acbaf210a552,420a6eb3bb98aa5463fa452c3d1ec6660e8ce9a1a08bb6175116dc4cf8f7a520,fba8972b08f8db0f9f5b3fcca7c0c3b7ee746d2ebeb983c2a1d2bdbe65e8366e,0a74a2d2a42e73b1249aa5ee15a570ee8e23c15d8c3a552712220ef5ff8a1a54
0	24	90767360	708a095f44ce5c76573ade4037fab475ed73995a6ba3594dd3daea37af03d892	d6538112c530e7bb72736ec8bcf6a05db6bf2ccf9b8675e1e7f72ec0de81b4bc,e14ab176dda6e9ceaf91217164aa1e9e66c3edf4ce22171a97feab0b1c78082c,d5f917f84594d3bd2531fdba543807d6c257126a2ee53ecd0b0d6cecfad8b8d1,572f6f50bfc371370866836e68400607cfb10d3d933e98320d57fac8d57f2dbd,166a91dd8c3400ff734aec235cb7fbbf8a6d87239ea8ef0282bc2191569f3dd4
0	25	20054016	1b4ba8b233b06db2733c1c1afe5fb0db9495d00412a42c10c8ee1821cfacab0e	bbdd1001c31ee969f4173ba83f3095e0cff1f47b77392e2d5625965cfd7b2a31,6d3ca961e1415ecbb1b70afa6c53d71b4096cc096d0892f3e469168b98704805,54c598352e5f6e44b511976bec2567105a9a8e14956fde2a24b0b6b81d7d50f6,5ada26dc3cc340a47484a37188c03e90b6e89aa0a9481219d03a5062ae3cd139
0	26	54198272	339451c878a012bd82fb7e76bded6609f3e7a57ddf375253749006b7b8ffc9ef	47e111c7d19b13933f97a02d2ef99f81595b642153d44756b1196cd7a02eda51,61675d133ea1f6333d285f7f05185855bada1bb908f6c37c74c61fe8ce185c1e,ffc1c426905c749aa5a685c5c7cc6783e38429c4ec4c28bbb7cbdd76b4727f5e,6b75456ee45800b6f0ebaffac90a4088fdb12c4dd5d9a20e0ed903f1ab548859,806e37ec0c8c69b61816f773d524c5fc7b6ff6373b4a33956a63c8504e6e3e1c
0	27	88342528	5c4e2c92ce7df070da810dc1bc27df47e95fb5d4cfad83c71d68083f07b160f0	0917454dba9411ba438bdf00bccf5877449ad9686210e3159049c277ce36953f,dd1dc70decc952f108f96186a26889402dd54a1223e2fda158d9ba6f507f11cc,84e8b6d734d709edbe430281682e1620ace12920cf21fadf22e7614a8c6174ed,14b9086be385461814b99ccff986dbafc8ce320e92bed7b8b065bc9263392b6b
0	28	17629184	e50907144ce554ec576c4f2607530ae7f02966bbb3d8d4a69199c1e43e2c5363	975ca493870d2444d16e248ab0b5841d83db037bfc80b010d9cfecd53370443e,d08ddbd70c6377b4968a0f0956726d94ebadac810418c8f4b57a99ed6fc75fa4,2ef14fdf21cf6f737998c526d9240fce9e6772fb938421cf00e956e8fe26d446,7cd66353c58e249bdb8552c8f6bf2c7cbb1d749421fbdc8fe26262a6be2877d3|27bc156b3a36f663cbcaed1c2d7d09b14699a85a3143a582ad163b64da15a90e
0	29	51773440	5fbbb252300562ee8d77af6e2175b5051aaf5a3fe026e31e4af5909227ac037d	42ae4cd871330d17910405b7bf13b4a92613cb63e1ba5077fec2e42b73ea3986,f9184262f7d890a8f13046a5eabf215171eee27575e3e850651d1b6bd17b13e3,f215560884715f4bc9e18d1dcf0f4a4b0d8ee31b04591b90869671109a2f1e99
0	30	85917696	9fbfc97a807f56c580e03166611abb467a2115e9be4de9647ab68c05a15dbb50	8e76adf74813c912751d60ad3f5d9a48faeb01530f6e7927e090a4b748b04091,8be670805dd2a5e67dd76bd135a549af240a98d517a86239eb089c165df59506,b13d41861e10c55b45318c880b410ba8afb1b88bb0148152312eda0e3f667928,664d963d6264c3aa036aceef148a10f54859b383a361c99e415a36d7bc17e056
0	31	15204352	accc9b13546ffc1511eeefa259dca5e723f45132bafa06b33701747890d62347	88cffbb2444c878a8415aee8d8d23ec26dcac867f1b9e45afe4a0d5027ba9275,98da2bcc6ab1a24d60dd83fdd972af8748afc13c4bef08d92e2098aff59d788f,545e094136e90f701023a6ff299e32a9154b7aa7c2ce115bee79b0ebb80c4595,f2ca48b2cb6bc7c38bb4aecf30873633311b48e7c0ef60ec538ccb3970256f1a
0	32	49348608	ad16063217d2635a8431987b2e2732e6c53f1f56dda1088f20891348c8cb42c7	e2f6236ddc8507cc88546d68131cd40161dfe3853c1fef93c9ca1aadb4f1ba52,ff598e915f285c145edd53abecc94329f414d3b65417bc283f1b8009c136cca8,1329d95c69f6c5a7784003fb2c4c5aba7ba2ba1194624cc162e058e00473283a,d21b962c1b9f145001677da8d5126375625ab7a170e84070634a2a6bf03b57ed
0	33	83492864	f269baa5cd811b11b41f8f3ef71095a41754198dddd34dfea780c72702dcc1a8	0bd2a3ed65c63293ec48edd9140bc19775e5ab136a175280f7decb8150d0ab60,ce66ad689c657cb91f18ce49ff247de368eb599f058d35c17ce4f4d4724dc5aa,9c5028d55b1bf7464cc60a2d8e510d561773ecd0d6e92689648e0184c111ede3,d3ff11754368e003381bc3f85deafb21826d1c0ed44f13ffb87a272174d56149
0	34	12779520	30ba1f4c5eaae2a0dd9026e24b28756b9b4bb680eed93e6fbd0cb83d2884d89f	df9b6210a543c3e6ffd722aaa8ce2ebba0332a5a3778509b1c0f288a5b558d09,326fbc442d95d30a1be6758f76dd71e4e06ec4b74d51bd97d6095942c6d278b7,12dd6f46c8e51aac11f6e066694b3312d629f676142be28bf236ccadcf95d391,b39595932c22d4c5e512d168e4acfaa0b25eacfdae2a71c5aad69951dea775ff
0	35	46923776	c56fd17e84d5cfd57e86d0b953b507a27fd71b10ecbb857711a5363133f0f24e	204af3a04bbeade5561c58df0fb85e1fe6bf6ec0bf7f41d33dfe0559b992eab1,682edd879bcda1d21d4557477557cf50b0aa37fbd4c488c85319f983400ab3c0,5e50d331569669ab0fc6225908c946b612ece96a1992824bb21cca834f6e7198,a701c82f872d13813ca20f77aca90fdeb6ca75505f0bbe019144bd0a13832ddb
0	36	81068032	9f9335649758352f264c9ff9d034d4235711165a487a12807cefac8476a4de13	6a4d8e40048214c7d551048d61cae986a229528ae82e360d70b04338e4e43c1a,be22efc9763c7680206de66f2044625e2056b207b105747873ea7387b0893e03,45afb1acf9aa844825222932bc9e29253c27da77fec51cc92c1389518126dcb4,cca14f5a4f6940e7de49eaa9ff03ea9c9a37a9257b5ea8a5879b50df76421992,0476dc0c7c19b6588cc9cdd5a2ee7807ab5d59fe5796ca161eff7725ab542a5f
0	37	10354688	22355dddd3590b1a44d6876eaccfa07509a051595c4c6ee37a11b9ba6fe20887	ee79f40e7bd0713bb83794b750be73d446fd4a0bb3ef59353e7039a71fc786cc,9369998060a0f0f4ae091eedeab4f71cdaf040a0d22506e2e6390ea1e26f151a,04484fdb3b1399a8119de67ba8ffc0b4bb7860a5d6b54c34459473bb204b5f71,7b6e782c350c899aa0969b3381e9d172301af9b8df0c473d01585ad2e9639f21
0	38	44498944	68f7db001abb836ec25e03ca532fc2e8ceb699b6bf6e28a19557475a9c9d4054	a608576253a7e3855d32946c8e936d505f661cd7ad2418be4b492a482add17a7,3545a331e600af5ffe4972384f3a11d9a70da9635a26c0f12842d02c70e4724e,092be92dd0b25410207c8147c14e0795d0938b280be6866faf9fd9456931d8a6,5b3c8d9f7f3e43bf83a3611a7b605c06032a8ed43739ae3369803e6a4df5e8f3
0	39	78643200	5661e3d8b214db46aeaa292ac9f00bf9d3d380ec75b0be948d03b2e3f8e3142f	d31a204148e44cc771a1dd29e668e3538d728579f65f20a99be449e3e002dbb7,1f17f5a098885e2ccda60b738e9661715155363e7bf1ed8b2d82f4edb8872d37,6b1cec9880b31597895c89f618e25b85f6fed9b24888b85b62db02de1650ed3c,d2a79bc815cebccff7a1aa4ed1e0cf6707085c1ccbc0ec9d69ad3fba04179dde
0	40	7929856	0120a88cdda181c235e434b22ddece81872dddf3d6df9efdd30e33af35209e07	fa15fde18004f16c31b5051734be55133e050c5a57af000c83571170d037771a,73a5ecdc89a229924ed11db631107306e497aa382d66ad787b39941ac1b10f7e,c2922906eeefe8512d47d9715fa122d34a723987dfc438106bebcaee57e8989d,17b2ba2f48c857228de9553ac2b38f3d303a7f5bf8f5ed6aa91a82855ccfcd3f
0	41	42074112	a2f071f569d56818ca607e857f77109ecbf0cfea2941645d788b39ed0e3a8eed	579a78602f076e82b748084cf19461cebbf3535427d307224fd44a9954718f1f,6c66f7bcf257ecdb2260ef7ca1aa6c366b7e29873c7960de560ad5b39907a202,da4afab83ef64ea59ad8bfcca397539c8d6097a6363dca050ae5f87720af9e70,86e2b759e904212127e53f49e2b9eba9338b08f94ddcd8531250a9f0b11166b7
0	42	76218368	37591afd0d4f83164c5d7fb85ea9524e179a3e2187cd75f64a5ef01b2f695ec3	c80b749227e6c69cae9644bae80d3f08f71d0d76fb482b03a2a64ee3fd7cdad3,1f57e0307df5a8850fba11e21bfc5a58eef2e37c29a97251fb6cd49a9a9e6a2e,00d8630270de8372a0b40924a48acc2ed4255b29cf3158c6feb6932af3e0000d,3ffb070de6cc0bd73c1f772bf84aa837e00b48a9d7452aeb0846dfe0241c40d1,c86bb40144602f78189ad93736cb01535b711ef8c3c03bca8511e375914107d5
0	43	5505024	e08b12cd3f4ca0a21c47f1b5fe7b33040e957383cd8b4ee8b277e4473bfc0f75	6ccaa0935652b464ea62edb282b7e08f1fb5b0feb1de6b08fe9c7d3a3ccee459,66e13e45c4b0df438255aeb317080a17851c0cf438e4dc82f2e0ee70e6a41c8e,c63e6ca9cbb165df599d6c9e2b2cca8c89349427bd9e7dad33139cdd4ab2d386,3cb33857c573a13b57bfbdbc744eca108d03c2af067e8ebdef40902c2791a98e
0	44	39649280	7e911058ae0366a5d514bb45bcefe7cdc7d3dc7a07c16ffc635a5c9b65813a0a	a6d00bf66d0263622964d5732539da87695b905c46fc719b55978e2ce31c09a8,ad7606a7193d74df0ad47dde53da566c9a6cff1b443a97ed2e51280d9c04900e,8a094c88efb028697e2ea87befd87576abf2898cc9861f4f2d2d8f9d16799d89,470d701acc435def02ba0e954dbbab11abcf5ff5dbe718298a48e7e8a5d2fe66
0	45	73793536	7516f4dd2d15ac02a7c9e26f55eba3324ea400f6e9778faa7b84aba30264f684	ed5a7a534c3e92e74a46c989abd7387355da19bf181529aee3c7695935ceed50,91f63425f13944d43c85617d0bfd38db32334ccbb30db050851e2186d724e250,19c862b86c219c080dca8f97e8507f9f2920308ed9c77a528bb0da7d99497c98,a50789d9b74e4a495890d02fc6256175efca0b1347586f9ce212b3f429f22096,2126964428093c10c875aae248f60ac8b8d0fea41bdc21d74670fcbb82b71848
0	46	3080192	547069209e02f9617faf4880a16acc9cb569a8bab23516e7947b973e61634597	215229be5fa507841372d638f60d7239c7ab6b67376705027665fa7533dabe34,d24b4a07ace611df9616a9a1325a78e40000de19032e51196403b410a5c70e3f,d8981754df79ea35da0f2990b08c21e2bf1ff2d7610d747219237ef50dd78c30,beea1e46195a31614d33d9018bece68964d27b954d7400a1a3815b5fcf6871fa,3492a669def31d09be6e97173c6c174bede3e128da7f559f35b9020108af77bf
0	47	37224448	c8cc0eb9afe97f52e9848b96002be43cb3b4b2fa600661030c95c1ed3e2b620a	e3a307be734e41bdc8f0a862369b1ee55bfac20b4f8b21313e6b5ddbcee08204,1e95138e94de4df2d062773e3a517611f36e3cb9bfa6a8b464ce298d07caabb9,d81300ad305828c97b5a49b29ff5f64d0a63e676406dfcbdde18dc3495590bfd,6a786efacdb113a6b014701891e7b7de468f3eecdcc99d6ea389cb4712572db5
0	48	71368704	6984f129c8127db9eceba1465518b7a27ee497ae792818f289243af074bdbacb	221d47a1476d6a1bc2c47c69db9540ff29e635305024bab1dfc7fe9f10b250ca,f9b2ff88381a500e1e847354af133b2620e5f665ca08fe03e212fcf4b6390e0d,a898c492427e7782e08bbbe5f3aad7b6788f7424502a55996a54692f77961f7d,6cac26b7174917065d24ef32ac5be9b3d737ac0437470fed58b5eb2e9a58bd81
0	49	655360	c5e2df0a5c39af6e99638d8ef1ac16cdf8db38173bc78c6392ecca883489745d	e1e658a2f3d0fc8a6a31956c949c4a94a07c1e04a86c317f0fd3baebfdd319e9,7ca0ce2a7d9b3671103dcc03a8e7dade4c42d17062909fdc12c5b663cc7ddd05,c95ba45e73b8e59de9a67039aab5023c86cc4fef1ecbe64c304e7067b224faaa,7793d9efee9fe446937592b66f2ba0841f6cfd49b0f30d5ca9415699cbf97d61,342abda108d513575dcc9b1bba5d61ae99eb71cf76bea408fba8a45de346d33c
0	50	34799616	9f14091fe17d9cba6443036031dd0658c9f05e969e8589bf3f76cd4510fe8ee5	b552a2d9c4abeabbf55b0789d6da99c73819a9103ae7266cc928d812522e041a,6da6c9910571720a5b5e1fd9f34e43f95be9e6c383bf7299c6cb6c847822b345,2255ffa56d061bb942ee02a61048f917ac6eb14f35e4610c3554ed6a907cd006,75dfe5c6ec772045c0664d9b50e669d19b1c33a5b4e47df9802051f2716f46c1
0	51	68943872	ec4e2069c0248dd23c4826666545b74ea9e2ee0415103ecb3626706d8412eef3	12396db1030e1026206a3a69a5976aeff79badfbcc1d1d66870270dbaff0e4af,844a90602dd5d1cd1ce9f9401447e628b8c84731d4110a7991f7c37e05cae49c,be649361e1e114dfb438e7dea7336a49458558acf5ca78b95a3a445ad14dddb8,81c2639131f8ac8e42215969fe33523f556ddb8733534aa009ecad7ea06571d2,018cbec2581f2db5a73a321faf033a089559122a881ce0c7628005cd65dcbe42
0	52	103088128	2b1c02e2cc8c2a201e7e5c3cdc413969920deec35b76388734c021e5d2016312	b80980069f171adce584281150b649f22839a7e8484d41730a98db93a73dfed3,b1e8fade22d14a437007125313b9daa22e1269149df98c343a826086c7b23856,14a90b61f9a80b3eb2766270fee6e74f7be7ae85ef05a67dae22101f0c114f34,7a4ec31bc4b7aa4bb287a574561aee075b6c64edc91f7b49af3cb1297393e789,3e47825d6d5c9d816b48953e0dcf74dc0e4fcb9962cf20773d2627359d36fa10
0	53	32374784	ef9b9372eaa56e053158e12b0ea6299d2fdbb6c06d663ce73662a5ee2e29cdc2	5a23a171f5f3b5c53d92aeeb9710ead09025574242a462cc7490cd83a49b2d64,650a27e31cc16e5d9a38b69f99b160ec51c87484b72fbd5d0686331b2cdc79b7,09071087863cd45f295c54d0f055be3c918d9ebf263ec7a375783ad63cb48687,cf1d54889025d5b178a23f6989ad7c44de9da9c1442a0c6cb0af403fc911e2e5
0	54	66519040	4a92f97880cb68dc384d02a21c7193a1d6217239dfc8923d3afe4875950db1a2	655d3fe80844f2042b4d2e989e64cc968ea3e01c4950111648883f1c05fc7d97,c5864cf0c39fee1717b7fdc455b11f4c5d4050d6cc7cad604a464010367b3f69,cc3c540a6913cc5a5b9410242722a9287181a768125839edccd9cc7a8f42b27a,6690b7e2b4ed7d4e501801d6e9acfcfc8f4b286734ce03e3ac201911ebb730e9
0	55	100663296	b3f2210d93153e02a5e284b45ee0228d2925aac6f9170a7d32c82d23ecdc1d34	422d6bb8a528169c7290acefe19cf33591b08f3409f5853bf6d2b1bcd410ddf7,c7d742bb17bc6c5ce09bf7b4aac167db9266963c3fc22c1569b027f859f4fd82,5222d26308a7601f80b49a9dadced54f3b52da0f6f571608ad789417fd65c7d3,88f4b6b60c88185940840d0f57cb0e93f1e26cf76efbab95fda5438a3aa7845b
0	56	29949952	fa5642f66801d64b5e3a46495c068d2a3c60c36dd823e756166d22cb08c69da0	49dcdd49944eae829c89ad45b46201573489e050120c4155a0cf31accd62f5a7,8492a9c48bd1fe0762407ee746301f00da10ffe9979b2bcdfdaeba7fc86745a9,bd0c86f5782a0ded0ccfac9626f485c0e9226bb0b9efba7fc5818a1181b0f531,2919274cf20c6a663e13dd822bfdb26ca9114cebfb595b0eadd3e6b0a8ab5275
0	57	64094208	acf664fd2f0ca5819e18e2f24d19979ab789250bae9204d0c5cfc95b04467167	7895e9e6d00692d3995efeae87a9bdc8a24c0ae4cce8bca9b2ec07e87e62e929,a9487fc5dfbe3510f6982d154eaa42ad1e3594e970fa55e5945d69e5cb7b09fe,16760dc40782c100576fc03782f6c9ef189729f1cc140264d602b67e89576026,b6b26c728bd8f2158910e90382980a48db607ba6a80fa409f6933d9896919ddd,47af502b9c2cba09ae25fecb2d3b9ba6589f2c22e5a0214dd9d3d94058c6e2c8
0	58	98238464	f8edee635d88f1f4af85c634550dd5e1be3c3415727c20dadec7497f35431423	1ca8e60eb228de1aba4f54b9f930391be93f83b6b7fdbd57c12a2f55f5ff6bd4,300109266f9a5af99e5829c4f5a0f0a2e3105b71d45e313f45518349a369ca19,5dfc479949448681bd3e8f83fe66e74be68ee60b6ba8fa2780fa7c5ecc875dd1
0	59	27525120	1408e6778220c6677981f52ddebfb0fe0d11544967bade190864c84bee6c4853	e1a93262bfa683024cdf7b1073d2777d1c87c4579b5f4acfeb1b78521e566480,15fb5ca779578e9bdeac617bb2b8e80f2cf609130ad77af29d46b24bf5b684a5,9108a58dc13ba2e30ef1b2c429851989f496754334ef23cbc3ce8792f72e5f34,8462d387fc8f0d31568574b0b7293983ebc189ac49a4469cdf09030cae00e17e
0	60	61669376	3528ca3dcfb73ad5c49276033b2e9523adfa2d17f165d7a21e230a7a0fbfa8c9	cb9dcb605b0709aed1ff3b22810bf9aec35a28fbf4de0be2d15d076f261c7444,b7250250d11d26142c880a209bc2eb801a53aa258aacc012ec3deb56a098e82e,8a7678e0fc45843838cbdd4b2a892c381ff850c0cfb61c5003d595e9b3fb0ea9,9197fd7ba77a92181105306dec93f8e57b2d9df58af2ba41004c76eb62824ecb
0	61	95813632	90d0b7891c5d2f3ee2cbdd53ee1fe6c13ff4346013b74927e506b7a393c02aee	6ca853a577ae4cd832cad7be74537ec1a03eaf9ed6892a67472fee3d04671351,6ecfdb3a872a9be93c89b1d313b73fcb0f313cad7802a1d503f685f788079db5,25b9a7b68f5a4c0b1cab474e2dbdd934101f2e64bf045b761899786f35c698ac,d77add15f94cabfd2f1dea76616925819b6e16663bd0300f9af18f4718ace39c
0	62	25100288	6eacb66a1aa18dff07a6e2b7850412a783a1615c7c327eec6afc6fa3ad858276	2fd3e160aa8786cf31abc81a73e9d78bbfa6dcb68dbfbbe2984468e75f3ea30f,0de62246bb157439fa48fb11ef9961df5937241fa45150e1ee3bdd5e610c698a,6ca99cb70fcad370de90d32e955d564f1bcf6a4b179155b85fb0bd31f61b81f5,d2eb376273fe4c7380fed27fcc2b69ffad6ff5c8071ed1019d935ce1b8118726
0	63	59244544	a567340a3c6a9fc41167a803d7b1a398e6705c22b3505d97705153b9b24e75de	23a97b62f957314e89e2055e23d307a57dd43575096ed2703a0266e439b17360,cf3aecc92685b0c65824be786fd1858f99ab96e5611a4e2e7251c660a2099241,79ef6c8f01b4e033fe42372b242b46a062e7ff78b2f642a9f9460ea8425ac37c,9ae3ef9b0686498d6ea36e12bec5cc8fb0ec7617da912bf42ad4de6d0a70cb5b
0	64	93388800	20a1aab039378ae375538647517bb8b9577bd9e42bdd82405a1b0b5818923406	93c016dc056f4cacae5ba444620be21b6b1456f44f50c8b4c223a679ac1908cc,efb64faffc1f03d1b1cf25fcf9ead035ed9d909f80c4516a731239073c65913a,53cdaa0da91858d3d3aa6e95a1bc695c1740944c791900a78a1000c6c7250527,880f2f284356c81421daeabd41c690a6f67d541f56b85f522a0231107be3e193,76a166a1dc5069c83dfa91fea7a9186367b77f46efc50aaab463822c6a8efec3
0	65	22675456	f1df23d7e0f20bb5ac1cc7b14881d678456f7d858a918b435b53ae93a12a6192	5f104f8caee28fc276eca6fb1c356b4630ec6db02be94b5bac926dc671f036e9,d834e26163fa3200fb266023291d0d2d85f20b06a35f0be1ec535a3019293d79,70fb7bef81e0435d7e5fef3ace37a57c4848dfa467a50d1f78c8d26b70715a25,da52d462a228751f8b0c9e56510fcfb09d531fa0ce64c0eafdc1da012ef4eaa3
0	66	56819712	0e8670baa374e66991090a6d5d06bf9c1624bc19c74c8a0ce1ed81ed3f8db721	fbf5e42f58cefb97ba3113d7c5c3b63b9718a9d9e7367cac92971b1bc329807c,f89346572d81ae6925bf0321d2f5267946f94178abd9b409f1fb25b1063d63e9,7d56c859a14ad69cd4a26e47a79e927d5dec3d38d82e60815e47bce43182c906,9820bdd3e94b6f3dfb757d9cf2cdafd60458e60306dda7b3ffd269066d318d53
0	67	90963968	f8910c9ddfaa7fb04421fe429cba0585ff4646590d651877725759ff5d39f847	becc96a9102cc81d595d2de1aa62f362f44fed678e87502cbb979d0701e067d8,66aa98001b3d468a86022e1bffb4b69b6d234269e3a8e05eb9b3b1dd305be728,1dc42c5cb9484cd67f04e93c6ace781d8e2d0b75d1ba4dad7ab5e1350fb2c630,900336ded68cf0e27fcb5a30f3ef027e29e4aa7eab62080a1cf7e7b4dd849a8f
0	68	20250624	66a20b97a0033b99ff6ff0327ed98117614cce7b22a2f83273895359bc17969c	5324032ef8291efd92dd8dc1e9799e3cd2124b9ae65389b5f4b8b47aae92db34,63ee34996506e09098d2c149199f274a21eb9be6e6b153d0a989bf5dd226f658,023c06cf0217723221ad27d2e67036a0007836278ca45173174f409100268395,ac0282a9495f86573c5dbf29e49428da885305499df440590976c3929f310ce2
0	69	54394880	ddb7c783ac1a09eb3cf0d767804739742bd73f7e0baf74fd79c34ed9f8c87a78	79d0b5d2aaf6d4d964d76c6ccee227191a048f635319260d3b0c4fb9bb160f3d,fde6d54219022f1825a582e81ccd3dfdec56d4f74af3f23566f401804c2281df,c06dfc5bc087854b8bf9f387cce97fe9816f99187ac2f217140148d4ad56bd54,7777933c856559fbd1e64d0bcad6da6e03a72fdd9ba4234fb36a4527c8bb769f
0	70	88539136	e62c4916feabadb2bd144c0009e5a92e447734e28e6124c40b37ae78d01d68a4	a6785470efe8eca2c3588a3c70d71494fb1c8ccfe68c767c35b54575a6082b08,4fa06a69bfb55ea06b2eaf3772962002dc1cb9664925baf404be2777f4d724b2,ef7e714af20c1c4fed341163e2cfc55c4d47f72ff4cf952a022de5860ba2c512,84e3e6de13be8b71a69573493f0addb6a888a9b258e5c1701b3e6263b183f181,151ff0cb9d9d6e3e833aa22e2002b1e0fb8e1be647847cc97f587735cf2cd90b
0	71	17825792	af3b38dd0f6d0058054718b7b1b2618ff9d48b4649c264aa414f1fa8f9a8f5e4	8dcadfada3a51f78817ca5c528ca40831050c05ffc2bdf05050df166a6d4c3f2,d434849fc3e5cc9a0404197db065643611b92d7e383b8ceba470e5cf8ecb691a,bd671e9e9dfb26484ff769e573d2bd4f623a306322a40087f97870b1efe5fd24,02b979f60af43d003f152015e57ca7724ef118da16734cb9aadc02a27b1ee43e
0	72	51970048	64e3624c4bdbecd3fa5f15caeac9511f05c4990106560c525bad04805e870b00	0397062eb502bdc61f0d55dec6b25439fdfd27592a2ae18b96a75ff7531df47a,7e3e010bbdd09ccb7cd2b53f39741f5ca1a8035b65a170c63ea560c78183a04c,92f616d8ec0161b7b6533fa0028d9a3b89d64cf9d5aeb91bb772eb7e7316d009
0	73	86114304	130507083bcc15a3c1802ebca294d9c87bdf324cf8e90bc2e88137a749a81069	3e6e4ba4a18cc07fba8d57dc9e8e30995496c9bc61ca618db887aa4758bb3671,be945c6612f87af84fc79c59c18f90b7233da3dee604e1f39ce50e1932f2ea3d,b3528ee2482e803f164230a25d0d1b1e7842de5c50eeaafa1c7ecf8bc4cd8df0,1215d92e781afa5cee83e948fc06012d05d68dc43d53ecb91dffc91ae8e3a8cf,886a959cff790c782bd79eaae9a98b52e1f2992145f9b24913c763314f528a2e
0	74	15400960	926cb6ac8bb3d6b9c5046ded7460d19e4d90197ed41d714dc6cc1715fb81076f	84cd38a038b5986152f211eeb919be4fca07594a2dafa77fba07e1be03f29094,458a928e54db3232421c7de1caf427c12cfe8d4d0810ba530db4dcb2b99a58cc,6311a603aca380a18606b38da982e399aff3e3d31457b764706fd92c6025dd6f,b2688e1b70937b0cdd531ca389f330f998e4f858465fd327ec8879b18dc3b3a6
0	75	49545216	6062238950240fdbebb4d946b7303595ebb7b796006d63545c7d3b5ad883c781	675befdb7fe66beeaa302ec881972e70966bbf6ccc9a92a631f2296064df649a,a32bde0bdb912bf7f76124f276bf7d851dd96e2825e3fe91ebd5c64701c4eed9,895a13a811319da26d916dec25812e285345d56a9c08dd7804ccf37723675f7e,709e359bf8e2899d6037e2ef611b6f532d01a31466cbda4d5ea20b2b8c453ac0
0	76	83689472	7b1afe1e9986a1d524cf839f2c5d4852f6b407e7cf84c7eaf56754352fc02c83	d83e97b0a396787c30708256748d185e73a526a8c7afea3a731ce706e443be1e,985d2d06c50122936fdf7dce87af5133eefc7e0054e256e057bb84376ccaeb4d,5e8613b7cf8d2937dd2baaab2416f69e865d1e60a0dc4a7f557f5327290fd279,d08dfcb924c3e63ef7ced98fd820ca4773932ea1637f61358a905bc98b780819,a7a1d588d38d135a9da7a6e7edac17058db28074e3ef68d4b300162f886c2313
0	77	12976128	133a266ffe2633088a7cd873941db49b5eb82d8a25a7b600b7f135f2cdb9214f	d2485608cd76252e0472eca49a17c56410ebfe911985db2b095344226178c68b,48cb5c2be2e8230a4f6a6534107a7629f501bdf71c2b0c372d2c29e2afdf31b1,0ffac41e00425ba0b963b9504d1e69f65332af74c80636640ac3d62f734a8ab3
0	78	47120384	8ed1c9f16b89ad24837fa538adee443bc8ea9d3d4f1494eb87bb38da70c6e4ff	c95e6dce10bd688cd6c6bb22614a391f7ace4df8ce7824cfe5a0e7b4f7ad2750,61a5bce54672cbc17ec49aac88c720f8d276e92506886082d685c4773610293d,987af7c0c812b14fd043729bfb3e5966923fbdd835a09e21218990c2ccec6810,7abf20eea2abf9272798129991710f4f03ffc1e1f862fe27e8a2e616d594923a
0	79	81264640	3c4ed5bd5aea984355352a7ec963c4bc544f658e56a47df236f17475360f91e2	b4479dc1a3d0c4163dd44da448fdb39f10a580424291bfdc9e26acd933738804,6e83b8d7fab5ba06470ed3b30ac27895e5b82691b980b152579a27c945e5a466,995846a9024c1f939e2e7e81a84a62084506eb2bdb580afebbb7b0da113e7516,78ca21e69bf0c2d59bec3206dd520ea1a2b4232b227bdac01435c23d8dbfe612,67b12e24e3c2a2ace87d463bf563331e48c3093a61b5d662a806c1d2e0ef5366
0	80	10551296	59093d990b524333513296700756a00cdbff93eddb8c9fcc87d97ccf709dd8ca	e6889f9c2972a4bd8ab4000922c49717bc6b03741fedeff2baad5a7c4051e2a8,a1b8e6b5e591dd3f1c997d580e358414d6523fa91f21d85d4872877519ea85ba,57a54994d0e5e23b16d65ffacb2da90ff473781d9f150e054c2b84d6d6739a62,f2ba7d4687d9d6974b2ed00e47a1e3bcddf1391ed29b3617bd64e7ae553815ac
0	81	44695552	4eb877fa979b7ae72256d8a4bc8f3bb87574ddc68b7f2d0042e842505eb7f5d5	69a97f58ab834bc64da709956aeed9b326d312ffab81fe8ec8ac61097dc3533e,ae01b14926b642bb427f20740d28e87e53642970f3c38c362ec8ee6f6c288106,a9f8ed4765f87c89c1bb08b9ff54543e9cef912edce87d10bb8eadd35810dc09,e3670bd5f3442aa188d1b3134bc754affb2ad3655fc1915dbc487f4e9e6ffa42,17337642f7ee00f4f0a2912817818762af4e405dc5a886583b555b91422d8d99
0	82	78839808	b4fbcd6c86ad32da052c1cc167a620509ef704ba65b327c3fc77352efa4e19ae	cbf2452c57d61fd8ad446c4f43a6dc125790508ceef55172cd05332233e34c24,6dbb5e8f6ee2fcd7db800e38be569e208b8373bc34f8e42a89c91a10559c2cea|905654a5ab70bafa56a11c4a0e75976a21c384ada32ac97a851798fe4ac276ce,97c181f4c2021276bc1d994d3468082f1580e694931e5785da7b29a48434521e,0e3bda2998b8598625a7bfd9a1a7409eebd5dd8a49ff897352809c1e81014d3a
0	83	8126464	70afa7a1ee57c5d0eac10391c781e198808cdf4ab5f848c2c856500e88b4b355	f4d189b6981e9aa15fd659de42fc3948f199afa39969f25da41364c62fc1987f,4c20488e83df17c6a0ea171d4f512fabf52ff0d735b22c9589c9e4930d6dc543,b52a64ae502d231f4f48a19f955a64dbea6ef961e2d85bb371d24fb22461d568,10d52cec7fe37cfb9ceacb6b15786c08d5007479566d9a4f21bf74ea53bd5a6b,3fe43ac7974a37b851989166b0770a4bbd59ca1f6daa329dfc01644b6eca80f4
0	84	42270720	0531e031dce2c12ea5fc10566f20376c485e6daafba35901a9b5f5644ec3c65f	205d032ea544f039a4a6fb83239b16c44139e831fa0a54b586879caee1afac02,881e3423746a25bbdda1b5d421dd00fc9843c0351eaf841a730ad72732dad9fc,cedf8e0968bdc6598a8fb51c477b06e897d3748567bec15dbad4a20aef018edf,60ae06b0ee197aaf66ba76dcf08cd55e0f575e9c26ce0554da98d6ff1cd3a774,0c5c15b53676e69948867e7c5db50fefe4416cd403d3d84137a354b13a1ef957
0	85	76414976	a6226487cd0812961ba373f19c1f3718843237d8ad4edbfffe29fb76a7ece2e2	87a386e8dc637b34d99e6b3e2e9e916f4f30a9df894f13bc54a555ccbc234cb1|970b260d4f99917ea33f9ea03f4934e16e4fc2c3f3add4a8980191defa6756f1,b6785942216de9374885e4abb354ca9207fbd9fc72436add672ae6661567b6dc,a896b912ca5a55842dae0f1fb961a8bcda8a4dbc738ee7e93b7f4751347d59c1
0	86	5701632	294cb4c9750fe0b5616376942e815586406da0a2830a3d4401ba0022e0f81ec5	e0d53c3f59ca47db1d3a94e73a6c5675d2de63697619fe79f4c0c36bc7bcf729,b70ac03d298227e1e008f1c0d4ec24275f6e5d0cd89b511e05b63761919fbd77,6172400282c1683ea88830f201288f4647d283e4a620b13eec5ca7cdda11433e,988dc5e32f042e346e3f70267f6a2565d862ea94538016912c26f274e32d8f0c,a1d3ab75311c5557a18268028b3a930c3c9afe727f0ad5c87070c766a1dd4c00
0	87	39845888	fa5c55c782581c2d3f6b462a23221c853bd802db7711f6f62b40f3d585761259	c2535c580f46afd957cd1bacbc73ee0248d7e1685b8bdd27473de2f369f6b73d,df7381b79e51d496e67962d29e696822fc0ae161772e225b3301be84823ba22c,7349ba9be71f20c18ccae04ffb7116255cd1a84ed314019b7981619abf3e4505,7be14e6a1f8e60c6be5bb3e2ae556d098bd44457834e34bd73ac4dd6abe58097,5cd6c5578b0a492cb640eb8804a7f98d19091381150e008a4f84c3a58bcc12ba
0	88	73990144	713917f994d850d6a8976fe1a7772efc3fb481da8fe561851fd067e379b55a27	4fd3a6e3ff300531376c358b5f6ef3a3c290f7f6a7b2ac85f03cd3f581608635,a7119934c7d3375bb740c8f590fb9f2fda2fba2e501a0cd3f529ce32b2876b10,adbedafd9309854150e14cb225c2cfd1f906e19705f97ce18cef58a73d6ac52d,07028a157cf72ef28e30ba7c7f9bde3f60173820cbe6807ab95bcaf70a31d464
0	89	3276800	d0021ec715040ca345d9b95781f0b49a6d942ca9ae163b04b6c8fdf96854e2f9	9ff0a1e905a3f06e3a8c7a9085b931819569e68691d2866d5e634f101faab7fb,d1f9fea6d71e5893a9ccdaea794da0858022e5a04d869be731d4033df098cc1f,9800405a34ca28cbc9c8b56e63148ee7b4b0003f17a5d512d4e5678f2cc2f046,3fb2db02cce869b7aec4f71acd19e12e83ad4656793852d34f1fee691881b164
0	90	37421056	bf27716dd7bb4ec15b1c649c39412d426ad2d1b356ae3cc426be0d1b8129772f	e0181e093092c364676daaa30e557334413cf604bd6b34950291036a9878298b,c002860bb14e3837f74a0c82e3e3774b5b4126bc383d7ed77cdbe1497e29432b,e2a9748c9619c0d7832f04647d6f92a8466e4f4080d0179020942289d0ed7069,2ee072bff6d07b774824ba9f8191a57e1ee6006f5dba36a72c2afb31af8e72d5,05ba576d16ff95fef2d1e7443c52d17b9afb716afa82a23be76623806214ae46
0	91	71565312	40efbe5c75e8e3d83866c4bc11e6d0eff1bca15e47381e13a5a034ad08171f92	57e9bf28d251df58244e93e632be2026b60e69e64312d56080513e767203a67b,8f758bacc1af100d5678c41c5282afd4ee78beee6ebd1c57b92e7a06da5a3c9b,98730d6c0833fe536615bae56ade1378e7fb4893b1e2c65bdd09d4de08059408,0971aa891b2d1eb20f57a13fb126896eb90b192169cba229b73150695a24dc0a
0	92	851968	2477b5abce264890c8a9eded495fd834ca788dfbb1c99938cbfc45b9b474adb9	f74f7665041c56540bf6fb057c8ab74a091386fd83f78312acaf6c407b91e9e1,80a25fa953413f7fdbac71ad7fa9681e2655529c94fd3612b73731a70aabf946,5991829dddb7e0d017a0711230041673a3af84bb6b2f3d47b25f9b392beb4502,2f631b720fa11058bee138a82008abf55d42c5be196d4fb8562cedd41fc4ff21,db03e212f550b08faf03936939dc789d35f814e84a9fa1316217f33aeca5b90a
0	93	34996224	26e9e0c2d66ac9e508c4606a7a866b97e6b83d9cd0282d8ecf878bba57a343ed	0e85bd3295f4da5794e4e7fe8f054945fd81c1a4d00a491057f23cd867ea48f7,a8d5e35514fef3d8d6cf90cf1cf21dca6166989487a711b1a8fd26f07f65640b,b9780e97b2517893810403ae57fdf8ce8ce6fa9edea0491dcb91d582c2ab60f7,36d5b09dde3c3328593b43dba8171c0c392832dd33e5d338a18a7ff227f8da1f,61089dc4f8268178f616b60928b24df8b2af5b414288975eae0c0d98e3114d4b
0	94	69140480	f273470e83de7cb104ba670f29dda37a540ddf9138bc28318be19206409ac04b	5c839872a821d22681a9cabea74792ab86345719c6e769d726493671287b3cf8,e74109e2a65b1ad1b3e89cd0f245e3f33237c531c1015a613fff9a01c253cbfe,29ffe1f1edf2a6cab7836083e1c195580d914e4c8c1d704670636fc7754d3420,8b40caa8f5f93787673f9112d28035dbc1026493ea79032448e87b9bcdb113ed,5ca73a8d47872a4f435061e713c23f489901ed88ec99129c813fab4a49f3046c
0	95	103284736	2b03f064d3fccb9b0c3fde7d7712127e37e6a2e012da1d7dbfbd64c50c4d543d	7b109c6b421ce44ab16aba43ff4b7e465eb49ff13b9eb821f3ee395be5bfab5d|ec71a910daeeda702b3eb74bac177c564c277694b49fe1980743ab6055508d50,fee1dd842a60048db0ce850eec369056d2408e31793d5e8909d8c6dd003abb1b,013f697b2cc993ffd2861f9d24fca0cd2ba2c4638675e5194f5202648daabd50
0	96	32571392	fbad73e51c13d0cc13f53fc2f9c9b5b1f0b563828f08d31e202796fd4dad7eaa	3eee41dfd964461b73833be2f5c54fbf6a18b65a31a110daf1bd721736769644,d6bc673d4060950ef43d4a392bb35c2a6b94f0ea8a8f65b2ccc184579a88197d,4fb28808305a1b4e485752614660cd386c864d4c6f3bcb4fd0b5f197c84252b8,f636ec15e6105e0fe375d512b1c57420e7f9af9c617e44485f95eeedb56ba6b8,a9be9cbb400d8130fef2c9f823555c8b88bc5310f8821626b56af73c8a7ca708
0	97	66715648	930a7b44545193b6a8e3385bc6668e5c779836963265bd4a7601b0bde96a305a	ffa48b967bebd75b7fe70fe19076a20add062c20ab774ed566148386713bb7cf,1d40f959bd1767f4f2d97e567c1ca5d94383ecdd53e216b035a38490b0ffa2c0,5e4b6bdf7f20ecdaf475f44d2b0bde82299b13e9ec8ef3a81b67cf373ae5234b,8d8660f31021cc344f966030744f881fc2422c0f6bcacd10756e698207d199fb
0	98	100859904	a6a1daa4f14caaf57d7164957428c26a98f8f9378e0e47ee569f223cfb954aa6	faf7ea72c033021fd075954ccf22b7f22395d4a94b97c93c9f6b04051a71e112,b26bfff68f30e493f17dfe2f33eeff77cb953dee799e36d23d00053630cbaf37,13cea87c28a2d983bfed1ed18d81ad054a6b78ffcc52f00f9207d0a5393733ce,2f5fd9cb704925a52f25b8652e235db395531cc9648a664c75c7acdbd2a28c58
0	99	30146560	00a5148a599d76b257dd05e040b7011d392e055b08071734ddc4f4c24059342d	4755535c29f9e4028858ad4244826b0490785530c35ecf9afa2dc4361249c578,56ec6826f22d90518595e325e771fe9b310b7b32fa9acaf6cae22dc1efb77a28,87dd4b9d43216869ff2dce82c2d446827259eb10ca167b7a2deee0fd6da41831,e6c4dec35bfb0feec41031989146c80423133ac863d957f442c63d5e85721672
1	0	64290816	78c31e7a4af88a3f0dd57220807204bf38e0ac3c9b948e89c915d2f3e26f7316	213e11ce8dcdb577b6a81ea72f558158b75d48c040c883eb734f8e94e9fcb292,780540ade70e3b5de50fb801723ccca0980ecb1e0e6e65e2959183da43715a84,080a10eb7196be30b80d586751b9dc34efce1ba788eff6450fb2291bc3f2b381,2d6a8c442b03ba5671966697325d4b2b9899dc51fb7f100c4af8ae595003e369
1	1	98435072	a5a602b04c21fe4f79ffeed1f8febdd83960f561be6bb4b563655538644415ed	6a721db2e747d8df5525672dc86aebc07406a7083125e777f5f76091810b23fb,897d57cead77ab424fde4c5238fdb85072c7b0e186f4c8789894296bc2f09b19,d5b4d0e771f6052138258e6e3a5088beb3a143aaf7b2c8d5bc2d3264fb2de549,4f1de246381dc1d7424e851bdad83cbde69d108ef0f7590e5bb6ee98c78affb1
1	2	27721728	387f5878746a7b62c6da0418a8971d39ac194b3ea0b8e0a3b80351f7b285fd5d	e722392613b4267f6b9409530517bb2e392240aeb4fb43ca44bf213f12089b58,dda3314f1e183f507900cd9d0fd998f8449aa1c1df2461aa9b681de56ee9965c,7d025ff4aa7e8d1bd124f9d0f2c9eb05456fee1d6347c89ace170ffd7f30b03e,b1bd3d4dfbbb4dffc2f5bf3c04929888f610949c58fa79e8cecb4633478c3b3c,136e071220016239758be491534403e1bc658e86db5c3c9239c31161915e17f1,bff92e6750d30647fdecc4864ad9d454a293104952fd4785b2d899f85f23e60c
1	3	61865984	5fcae2aeda05568b7c117610a5a3ef56206521232ac2c519b3376ebed0fd6651	ed9cb09271a88436db1b4fcef9eb301a094f0ac3fa44f69d9ad5808d426bafbd,db86dc1101e7a1aa288b9948871b82db2656e2102ef023a81729623b928e1b53,8333791ab844bddc8646770130e2d336dbd39b4834110805c7f71077be4e4f85,30461dbb9e6ca4bce181f85164d8c8f96936bf48dea03c197c9ec2c18bb51e06,86cfaebeb72a110344f896e99550e97da091d991d4168acbb36123be5568e9d3
1	4	96010240	0ea0707923683e7dfcd3a5e81a7ec9b3492fd16d6fd2cccfbfe07c40787c6030	d411d7e861d003127bd480adf9ddd8dc05767f825926ee8c8e7a29f8bf343d5e,a9664773f251368c9fc26cfd2bf86eae08e8b060090d78d85a6a2f6c3a1054fd,ad3d2600c53dd96789f4f299c97277c7c1fe56fcd5ea3c6fd2a2370ca0a74e1a,092177a32594a7ed2c8314e35685ec2d9681f07829709c986793abe5141ce27a,70a19be427cb2b7d70d92ba7108be88b4a85cad85da0e2621c7374bf3e97540b
1	5	25296896	7900c739220d4ddc20dcc1a23f8a9354fa24a5ae11d7fe3caf5babe589cdc4ab	2d205087008dfed21b3fa51eb522a0d6a874e2bb029303b72150ce002e3aad4c,eb628f0e6e848b3d85ebc53ad8e9c945cc9e2b3b432380bfc7bd56dc6df1c66b|a49abf74e4c15bd6de2a1f0cb73b10fa5aebd2a6ea17bb3ab9c0c93338d5a323,8cbfa37a41da82fe3c0b9b696cc1d2e3283085fbf4d6334841ac2d4e79ae8103
1	6	59441152	c1313afda42931bab6c3010849a170635ac3ca38abfac64c579ae3e8ee3f5ad1	95e109103674f663b89bd8dacb4cbcb7d5604a397ee236cb76c52c8dceef93fe,81f317c883dee1e141265b3fd98098a6634ca210482ab17965d72ab1dae30d69,d76e091cf89911da456cf980f0b4d9c70856c61e292a179a3a61fd5e6c5a535b,af5ecd9bbd7ba62918c24af2f2b7005860ca1c8b731e27e0b580c569562428af
1	7	93585408	5f89b64cee09467dccc36feb697358490bc9e47a22d52bc28fe8aa3576641856	3b26b6f981a584eeb290844e691003fbbeea2370104aa6524becd6b2c598fa78,c6b6c63869a641e00cdfbe3b63b20358cbf610123177071b9058b817f6702676,9573187d81b06319d07caf63ba25a49c7e4afffd8a2ddb803d23c9c69a00583c
1	8	22872064	77ecf073f33297494dd1bed055ed2a7715f52dbdfaf3d85da35a871060dda78e	07b9f9f66381f0526b3dc0132fa2f026bd39df69fcdf837d024c9d35ce3b9c67,f4c721c6fdd4f263da2c6877fa83a967134578f428759ed1afb78b78f7570cb4,d2b2efee35c011d0ea929f8e6aefe11caf956f9f99b20538ce9e5e3aebed579b,8297a71c5e3938985698d65d1825074d8c7982aee5bd1b93f98f094b8ccfdaa7
1	9	57016320	fae75b48d6790ff07ec19d91694a5d3c0f955c61ff53fb2f60500fbaffaf0886	706dd6d9f032f659d213a788efb7ed5405c631f62b565bc6a45abf989b384f39,15e410da2ab14eeb4af18b1403584f6b49e08994c7131a6056221679fe5fb24b,ada4fe27df4baa61968f39f26f862879901f8aa31d2d6db9104af31d0c247223,d194866dec8558f2d5da573003f5c7e080549d25b0c209e9d18617dfabee80cf
1	10	91160576	6490dd7366cbedee5fb02c53ad2184c67c21d90e54e5aaad5c8b26a99dd45f0f	87bdf513476f42fbc1b3a56ac980f50082a281492720ff30f8f99609eb0d2ea2,1efcbdcc74bc093e7797f601612e636605bc6303896b4a9e1e326b9bc9b4ed45,34caa9d9dacbd31a41efc4338cc5a8f25ae6e17cb583335446a1ad0b89c31a8c,a59e27da50bc78f8fb7b1dd116123814e24be10f4b872d8b351f06c0ef7371c5
1	11	20447232	1da96d8d528771a9661ecf85316490ea5fcba936facbf838a55c610559fa31bd	f3fd454dacab9eb6eae4ecdfde1042c4c5be5175b76d404a7690e2e46005907b,98ce1432381cd2e2f3d332e53de39b38f185e60453ad024a64936ab0645d6d36,a0edf0ba6948b17e595e83d582e8f690a661215b48ca79b5ff7d09f77066b5f7,3950c71a6a15a03c17ae29e5df2b202eb92e5df69545b7cfdacabd200dfd4f45,d53005619d46085d59f1d02357ab51372562bd9c51992cb46e4fa7b7e016a45c
1	12	54591488	c766489ee8a705491a83c3ec376778f7ee7c3d2f435c520558889471b6881e18	2e546e4cfd4dabfcd33cf7bc22e84bf5d4337ae5cc4d1a0b728258b48e586780,e1fde4a3130dd48a7e369231bd66615867127942c686c0a417b70c6e94928232,0935ecd1990a6c80b08038dc35e192b69bfe2782e2f113077ba0555f45ac8dfc,3913be108181f5cf4e018ee67659026f54cf7d407c1912a7ce367a9bba688968
1	13	88735744	ea1c843f2dfaf7dafe2afac4dc0a1702f08a8ed8cc33e21bddd4ebab9e638cc9	96f8b45c8033c43fbf00938ffd6d15213f2224fcc4883c94888ba04635e8d0d8,5f80e1ee2595116bc4f374bbe9585cab4c63272f426f83cf0bb6f8f928aa4e48,2dc8b02fafbed30f140f621a2e7740f1ae46564896fe0ab0b5850573c7e5dc98,dfd27e0c2f68842e54b1aa141ce02f400e98c365fb5a339aed3931d8cdaf81a5
1	14	18022400	72ac019b683dc52f31af00d2efbd0f3dfc8db3aa529b20ae06dde126ed420f41	1bf656ddf835581f7a35dc7b4c321d6e6e24920203901fefb6fe0dfcfe9fed5f,a3bb3232e08cccfce2746a2bc7d7ed6903c16092332a9786025338a64058f647,1bcc5e000d011c33b6f0010ded399ffa81f08fc758b9515024dcbe89bc593760,2e09a7a6b96e72cbb6ed9bda3b6e2b2216b971c02c2b84beb96a6f97010085db
1	15	52166656	13860a6363d0afb9a800ee231c3ec697ca5136fed6930ca7235038895fa37a3f	fc6f990460d61db10b268843c8fa382c5060faf31776dd1901de3c6c5c216ade,63999704767d5006e9e224ff5323990899bc76f0917dcd5132c7380697bbf8a4,3162de32f9cfc33db8df6a045b77e22ca93776c694ef8d4e8596288a90169943,b0d6ccbe7c0de172309828afd87d14327726f7292dc66b41f7fbe7b0fc154276
1	16	86310912	cb77e172ec6bd092ef42bc657f41cb3c182ecabd6e431827e7484f90dd51169e	d205515a2c3f4a0e611151c81eeaf52715ff4c12712f8d90b9c1372c185cce7f,f49dc491fc753cd7a44ed875a907a3b22e5cf1d8b9927e551b571f3cf1c43938,93f8a60a8b591b2c9d2fb770e56035ba52240fe7e2cfb51c135201f85f988f9e
1	17	15597568	a6569222f1d7e2e0e35175a19906b564d70cd3d04a4d47af443d65755ae7d94f	7c5ea24cc3f96c207edfb6c552283bf4779faaf4d3d55ae0ba9c95321aa949c3,10fb0cf336a99659b6b3d080abd68680ddce2f913edfa352f43bbde2a8977f6f,e16abcc969b4e4b1bb9f1176ac394dca1df84b465fcc9c0fca825b98c63390f3
1	18	49741824	886f1429d1e5c331eb38db8090d21d8d7e9d9b884ea24524fd7ab536935c51a4	50771f0994ebd6ad913f2cd3e1b196bace1f2240e9c8fd3f459f5f7c668a788c,4ab4c5fd5e0b1ee3f08119698e6dfa5f5e3d6624ae48e291db4c56757175a223,af443a5f46591b7092fe3d693721c9054e29504341d9c00b53ffef3264c02194,2371e230adf3e18ce373caac293494f55c78cc02fa7953eb45b9d5a12bf6ec56
1	19	83886080	76565c531d18fb60f912e599fd2f505fd9817bda05276c35c5a7d07468646a4d	7d1038c0310e1f700ca386eb0d93ab12d601110b06355b3b85bc4d6725652adb,8caf4e4f5f74fda908e1c8cf9d4c0221d536ce6d0b256052ceec49739cb497d9,fb515fbb97a9ebba4b70f4d514d3d9b900fd91aea21c08ac9a4c3af6b33e4d61,20ee7f17e85a1c1e82e2ce78d0197966c5a2bc34d0e3895ba16f91f27317cd0b
1	20	13172736	153b27523bbb0607e6b4c8b48df7ed518e00c4bc7173801481278e6e68f5c788	bc85541bc25da46f3c9fd9b79638f8847495546607b80752f03ae4eea4dbea6c,0a504893a619a601972376e3835fb9e6f7d046d6447fa6a3d3a4a6b3b0d12ad0,df88217e483b8471aa910dbbe44d7d8f9ee826cd7b99185b7078e76b13eecb08,e59b842fc4e0ff82bb24a6ca8de37e1f15a1291809b5fcbf6bd66b510a943f77
1	21	47316992	c2fd84232543fc2e8803b4caf5a90b4fff5144fafe9ba98044b11b8eeeda926f	cc40786c43e68a0af86908181f7d6da69b77e2e62b4e03f05f43b2c7af389e58,515ae6df58fcac2854a03c80179579ee96b1f84eab17a04f2b49832500a0db70,39a1436a443d471a38017ac2fc5743f5fdbcd86b5d2b3284244e42aa0be70b70,b43f0b300d6b6af53bad6c03bc1915cbd8a0c51e12688c99b724f2ef8bdadb94,52d57d24d90ee9de61e5ea0faf5c47206373e6494b6a7e56686caa897b2a2871
1	22	81461248	4bc2d215ecfb435b32cf0120ad6fd06386ebe3b370838dc8c275ebc0c1a4bc3b	d1bb5b3c4a6f53c79a0962a180cad34a6ec1c7bcf9a90d3b41edddd778f0686a,be2953190c7ec1013ede1f62749c507c0b2ec11f1b1a951e019b721920403b11,575090b33d83ca91b30475b85d5b4ec2d5c2e5b85fefb8b3d1820221de2dd821,0c42dbeec6846bbe061d2f0a63631bb273fe761a6109be31346f5520bdbedd87
1	23	10747904	e88c6b3a4e36579e7b9088532b163be4a496282937ac771be53c51b9ac5cbde2	7db9f6ffb9c6c682ffc0ae3776e01dde27bf16da90388f13589b7eb80d1557b2,51734bbfd8ea78f7b82cd01bfb16ab3c84157dea09329bd1dd9c1416ec8a16fb,db0cfa74405ad39adf2857dd5a73ca53f6e1c8f10bc78f4b5d228decd260e33c,4fce71e840716586fa7565a18b01e4c371a6ba14b87e139c0e4c7f623bf78cd0,8790592096d22ef8cc9d4ef3d5558b4f5210ae7b1fce3b2897ff538048d7b37a
1	24	44892160	c44693d9d1c675bcb098d6d07eff7127a9124006504b5288568f27310d26ef30	bef63b5adb0c7a9884a4c6d750ee77fe79a9a86a49600cdeee382da4b40503c9,d12f1141ec408a3ea94cf1bee7a4b01b42a5ae469f16497d2d98da0ab2edf634,6e8371cbd1d58f34bca7608162ed99d97a0eae6b7e57413ec089bf0acf9c9209,52ae46ea978f24ad5647266e3229e9b9e26a896dd5e4d920ebfc315226a4b8ba
1	25	79036416	e13850472f4a9a7375c9ff992a2a4fc31d93211b6230e07ac640877e149f1107	6ee55407c24bf6ecc4ce93dbb418751df5c60cf4b54eb1545ad9493066447f61,3339445ab02b98cffc3ff96bfb62da8f978e2ba216835328e38113430588c50a,3f03a313b4f6a9cdea1e60ab24dccb4904ff7cb79f0d95658f1ada6f536b4cd5
1	26	8323072	947689ca6a5433327f2763d7e502ca8336621b53a661d0ba4c941e576ef2ef6f	60a903f1cc05ac3863cdc9cf3e306afdd87680b3d940c32d42abb53d757d3865,31ae4ede3119c930dd6371f9a0e1245bdbd766bf32567ee0887ec697a209cd5a,d256093e0963859d07404f408e0ae903dbf2f382f0b7558fa76384437e472b1c,e8c555ea9de272da5f80fd27b2b31a5f178c9cd37293d326eb73d92ab1d1645c
1	27	42467328	33df29790172e8efbbf7dbf0792f26842e6a1c3421133020dd182b2d5050141a	5e2143b2e7b7e7b307cfbc7fecbcdcf43dae6426948c353a1980f76c8fb4f3c9,c75396b0dbbc6b108c92e63fea8c3814187fddee620f6097d7c5df3db2b0c070,788f5026ddea0c9fa73ed6fd04f14c195d74f72678e3909bd3bb5a296f5786ae,1965f816b062999bc693859a0776e18f084c1b63c71185e79ba3e041d4a7f1ea
1	28	76611584	8d23f3780e2f5a65e819c13defecc9ea02639c571cd4001061c52fc9e5b581ae	83112529cbb1d938533f76fe672156645da482ae53ab21cc2c65e9068172e0f5,a8be7455022a573c11db044320f26e32137281094bf0119b6da185e2bef020ff,d03b83753ce342e755dc10301d1e296e620898ab5cb6f457138afcee9039a014,1362cb88f39762bec34765fcbcbbbdc647dec7554ce3311bc08a0405fd4ab8af,940b600b3a504492ea9d485c6961b1a0e57f41cd1b32f71c2a852c01fc0419ee
1	29	5898240	ff1d0814dbb801ea27a860770ad1328f0944343ea7d9019494ac59a2e6b7a3ee	f3f8a94a0a92c43704166e2db6b34fe3f57d8fa7b45667406001cb729c482610,22c554ac38f4b06b5780a15c4ba0a466f1e5ff8240edcef1f9914590e26b5cac,c075dff746d84885aa6fcc4d02595c963f68598603515cc473bfa4106188dc41,967906cd261ccc7a6206ba16c435957277b16bb27adb99c821f53980ea79a956,daacdf6132fb87be2f720e85b37b650d63c701c313263758808783384e139158
1	30	40042496	fef4b77f9a39c973566b8bf709cf11ca2a47ace7f50f2b8e282a3e87850f9e25	6fe2d1049634f27e7fb1add5266262473c1ff40de90e3ecd82d27db511600186,1ab8b48cfcc64b5ddec592828aada4d967f78f5d2dadf6facb89e5dd7b8855de,5b79a209a7bfdf7ce4edd1f596422e34797f53edb55f46a0e54245631165b73d,fd8ba38ccc2272b18f7e5e67430c3084def2a7521158cad3f3b83b08193496ba,00e0df340eb2d1ae153ce1d44f548bd9283d1c896fe2ab1249dfa1d384fe2a67
1	31	74186752	42f46440e689e24e5f0c72138dfb8e6225d8b9d8d325e8c6569075b7a4feff58	25928a52a4e9ebbf9133a8a2b102c533d669d96680d4a81b965740d3387c58b2,fc742a3fbdd358daa24b7532c3f49e79f3e16c507a0483a4ac7ced322d8f7d37,c9f78b87a0d9c550d2ffdf10c0edc5f7916c1ee0af37365ea0dc5504665246aa,5ff2a48420e136e908d88dc4b4509b8f62a239e1ebf76011ffd5fb20f64a21b0,285f64dba5888b2ab8234328c65104e67caf3940f6ec5ff1fa382f80abc92123
1	32	3473408	d3af243ff6e2123fc032bdaf99fcf683ea5c788302b12ca2a9bec31476ac754e	7c45cb5c0cf376aa1195a78e94fb24ee87b9c4ab9ae3f2e1d3ff954add169864,cc2869b3d81665debf0b241fa0fc636d565e4dd06a8e583721ed391a9a83206a,b050561be13cf9ebd6a5083a37a0b65ec2ed05e5b721a2a5a0c3b1f1da49b4d9,bfb92ab49c31b5dc267f6615413b44ebda37a30d5fcd8658c2dedcb39734dca0
1	33	37617664	d5e5a1b7ac795a098f18ba5851b7b3d7cb6c4e8168ca34adb2a922d0160733fd	cc5da8dde7ef3d887a18899cd35a1b725db20fa399bef05d95a4a8ea0686ad53,83525e2ce2b2f20dbb8930910927fdf4e07bb93bb2edbe0a48b69b56fc3ab02c,81f29c7630c40b1598973a810fed0d904365c447ab803ba53044d2180af93c52,998b839711204658b23f6e9670c26f55b88b59a022fece6e24cf20aff7e2c803
1	34	71761920	52c9fa4b30b700aa2423a0ca71fac8bf1f8f75768ab79e96a5503551ce74c6a3	5f7fafda7a0923e07d2413f61ae05e4ccc9855d589334af52359b509696fddde,85828b5cf7f73e650d1ec84942fd2b2eb42e86bad1f751d5a3b76c7aaa3ac47d,9b34332d5c185c7001d2745424d9e1302842bb40ded59f08b648fa8f3946e497,9406fd28eacf6193b929aafa8d5ecd754d252e6c5a8065ae4905381e4a229802
1	35	1048576	2dc8af82a5c4290119eba8c59cba6d458701b867d3a34d37a8eb070584be78c0	e10416f18e3c55b0c55afef9daecdc0586da115b5e13d5eb86a99f9be2337285,954b73c54a69fb3fecd7cdd66c13b15e819681092379c9659e83b86262540441,d7b62328e341172b4c78cfb54450effb85fafbdf28b124cf3e1c2485b799ffd5,c5f9ebc6544555f99403f95eb1da94522126c8cc34e04b37e839c75dac3c0496
1	36	35192832	c8193241cb52057f0b38d646c1d9c44a3e63997088242f4d95352c2117377dec	ee975d0d9ddb967fd5bcf99e92ecc50074539573cfbfc0cb6e72364980834c49,c05db44da78b6b262311c7de32256f1dea2d613cb3503f2be57d960f2b668273,dce5692e9318aa9077d3288881d835ba7dbbe59a0fa369eb02bd6b34351edb56,2225955bb8754912b132b982436a361c6b127850991a060c486baa323325623b,43a8f6176facafbcfd90927f098f7956bb8394ec94793c199268b66ddcf38504
1	37	69337088	ac2ee1de2d5ecb8072dff14935696e2b2c3f48000477ff39d68077c4302cb1ed	2e47ed04a7f7fe0aaa87245a36a2d940203e2f60dddb7f1f7821f18fe77b19e3,ff86a5a9076461d7196a94fe72b7292b30fd6a4a200de1f1609110924497604a,9bd062a91da2592fde4e41f45f05b42350d610815dcd79ea5642b75b3dc91ffa,0f725286dcede0c97049aa5f7d2e9522dd96becf521e2315cc86dc6c951ce675
1	38	103481344	cf177ea5cec253fa4f755b4d9baf75dfe65f4d94c5d96a80daa749f68de37881	d7b1b26066eab9ec01bd734620f717362fc9c13ba73e2219876e84860dd95719,2bda94b0c960c65e0dd838416b85f603a1b4b5e44aee30e32a8d998ea9920c34,6304639d700acefbb2b61156438f1c51680b3d60b23c6d769f2c7ce1f953d6a1,5761ec3171266e24814670a97b7553aede3b6bba2d2756e3c48826a7f12c2deb,9f27a1efcf0553ff0488a2f831482e5b048874893891fdecbae43b97500e7dd1,6b94032198295be1ad0bb84f9c62bfdaeb34cb968ff74dfaa1ae9aaefd3ad20c
1	39	32768000	9d63c2593a8ee84152a9313c7c9e2424bde9bc151cfa6b2a78a6e9a2a9f5feef	77917f69f19b7381e1fddf2561aafe3a8dc953b8f6834cbb0e7cee034eb9db9b,42d02dcd3bc80aa5b960032c426df91b72aad92481b047c75033b2a79dd85873,62cddabfb0a538d9f7281a23e867fece9b37e58932cc4339bb88359399274518,ad6acef98a46c9b413d05b13f44a20200016a652cc9e8a65c7cb0152c68cd31a
1	40	66912256	d583dde3722a74423cbcea5c05fba9d950c7fa776c0ea241abd4973a0da1e4de	5f0636d0b4464ff8019fa3c33d9f8ca6c183614e098d3073c94ca39683f85e46,e46b5d6b053b5ad1c2f7894885e7ed31df90e62e7fb4d604d065cbe43e1f6120,76afdb7b2ab4206b4d7f7c7ac26aebea0ec8b0c9a1af1db5e8c8b642d84daf01,ddf51dd31257aa5aee87256bcee35d08107fef2e5b973c257cbd232662415070
1	41	101056512	9b04c962eb26dacf5733385bf0e9182e7f63371da537e53ea22444d8e4a7d49d	937f73135549fda67322baae45f2322f2eb27c4baf4104ad7a5bad01bb2210bd,58cd98bad60c21e76a61e5889d85b4349e8e88aab61afa7d214d667813983d7f,665274866930c041beae1e3b772cd91f08c5f8bbd4fee9fa54938e81480c2eb2,501ff33c48743d134afbf3e158d39d793f8caaeb70223d7b2a91187ee8446954,7a2897ee88e6e9bb38bd108a559ddbf15e973e4a44ab26423014264419d6f7e4
1	42	30343168	a6f31368380152544eb9ac1ebd7534f8731f0ac55b0b4b60217a1427cda34661	d85ce501c2944aba05d1f0dabbee78ca8c7911a85e946373badc2695a289d22c,534c60d2fbb00c0cdcdee8a55a54763d1b5bbfeb3b3dd4c9ba098bfba57255e0,f91d08fa61b3cb5f9befd6da741a89ad9cb1875d1e88604856a1414cd9aee552,13e93187c2d740ccfd7457c9f3a7607ec04105c1ddc8925b224ecbcab1af3c97,0807760e25b0d4617e0c2c98f4716a96f499ad69e152a1487039deb419f3d0a3
1	43	64487424	29b163dfbe92929a3951041903d2240eee31efa11e0a3069cd6b180eab40f19b	091704609280a165f95dfa973faa3112f042ceec55008b9c8094fa1f6ebf5841,16957ea125738e9578468dd5c929d053b7efa5dba29ea902bb088477a943db02,7d69d172429b83a1225d80f3db152f6bc678d01c394142b95dc13f6838a82f86,2c19c20bc9cae0822820d5df5d1e15563409c48fd91a5c60fd094b37b195f111
1	44	98631680	22be6e595104a9623df2e218b3788234516dd7fcddc54a3b72409f46e2a0f30f	6ea1b514e4d576233589e7f4332d260cc65c7275b61efa7c2def23cb933bbb66,8e0073cb48a6bc49d410057c76d06cefb3e1a5160afbe9eb27eb237e29b3e106,90bad497c98857961d85225224566aa470fea8ad66cdf6b0ece865f709c32d47,8b46fe92a4b470463d0fd6ddf874e3dfa20d05464efca7867a7b75793b52d2c6,c78c0c0119aaba60f96fa590414599227795c2d5b68a3000ecf76c1596ffc157
1	45	27918336	a1e1a4609cb6901b2eb054471119bdccf546151606a2643d649bb95cf7366ab5	35cb5df66c48a91a1221f72569bdcf04bac896d8dda293a8bb869ad83e2bfe4d,93234624e62c4d3d9171005d0e7debd433ef7e94bf99fc7d85adab474dc05bd9,1ed520ac0bbc477d2c369a51c2465aace4dbe4168e4a79649fed3d745b730cbe,b986288436d94081f986cad0384cadfecab818556800a650db825c89bebaf54b,10bd43c78cfe949f48f64b6e2a879c07fc1122e6517e96248521ca7d0db366b2
1	46	62062592	0590dc1cc97bf5d3407a066e1574fe34f13acf2975d22cb6b619cded9f8bd949	321e65bca6febaa2af2454ae4ee8058e73e8c2ef2d83a7564c6a6956c94950ee,19760d2e4e03d3ec8287d709d894c6355f6ed89143897b9e8f7a09a0a4c397a2,cc1e085459498259f32b2ab5e9c1a49e45d5131b1104bd5e9d74bfe35fb78775,5d42f5fdb10daf40908438515c2c36daa230017d50b440ab964700cec734a702
1	47	96206848	f0209023f4482d0f268afae00fd8c61af8fd135be204b45c6f0646fe89bb2b8c	d881a697be8a570439d0e7feebfbb541117b3458f39650e1d741384e53c527d8,e4efc88726ad5253becd01d9ca17886b083cfc958dba19a87ec230584d775acb,73fa162a0890a29221116d6d5c82413debb1d2b09129515248110b137609ea52,e98eb2181fb77e1b16e0b736e21c01625f9123b1e421bc77b5f03aa165fb6126
1	48	25493504	f9a2c2333269d8154b2427017a42bd808ae08c68911e9a196384c254d370d60b	5039a04737e9bebae4c22a09b921399676271f3c8069b24073c1be9def311da5,5d58aef559b945c012b9079b2792d54da3d036d4b901025ce8b5de07b83fb983,d814da8953ff4f656478ac93dacfc43301527773719b12f31bb3e13133325342,b240a4cf7bd79a2062290dbb3e67e367f451ab58fe73298aa37d1f5ab3ad41f0
1	49	59637760	79c0492c3e6ded3696ea90053464ceea692b5b663d033e8962ff004b835e680c	44faaddf6027ea60a0c679cd7a752b8708e6100f66ab917c655ec50ae1bc2fa3,c3e6602e5c29ab6057f0fb0de91bc74df7995ba8c4b8edbb9a9ab263a2c8e374,2fb8f96658e6aff8b24b9842082667027e56070fa5924d1c04cadc436bd5a540
1	50	93782016	4410c449366136906c51693c4f4c9750b8e3fc0c0fc32d71630c3d72e3120a23	fbc1c23643f62d5a1aaa1d0e5f972fd0f841f598a0b44031bfdb4468442f171c,c79d0b9c1e2f5f8bf212a5345f70b2d9d50e8d6eead33d094ade5b5147b88483,6a80ee6831af5b7bfd46d292a018d0b9488786428995400e29ce7ec763d29202,bed20a5e56329e2392b817393951e299d705081707ffedbaecdcf27dc0d806f7
1	51	23068672	3ac69b0f26fd22b7a30c9119438d29ac77cd82c1ed3dfa2645737f3454044106	18284959f8e1a899041b1c9238d35a24a19f825c151f0726daeb6fcceba2a448,85cf6261a34a0f524debf7770fdce35339435e97b9988f0cd3d643d8c1333b4a,60678abf3a333830b273a665a720128c1c0fe2de517aad33efdbcd033cea50f0,b6f2db824486c20844de8786f04d3f221489146749502267ee8d2f702d3b348e,e76736c539be4f9f5b198e20332d2a23f9a4cf131ff01638e377df4daf97eb58
1	52	57212928	af5f730955dc7d725b6c8a4bc65c4611ed7d3f44a0d1201c73c39f271cbd9440	33601fdfbed896da506a1f31ab7c1cec6e194cb33955d7e9aade38e53356f54e,9e47cddee1dd01bc1ff894bc971f65082d2fc4bcb8864d6d43465d110e1f6e69,5786c1348312c5f67097f30429e2e51ecd963bcb9370800ce87e4b4893058c23,d35a2631c5f349395946ced2c5180ed581b5176746b0fc840b07726fa2808b8b
1	53	91357184	c74b4b0593d73c70a450fffb9f02d1e3a66c77e9639c2cfe6b158fdc020f1d07	aff1afebe1851d9afa1e164bf93fe973b2f571be00315dda90d343d3bb9e3349,aaaac89f6868ef0d655f285f054b35cf614e67f2c268c3e0339121750257d979,9d4648e5c045e253d837b8b2de798143f744b84855f0e5f83672e56b70b322e1,d7056a5891d9565b9f7448b94e9dda92a770a471701082598290a8f5ba8aec8c
1	54	20643840	de9ba407e47e5528fb55d1c8617548a83d185ca5794fc5cd175b8cffc1951c3a	34a89c2fb65b10aa8fdcf622c3dc519a900173748babe80e87ca1f48b3eaf050,c71a88dacc0209687806f3242cd65a30af5a292a7a1fe7f73f0138ce0ca7fc6d,1189888978983937bb9622c5b6dd765843b8dc6b890658ed26d60f7f83348de9,68c6251a3a978743c06893e2e038a592acb49e73d1b61855afadf812399f7329
1	55	54788096	5c6a008c43f2c2d0eb21422666461f189655cb92a4579ad925d28674fb494585	f81e55012331a9bf14fb2e4619c472765c7aff3d530b22f5c82d04ff8f238f61,0563d7417967ffebf0b1b9480046890ad579dafe10a172c41a149c4f8d621af1,b775b5ae4c898e44b7beee599f514c676481c8a33e9a5b06010d55f5d5281d98
1	56	88932352	bf28ed4bedad53d4ac9b5cb6db0b96bb3ada327b4d6f234c2c0509b1b556f7be	05803ea06f11d88559f9a20fccace40852afb3a6b400c224636f5591db6c5686,e29b590be79b298679b8b2148bf3f2e1bb9c698706f0b6a8e933e70fae44a776,9cb35457866947cd3e4b5c117a4edcef9c5750ea145de4f252a025ca670f904f
1	57	18219008	08d08faabc0dab5fb6605bc0e7d2d1e1810ef549a8e9bbfcb1926d31b11229f9	256ec1532de380b133da18df9f2c3bd6ff231dbf9d20faa46d06684c61937d12,81bc2829cf4dacaf27a6921d857126a8914fd5d9682f47dd5549568d362dbdad,d026f2bdac03ba86188367faa8c9615e48a0c89a73ae5a52c0bd65c3f48ea76b,3cbd8b7bb269ddf4140449c976eee86ae243cbabd735e3058b0a4e24a285fdcc
1	58	52363264	a2d2b0dbffa4399a17c04a8bd1cf9ba583aea63f1593c7d2cb7dce58ccded8fe	69529911283898d69bfa3a7b05be748f999a7ef22e2b86a66dfc2341e40588d9,379f5af36e75fa01d43e8ae857a41dd3c7fda24d62b2c3ef0a0c9fa2000908ef,3051d1ee433e9608671887e18155565444e5a04852fbd2589b535c36af2fb0ab,236e83a94fbe83148ecffe22f0d459e68502a1a471b2fc4ccadb73305d211b6e
1	59	86507520	82b9ff75ad459056f5608cc264f871458e3d58d8803f4e90c648bc4bff55b967	938de35dbfec2cede97e2cb85c99d3cd29f2f58e72848a7f4a798471c8a4193c,f8687a86a13b5bdc861e845d864ea2d441fb4a445ecfedbd754f79bd6716134b,414a04a7aea85843ee83cac972cd15e09ba3283317a31627fe42fdb3b53ada4e,716f40e57c0ea17e1b06fffe0582b9c48594b8d1a3c861b89e0025a944ddb684,87da775ecaddac10b68f96083b77e8661159248eb4bdd2a9f6ea5a92e3a23293
1	60	15794176	150957d3a2bba4bd948449d4f3298b5e44749a9ab702ba695f6ebdafd2efcb27	3c2bba1a8f0046e92093d97501bf53966e2fed8f473b9959bd61ef1204e9fe01,4f8c11792abe36b1d4ac7a68219d8eb3a1169099fa60df53c62219074d7a96e0,82472d61dd994774099275f2fec0319692637352d55d3074cf3ab700a7836498,53bee4a6e3eac40c787a987bad76b9e57c6e40b77be3a504c983e26b23a8d9d4
1	61	49938432	f9b6c042d951d9739d0343c868717917bbe7cbf8a4b494ea4cf08a80b09ca5cf	f419411d25b52766d379dbdb52952f8e692f1bc521911ba9fb87a57bfaadfca3,9cd6b9a60d48c20f765b16f297bfab65a233f39bd206b06d11c808e967e237cf,51e9933bf433015f67c10949d3173360fc30221a14d527d1bd13fb787370155b,d15531c0a5e7b9f75c0fe14af095b369e8d877b0fc55e94120240eb576e60562
1	62	84082688	0f3f1128b3847219ede0f9e1c49c4c9a51e2dd9356f539c6439128823bdb4c4c	76a4a991312525a50bebcefb7cb92a8bc668165b84fc3a5e9302a986c93074d5,8ab1c53c2ce38312df44d6731247b60ce9b7362c6ac7db259bc05cd9f926785d,73e4599923888a057cceaf67ae53c725303f360f618d8cebbcb85415a5c1a818,118709c2fb1b255cf2c9fdc43e863df029be416a5a3ef472e911637253d0e2d2,057124af2594790ed55271c8977bb02cd28c738798228e2975e91dd0c5748dc6
1	63	13369344	448dc20e18c0c172fd327ac28641824a6714cfafea82c6ab21c860b881508c98	cc93465ec6be505319bf73bbeab9ca24a6c5d5aa190214212a8d021221a07349,a1b2adbc0c3ef0627f7ec3cd1c69f118962a781e9c9e272434a29f05ce042f8e,ec48c8bfebaaefe6309d3157b64903cb6b262b65d12b5f0433c9fc2d08893493,ea984d3fb275d1c2b094cb227a3ae467575bfe2cd5a9d5bbcb83dc33998a582c,58d8d40a38fd98b7489959c1a9ff385699aa96a6a5e9284ff9220da067a74b4d
1	64	47513600	fdc8c37cdad8f81969ad9575d3300fc3fb8737d44a5031a0a5dbe7fad1bd0cd3	3617c65ef2b125d195e85ed96470d4b57a0ed60d1279c6906343a2f99dae06ad,d5ca68217698757e18f77eec3f138b70713696af6779e79e2c2f2de216b3f879,f4857bbca32bdc4ebe6226009b6feecbc1cb5b417d9f2a99ced9bb2b7401d2ce,cbb6bf85b365ab11d40d768b7d59492b7125428f0e373d2c82e6c1bec164827d
1	65	81657856	c1b7e741da483fe82642aed11bda8d317ca6d291968e35f0538d0b14ca800734	c3df90ee5cd7e5a486b94a05cc0d7f974fdc8d31369773d28b859ca6e345561a,4cf11f7adc1a0cae819243305199086f4a3de5297451f7c5f234954ec55321c4,90586c0fa69bdbac7c44847ad1251676f2367002a48d8978d9b4164c85e1ac42,13168adf13458789212b0fe28db25876572693c5fbec8bb08d70204ac3b66543
1	66	10944512	300820f3a153d8b403130166626b92bae27cb21d07de7eebdd553779b341bfca	387e1b6ce482c68381bffc2836a09046ef53909bcecada1d451b7360c63aa268,6a67ba99e982af38d525c42a375e87b07a70e56aaaa65bcc7901070fdd05aeab,78d45c18189928a7ddf955cf6c3c2988e8b29b42fc9042d55038e6e75b01f2e2,b68d3e6a465a5542564d713bf9f0ff60b86f5d7a4f6ff9bfb527a13fc60f42ad,1e8da2a72be9b6f1fa737030a84042499a25e544cd62235ac8ab4494d21664e4
1	67	45088768	f0ddf23ed1a18b9e1776f48f23ff2a4583075026a94217a5142659015d2ecc71	30f32695fcaad5a6f059b33a4c37127f25f17739b2139beac83d6a192ee8ca15,375f8350458415970f2cf0e0c8e950801f62a6f451e7b1b832737339a5071e95,18e1ac69c021bb403a7b879c8b22edbb9a50502d27dba1461c248e84bce1a40d,04d5ec398b696a8d8f3d391022d1e3b902e478766d45fb1c04e18816c59bbe46,e86fabc814ecc295f6d7a40bc05111fdc5eb60e45e1f12b46d007df41b85e544
1	68	79233024	02d5727df20138f6dfbd777ef2283334c5dcb2f873133213cebf9045853c6990	f1a828340b280f4fccaa25b8e16b63c88d988241190f309f6c8323a7ef41d697,599eb4ef07f895f192d7cc641e385240daf833eb6fb7cade6540eaf4c217334d,51b08e2cdfa499062c0e5a4d1bcd0e57249596861df1ddbf9a1039719eb7576a,61be1f7cc197513159cf06f2de17033f59ab2e08946c93757552539e41e1c86e,2bc71242b0845769456b5655841949534560a1aaeeb2a3ebad6b101cd2ed6aa7
1	69	8519680	0c4ce3c671a9fc4260ca69992f3fd588c0eb5fcc4c4d518a4005cdacdab68dec	58af64b68bf8e838876b050060fbd20fd6e0733922f486662430b7a151091c4d,ef36da022f533283cf9b0bd28d5aec7e4f35b5ce4a92dc0c444c97a661425a8d,53bb683af0d3f8415082bba19a29b591af4565d2747708efbaf6b68b937d62f6,1ea997264bf7aaa5264523f1ac98ffaba0cf0019eb9d5047ce1dba7c1d21e590,10e78dd9bc01c9389e90ed4c7e53b1081675f237f846196f9e08fab87301aaa5
1	70	42663936	9973c35c1d0796fe6574ef227365379b54a3c6ead6b516488867cd6a5d78728d	48f413bafdeec567f4bbfd6debb756bfea01852331a9a9d34f7f8a39e3882d3c,f72c673cdedca339f28b52540277895b823b1b472e0dd446b0e7513f52adccea,f00a51b27f2aa69d86ded536351d5be5d91bdcb98ccf0ce2bd8d4cdbc1c891a4,a72523316c9ed0b28570485ed9df81c7c53f747130f2973da8d81d9eb77a1e52,978804b13124c177745e17e77094e854102615f37ab1036c9b53983504831d1a
1	71	76808192	eeb7c8dbe0afb4d6b65cc35f16665ab529d182368fb31a2ccb8f590c4147fd30	3aa3b3cfa74a91de8b84ba769f749ae11a233dbad3cd66f43bd65c941de4e0c7,2a2106a808b1a173201101574e03199ded08fd696339bc37aa2eef2e660694ff,21e9794228642a4afc34cd84f95a91358d42c60f123e2a901dc203bf3ccaf583,e05d901bf9301a362e5450b6868710ea28c90dad076db96a3a6abe74d6d67228
1	72	6094848	214ab4e95a6a5d8edc74e9b74e26ffd7c007b9e3d7661dcbeeb5ccb6c9dc7f13	5bb8130d26fd631878a54db2707c422d7a5e14e8ee9a100d42c18c540dfa0973,91e8ed0df3ab5890725539601d1995e677661dd2d21de03398001257d7b70550,b0e8f08a2409bbdad3829163d5f1ffc5216c95d2ddf01a0c56fc0ba3ff9360b3,fde6f535fe3d31e19a05e3025484362f724a97684567a33b57746ff033d4658e,25c20f283f17a2e71cdd5e15d0895d432e82ee78f9aba8424a3b762e6ca966b4
1	73	40239104	5b1e190f4cdfe942546580f1fe56162f6bba1216da37b4ce25bd2c8f9b732bb6	7fa940957156330125040d3c51cb2513c912309d8f8c5dbfd42b5a2c4bdda84f,1fad5a01404ff7fa779a31c2750b7c10a1e5606cea55571084c11573ac5039ea,e49081994f9977831600a7c5d30d1ed3d0d507a532265c8afcded69efefb2197,941b2764e412759926172fe28d40197738aab8c07980d63eec6adbd9b661fdbc
1	74	74383360	e5e6c4890075b1fb67608f15df2c06103165cf9e8be2920b446bdea5a683fdb3	e06a2c72982cce8f8501b88c3f64ef9724027be7ec8f345b1c67ba8a19bd7a23,a0e3874ff55e21199d5a1cb88bd2ada3cb2460468d48a2f7d7ab3c5b8a40938f,530bf2df562dbf015ee7bf54230cb1835d358bf750b13183c04a05e8a1237f6e,8bc2339595a9cb73f4ffa8d8b4981bcfc860be10dcad5ba03588b432378ec536
1	75	3670016	1b2e943d3d7b880aa13d84e447208e4741afe96d056e168ed2d973bccb57180c	1f4d0c1ef47886f5ee623c5d973da95b561aa1cd0d75bdcf37b0f34df2dd0147,c6b20747eb6b1aba204142f6aff13ac8f4636afdadebd717c84fd946d7823126,04c4c421971427f8a8c78b1819221fd2187b9750ef42f9b97c91222d26e85e30,40cc56cd578dd38d37edb325349fee4514172842f43d6adfd2c35a9e32df400e
1	76	37814272	22bde021ca6f94f3eaa0c8fadf7a538139f481d9989f0fa1daa19e0956fd0ee3	69fbcfa6601552123ea03a14e06ac34538e908c6d01f2679bc0540ecbfab10c5,24ec9d021d8bd09f7adbf4495feae325046407d8733ecb5e4ad391e76fef72c0,1ab4f0f0ed8c678b6f649d862599736492586541cc142fd5e622cf124b27e3a6,f2abd1b9961b278b6b0396d47920367fea37de114e83d89afabb8ccc037f6039
1	77	71958528	c8a411cf2deac18735b148ab4327cf96e818f4525f21b90687187cb13827e232	bbddb5b66156a118703e81a3052a11dc4f58f1bde0a4da85d78fdd70621b36b6,7ab7615a4d07c7634e472bf8ff734cd7b1d0449486a3c42c7d3fa12db766c3e3,6fdbd8d6f955cbe14444e401a1ad9c056dfd83c48d7afa6126a4281957771b98,77a84df0c412700e82d207f2d90ad7dc5855055f091d17c71331998014f0aa3d,d77d38e3d68872dae22bad46df6647bbaca0a2ecac048978c5c06a8f85ad5e9b
1	78	1245184	d8f5265aebc4723d04daa30c6bed6c80140c8d1e0b79e1d74bfd20e704dc4eec	e71f31f7c04c7700a4a5685b087aa07bdf249bbcde9c038d95620e2340e3006e,196bf4b499b37d4c27c940cdfb36cc2021c6670f7fddfaf480d324bbf59a6b4a,4736987475137639d7e6ac1fb349a53dc49c191f1c786e1f8c29e9b65481fac7,cc7244ac54da21989ba36f97d4f0168a397ba427484fd73f27d22357e58779a6,8f5213951b93d5a4a0c8a734f42120a9b2c39d0456d6ef525498efb8cd8e4c1b
1	79	35389440	af256879a22084a9e41950ea801bdf149f2077c7cfdc40f51120e769e8281b7c	a4bf15694cb2143b7cd44aa87938e53338a9aec36b5640fa405a8b47950f337b,609423c8b3993184f7157f0b4accc80cdf973df418fd30664725512e6cd2fcb5,984f2060cc306776670be9683cff8a77e3e710d54ccb5a159e4e1c1a35e63721,e9ab246b77573965bd3005b2e3bad2928915f03acde99562f5219ff647ab5678
1	80	69533696	03b0423e1d20f115738dcb85e021f92dcef0f33117a6ec4c477b0356449591da	b4f55b6e8da7c4fc59a6b278c4f73440864b1ff0b439ce0fa96b6d446addaabb,1fa7b45806e49e0367dc8de6a19fc8540461170b393cbeb3bcea5c4888ea05e1,2e16d92abe6a4a75131c70f99a98f947c5fed300c538e7cb151551632d5ef5f0,08f3223308b35f38c93a59aa66bc63c429ed4fb06eec6a3747587a20cbc1c497,f6758ccacd4b344a8914315c53720eb3ec9874a0132c892a76295ec12f2f5c51
1	81	103677952	2df60997c5fa6de581f39bd9a93c531f2734a125a1e7e2d0e4a6d1413370b739	176641bf772b9d91ac11cb402a78c4e61e4d604881b375a2364e051100508049,712f2f7a3eef42eb36157d4aa82cc4f7744fbd45fedb3c38c6c70f760048ccb0,52c49c8970ea3b89bac4c81874565ca6c5ff6fa19879fcad8538f3e8a6e6fd81,6033348cd5d141063e2ccdf04c888a8d2fbc65a09ace7a06c4f98385b6c609a3,9f1fcbb1aa975c9c7afc44a0c0f00f9984fbef172ab40bc52de9adf4dd256788
1	82	32964608	c05d867c1a90dd7c98b859c69c1a3567c7a6664dac87849fb6fc8f1bfde3da7d	d838d9ed8a16c1c7159ed0591c5bcc18eb4c9c57c5404f66c61a6bfc259bbc41,e1cb286b2938d4c86b696dedb538594dba546950cbeb3ddefff85545cdd8b8ad|05638abc5d9d53843a7c2b06dfd8865cfb6ec6ece633d51d347b919488e0e6ff
1	83	67108864	544f91e20f286da2ca2a7588e74678ac27dcb7865289d428d13ac6e0e5df62eb	a20fe8cccf5890f97c3ff5740d692744a44a130725880902301390352ea4bbca,bd22633784f4bafbcb74bec162fccdad98aee875bc9e71a98bf94061489656c3,adfdba0aa363a6bdab58fa5ed893458e2e3592b1be4620e80c6515e6c4bfc300,642f9704832db4e6f57d0f38e5910778b3116d6f0578f78d15a3973a312e7895,2d8d902830f7f43fcacddafcf5e419f9a2d280325e9427fedcbb1174b12a03f4
1	84	101253120	67b664d84a57da9d7eb69f83b9530f9598ffbf26c47c178b323bca406c26334f	ebb7c4af8855a025525f7bb49a9cf7dae72623d04c119babccde70f88fa7ed26,5b4bd683d615e6c354759d00339953992d475db6ee4f3294e62c9a16064e5530,cde834f831920c4be2e47d74437c87344beb41ea160f0b4d1298ff03137acfd3,44c7d0b93a956cf3cde4dfc571d6ca93e3ca953024a6a6cf18444f57d3ce921e,abdab1486647fa82bb06c6fcd3cf5f10cb726e27ee982b5e65599c984e3dfe8e
1	85	30539776	9a9b06df7cb62cfeeaa9ae60ca7a4559c6b4cc2b5af162c566e655923c78bf0d	40d589d61d634062a09be6e7ff902729e9301da9b98ce3b9762252a26c0c416f,364499f7ac21e4d3d8b55f440f6dfe50ab1aff8fe4efffd851bdc4af1e0fade0,31993149bc981e591ea116df3ef1ef20e96e78bad23e9549439193138fb3b7c7,5c212b507868971104ce0e6822c1be4d59cf8b95c12d71bf0916a0a6a8ea5459,7e686e8520e12fb309cf0e67fab7a49416e154f5aa4e56d50314904305c8b128
1	86	64684032	f7f54b865404fa554c7de624443229dbcb5ab34d14cb27d3ef246affc672562d	bd342d57e7cf6b22bd30c69d6cb635d47d916bca39df536f271895cac58acf56,cfe8ee963505e52da9f6551e0af4a5f8815d9f97c82b37c114134e7c054feefa,50a935300848ee074af2f999d6e34280eddecca34b7006b861ecc5bbf10fc7fd,231d0e45eee25c8bee39c4e7c248b496aea8bfe17cdc42cf534ee88826e58ed3
1	87	98828288	5a28822f56ae795f15cce84db930eb6abcd0dddfe0732c0dbfa6d228db9787e3	cc5ba163f0b47297e4792c10a3d3b9eabe8f2fd04886889deee1f483c5d25533,c0a607e8006cc2f347524c811e9c059c2116c06a8da7f5f1aeeae8207215e028,b00ab61d4790bcc18e61ff16e7f8e5ddb7371ebaf6657f71f92baa2a978f4858,d945cc055f0e95ba80da85df3f7477876030efc23376c5a56b22e1d494718cb7,39e7321562bc1b7b6cf942f46821ae9ed2dfbcd4ddd3f3491bdba930cc015e8f
1	88	28114944	2c50e7db24abe54eddb5f535f6a5a6831ee3db23f88650e492489671e904aef0	ba4be54e5a8ac6ab0d919c5f59abf53962ad9440cc03d7499d5741df7e69336c,1816b8a54ded4290395e46d14a5eca25f2c35b1cbf26fe720987cf3796c4d4cb,2f76f976399d5b1ca57bcceaabebd1ecc5b9149462e3c8f5108d27ab17e5f990,befa5ac9c8d24094cc3c59c8f0dd5b25b573ba90d631808faacb0943f684ffc4,0aa89b1cacf9a85e172f06c2a9437176889686282d52307217c625380a7e5ed4
1	89	62259200	f33b74baac6cfc6ddb4d96a8dbeb0f5a6489eee3b3af907168350ce61910a442	ae5665cc5d3d05c2fe4adc017b4191c5c80c21d4d8afac755d2b0a7a4bc61a61,0c8a1678ab94b32401b7b864f03ec2fa80757acd01f95fa3bcbfc71cc43bd696,c02dd7e7e30a121a6d3092c38614b06661abda35e65149b39b11de6035bcdac4,b7553166c1741e11fa102b8f98bc8d611e50727fa868f4aaf1280515e5154ff1
1	90	96403456	5bfa08ee9f85d2b88560881378fdbe64d8c1c25103fd55a7ec2cbf097cac7faa	77a6dd04fdb47b19cd1c64dc18b4c18f553e258b40fb707ace346df3853a644b,fcff6d9fcd7de3ebc6fa0c44ca43c89242283aec5c5ad5e450a9cd81a7579775,a932447eb95b8612fb88894ea2a1dc6998daa2a611d53103a31557c7731fc633,c10d450f3231956d7e6d1f54aa615af023ed75206638d77d4284ed3d7a39ffae,d979d7830192d2b737f068cb1ac850b9c4082c091d2771adec999d00cc629268
1	91	25690112	e96facc20ba6b110a4d9b016a14fcb422c6f8c467c07fea6643590c3d2b1c473	5280e08d5e3f42e7005ebe89c0763921e5a22de9eabc29a4080d3075257c5878,8390c436f855591afac86edcbcc56957105c870d14ecc42118b5be6b78b73578,f010dcd0751bbc8342605805a0337f043639c08e668c1229a44ac862a9bb69ec,7940c1313ce1a4468769a6d582fb8ee5b7944efb844b9aefe2221dcfa3ee5cf1,2b768ee18b29941ddafca4f917a4784243ea636875f26e250e3cd40e9174e4b9
1	92	59834368	7986fb05aec304f2cf931f75cb7c70c0b61703c2add6d8353ec10cfac26cb155	a05a49c38a9cd552e26f35cb087805f1a16b20385d00dc3c1cdfd7eabe3c3063,79fbaed11024ad9543166e939a1629dbfab65795763d91e254c59829713cac1d,1cbd052e4988f0e1eb4e349e91ebeacd5b8cf0f5cefbeb2ed8a600f7f2fcfacc,24a91df018e3629a538c73382b3b80d7745b022456d0ed934295c6dd1d681102
1	93	93978624	664c76bca62e6dacae2eb37acdc2f0931af6a4b56b9d57ae05bb8e5c7bcf267c	2bb9b21a66108aad2cc184f63af8159be8384a150a081a6126b0c9d5b15ff5f0,12c8fbad97020441ae414908a5e5d032f385a7787f3e52978886b5375d8003fd,344aa58d3aba69371ca97c92cfa7b2bf78820f6c09fb2bccabd66b54b31ff6b8,3666b6588066d58e93b801793ec882bb7e2a78596b7dbd4d0693ef38129b89d9,381881bcec0c81b3b0679e5c3f20c53f68df40a7cbaccc7bc61553a8f6130464
1	94	23265280	fe29b1d4de8d1727de60349d1b05ad92ae6650940375ad1accf2a284d679cc9b	661a63aa07facd0a612b928838bda96bcec806402f75e552aba6bb29123abee6,5624d38267d0fe39c4c6c85ae74a120d2ab211c8fc30ab86aff85393586ed219,afcb48c65de1923be12d7c562968e8d58a96434b4a0e663a003aaeccd60735f6,4c71dfecaa5175b1d42c8f80f114cd4496820fb33f0054e82640733229a97b38
1	95	57409536	3f247bf32b14412884c6eab1f9e2f66fc5e8ac4359b1eec1187a7fc3fd119844	5c4abd260b354173d7ea0aa1e9bf114f132a88ae3711d447d11949b423949730,2471798ed12a3f36b8c65819e81ade8938b1e184beb32f0fc559f0e9255d1b2e,4a07b8219f59a9d7cfd131c0fdc3d27898dd84647bc2b77ddc33f3b713a17dd7,0777ac8bc7c3655700804700f03c1e9cf9561523c3fbe24c4ef60f229add9081
1	96	91553792	74d476d2092347c38b609315bc1b1b894b03196937c16ff7dc27167e3fc42811	58b7fdada07cdc7ca5214d4f8d35c033c754e4a8297102ece87720d4aa97aaa4,6c763e6c5fcb1048bde222ed6349461026e8bf697d61639c5ea9236fbb01d75a,92c6cbc016abe80911672576dbb4afeb5f0e051346d69052b0fe858a117d9aba,a91ffda348191a222935f1e75a567b26fab02c7604339bc0d98db8c38ead8c92,7f574e82c0b9a0a47f4408c24ebc222dbc158fccf85015d1ec62c4b1dded52f4
1	97	20840448	e50722809e4548ad62516e69549883969f7997c2bbe8a109eed90d588d455143	8328e9457574391e64a7b06d845a19a6974b8876f5832fa25db61d26ca543925,5a9bcaf8f4e42889dc4f0200c008fd4ee2fd5c044bb0ab5e3f7958aba1c88e4f,08407946e908ccffcc60022a678716308e6e2c3ac20317ee4409d276ad850b9c
1	98	54984704	cc975ca2d657e7bce54b7e9fe0f7a29e37ece6906a3f85c0ce010377a37b3b82	5e0349c03753f02a3de87284d7f14575e1e9b0f44816a108f170d1a25c70452c,419089668ebc35b2383c448b3cc325b7a4f8d2be4bebb328939dba43ac61931b,e6e5b429b6f3ed345a74186b2bdfaada1710f978dded90ad690ac7bbd475d8ba,9736b188ddb40b30628cbc18263047a46efcf19187169f6520f719adf289ab8d
1	99	89128960	e5ce7a2f34c68571af7dce842b29550251f92850b82421b4f492aa4dd6cef71e	1815e465b8c5ea40521e53dd37b2906ec14c8d8fbe7f2b1a567e98ae559a8d43,ae1173d24bfeb3e729c4f1ecb3bd4977a6942783896667d3b597941f0f03057d,b50cc11f908b8cef396188133d70b731496530ab1c41f5222c41ad3bb47cad7a,539055d0eeb2cbec158229465873a9985fa14c1e7bd81cecdf592530e4c5ab7f
2	0	18415616	2f0ec695da8a6548a65abeddf323615fbb6e414c8d0987e63ab70e05cff6e9cd	169a12a344ebd13cc55367a39c3f439bf86f72436e5aefa85fd9f4144c7c2d9a,949ea6c3951c00153d1f5500611763f3737b9ad51b349bb9dd339f859f2340fb,44caca2ed1f517031704f5bace6bd539c6589305918e1f08db3b9bb0864585d4,061181925b943c0575aeb7402ae88ab27ebadae481df8eac2588e0c2cd338344
2	1	52559872	a721de772d8f6c071c328cb9b1fe57fc8ebf45c791897acedb2da923c3cd8412	ea180d0ed94580b1a5aaee894437f2e64e96835d23ed751c4a8e6178b9b647f7,7a9503b18bb809dfd860002ce22ac78b25e31eb5d33024b539c8885bf4af7c4c,aad3dcdcab59a362865efa9bbf346222bd6d56ad8647020389e892e3b89e600a,3bb38cb765b74820a32c1dd1510d7ec91da81c39cdb364bd121b3bdc01545fc3,6010dac0cd0004e009527bb26c13a9afa61ebb8ffbb65bc5f455f72dd322589d
2	2	86704128	f6dedb017a0e25d21331c681f3b4ade891f5b8adcd66e84f31d239a52d7ee6d6	6e805c96d827bd3b77dab74bdfd6f2b207232807c636615751fbffdead371dac,ee8eafbae1010638e4a114e9be661a47fec3880ba43839ee3184f301ea02bb9b,64d52ff2244ae09b3ad56f836374f4b2bcd1b6121cf79e20f1cb60c6470fff7b,f8958b94d405e26ad7e39babf5366f374859b3a6e466ac19f85ab54145fa971a,2e729b417a3d53011f54925739e0d66e86918b3559e70578145b2fe339c31341
2	3	15990784	2d269c61a1eb8940a6aab55bda9b15773d8321c9d47d8d60ee6f6c8d458cfa4e	1445b1b1929b5a979d7f47a68c48e0be334565c8b4ac9ee6756d3b56adba3cc3,ec10bc498f044503f3cc9d1b25845ede5edfe0f007711149a4b8f56a1b41a81c,54be84d57ba3a3724da159de631ec116fe9b9e90f569ba1cde0bea715ea053d9,1a90c34a4472019ee24071fad3c9c0a77bf3d1d45a50f05420c058e26bc941c1
2	4	50135040	5fac24b61cad67a4e495132d899cfdec58ecf7f4273a06011e322be497125872	dd61179bd5818608191159ba85845a2e749aecf0309fed99aab7e93d8f267aad,7ccd75d8f64458cbafb2e096d9d4a8d17c55bf6a131f169dc61fb3ef12eea917,4af158d0652b069619851b6d4c1369a8bcfd63c87a0df2698409875696bda804,60852ec7b4f3c56040a00d03b11bbe8cd67801c0074aceae2c57db88afa7d9fa
2	5	84279296	36c068d6457381ce0f664fb009619536b45e10135c099e61bed3ef76ec30353f	96ec9dd582b14e63f3ea39dd22b5e37a5208ac717259b10be2a01d057e6b5aa5,949d021c121dabfbb6fba104d19350cebc18dbeb5193b7770521f45c167fd3ad,c00c71868ea7e08d4ab6344ca5dcc3ac9a119908383b33dd21d534b1e6067b1a,15b1540cfd1157851126b4c74b037149bfb88795beba51efad3d8107ec0be8da
2	6	13565952	7a34f020cfd0c2c4bb13a44932a03ad83fcb96b7347e4dc96420a188d474d987	becbdb3fa4e29992824be8c91c72976de1e58bca3a6964a97866bfa2f61b0761,240a275179c4618e53511cfe58b442633f188ce4cc4d7d82cdba61b13d6c54b3,370f057c1d08bafea3cb7083af16ab9dd3cfba13709f51bf56f999949b6d9ec2,dc51aa86110e555b6e338bd4e454adb07ba9df96a84487ccb19d3972c35bcc33,3302c053cd862e35a41ccdcb7c332ff8b337971d27ea1c5d25ba6ff999a1a69f
2	7	47710208	11f21b86da06d57db59ea3e0f8892a70e4504f1bb93ec2213f4fdfef19162a75	3d6eaae9ae93cb5355df5f706b89b9a339c03e8a6522257ee908a1195d7f8c14,70738a14b4f6c77570ea88d560bd3a3eb2d6601ae75008f35c24b042dbbd9802,315e2e8abec876fdc342cdb26873b49c95733d574c92ab34cd73469ebbb8b4d5,227625f02c3cd28a98aa7d373b57e2d003f4465188c8ff54b31f14bad386fc6d
2	8	81854464	d948b3fa0d69fec0b159d733be3ec748fa163d636ae121d2c1967d0d2583a246	dea75c1712a3c50a3260e605e4876d1b888d0536c14548d1a85580174c8f11bf,1580efe7c8be200a250d510f1534e4f60285aaa01748d8a48e1fbc21d8a72b12,168c1eebfac4c4059f89f03d4226cb3b2eab98c3ab1bb329dcba46e84fb6cca7,22bab615d5c88986f68eb30cc8777d4b4990c933cf59b90611a2fdf854c8d2cd
2	9	11141120	896f625a3fa5ffcdd96b71159a4255f060ffea0a594a27a0cafefb2116965618	ba9e8080538c299fa245f39ef52581cffe6c94514527d29485e18fe425452af4,ea9f44625518bf0da9e2029063062d9d86de7d26dd8e068476e5bc9709f20ca8,6c65b6976b2f4a3c91028b35a30073e609f41fd1cb1081a47791305ff287fcbf,44df4dc7afc46a6badc754e7f10ad7973e8906675efc9ab5cbdd46ca78a22ac6
2	10	45285376	525a6802efa8e5cad665673cda0f80658a2040acd0951feb4c8f4085c36eb55b	fd65e28c1c8cb8edb512192e9eaa093c04e875884bf096b14a65fac2e81d126f,68116d2acecba732e935a8d844c75476ed2ceb5580fdf7571592a7ce943747de,8b057d75c61ec2cbd3da651510c193fc240f524bb7fedb91c84f2c32d2aefc5c,cd8f9e6b63e655ec33c3023e497efc8d7812b6aa8098a60e4eaf213eae708635,6f96f53ea2e5586e79f35f1506b88472a292ac68e9b51da24195fa71b0cb21a9,5ee52375e026bff6df30f2b07e02d316a9c029f82e0b60212ccd21f13e79cb58
2	11	79429632	1d64c97f8dd82013d6d18fa752e76a3161c819091ad36bce1dba4ab9c55291ed	b7a7827676ce9f86300e2f6fb2df327b1b9d9b8ebdcb419274cc3e86ff0201aa,587d3b863a93526b86e04e57e43c3705cbfee5c1c31aad9e73fb9eb3bb1ab089,7f67206e9042452071ccb16308eaf6640fba08967c86df0aea432af0f84a07de,bf416b6b616805fa4a98466ceb8a7a33b069130384d9e0f11e48e5446dd0e013
2	12	8716288	addc3d2583dfb07d62316530f2d5d0fa3e2ad35425c4ab482af5905874dc8698	ddcba0045b0272265dfa3f7bd63c347e61e4afe0d3468503b4da07bdc62dd616,eced3f2fc5603376b52ce7b2adf47cc153fb63f0362e65fdaf6d6a3dc20b76c2,64c73fcc3305965e44914ad55952a95b65ec3d0d55d1e4c641fa2056490fd7fe,91a6d1c7ec1aaa35a3323d174758f24c107ae8864f46d566a12fb321a4c09345,00cb5d878bda3396e58b20621cdacbfd5a3e75027eb3461d9594cd7775f0262f
2	13	42860544	1379ce47593d1c46f7f3e1b2ba84a8c6859af083f5542ce272008114063b673c	370095cc5c4862df4fda84555e5a5098a2eb0d065145fc18edc0cdb3340b2d4b,905b4854e31d3c514dbb3ab9b7d3b149f975c027f581e8bdf96c99bbec3ce970,3a8a23a38ce68bab93823cc453a69dce724b8d13da4502eb3e21077202488b20,621e799f407d172bf6517a6e8c213077ff9799acbd80891dd034f82c5afe6dc7,2e889e7d5ce55f961c3feac51b1ab1426cf754a799e50330e1ae0cc81d5b4c33
2	14	77004800	d3a01c3a24d3ad2c0ac2b26de96efa615c699c4e47da7346ecbad8386cfd68a8	6d658f4e714103bb8dc9b0ddcc7b7985e07cd106cad488d5cca318f7b48e9b98,357e534a8ad3f2bdad0e4b8c59e701fd87a1a82590c1af200cd67683e4a58892,d27d49bf53adfa9c212c0a34760418c57084c0e784212bb08fd62c1dc987cbd6
2	15	6291456	b77cfe463f2dff3b842381cda41afb2ab77a671c5746aadecae6ee812bdc5a1f	84a99f4e0be5473051ccafc0652e5ed8cd3a8618a09adcef5a01c63c50f5f203,fbfcf9cadd2014e6ebb35a8500485fd4883a2c4c5c3b18a0346542e544b0804b,d39ec820020cae7019916e6955687eace1ab2fa22b8596310bc3b2a9f55341d8,723dea78d08bae3605e1443b4bf1638a7e23f9cbfd32750c382bb0f7499e21bd
2	16	40435712	36ebf4d5e20b91bd089de5565f8c8758ddfb6809b3b181706a7ef30df8af3195	e84a77dfe20ab442bb98b7880d0dfaf2e863c6bbde1ab4a4168fa45059df19f9,27fe8b97a7b47deed348a3e3e6e4853b7389a3bf7b9e8b6bda6e196c66332c39,9735dc114a276cc03a2749fa6c4c9e4bdd306090c56a1ad2efc6555ea37045c9,d269b4d3bc57b6df33bd1ed4079b44f27ca087684ee25b2931e936ed195a7dd9
2	17	74579968	1c2ceee32a37a35faa515ee04788f39b42a8c2ac0e416763307cc671e5897014	8d8150942b1d076376fb8b9fc7ea0b103689a34e63e81b58b94f6a2c747e0059,9448079bea3f0f34ed71d6d5808293cfe6ca66bb9eb883ba9d35ddf882e6f1d7,6e06b99f21ad6f09062ba38ca0c7afca07647f2eb460966636b1b53d2a99e834,756d4aac225c37f4714e30905760e5048fd33a0809786a97d77de3a5e58d33ab
2	18	3866624	a866d338da95c599e06fea4d02bf86c30c9ba2fbdae5d1142542ac18e3a030d7	d7ba9e24be334232800ea5f4991bed2d2f3ebdee90d4a8a692f39b4fdee377d2,5da3a5b429c5b758a87e408abe9c1063165e259458626da3fdff7b3ccd643ea2,0553bae8ff98560c2332cd4bba9a20a9571edd4bf89fb2f7a80e5671dd304b83,a143d383b343ac5cf72d639274bb985f666da5c65c8ae7898fea09ee1b970999
2	19	38010880	c374e7bd3aa18461bbc032ea11a3d8900bc37a179c22752124cd147372118c29	54f2e690a7a2d6c41144473efefacc07aa59595be65dd781c7d91f5ff4e90301,c96eb5bb8cd9056d5bf65b03c7b0a983662551422f447bb52742dbc634fcbff4,296a2c063b74a5673ef1a0136c4d5fc4d65afcbab7b587bcf432e4642782169c|5561bd96b8e590d0543aedfb5aa1707ff465c99b51c8e3d39c103b80c6c03624,bca441c69aab2703c09e0c0af37eb142418197729b8988f372f8180198482a3b
2	20	72155136	bd500dddbf4ed39c90d601553ab2c724948593994f3e9dfa8baaddc07ca3e880	ea064fe152f4c3ef43448c8090485fd9b0c1c62230a8620abfb834d902399d16,67f202a776aaf6e222ad57bd9b079511d41c851738480ee7d66565d82dd64391,bae70d643a4212eb8133b806089b2a6e9af667f92667e6a2f8e010091cf54a6c,4f6216496e78240259ed978d794d1956bafcaac476e0dfdbd5721c4f039e8da8
2	21	1441792	ef76f873a807989155202da841e6d4a2491e5d463dc9577fb32cc3b3c384ba90	46d30ccdbc7a5f8aa34d52b37f0c53d4009c7b46066d470986dcbc655b81edc8,985bd42195af4e8befddcbedc64e526fc49209000308fc8775536b6ec3481bde,94c12c523b3dcc140bf85cbf96ad69260ff360b2c2d395ea7083edd666245cdc,3d90f862a860ac91c9e82b313a67edd9f8b333588e16362b1ac30ed36322199e,2c0ca1bf0374419bad3fb7e34fea7c7abbdfd4caefe3f16edb11e1b3dae8d2ba
2	22	35586048	9fefd7e9f90e2001dc174b27a66011c42ccb9c3eaa4119a5191c5c8d2298da92	9ddbcb19f4bd0c6c99da2ec3653e0332286936f300a5922d42ea9e982c1fe874,da2e81b0fb0a01969e6bb62783af97f13fde2d9c876356995a0ba3fbfca37b52,a703fc574874eb8b8c088790b5ffc44283ffc3456db838fd421d40b41595bda3,e897fd3b813b3613dc7c9e785a7dfa0660fdd25bf176e12ebff63c16afd45a7b
2	23	69730304	8f7f088af57848a1b7f0d3269ccb83d466b0555b3825b768b97c80b355468a1b	ae0c5fc95aeaf16dd78a734bab7dc99c9dac19add88a7f819fcc146878766537,d13aab9b359a7dce396d980457160c7d8dfd369e1946993b322d6e1f6933cb19,4a6921507b0b94006d0fa55637f67fbc6f76cf3e135a5654c04b796671e06b5d,865741c4f64735476abb4f0b118a348d6ca601303b1ee653def666c2ee923589
2	24	103874560	c31a513e593f498e45df687ecd26ffb89a091f83ab3d9c81db62e4ab11684085	7d5652b0273cc65923a8097a39cff1b01b0858b8b86d744b56909dd8fddcd08f,9119d13a5e69155f08ba415a918ca9204df118c58f41a31f092781d7728a328b,839927a3b288a95a4edb433eadd1861dddcb632a90ba09192aa4f829b2537789,3ccd2dfe8aabcca0fea869e4dfc56e46a0ce1e0344ed73c6039b28b865f672b6
2	25	33161216	2c891ad4dd2eb97a0402296be1cff373870060a6dd9cc3cd13314b129aeff61b	e5926bdfe452051f96d9d8ee5470bda4bc42463093f459f26b511fa9aadee54c,643d47fe3706afd78ff0055b30303d81dd120e393a4a7ef9299a506234d35a3b,04935616c0e1f961a2d574e7160121bd6e5a30dd78b7f9b6ed3fec676cdab556,2720e76d419fcad0502d469e2d228dc3012153e9e055babdc3beb4d224bc3a84,589866a735e20b5c3b468c13cdf0cb45168f6d18d68080b95a9eb7960719c8c9
2	26	67305472	5b9d31c20c6b2b2abaf872e6f2318416780f026605601a552c725742ddde6ace	fb5631dd05493baaeac54af9df9c9327c6f9f28a59b4a917a0248f9d6d55b393,1bb251250d445593c0b41011e9d22e95fd57a2f46ad0c99afc8f66d1f507f0f7,e76d248c730dcf6f51ee00355be57c92cc1c5258af846ca5ce473e7ddbb035c7,78daa461c472350fb406aab4e402219d4014aef4c02af8a89f984681273fb7f1
2	27	101449728	36ad6beb8e44833f1fb4f17e7c4a8981037e5ca5bd1b4c37807f8757acb814cf	10b71d44377ce878c75b8dcea311dc84d3302756ddbb35e3c4332d82fd77dbca,02532eb53788a5e022caf18fb2926ac1f9e21e0139b57cb95231261f2154283c,e511b0772849ab896c34834060f129fdd684763da407bf01449f19a5d7f4b7a4
2	28	30736384	af250f12e70239034c12085f0b14e237bfd142d90af60f192b8eda3807dade0f	6f7349c8edfc5d313146f67406bdb33daba6dfa58f0baf3afefb9c7fc4412393,afec849bf712e4268deb0632842f6cef0ce5c574e1238e912e792166795cbf66,cacc9405be02d8a73f09908eae5779065a1e5d70fe530e9e5f118522e343e223,cc6aed79b71ab843f592494f8c570a6220643bb0f7364c43450e950c99b409fc,b1993e9666d9065b597781f595940cd1b2784d3273d16d2b29d26a801846c88b
2	29	64880640	07d080f2e02e024a2fe04501debd1083f87af6b011eec82108e01774c92d7942	4c32e290da8aaa34a6bc5de1c25dd352e20cd0b39b1d1d0749669bd382dd6040,43cd0e2de2876bfb3d12b2c0ddce70ebf20ad635816ecc8c13c25371fda9d387,a47b8c13605a8537672a27f1e0bde12d6247ae0cb65d66eb00d39ccb17e010d8,258fa00305dbe8f308c98e6209aa99c3bbebfeb90ca336be120dcc40dba51fdb,c6f4867f7a1c0ceb8fbc2f54eaf9291b194086dacff4e503c9618d42f682b2fe
2	30	99024896	28d185833306f9385045778c7aba918f6cfce7096378549b3675fda309fdb9fb	b577b79ebf24e59bd7f2e2e3b22fb6262504c9eab5238e43f225ec0247a914ca,b990dd78db5fa34db2234c21ba770f33709c5109aa2339c3a84a0240d98b842b,85fea444d403caf09ca88bfcba0aed5a55e0b6d50bb99b9403c82fb4573cf55d
2	31	28311552	7b9a2ba8ea4fd6aa220b54972f5c67430166b3f47119c6b6d5c6b1d4560cb053	8642fc64c35bc76ff3f5b6ede5acb41ec26ff674eaeaed69c132a3b0e7f2201b,b840397090aa600cdaf82b9002a2793bd74c24731a4e3f3949b817512d3423f8,c37cfcc96125f92e30dd29c67351a7f37a2f8d5ea0a64debfe67935d9129b3ce,63039f0eab9f45ddd2ddf52476b460dd0197071d241f39e062a5f9cd499b3733,d91a5f92e6791ef7a4849f2f828e93a8b8352100bdef76fdc9f69c311b2840bd
2	32	62455808	84c1e9534fc042baae8841cfdcc32ff1f6fa3c1cb94ef9745d9f43b2919af527	8e7929e8c22fa5bd15acf65952152be389f985e1506816d8da2c8b34d9dc8064,16a85b2b9909d665c420223c9b94443d83bc735a15513cbe545fe0186c0c320d,626072fa880253219ee933aca21035c96026c572cfc5ee94a68dfa90e9991a66,da0a53d399f098e550b6e9a3626fb00dc027546ac670afdc51c393a250138d04
2	33	96600064	d1d7a4c4683d73292a1d1c4f980cd79213124c4e983d937c1a547243543d7050	4280bb9b892c948591c7792282556f89d1b5f792e30bb2b1a8686f83961d0f52,586cd274d5520bcba257b626431b56cbd0d1aa181dfac4d2ec58f3ae6f4e5ca1,6c7276dc8dcadeaeed6fc632413082b1582c3cdd9fea32d2d60cb513772439f7
2	34	25886720	b2331767111f85c17c30784c5a4c35ff02eab889ce16dc3f70e0772d71cb7ef1	3e55cad220b738853a31338a6d220a5e4fe1ea9aa6c2850657e6fe7c5b9f0dd6,aeb1531fa2e468e4bc32842636684bb5257aa8a7547f1e77eff62a827274242f,741df69ef7e3cbec5de03a1a7a1702c5293476b5b0b78931245e9e61481f0f31,56e8f4d69501e9da7c2397b7a654fd4d2a6486e12748df6b73897540dd617f2c,a82a6d29724ed77a69a5908859e9a86f44c1e0dacb49b47752170c8939650a9b
2	35	60030976	e807828b5c6c1b68c0863ea889787758ebd6b82b60284c8dddce8f2613dbcdef	143819adee1c2681fbfc523e9451997d23832d819525203797afa7ee894af1c3,78e7827b0e0654e09b48ae4571bd8ed89ff4ee2277ad747e7d3a29d2e04e270f,b004b65cbb99ba2956abcfc0e35ab5afa41fe79903c9cd9e17bb3131fcd13c38,80664582b2c48886be891678aea2f6497c6f0f4b70b6b318b1e9ee1578d97e98,6e9ba438b91e47e5f48f929d42bac841131f2b6f4602cc15324e2e96505ed34f
2	36	94175232	d648de837f242da6a34da32995f3df22f917f586101204e3278f9daec8f3c345	08ddd4c647e8f825edf28d3df0757f9693a0b70d78352b35abae50abf184dee8,cb4059738be812a3fce61dffe7ce0b38e8f726b54166ff8dac080d5fd0dde80a,08dd6a9b7c7a47e5829e78e25dd6482699527d76aa661230162a518aafcaa36e,8731517ae2fa4d238a9d6a6daf9c653a3d417e011cdb9b87a91d6a2755246712,267b87c8acd81c4af89abc8ed373515fc5e9353e98606f6e2583129f12dab7dc
2	37	23461888	2feeb4c30f3cd2460f5bbea72cf9a28a2404ae34b9fe8ae216b0781144e8fd20	ed1b9a5114bcdcdb2ec68c896a0d7428c37fc1ec46c411a858484a9d30804ec6,06c841f91c030c21612a9d3f5c2360eae2cbb671bb241e509aeb7c569ce9a25d,36356f4bd67dc92460f3677fe8e5a8c6a83a1138b3d1e5c89122483eadca4b1d,58a5b0704606caa836c1592af779d00a692b0be70919c33476636e9f4d1bf3ee
2	38	57606144	44c13a706948140703d1813415948ba4b21cef8112cdae2a713270ff24a80a7a	cb80c1c38acfeae6bbcb62e25305d5e196a4d4eebd6b76c46f2162a102faf3bf,1e5db2961827af3127b00c62a7b9f451abbfe63ab8639322983207ecc926320d,3603230418d715dfe05205d7903ab9e108176bdf4074209a0a75dc7cd8883073,d9f36f1f3f9ec3020e2f9f32f09adcfbeadf772d1d845411d489d2681a3a1096
2	39	91750400	3f0c93e8e7b668e6c639c3e56f4fe8267c43b651512aa2389492d163d2170293	f7ccdb82bc3af1b2c41bfab356a65b2ebfbdfbe41c3122bd1b1ed4515101e762,880edc8292a272fbaae4fbf412b42015d352f50b83cec26375492684489b1514,c508eb957e7e9311e3826e27f78b8161f853cf2beae70867d9d337f1ff1e329b,a89e9f52c4adff3d45a9a905e0fbde2f1f9c87994f349149d9a989f1a1913171
2	40	21037056	9a9170934a540eb54d3c8acd067bc04e576e73944b2729febba6e68bf9890d70	5722d64aebdd493a11a35ea62767a226cb4112a4ecbb512ffff7099a2ad30075,79fe6a9a37800e66818b540bbe83f89df743896cbfb0efe56b51bad85a151a7a,5c71f4ae0f1a12684ab7c5c114a2875177f9175a0d4fe502f8943ceebf24fbba,3cacad02dc02cea88fe4bf91aea1a1c934df5f37ecd5a6f294b2469c5ce9e776
2	41	55181312	8044982a00443bed9c0befec498708d99d11ea4434ea1cb2be2c91282af364f2	3b039d100f95d02ce5595cd5c880480641959fb22db85c623cf55404568d6be1,3f7e0260b190ddc17b972d4a09e70382c56fdff51ebdafaee9e97ed6095fc227,783ad66a1cb07aec10c56e5d575e57bbe6a6591636456940ccc1d9f383d927f5,0542165816539fc5578afaa8c59506aacbbcb1ef4cc8857a9cd04d9b4f0ffe12
2	42	89325568	98984247fae4d2b5482c68385ddc51eac36b5787c2608e23a0ed40c877fcd526	9559e07a130f84a5ccb7d08d457aa498d14784f35bb75a932fd7872af4c74c47,fd8fc810110ee8680310fd702171182b252adc55cf7b3fd88230b236196d18dd,44b66c9fa1e739b9432a89e274eeb37a9048ebcab28104e1625360f403be4c1a,c27412081bc5dcf82202efed2d605b7d8d9e52f731ad59e1002733e7e86b8dbf,8b43e6ed8e796d09a3c84dd7173800554e210d44b5aa082b6b2f979bdd4ec01d
2	43	18612224	538d99741943d44315404e7142b6223b20adf9002e8cae2d1dcfc062f2b4832b	68b0fd68300907e8ebdbbcd0aa5976191c79297aa1a6bf16803a23f5e5fb8a6c,fa640f72e5490a3641d8dcb718e0b5abbf0f322e41103634877581c94d643403,fd893d50c55993a7e7ccea2b5e0ab98a5a774df61eea0ee68a97fff366820372,97149b979de312cf0e67f7d6d7dcad04af15c7599cb84e4c1ae304b70574c3e6
2	44	52756480	f7f1a0e474157bffb9be05c01b3639cccaf03709ec041aee59b38090564ce9da	4fd74605d46197c3ef7fd2a8f9fd2d6061e6947703e52ffa477be18f640d33c5,ce16e0472317593d01b0265534150c7d2ff1dcd41330d54d9f1fcb037e15d175,944184b48353c354d30687776b73939c1c8d77f32419a01e57764593d14b2da3,f348999f4ae9a18c5e8e28833f889c4cb0fc418d4071db7ecde936d6d17ab970
2	45	86900736	cc37be89326b93465c56ca93385edbd9494719d2bae7146a13dd7abbf5e091e7	1cf6c2880b2399438b1fd8aba53512d4cea4e0fbada49e2c560bd8147ece9b90,59d34c5427eb33b7b49a874cc2800f5dc8d461abd29b0913172ccfef25c35e3c,6b6bc68847179fbb5fabbe7d36fe0f9e6fe71b3f9fac9297f28e14bbd4900d0d,904e1126c95fbccf7f9fc60e39b5e62c7abd836a0f1caf34b32e03d8cc2891a2,7aa7e71993df05d378c9a53acbf381675f79bb68407d39606d15bb07c7d8a320
2	46	16187392	8966ef79315b9fd4e3dd6c9cde7e00a2062b05f4df4f57f2aa26850fd1ce0bb0	a21a64e7247cc8014061bc16712ec53c48b84a6452d6894d01e767552dc7b9c9,86fd77d4d8dab842915ba0a50323083167684c524f9269189a19515790434840,12702a680bf6f2eccc47c212b5e590915c68dc043ea4079d4317224633cd0f1e
2	47	50331648	56deded5dcdf615a5a15a4ea734de7ebe9cd6ec11914929d364006099571b05e	5dafbe68a7e6e446b7c5e8253a1a366725dc3a216b287f6db219b198fd7f2027,f2e6f686a56fb828571b04d7a194877b513615974670039e813af70aa880067f,9736a82644abcbf4faa6fdc31c0965738ea9284488787784d87856de295b7b7e,1d7c1c0e009dc3103c58bf8ae364888831f54bcb499f3b6511f697e3ebd9e77c,4a66225ece6faf2fad7e007996214395767292967cbd2cb33e0db7dbb6b7c645
2	48	84475904	3ee4bca599eac5aee8613204b71eef776e8f3228db8eed10329cac74133691a4	f7b6f156b2620266332dd8c8559b174e5439486cdca4f8b868ff452b0e20c02f,6189349637c54a9de153704eb7e9cddb27b5edb0dd24373ae0a8cbd7caf3fde7,80121ce6b91c56093cde0548f4a7b3ec15a83877c71dadd0d93ba6edf1cb6103,c4fa7dd0e37daf498e08680a1f357772ce5b579e2a6e17ee53899b2c4d4efa31
2	49	13762560	09477c569b05f897a209d3c8ad0db4639b6b5751ee7a3745a7738890b1f15554	31e3897842a38360752ecfc87cf838615d44b142d21b3b005b13450bf0d0af91,65eff33920efb038240ec0fe4f83ae5bb7aebde269a5aa56a72dca0ce36c8d50,18d77461972364d032d6554b290125346d73d089de987dcfd05ec073b2258886,0f3e70a6418b762be8371dfe07f97c00a6eba49226b816b22ad48622413def93
2	50	47906816	88edec85c53fbb83721845cb3409e509c1033fba55548438c7643baa8812ac5f	59e217d4d1f445b0ec50e57a0fa68093bf4f57c34aeaf83fca7920856d86ab67,2bf996216131d02fb320fddf7380853eeb70aab3c77cf1afe7aa400b90620c76,b3083f1d34c8f291d26ed3b4d9c2ba90e9683ccfb83c8d298cb375998914a402,6c828926bf409351104dbe40c4c7daa1649b06f43d503c2ebbb2cb3ff117d281
2	51	82051072	ceeb3fa38fdc3e45da3cb6ef9f045a2acb2e00c4eae20055b01227faff5f1da1	99832c6c5a31cbb4c97758826e921c7ad02a4d4551188015e9324cfd70ac934e,fe788a024d4055f1ee11f64ab46a167c81c162cdb25a80494032d65609e1aeb8,7fa9f4328de62ecdab38ee7fd41c63bc88d74d98167db21e70d9398396b204a2,3a909258d6f10a930ead84c2067c49a30edb1c207daa01bc743932c88c73d707
2	52	11337728	c2cfb13e469ea0fa6bb8ee59a1be53fe2b45b94f45f8a3479e18f259cfd47ed3	a22b6c16743970fc3115093268bcf301462c659bf26fed4a0cd59b8b1399a825,e092969736eb787c50b3e77c0ecfc0ca261d2f8e495d3b9a77b9a925ba951a6a,f32328e0186aa4fd51d05c43e6a416bea6ac7acc69724554f7bbf86dc2b81972,7bc4ab0850810a2bc836a91add57a9074a78367a1186491acf2bace700665c01,ae2825fb3e4868131a5b8d3627738da9ae96c4a222be99d293c7839201f31d54
2	53	45481984	b33d40bcb87b9fed95dc41193c5f68f33a014267855e08331532241c5c6be537	73def203c19d7ccf9a5336cf7e821dfe0a991d283bd2b65ef3f5e0dade9a1784,0ba75def3dedf771bfff8867eb55199af8f30233027dd317cd278a5e46a8df35,a7a14c5710e6b2967c024f9a93e2fa64b8aaab3f457a29a3ee4e8bc82a3bfb0b,4f8c9e9b779d1b8a8632e1df44931fdf747902a415c076812969982295839006,dce9fefe69adaf74a2f32355421d7a45ed0f269476cd53fc7b0e2e52a39db03f
2	54	79626240	8ee1bf43bf60a3430e9ff7adaf1dd5c9a420827fe5fedba058675dffa2838d01	78a50f4cf3dd73d4c22243467cb8addc94e93fa2f32e26610a53c51da023247a,14e53052109082f1254cead5a370f2501626d12db838ceeafa4e0735236c6483,a2a4abb1c8ae6053c51ef102ff59ca9d4409d8aa811caf686765e1bb65fff274,1df146a03ab9974e46ebf4ef62571df3c1ba34fea3f0564e4ba64097e1d27d59,d5e981b65255f422562e26231439c766616f24fcfc917ea4f15e995af29b5c8a
2	55	8912896	7fd8ae49ad7ce0bad982bdf6f659d1dadcf908ed99e33073c0708fec3620ec7a	2d1c4159977ac9acf9c5e3f805ae8fad2cbcfb07c2db766153e592ca5fe37936,19efe0ab3da96e6a401177193408ac838c3c65254ad46039e333cad48403a224,b05d211c9bf01f78a1ad229710a3064ef9c9a9270f76632abbac7da32261784a,72cdd66e0c52b23cee824685bd17432fa1869b5065342e1b58ba9bb5fba44f26
2	56	43057152	8816262f45c005045f6d32f3bc0eb7f6aa3af839b2e028c0808574ec9a70fe7f	a165053dbdd07c56960dd86429410b531b0a6f91798afd8b7f5f299860584cdd,8a7f332b455df5cdd49d3f5023a769e5e72dd97caa5a16176188f100169aec70,47a073f3d3a3a7700793422baa01970b1563ad29d6a35abb9c18eb9142b476cc,d68beb05aa898a76238c68ebe182e3f0631e1ff623bedbe0136e7b68b3259002,d391b9f671a8bd4749d4a3f16d6261f648f0616db1772d0a24fd411cac6a0b6f
2	57	77201408	b639a1cefff1afa5f226032a14e45ce9913fe1c0a6f680d1dd62203951b00d8e	25d736b04fce2da0184537fd2792e754c8c20e2d061d4975caed6b2191eb5b1f,3c4f8b07f1bdb50039493348fc95d901789eac9e152246f21c96a4228da4bb0f,cb22aeb6bac786f76a2f45324c316ad46fe8bc3d5fa7bccb6d4ac510c7404456,f2e18e130550fdc90a0b0d74be3dde9dc7f509ae522cd6a5e377a452220d6c45
2	58	6488064	0465b27cf067be534071aa977ff1ceee39fed043342fcd8bebe592bce064a574	3d42a8282114805877195dcee617dd2d3094396392ae82e93a1f3afe0a20317a,df58f8af69ceec74294c3beaefe195b5d44edf54acc8cd3167863b4b10124c69,6f697dfc925b0eea1849e8d8ffc85f1a77b3238c11e64cc647bbb607422bf759,fae42576651dcccd41f4276ead5b6d7fbfdebf18b5cd07ac750f57ff67589c59,26690abfd26608632ca0f7431c8d0f0331d370994a61cd835342548542132e60
2	59	40632320	57eaa8e216d2d734869b1b6af3b32320bbc51620203e41411a9e00b8ebc81a9e	a7ef95d45f1151205b78cf21743e794d1fefa06bad2bd011faa3214a27e3a9fd,5a31da4ea92c0951e58b2d4ac0d1c0d973f829fa27b9dae360159c70c205eb9b,f9b57a6cc7df137d9e1931c3ba90f31271ac7cac50527b23f315a72e3ebafd73,79862e6e57c171e0a4aba29b0828a5a548dcbe7834623dc2e124929757dbaf75
2	60	74776576	01c3e760c2062e1e211895d91f9f1ab59fe89b9cb416ff089680fdd3bce816a8	5d59aafd215fad5becca068273c95cfea69bbe819c95b852a7630057b03e91f1,2ed2fc02fe0b2a2db1c7ed6722c61537c4d95021ffe8cfefb9067786672c86ae,2f4c085fd8eb3ef3dd165f7565d9d318b47390cd3aa59ecba4ef13cef11e6399,48797cd3bda409985a13887c3af061295dabfc79b449d7039ca5cf5f12d37b96,955308dcb121cda49439d138a7153739f9d9c59e578101d08435e3777ae7a988
2	61	4063232	5c99bc03ce143362682f1bda421277f7044a92929fa0cdcb50c763150cf918be	707b90af499cd598c5d1f709079f8fd959f7107accb89e5c74cf987afc7a0ac6,964960f22c4950e8247fc015e35cb99c9c111a1cafc1e10f0c14c91b7b649b97,ee52be61c305ae69cff618ac26b7ea245e4488c849484d8931a9a43647d208ea,d7ffe8904fc5808eb3800306fd0954e5b304814fa0bd91e6e0de3b4df75e0cd0,1e2f570a28aa32158e223ff7217f766f94580d6e30d0e42ab68f8cc80e4bcb6a
2	62	38207488	1e5116d52ed018d8b026a6e1afd9cefd72f0104b9d5a7bfe2b1abae2b64bff3b	a3117621df3a59ac44870f9cd7640d494ed885479298f402ab93ea7255ced3bb,5f974c09009e4d7133aac4262a51092adf95306b7a947687738c4deb6b01713e,f33a454009dfedd3cc053394d90f73fd46cd2175c29e09864d6bbb80ea13433d,b8508ad38fd6bb0d39975a86c0695384813fe120361f3a289c0edaa076511d91,0db298b82f43cecb16c4a51914f302938dfe6a145b2dbc9751b1d7624218aba0
2	63	72351744	638ffb47934139f5bbf947d0f4b4382058369e46b4817131670a183f151b4b9a	831b2fa938e32f353cc728e29c977455b377d2d128e9bd44bbc48ed3f57152df,edb999bc49c7965c64511fdef63dca24c5856af8aac62e2c6da4fdc974b1952f,b17a7135a910931a7740c3e049aa4acc3fafc0750a9428dabeac102764bc9219,c66e6e4c81858b07bf4cdd0b4e146a7ab803c21c05a3f07e646ddd21d8c4fb46
2	64	1638400	a1facd9d10200bde3ea102d8c5161c2fed85d49d91bdb1b3bd186a323b5be11c	6a2ab0b135edbc8889b76aac1f6b5d41ba7662c843ec08f6370f0f01e6169b26,804b7089f6cd104cec5d900fa18b72b26c73f1225f4141bdfc21437e87254a36,c5752bc2dea6cf87dd7efa59cf39f80a03cee10cc394ca5cccdfbcd689737436,7d664a74d626a3ce00e82f696ed48403814063870b1da0018fb35aab12f8ebf2
2	65	35782656	31614a5b824d3c7b13a74d370cab112a8e8adbf0478bce92addea5f81fd3e104	29056c21279d9f504c517621a9da396c6351276d6b95b96534fa2db576dd6d4a,7d05604453cf7fa428c22feed83c6b8d8524be2393ad3a7de872655ed1dba507,56440228c28bfed22bd180692235ad3013756ca74e0842f96f8d5c4f4d899464,db141bfa44bfd2fc90d68baca9def38ec19f91a687c593b13479e6fe781c2eec,56c51a1407a5fc41d434d3b359875e08d9b015141c39a837dd079635b2f7f0e8
2	66	69926912	61c43f30b41552d41f02ca64edbf9ddeb5354c38fd63bd5d109c6c283d99dbee	7fe08b74e7dfe24d9b6c49ecfce4a02eb35098fbbceae4ffc96f5b9f2a5a9fe6,4756b6b770a9407daec30f29345924c7acfb736cf2dbacad93bac7730ae3b0ee,9aeb897e1034c30a7096552f524224be83df23adca45d31dc4e3910173f97875
2	67	104071168	79adfc330662cfe88ccb3542e4cbf327c790cb0084fc637a7c754efca430ca66	51cafc724440197169a896c381747a4cd770de9c7c5042e16bcb6628758d8605,9c4d3310247655be39f31d3bc9ae97dbdd5502a8283d9c96fb8f80f052ec1711,bb4c3ffca846f6837d012834886f6bcaf4bd6ba3341be9dc6970f1d46c1d67da,e19b7f94106e158d46bedb4fe598aa0297b53beb6b65da8a36845d8da518e221
2	68	33357824	68d9bc488551ecb5d333c8c65a16b98cc003015bc2acffbf61a575d3dc31e3f1	bb53bd11dbcfbe26102c89abfebeaf48ce0d684ac0fc5a2f07b0c533a9a917cc,e158de53221e36d6b746f1b70507358333543cacc2e7a15eb5c55aad1d638d87,82a27c79ea3367c5fd17b9594ebc043abaafaa9f320b8ef4cdedf1fdb466ba35,9d9e0cd05c88570d97e140ffe98412d7511b13224496399f91a8f4065a04f249,366a729ed51987baa3f3e029e63e986f86f4ab90160e1c0522d9e5fa24bfda24
2	69	67502080	b0d1212efabcea08992a09f599c039d70be86d781ab226ea5273f8db2d65cc1d	4eb09371d9bc88e1db5796e4d3724f0c4d361a071e0f62e25c10ece0881c99a4,e79fdaadd8c6e7678c3fd4b16673d47ac127132fa9cdc40f246867ea22bfd8f8,5ed51c56b97c7b4d010882d265c8de07a2a94b0ac4a52e1869d16285898d130e,4d0ee579e3f3b5068120fe88a31827c5c05e4ac1a7ac58b315eac9455422cb27
2	70	101646336	e2bf446281d5c41648ced5f8ffff770ce6d7227f44de531615be9dbc907665ad	7730ca38f1d62c3e4fffa19877655cad1134ba64adffa93449358cf90bf9b1ed,d33f61dd242f11f414ae7593f8251887f69ef779f8370091ecd23eb2cc74ce55,6d63976582fb3a16ee6f2953835d4d00307965589f1470de84efb85329d21ec8,902c6af93d744659cc42fd80d1e49d55802143bce191cde557b4b6fb7eafbda7,85f7127746f982c81a71e52b8030c0d6cebb8249408bdbf05470dab8319f6398
2	71	30932992	4f74921e02bfbfe4ef054870654ac3aa75f4f9b46601ddefed10d2c9c1f6f5a3	a15ec5237ef945302c08ac962abe2bd385d105ec4fe88365ae44b486d55c71b7,3516f99810f9c992ab78a210b43707f2351ffc74878295ac51381459d6063a63,137fad897aaa202cf17ff00e002a18e8b4e92d7ccb782fb97d31c4675cad5373,0a79dc1db86db4b1f7e7cd56a14ad794d940537e4862ecf6674be07bfa7a7a90
2	72	65077248	9f9a7088af2cfdad14b156bb32c84bcfd3199f6abcd72959bc897b81f66580ee	1330a334329b1ed963b5efa9aa14b0a003d071763592bea8f6601726de123009,feb3b42545c977f1938de8bbbaca9c550df9af7a881c718881a42a8b79219af9,8ef9224f68afe0263e863e53a3accb17c7294e1a6adef005c833fbccfc248eff,81d948db77092662ee0cfc5bff65548a41f5276106da780c92e7ea19861ffa1b
2	73	99221504	63a62427b3be48ccec26f52c61d4eb6dc4759cd8d7e65111d84f71e901641035	663f8051ba10bd78497d01c5b50db0c9d33dda1b5cd41fa0999a4418f6ccd545,79947e24c27a2061f1d266fdcf66c7504c9e3a19be7771b07609c81b090941cd,11821d2277e4ee9b04cad5eda5b1eba4b823624fdbfaec8770282878a5bb539e,a3d62bd33293adb2805c949d1f5a02052f2eda49ee7a5c3562a79fbce0a74d67
2	74	28508160	5be1f4e0cd67bfb07a56f376c57b35587682ab407f06816f728431666a3ee7cd	dd3fd6d20b62f30f4afbfd132916a7b528eead8026b855ed2486c5bba8bd7d04,cb394892f618e806bf2c60b01bf495ef88a8cf684d308db56186fc468dd23f53,c057e37ee07aa72a3b04ce5f314e6a31788ad8c0c6b27baa89ec43ef07fe6cd4,c0622a9abc66b59853986e6d8b3c71b1a5e4050c85107fff603aee4dcdefdbf4,1a55cbed639305ebfd503bac89271df136bfb32e54c2b2e331db80f5e09149ad
2	75	62652416	5fe3179f82a37fdf4be76510552403610e1711973c1bc5c02769f6fd3f7caa18	94514714231dbf6d26f58469652137a561af48471b15f4c9f0978d16af72b35f,996da86ccb0ea5ec67a426855ad1099cb85a32ecfb665b1b8b973902694a53a2,23e52cb171833c705dab648ec5cfe73cddd934475334c44f40ce15b211126f37,c7757961d41c47a25e7605ca785fca1f9fdc298496b6c0ec628a94933c4d7f11,b0913af507b0224b5c7a1e6a4646493a43140aa9866d52a0b7a43d2f52494864
2	76	96796672	964edb9c75cb488878e421f1f6e9e9ed4b36a1dac660c4e465ea89c7da055aa9	99b6977753c333fe34740bdc94091890c56f89091e39f87b412110a58ee0ddb8,496dd9a5f6f0fde9b59b2e0b6dd8e03b411c559db54ead61b519e8addb3de3d5,fbfde8cfcf2aec76be7bb73aaebcbe13690d52531d1230433a4de83ae2929add,d7c3bef62277c1dceeff1ec891a5247865f2f044a3bae7035d099ee3aac979d6,2473158d9c7370449205973120b169fca08d0607fcf8df8088cf07d14696b81d
2	77	26083328	a2c1890456ed3e47bc2e2f3b040eda1abe5539d465c326e59a4e757250de64ab	675e312ecc3332b0c51d536b73b326b5823f2f67a99bf2121da0d081f2f0f92b,78b3edcad129cb2f1d91cd972397cd2d38e5b130bbcda618d9bfb48213fa0c7c,d7f910a536c19df2311a94a8c6510bdde8a00a8ac2f386501479ef2fdc48ded8,58e9455aae6453544601ee0638077cd209e927cf810d0de61c219b1a53596d67
2	78	60227584	068f9bd361fe9ecb784fdd5efeafc12b85efedd5930d64c65f65409fae722370	3c534dc0fba7876516bbf9d1e55b0dde6930ac78f95db222bc73ab0938cdea7b,7f7d8faa713a135c78ee7bebdc81a49ea2572665896fcdbdc16ea24c6b278b2e,59545ae40540d8ca72ada1546c1d483c3be8846f491fab6cb07dfe828700086e,806027aa733d1d5772ee7acb7fdf73013117829321b3a6359a07eb558baff2bb
2	79	94371840	945fa5f50bd713be3304af072459a085b1e7ff2166030a133f2f85c188c34510	657120f947c9baa9f756d1d7ee579cdabc035c25b6d7460e2827920ed02ddda1,87b042bbc479fedb52aa61d10d9a7baf7e6c57c22c4fae5198d7bc23b6bbeefa,b2591743a66c010893774a9ee53cf7e602ba55010029079da391f633692ecd1d,d1308424ff0e8648974ec88cfbc0d152f478c816e335f912a6f5c85a0a36268d
2	80	23658496	bb19b4d792be64f2aa4ddaa14b6c6687be624f9950998a14cade478eea67829e	d843429d9935cd99eaf017781973eaeb1186188b35b95bda33aa0c23667f2e3b,f7bd5849ea85275efbf7b276d3986fa8f472bbbdafc27892f3749f023ecd3663,7951d574ba93d718d9937b4e57152e4a266dc7efd0d2ede565d1bbbeca86444b,552f5b2b5754e467ff7fea541b2da18a6a379bdde421ac3847c3ca24b3b46cc6,08f37eff77c3b7e3379d6d19ce175cecfd4cfa183301860d068b35714f927840
2	81	57802752	22389203080a449be1f1642839ee9795deb713dda79a032622b82fa66ca104af	1a6fecc4b7740e2d81b832ab71bcdc9e21d3cc50a07427619d5ad8c7a2b192fa,6fbd2345da0e1e9369c96571feadbb87b8fd3e0e44c5eedff94386640a4881e3,dd370737c2d7485d68ccf99c8882fcc5178ebd0b7d6ea99cf911590030bb7826,b6a696888dd499629354a6192817da21ff8760e01d624a6b77f6f2c8d4fa18af,771629c39566c0b94d6ea1d35b3156bc44e79213f86507fee23ae23ef948555d
2	82	91947008	0201152987389fa4cc5b6c7b40037575e9253dc9c46abea9498bc0a7eee75476	8f33147bdcc5a2099d7d2307a66af5c0cf4cff508c627a7ea7ec2cfeecf8c02b,f4c03f7090e04be6b24347ab3e89aa81f1cbdb96b72636b64ccc51d3150470f6,43fbe7f0dd5abb13ed4679ccf2a4915ac8349b7d656f84ed3bee08b35a0641b6,c7ff8562c9845929b0516d36b09cbfbe701c3c785ca314ed52f36e407ea51385
2	83	21233664	570ad3aad7e794c7e8e4b05b8eedd69756358d53481db3b96a49fb4cdc2ca985	891711c9ca67c6b042480668509c4651d14033253cdca9ffe090beaec2a90046,f372cd0fe7b2defc1809ecef2d91787fba4b378ac7d65ffc6d5267c67bc487c0,d2472864cefd3102f2b62a9fa6d414e7ce16dded72e79927de33347421a45cee,5b5e0230206b3f74af8d940b00073f1da2a4818c0dae3e6e037e9592f88f689e
2	84	55377920	4747e480436b879bc90ec4a38dd694274c482d1d88d7f20dc5776a87a44c2922	8d01149ee01fecf35676aa3db3e7c759e422e9a22e88187c8eb10d3bf53526b3,3b47ab60caa18b81206680447cd83a1e09d2b2d75ce953ba12a93b6c4699f028,95f984aeaefb3c7eda890a96fefbf56bd7cc7507cfaec823528c1abe5770d614,913e8e98f3a6a7d77a65a76f01977b5f946fb812590a0b3565b76ba39c1c7bc7,4df86af9cc4c79de7a8e5aadba17c3bc0b644a8f75da50dc3142ecaa4f36e956
2	85	89522176	5086e0ef91825ea687e22acde38cf5163d957a2032c718aeffc2a74febbbd4f6	15257f0df08e849b6644a774f4780c7dd00fc255cf0cbb65b3bc046d39a90b3a,83fee4597fd87e4a84477fdeace2e51276c869043030bd5759d54a686f554bb9,3489861915552c3de833e07d4291389de418a20117ddf537f13b580c520dcb7b,5f2f007a07f76dc0b4ca82582565a7a8dd30f836903ed751deeaf2c5cfab274c
2	86	18808832	45cba961679aa25fe2bfe127a3b57212485bf5d451c49d2134ee5f5f9fb0f5b5	7c53f3c5f79b9e82cc3bd7798a366595acef1e8842dc1201b9f216c748cc8025,2bc66f9bb81176f9f7a668c4301da2c16f0702a22e1fe5898f3deb77c9d96aa8,3362a8b806c5b8d8d8cd054b6e00e931b6bdc429582c1cd48ce4ffbbb86c6885,1938f4929d47b92d099469cd3013b7a2da062f3405d5063d3e148f9be9c3d6e5
2	87	52953088	220ab18569f9f6b445ad7637ffd81e7e3b86b58d1a04c698a7a822003a7de221	6fb7f7ab8a534d1a37ae0942e8b51adbbed744956349156295d10b210bc580ac,e4ca95f6ccddea11392f86a26b0c447a20729d8b830b3e4248f46b929a462f13,a7c8a903cf9c94743acdc40c376617c1204c46ed0d1da0a68d36a1739777c282,1c222c0b15194623c4f8941741034f5fb8230fa22193a02f69a366c51f0ddb30
2	88	87097344	ffaa31b193ab90e78917fc60d9c58d0b2bbe1d313911e5cbd73b7165ff05a1f5	3f3b196e6383660fe20897731e380f4fde7a74af5047ef4b7e69a2f3e8480dbb,d57430d8d75474e756eb543172205f66bad48fb138bbb208258e0c6bfdd730bd,44bdacf7cb983086d1145c14a133d0d522486a5d02c848ab343f5d9c8cdbff43,86aaf55f7e63f03f7e03fb23621dd8a3dea95b3e7ff1464e528ded899bf1b030
2	89	16384000	10cbdf963d8f1ed9cbd496d04501c162d37df8264e636a5776a94282c2e64f9d	91a76b108212e370a7db38fe1076b41734a19a443ecf14562dfa977d4b00ca74,903c5dc6194841baaee4e2a0c814e9c6b721989a28f543bf53e198c646a5e049,bbf79e247c134b08d38640a454cdfe53011d3e5b6e8ee41eb8bb4c1fddef5406,90e5c558bb1f482fbe659839866c7831c487102a57a3e8a0de065730b53f885e
2	90	50528256	06d099aeb4adbde18c2bf31f0a54f8b51116d4abf096983942eace6ed4052a8f	215a30ae22a2d1bd980e84a929204e9e8a0359e6ae961fe774007cac4bf0e1f6,88b5f0bbe4da7e37b333abee6e9a70398117cd74a49aa2c1426d34efe57043d1,e76cf029f3a88c571a27955c5b17e2669cb4e259a115e1b83c1d601997660d32
2	91	84672512	fdd9187617ff55a32001f4b2f0bbe2fc51a855e12da6b1884a25efe0777dfe3b	943b7ed53c3aa5ea728ee08ebc66c449b42cd64351ebf9d9809f417c99ffdc60,ee1e3a9cff9a53cf0987371cf161b18d5175bc5d7ef8b0c715f13550f8d02db7,8265f0e7a8012279476113324c0144bc7d3bb559956d9c49f81fc9142b4905ad,d53785949905f76c347f16f7a1e7af88f13dcf9146469a83b5abac0ab4252eb2,1fc5d458851cb4ab842794f329a58e796d951026edfabbf36ef42005f190ec65
2	92	13959168	36896f852cae7673498a6da0e96c78b0342282398cc8cff54ad9ac65fd7844c6	65769290f09f33c218b946c84f31ae5cf41db8e5d72a883be50d151b14bc643f,b304e4c34b4e81bea8d66f0ffa9d77aa3b5b6e4955e784afd8ab9fc9eb04298d,ef180e2c1ad878c58c9b538805663c31291fe5de17523f1c0d8220bc03c16e92,1c16f647b7af2746466625e081e3c06695b885574ca32bb7b56b60145b41df7a
2	93	48103424	bdf3e928c581d9804f662d906c2f5a69bcd4eec1bca51a697f241c44cb9c956a	3b463ea84a907628200b78df54d1c5ef68e4d602076527b41944ad359c64c906,4dcdcbb643805fe44e61990825962d9ea5fb42840a8462026b7c7d19c1937818,1d2122aada90101330ea096e3d78bcab979d9adc44d121c3d50dac38a65e5c6a,f6706b476c6d37445b8cc1a114823f31defe20f121a73e3b7e1ebaa19241c6d7
2	94	82247680	bda713033afc76b8f2a6e8e6d5e525d513c3fb7d0db5cc3b89cf04ed1eae77ef	66cea65e0381faafed9f60d40f81d99a0536aae08b50e56c613d3155c3197456,022e63b06fab884054e8e1f7e5aec472c52c18b3042cc40480faf93045c8561a,74140eca5f10e61f584240675aa0505cd7617ca6106a1133bca18f82c98b4aa7,099a86a6f9bdfe594da403f2009f4c652cbda20d23c385baba087264522511a2
2	95	11534336	c6414d00db705cbd95541df460cb52156a5b7d82b361279b782189e9d59f1698	f141b80f6270c4b2774fa15ff8daf8d7ba5e2bf487900a740c2f1e63385ae748,c6be1bde1a6037c929159d73e79a031122befae8de7639ad920a49434fe4521a,d2dcde88eb7b13a3e65236ae568513058c53c12f9524a7d79920fd493840702e,83cc843b6be4aa2de4fdbdf9621361156bd783d420091c6f62ccf5ade5d22023
2	96	45678592	178a4f8c49c2d8297fe48ff010ac9913ccadcd2e22e6de55876cb4e28d9e4e64	d6cd5a19da07999ea8b29b5c836b5b614975fcf7933cabcc01aec08087e943f9,09df1228b3f1d520578a8f805a1e4c013baa529e0fdb9165a2a1087cdb59fbbe,2935b9e10c41bef7784fe53fe01beedd2511c11d418aec9379565d72a9adbd1c,c94287fdc9cb3f5c2e90355868b7cbdabca2b4840388b2723a89340343b4f410
2	97	79822848	17e936d3cb2efc5464422839183a230625b1a7123c527a807b763ef209ea2d27	092c878a72c9cda64a1e47ababad1eee2a34fd8059bb51c597f7423dea6d9e1f,2f78b277d857dfd168b54c650eb20dbacfc9c6008eab3dd6dd1c6f4cd1194eca,6a4a9c3eb10ef9718a9efab814f3db77a51e0fa3e8b4bb244d078c764d519973,81e1033aea91a12a4be6be20b625a0a61ce5c942778c83c0622c911ab542f63d
2	98	9109504	594aca89cb3ed5d6a85080544c7bfb8be7772e58d21f1a83703cfd0ff734d0be	9f6d46058a053d3ffd0a4611e31fb42fabd5ab54e4fa808d7cc48ed8e8c7eb36,7325f1c73ac112d36f048cf99cc1ddb6ca55982e91cc224f71248382e84a2235,e9c3eb8eff3656e6555044f2391c8cab372fed1452f1914041796ac74f8a86ce
2	99	43253760	6967edca753d464bd1fd8c45aff289d294ec44ef0001b86cd0be671d056b1eec	6e30727ca4e0e2e945fb3c6f6208e2220801de7a996bc2b84c7c94dce93e11f4,b708ae043bb94a492ac3ff1f980ae5f0f6bf3890a8e91acba0811455ac32077e,b4f1a69989c0e7e376719df5aeb38a3514e3b50466c1eb20039e0904486c0146,20faf2fcc14811fcbc2af29466866826b7211d7e80dbbf000c2888ce5b5509e7,88725f71527027027107b2e7b03397c25ea009ca2132d04295c577717fb07bdb
